{
"type": "FeatureCollection",
"name": "mulgeum_school_age",
"crs": { "type": "name", "properties": { "name": "urn:ogc:def:crs:OGC:1.3:CRS84" } },
"features": [
{ "type": "Feature", "properties": { "GRID_CD_x": "마라365999", "SCH_POP": 0.0 }, "geometry": { "type": "MultiPolygon", "coordinates": [ [ [ [ 129.001034414172182, 35.285295876791288 ], [ 129.001051054676623, 35.286197268007449 ], [ 129.002150389117617, 35.286183618457542 ], [ 129.002133736437258, 35.285282227694061 ], [ 129.001034414172182, 35.285295876791288 ] ] ] ] } },
{ "type": "Feature", "properties": { "GRID_CD_x": "마라366999", "SCH_POP": 0.0 }, "geometry": { "type": "MultiPolygon", "coordinates": [ [ [ [ 129.002133736437258, 35.285282227694061 ], [ 129.002150389117617, 35.286183618457542 ], [ 129.003249722819277, 35.286169958921526 ], [ 129.003233057963001, 35.285268568611066 ], [ 129.002133736437258, 35.285282227694061 ] ] ] ] } },
{ "type": "Feature", "properties": { "GRID_CD_x": "마라367998", "SCH_POP": 0.0 }, "geometry": { "type": "MultiPolygon", "coordinates": [ [ [ [ 129.0032163938466, 35.284367178159151 ], [ 129.003233057963001, 35.285268568611066 ], [ 129.00433237874887, 35.285254899542309 ], [ 129.00431570245712, 35.284353509543728 ], [ 129.0032163938466, 35.284367178159151 ] ] ] ] } },
{ "type": "Feature", "properties": { "GRID_CD_x": "마라367999", "SCH_POP": 0.0 }, "geometry": { "type": "MultiPolygon", "coordinates": [ [ [ [ 129.003233057963001, 35.285268568611066 ], [ 129.003249722819277, 35.286169958921526 ], [ 129.004349055781034, 35.286156289399422 ], [ 129.00433237874887, 35.285254899542309 ], [ 129.003233057963001, 35.285268568611066 ] ] ] ] } },
{ "type": "Feature", "properties": { "GRID_CD_x": "마라368997", "SCH_POP": 0.0 }, "geometry": { "type": "MultiPolygon", "coordinates": [ [ [ [ 129.004299026905755, 35.283452119403698 ], [ 129.00431570245712, 35.284353509543728 ], [ 129.005415010327283, 35.284339830942905 ], [ 129.005398322601167, 35.283438441256521 ], [ 129.004299026905755, 35.283452119403698 ] ] ] ] } },
{ "type": "Feature", "properties": { "GRID_CD_x": "마라368998", "SCH_POP": 0.0 }, "geometry": { "type": "MultiPolygon", "coordinates": [ [ [ [ 129.00431570245712, 35.284353509543728 ], [ 129.00433237874887, 35.285254899542309 ], [ 129.005431698794354, 35.285241220487826 ], [ 129.005415010327283, 35.284339830942905 ], [ 129.00431570245712, 35.284353509543728 ] ] ] ] } },
{ "type": "Feature", "properties": { "GRID_CD_x": "마라368999", "SCH_POP": 0.0 }, "geometry": { "type": "MultiPolygon", "coordinates": [ [ [ [ 129.00433237874887, 35.285254899542309 ], [ 129.004349055781034, 35.286156289399422 ], [ 129.00544838800235, 35.286142609891264 ], [ 129.005431698794354, 35.285241220487826 ], [ 129.00433237874887, 35.285254899542309 ] ] ] ] } },
{ "type": "Feature", "properties": { "GRID_CD_x": "마라369996", "SCH_POP": 0.0 }, "geometry": { "type": "MultiPolygon", "coordinates": [ [ [ [ 129.00538163561589, 35.282537051428683 ], [ 129.005398322601167, 35.283438441256521 ], [ 129.006497617555652, 35.283424753124315 ], [ 129.006480918396193, 35.28252336375045 ], [ 129.00538163561589, 35.282537051428683 ] ] ] ] } },
{ "type": "Feature", "properties": { "GRID_CD_x": "마라369997", "SCH_POP": 0.0 }, "geometry": { "type": "MultiPolygon", "coordinates": [ [ [ [ 129.005398322601167, 35.283438441256521 ], [ 129.005415010327283, 35.284339830942905 ], [ 129.006514317456521, 35.284326142356704 ], [ 129.006497617555652, 35.283424753124315 ], [ 129.005398322601167, 35.283438441256521 ] ] ] ] } },
{ "type": "Feature", "properties": { "GRID_CD_x": "마라369998", "SCH_POP": 0.0 }, "geometry": { "type": "MultiPolygon", "coordinates": [ [ [ [ 129.005415010327283, 35.284339830942905 ], [ 129.005431698794354, 35.285241220487826 ], [ 129.006531018098883, 35.285227531447624 ], [ 129.006514317456521, 35.284326142356704 ], [ 129.005415010327283, 35.284339830942905 ] ] ] ] } },
{ "type": "Feature", "properties": { "GRID_CD_x": "마라369999", "SCH_POP": 0.0 }, "geometry": { "type": "MultiPolygon", "coordinates": [ [ [ [ 129.005431698794354, 35.285241220487826 ], [ 129.00544838800235, 35.286142609891264 ], [ 129.006547719482683, 35.286128920397061 ], [ 129.006531018098883, 35.285227531447624 ], [ 129.005431698794354, 35.285241220487826 ] ] ] ] } },
{ "type": "Feature", "properties": { "GRID_CD_x": "마라370994", "SCH_POP": 0.0 }, "geometry": { "type": "MultiPolygon", "coordinates": [ [ [ [ 129.006447522301443, 35.280720584578305 ], [ 129.006464219978142, 35.281621974235115 ], [ 129.00756348984342, 35.281608277026479 ], [ 129.007546779993646, 35.280706887823968 ], [ 129.006447522301443, 35.280720584578305 ] ] ] ] } },
{ "type": "Feature", "properties": { "GRID_CD_x": "마라370995", "SCH_POP": 0.0 }, "geometry": { "type": "MultiPolygon", "coordinates": [ [ [ [ 129.006464219978142, 35.281621974235115 ], [ 129.006480918396193, 35.28252336375045 ], [ 129.007580200435115, 35.282509666087513 ], [ 129.00756348984342, 35.281608277026479 ], [ 129.006464219978142, 35.281621974235115 ] ] ] ] } },
{ "type": "Feature", "properties": { "GRID_CD_x": "마라370996", "SCH_POP": 0.0 }, "geometry": { "type": "MultiPolygon", "coordinates": [ [ [ [ 129.006480918396193, 35.28252336375045 ], [ 129.006497617555652, 35.283424753124315 ], [ 129.007596911768758, 35.283411055007072 ], [ 129.007580200435115, 35.282509666087513 ], [ 129.006480918396193, 35.28252336375045 ] ] ] ] } },
{ "type": "Feature", "properties": { "GRID_CD_x": "마라370997", "SCH_POP": 0.0 }, "geometry": { "type": "MultiPolygon", "coordinates": [ [ [ [ 129.006497617555652, 35.283424753124315 ], [ 129.006514317456521, 35.284326142356704 ], [ 129.007613623844321, 35.284312443785147 ], [ 129.007596911768758, 35.283411055007072 ], [ 129.006497617555652, 35.283424753124315 ] ] ] ] } },
{ "type": "Feature", "properties": { "GRID_CD_x": "마라370998", "SCH_POP": 0.0 }, "geometry": { "type": "MultiPolygon", "coordinates": [ [ [ [ 129.006514317456521, 35.284326142356704 ], [ 129.006531018098883, 35.285227531447624 ], [ 129.00763033666189, 35.285213832421739 ], [ 129.007613623844321, 35.284312443785147 ], [ 129.006514317456521, 35.284326142356704 ] ] ] ] } },
{ "type": "Feature", "properties": { "GRID_CD_x": "마라370999", "SCH_POP": 0.0 }, "geometry": { "type": "MultiPolygon", "coordinates": [ [ [ [ 129.006531018098883, 35.285227531447624 ], [ 129.006547719482683, 35.286128920397061 ], [ 129.007647050221493, 35.286115220916827 ], [ 129.00763033666189, 35.285213832421739 ], [ 129.006531018098883, 35.285227531447624 ] ] ] ] } },
{ "type": "Feature", "properties": { "GRID_CD_x": "마라371994", "SCH_POP": 0.0 }, "geometry": { "type": "MultiPolygon", "coordinates": [ [ [ [ 129.007546779993646, 35.280706887823968 ], [ 129.00756348984342, 35.281608277026479 ], [ 129.008662758966835, 35.281594569833509 ], [ 129.008646036944015, 35.280693181085603 ], [ 129.007546779993646, 35.280706887823968 ] ] ] ] } },
{ "type": "Feature", "properties": { "GRID_CD_x": "마라371995", "SCH_POP": 0.0 }, "geometry": { "type": "MultiPolygon", "coordinates": [ [ [ [ 129.00756348984342, 35.281608277026479 ], [ 129.007580200435115, 35.282509666087513 ], [ 129.008679481732116, 35.28249595843991 ], [ 129.008662758966835, 35.281594569833509 ], [ 129.00756348984342, 35.281608277026479 ] ] ] ] } },
{ "type": "Feature", "properties": { "GRID_CD_x": "마라371996", "SCH_POP": 0.0 }, "geometry": { "type": "MultiPolygon", "coordinates": [ [ [ [ 129.007580200435115, 35.282509666087513 ], [ 129.007596911768758, 35.283411055007072 ], [ 129.008696205239858, 35.283397346904827 ], [ 129.008679481732116, 35.28249595843991 ], [ 129.007580200435115, 35.282509666087513 ] ] ] ] } },
{ "type": "Feature", "properties": { "GRID_CD_x": "마라371997", "SCH_POP": 0.0 }, "geometry": { "type": "MultiPolygon", "coordinates": [ [ [ [ 129.007596911768758, 35.283411055007072 ], [ 129.007613623844321, 35.284312443785147 ], [ 129.008712929490088, 35.284298735228255 ], [ 129.008696205239858, 35.283397346904827 ], [ 129.007596911768758, 35.283411055007072 ] ] ] ] } },
{ "type": "Feature", "properties": { "GRID_CD_x": "마라371998", "SCH_POP": 0.0 }, "geometry": { "type": "MultiPolygon", "coordinates": [ [ [ [ 129.007613623844321, 35.284312443785147 ], [ 129.00763033666189, 35.285213832421739 ], [ 129.008729654482892, 35.285200123410178 ], [ 129.008712929490088, 35.284298735228255 ], [ 129.007613623844321, 35.284312443785147 ] ] ] ] } },
{ "type": "Feature", "properties": { "GRID_CD_x": "마라371999", "SCH_POP": 0.0 }, "geometry": { "type": "MultiPolygon", "coordinates": [ [ [ [ 129.00763033666189, 35.285213832421739 ], [ 129.007647050221493, 35.286115220916827 ], [ 129.00874638021827, 35.286101511450603 ], [ 129.008729654482892, 35.285200123410178 ], [ 129.00763033666189, 35.285213832421739 ] ] ] ] } },
{ "type": "Feature", "properties": { "GRID_CD_x": "마라372994", "SCH_POP": 0.0 }, "geometry": { "type": "MultiPolygon", "coordinates": [ [ [ [ 129.008646036944015, 35.280693181085603 ], [ 129.008662758966835, 35.281594569833509 ], [ 129.00976202734779, 35.281580852656205 ], [ 129.009745293151951, 35.280679464363253 ], [ 129.008646036944015, 35.280693181085603 ] ] ] ] } },
{ "type": "Feature", "properties": { "GRID_CD_x": "마라372995", "SCH_POP": 0.0 }, "geometry": { "type": "MultiPolygon", "coordinates": [ [ [ [ 129.008662758966835, 35.281594569833509 ], [ 129.008679481732116, 35.28249595843991 ], [ 129.009778762286629, 35.282482240807653 ], [ 129.00976202734779, 35.281580852656205 ], [ 129.008662758966835, 35.281594569833509 ] ] ] ] } },
{ "type": "Feature", "properties": { "GRID_CD_x": "마라372996", "SCH_POP": 0.0 }, "geometry": { "type": "MultiPolygon", "coordinates": [ [ [ [ 129.008679481732116, 35.28249595843991 ], [ 129.008696205239858, 35.283397346904827 ], [ 129.009795497968469, 35.283383628817596 ], [ 129.009778762286629, 35.282482240807653 ], [ 129.008679481732116, 35.28249595843991 ] ] ] ] } },
{ "type": "Feature", "properties": { "GRID_CD_x": "마라372997", "SCH_POP": 0.0 }, "geometry": { "type": "MultiPolygon", "coordinates": [ [ [ [ 129.008696205239858, 35.283397346904827 ], [ 129.008712929490088, 35.284298735228255 ], [ 129.009812234393365, 35.284285016686034 ], [ 129.009795497968469, 35.283383628817596 ], [ 129.008696205239858, 35.283397346904827 ] ] ] ] } },
{ "type": "Feature", "properties": { "GRID_CD_x": "마라372998", "SCH_POP": 0.0 }, "geometry": { "type": "MultiPolygon", "coordinates": [ [ [ [ 129.008712929490088, 35.284298735228255 ], [ 129.008729654482892, 35.285200123410178 ], [ 129.009828971561319, 35.285186404412968 ], [ 129.009812234393365, 35.284285016686034 ], [ 129.008712929490088, 35.284298735228255 ] ] ] ] } },
{ "type": "Feature", "properties": { "GRID_CD_x": "마라372999", "SCH_POP": 0.0 }, "geometry": { "type": "MultiPolygon", "coordinates": [ [ [ [ 129.008729654482892, 35.285200123410178 ], [ 129.00874638021827, 35.286101511450603 ], [ 129.009845709472415, 35.286087791998405 ], [ 129.009828971561319, 35.285186404412968 ], [ 129.008729654482892, 35.285200123410178 ] ] ] ] } },
{ "type": "Feature", "properties": { "GRID_CD_x": "마라373995", "SCH_POP": 0.0 }, "geometry": { "type": "MultiPolygon", "coordinates": [ [ [ [ 129.00976202734779, 35.281580852656205 ], [ 129.009778762286629, 35.282482240807653 ], [ 129.010878042098142, 35.282468513190764 ], [ 129.010861294985773, 35.281567125494611 ], [ 129.00976202734779, 35.281580852656205 ] ] ] ] } },
{ "type": "Feature", "properties": { "GRID_CD_x": "마라373996", "SCH_POP": 0.0 }, "geometry": { "type": "MultiPolygon", "coordinates": [ [ [ [ 129.009778762286629, 35.282482240807653 ], [ 129.009795497968469, 35.283383628817596 ], [ 129.010894789954051, 35.283369900745399 ], [ 129.010878042098142, 35.282468513190764 ], [ 129.009778762286629, 35.282482240807653 ] ] ] ] } },
{ "type": "Feature", "properties": { "GRID_CD_x": "마라373997", "SCH_POP": 0.0 }, "geometry": { "type": "MultiPolygon", "coordinates": [ [ [ [ 129.009795497968469, 35.283383628817596 ], [ 129.009812234393365, 35.284285016686034 ], [ 129.010911538553529, 35.284271288158536 ], [ 129.010894789954051, 35.283369900745399 ], [ 129.009795497968469, 35.283383628817596 ] ] ] ] } },
{ "type": "Feature", "properties": { "GRID_CD_x": "마라373998", "SCH_POP": 0.0 }, "geometry": { "type": "MultiPolygon", "coordinates": [ [ [ [ 129.009812234393365, 35.284285016686034 ], [ 129.009828971561319, 35.285186404412968 ], [ 129.010928287896633, 35.285172675430154 ], [ 129.010911538553529, 35.284271288158536 ], [ 129.009812234393365, 35.284285016686034 ] ] ] ] } },
{ "type": "Feature", "properties": { "GRID_CD_x": "마라373999", "SCH_POP": 0.0 }, "geometry": { "type": "MultiPolygon", "coordinates": [ [ [ [ 129.009828971561319, 35.285186404412968 ], [ 129.009845709472415, 35.286087791998405 ], [ 129.01094503798339, 35.286074062560239 ], [ 129.010928287896633, 35.285172675430154 ], [ 129.009828971561319, 35.285186404412968 ] ] ] ] } },
{ "type": "Feature", "properties": { "GRID_CD_x": "마라374995", "SCH_POP": 0.0 }, "geometry": { "type": "MultiPolygon", "coordinates": [ [ [ [ 129.010861294985773, 35.281567125494611 ], [ 129.010878042098142, 35.282468513190764 ], [ 129.011977321166086, 35.282454775589265 ], [ 129.011960561880244, 35.281553388348733 ], [ 129.010861294985773, 35.281567125494611 ] ] ] ] } },
{ "type": "Feature", "properties": { "GRID_CD_x": "마라374996", "SCH_POP": 0.0 }, "geometry": { "type": "MultiPolygon", "coordinates": [ [ [ [ 129.010878042098142, 35.282468513190764 ], [ 129.010894789954051, 35.283369900745399 ], [ 129.011994081196036, 35.283356162688278 ], [ 129.011977321166086, 35.282454775589265 ], [ 129.010878042098142, 35.282468513190764 ] ] ] ] } },
{ "type": "Feature", "properties": { "GRID_CD_x": "마라374997", "SCH_POP": 0.0 }, "geometry": { "type": "MultiPolygon", "coordinates": [ [ [ [ 129.010894789954051, 35.283369900745399 ], [ 129.010911538553529, 35.284271288158536 ], [ 129.012010841970095, 35.284257549645758 ], [ 129.011994081196036, 35.283356162688278 ], [ 129.010894789954051, 35.283369900745399 ] ] ] ] } },
{ "type": "Feature", "properties": { "GRID_CD_x": "마라374998", "SCH_POP": 0.0 }, "geometry": { "type": "MultiPolygon", "coordinates": [ [ [ [ 129.010911538553529, 35.284271288158536 ], [ 129.010928287896633, 35.285172675430154 ], [ 129.01202760348832, 35.285158936461727 ], [ 129.012010841970095, 35.284257549645758 ], [ 129.010911538553529, 35.284271288158536 ] ] ] ] } },
{ "type": "Feature", "properties": { "GRID_CD_x": "마라374999", "SCH_POP": 0.0 }, "geometry": { "type": "MultiPolygon", "coordinates": [ [ [ [ 129.010928287896633, 35.285172675430154 ], [ 129.01094503798339, 35.286074062560239 ], [ 129.012044365750711, 35.286060323136155 ], [ 129.01202760348832, 35.285158936461727 ], [ 129.010928287896633, 35.285172675430154 ] ] ] ] } },
{ "type": "Feature", "properties": { "GRID_CD_x": "마마338028", "SCH_POP": 0.0 }, "geometry": { "type": "MultiPolygon", "coordinates": [ [ [ [ 128.971825770184864, 35.311801266484032 ], [ 128.971842102942276, 35.312702665702915 ], [ 128.97294181050475, 35.312689272913246 ], [ 128.97292546555488, 35.311787874138396 ], [ 128.971825770184864, 35.311801266484032 ] ] ] ] } },
{ "type": "Feature", "properties": { "GRID_CD_x": "마마338029", "SCH_POP": 0.0 }, "geometry": { "type": "MultiPolygon", "coordinates": [ [ [ [ 128.971842102942276, 35.312702665702915 ], [ 128.97185843642481, 35.313604064780556 ], [ 128.97295815618034, 35.313590671546869 ], [ 128.97294181050475, 35.312689272913246 ], [ 128.971842102942276, 35.312702665702915 ] ] ] ] } },
{ "type": "Feature", "properties": { "GRID_CD_x": "마마338030", "SCH_POP": 0.0 }, "geometry": { "type": "MultiPolygon", "coordinates": [ [ [ [ 128.97185843642481, 35.313604064780556 ], [ 128.971874770632553, 35.314505463716991 ], [ 128.97297450258165, 35.314492070039257 ], [ 128.97295815618034, 35.313590671546869 ], [ 128.97185843642481, 35.313604064780556 ] ] ] ] } },
{ "type": "Feature", "properties": { "GRID_CD_x": "마마338031", "SCH_POP": 0.0 }, "geometry": { "type": "MultiPolygon", "coordinates": [ [ [ [ 128.971874770632553, 35.314505463716991 ], [ 128.971891105565533, 35.315406862512205 ], [ 128.972990849708765, 35.315393468390404 ], [ 128.97297450258165, 35.314492070039257 ], [ 128.971874770632553, 35.314505463716991 ] ] ] ] } },
{ "type": "Feature", "properties": { "GRID_CD_x": "마마338032", "SCH_POP": 0.0 }, "geometry": { "type": "MultiPolygon", "coordinates": [ [ [ [ 128.971891105565533, 35.315406862512205 ], [ 128.971907441223749, 35.316308261166185 ], [ 128.973007197561657, 35.31629486660033 ], [ 128.972990849708765, 35.315393468390404 ], [ 128.971891105565533, 35.315406862512205 ] ] ] ] } },
{ "type": "Feature", "properties": { "GRID_CD_x": "마마338033", "SCH_POP": 0.0 }, "geometry": { "type": "MultiPolygon", "coordinates": [ [ [ [ 128.971907441223749, 35.316308261166185 ], [ 128.971923777607287, 35.317209659678937 ], [ 128.973023546140382, 35.317196264669015 ], [ 128.973007197561657, 35.31629486660033 ], [ 128.971907441223749, 35.316308261166185 ] ] ] ] } },
{ "type": "Feature", "properties": { "GRID_CD_x": "마마338034", "SCH_POP": 0.0 }, "geometry": { "type": "MultiPolygon", "coordinates": [ [ [ [ 128.971923777607287, 35.317209659678937 ], [ 128.971940114716119, 35.318111058050469 ], [ 128.973039895444998, 35.318097662596458 ], [ 128.973023546140382, 35.317196264669015 ], [ 128.971923777607287, 35.317209659678937 ] ] ] ] } },
{ "type": "Feature", "properties": { "GRID_CD_x": "마마338035", "SCH_POP": 0.0 }, "geometry": { "type": "MultiPolygon", "coordinates": [ [ [ [ 128.971940114716119, 35.318111058050469 ], [ 128.971956452550359, 35.319012456280767 ], [ 128.973056245475476, 35.318999060382659 ], [ 128.973039895444998, 35.318097662596458 ], [ 128.971940114716119, 35.318111058050469 ] ] ] ] } },
{ "type": "Feature", "properties": { "GRID_CD_x": "마마338036", "SCH_POP": 0.0 }, "geometry": { "type": "MultiPolygon", "coordinates": [ [ [ [ 128.971956452550359, 35.319012456280767 ], [ 128.97197279110992, 35.31991385436983 ], [ 128.973072596231901, 35.319900458027611 ], [ 128.973056245475476, 35.318999060382659 ], [ 128.971956452550359, 35.319012456280767 ] ] ] ] } },
{ "type": "Feature", "properties": { "GRID_CD_x": "마마339025", "SCH_POP": 0.0 }, "geometry": { "type": "MultiPolygon", "coordinates": [ [ [ [ 128.972876435059106, 35.30908367696648 ], [ 128.972892777832072, 35.309985076165006 ], [ 128.973992448093071, 35.309971674712102 ], [ 128.973976093129266, 35.3090702759579 ], [ 128.972876435059106, 35.30908367696648 ] ] ] ] } },
{ "type": "Feature", "properties": { "GRID_CD_x": "마마339026", "SCH_POP": 0.0 }, "geometry": { "type": "MultiPolygon", "coordinates": [ [ [ [ 128.972892777832072, 35.309985076165006 ], [ 128.972909121330645, 35.310886475222311 ], [ 128.97400880378305, 35.310873073325062 ], [ 128.973992448093071, 35.309971674712102 ], [ 128.972892777832072, 35.309985076165006 ] ] ] ] } },
{ "type": "Feature", "properties": { "GRID_CD_x": "마마339027", "SCH_POP": 0.0 }, "geometry": { "type": "MultiPolygon", "coordinates": [ [ [ [ 128.972909121330645, 35.310886475222311 ], [ 128.97292546555488, 35.311787874138396 ], [ 128.974025160199176, 35.311774471796795 ], [ 128.97400880378305, 35.310873073325062 ], [ 128.972909121330645, 35.310886475222311 ] ] ] ] } },
{ "type": "Feature", "properties": { "GRID_CD_x": "마마339028", "SCH_POP": 0.0 }, "geometry": { "type": "MultiPolygon", "coordinates": [ [ [ [ 128.97292546555488, 35.311787874138396 ], [ 128.97294181050475, 35.312689272913246 ], [ 128.974041517341533, 35.312675870127293 ], [ 128.974025160199176, 35.311774471796795 ], [ 128.97292546555488, 35.311787874138396 ] ] ] ] } },
{ "type": "Feature", "properties": { "GRID_CD_x": "마마339029", "SCH_POP": 0.0 }, "geometry": { "type": "MultiPolygon", "coordinates": [ [ [ [ 128.97294181050475, 35.312689272913246 ], [ 128.97295815618034, 35.313590671546869 ], [ 128.974057875210121, 35.313577268316543 ], [ 128.974041517341533, 35.312675870127293 ], [ 128.97294181050475, 35.312689272913246 ] ] ] ] } },
{ "type": "Feature", "properties": { "GRID_CD_x": "마마339030", "SCH_POP": 0.0 }, "geometry": { "type": "MultiPolygon", "coordinates": [ [ [ [ 128.97295815618034, 35.313590671546869 ], [ 128.97297450258165, 35.314492070039257 ], [ 128.974074233804998, 35.314478666364558 ], [ 128.974057875210121, 35.313577268316543 ], [ 128.97295815618034, 35.313590671546869 ] ] ] ] } },
{ "type": "Feature", "properties": { "GRID_CD_x": "마마339031", "SCH_POP": 0.0 }, "geometry": { "type": "MultiPolygon", "coordinates": [ [ [ [ 128.97297450258165, 35.314492070039257 ], [ 128.972990849708765, 35.315393468390404 ], [ 128.974090593126192, 35.315380064271324 ], [ 128.974074233804998, 35.314478666364558 ], [ 128.97297450258165, 35.314492070039257 ] ] ] ] } },
{ "type": "Feature", "properties": { "GRID_CD_x": "마마339032", "SCH_POP": 0.0 }, "geometry": { "type": "MultiPolygon", "coordinates": [ [ [ [ 128.972990849708765, 35.315393468390404 ], [ 128.973007197561657, 35.31629486660033 ], [ 128.974106953173703, 35.316281462036841 ], [ 128.974090593126192, 35.315380064271324 ], [ 128.972990849708765, 35.315393468390404 ] ] ] ] } },
{ "type": "Feature", "properties": { "GRID_CD_x": "마마339033", "SCH_POP": 0.0 }, "geometry": { "type": "MultiPolygon", "coordinates": [ [ [ [ 128.973007197561657, 35.31629486660033 ], [ 128.973023546140382, 35.317196264669015 ], [ 128.974123313947615, 35.317182859661123 ], [ 128.974106953173703, 35.316281462036841 ], [ 128.973007197561657, 35.31629486660033 ] ] ] ] } },
{ "type": "Feature", "properties": { "GRID_CD_x": "마마339034", "SCH_POP": 0.0 }, "geometry": { "type": "MultiPolygon", "coordinates": [ [ [ [ 128.973023546140382, 35.317196264669015 ], [ 128.973039895444998, 35.318097662596458 ], [ 128.97413967544793, 35.318084257144164 ], [ 128.974123313947615, 35.317182859661123 ], [ 128.973023546140382, 35.317196264669015 ] ] ] ] } },
{ "type": "Feature", "properties": { "GRID_CD_x": "마마339035", "SCH_POP": 0.0 }, "geometry": { "type": "MultiPolygon", "coordinates": [ [ [ [ 128.973039895444998, 35.318097662596458 ], [ 128.973056245475476, 35.318999060382659 ], [ 128.974156037674675, 35.318985654485935 ], [ 128.97413967544793, 35.318084257144164 ], [ 128.973039895444998, 35.318097662596458 ] ] ] ] } },
{ "type": "Feature", "properties": { "GRID_CD_x": "마마339036", "SCH_POP": 0.0 }, "geometry": { "type": "MultiPolygon", "coordinates": [ [ [ [ 128.973056245475476, 35.318999060382659 ], [ 128.973072596231901, 35.319900458027611 ], [ 128.974172400627907, 35.319887051686457 ], [ 128.974156037674675, 35.318985654485935 ], [ 128.973056245475476, 35.318999060382659 ] ] ] ] } },
{ "type": "Feature", "properties": { "GRID_CD_x": "마마340024", "SCH_POP": 0.0 }, "geometry": { "type": "MultiPolygon", "coordinates": [ [ [ [ 128.973959738891608, 35.308168877062457 ], [ 128.973976093129266, 35.3090702759579 ], [ 128.975075750473337, 35.309056864954364 ], [ 128.97505938404538, 35.308155466503571 ], [ 128.973959738891608, 35.308168877062457 ] ] ] ] } },
{ "type": "Feature", "properties": { "GRID_CD_x": "마마340025", "SCH_POP": 0.0 }, "geometry": { "type": "MultiPolygon", "coordinates": [ [ [ [ 128.973976093129266, 35.3090702759579 ], [ 128.973992448093071, 35.309971674712102 ], [ 128.975092117627952, 35.309958263263908 ], [ 128.975075750473337, 35.309056864954364 ], [ 128.973976093129266, 35.3090702759579 ] ] ] ] } },
{ "type": "Feature", "properties": { "GRID_CD_x": "마마340026", "SCH_POP": 0.0 }, "geometry": { "type": "MultiPolygon", "coordinates": [ [ [ [ 128.973992448093071, 35.309971674712102 ], [ 128.97400880378305, 35.310873073325062 ], [ 128.975108485509281, 35.310859661432204 ], [ 128.975092117627952, 35.309958263263908 ], [ 128.973992448093071, 35.309971674712102 ] ] ] ] } },
{ "type": "Feature", "properties": { "GRID_CD_x": "마마340027", "SCH_POP": 0.0 }, "geometry": { "type": "MultiPolygon", "coordinates": [ [ [ [ 128.97400880378305, 35.310873073325062 ], [ 128.974025160199176, 35.311774471796795 ], [ 128.975124854117297, 35.311761059459265 ], [ 128.975108485509281, 35.310859661432204 ], [ 128.97400880378305, 35.310873073325062 ] ] ] ] } },
{ "type": "Feature", "properties": { "GRID_CD_x": "마마340028", "SCH_POP": 0.0 }, "geometry": { "type": "MultiPolygon", "coordinates": [ [ [ [ 128.974025160199176, 35.311774471796795 ], [ 128.974041517341533, 35.312675870127293 ], [ 128.975141223452084, 35.312662457345077 ], [ 128.975124854117297, 35.311761059459265 ], [ 128.974025160199176, 35.311774471796795 ] ] ] ] } },
{ "type": "Feature", "properties": { "GRID_CD_x": "마마340029", "SCH_POP": 0.0 }, "geometry": { "type": "MultiPolygon", "coordinates": [ [ [ [ 128.974041517341533, 35.312675870127293 ], [ 128.974057875210121, 35.313577268316543 ], [ 128.975157593513643, 35.313563855089626 ], [ 128.975141223452084, 35.312662457345077 ], [ 128.974041517341533, 35.312675870127293 ] ] ] ] } },
{ "type": "Feature", "properties": { "GRID_CD_x": "마마340030", "SCH_POP": 0.0 }, "geometry": { "type": "MultiPolygon", "coordinates": [ [ [ [ 128.974057875210121, 35.313577268316543 ], [ 128.974074233804998, 35.314478666364558 ], [ 128.97517396430203, 35.314465252692926 ], [ 128.975157593513643, 35.313563855089626 ], [ 128.974057875210121, 35.313577268316543 ] ] ] ] } },
{ "type": "Feature", "properties": { "GRID_CD_x": "마마340031", "SCH_POP": 0.0 }, "geometry": { "type": "MultiPolygon", "coordinates": [ [ [ [ 128.974074233804998, 35.314478666364558 ], [ 128.974090593126192, 35.315380064271324 ], [ 128.975190335817274, 35.315366650154978 ], [ 128.97517396430203, 35.314465252692926 ], [ 128.974074233804998, 35.314478666364558 ] ] ] ] } },
{ "type": "Feature", "properties": { "GRID_CD_x": "마마340032", "SCH_POP": 0.0 }, "geometry": { "type": "MultiPolygon", "coordinates": [ [ [ [ 128.974090593126192, 35.315380064271324 ], [ 128.974106953173703, 35.316281462036841 ], [ 128.975206708059403, 35.316268047475766 ], [ 128.975190335817274, 35.315366650154978 ], [ 128.974090593126192, 35.315380064271324 ] ] ] ] } },
{ "type": "Feature", "properties": { "GRID_CD_x": "마마340033", "SCH_POP": 0.0 }, "geometry": { "type": "MultiPolygon", "coordinates": [ [ [ [ 128.974106953173703, 35.316281462036841 ], [ 128.974123313947615, 35.317182859661123 ], [ 128.975223081028446, 35.317169444655313 ], [ 128.975206708059403, 35.316268047475766 ], [ 128.974106953173703, 35.316281462036841 ] ] ] ] } },
{ "type": "Feature", "properties": { "GRID_CD_x": "마마340034", "SCH_POP": 0.0 }, "geometry": { "type": "MultiPolygon", "coordinates": [ [ [ [ 128.974123313947615, 35.317182859661123 ], [ 128.97413967544793, 35.318084257144164 ], [ 128.975239454724431, 35.318070841693597 ], [ 128.975223081028446, 35.317169444655313 ], [ 128.974123313947615, 35.317182859661123 ] ] ] ] } },
{ "type": "Feature", "properties": { "GRID_CD_x": "마마340035", "SCH_POP": 0.0 }, "geometry": { "type": "MultiPolygon", "coordinates": [ [ [ [ 128.97413967544793, 35.318084257144164 ], [ 128.974156037674675, 35.318985654485935 ], [ 128.975255829147414, 35.318972238590618 ], [ 128.975239454724431, 35.318070841693597 ], [ 128.97413967544793, 35.318084257144164 ] ] ] ] } },
{ "type": "Feature", "properties": { "GRID_CD_x": "마마340036", "SCH_POP": 0.0 }, "geometry": { "type": "MultiPolygon", "coordinates": [ [ [ [ 128.974156037674675, 35.318985654485935 ], [ 128.974172400627907, 35.319887051686457 ], [ 128.975272204297369, 35.319873635346383 ], [ 128.975255829147414, 35.318972238590618 ], [ 128.974156037674675, 35.318985654485935 ] ] ] ] } },
{ "type": "Feature", "properties": { "GRID_CD_x": "마마341023", "SCH_POP": 0.0 }, "geometry": { "type": "MultiPolygon", "coordinates": [ [ [ [ 128.975043018344053, 35.307254067911551 ], [ 128.97505938404538, 35.308155466503571 ], [ 128.976159028472523, 35.308142045950099 ], [ 128.976142650581494, 35.307240647803049 ], [ 128.975043018344053, 35.307254067911551 ] ] ] ] } },
{ "type": "Feature", "properties": { "GRID_CD_x": "마마341024", "SCH_POP": 0.0 }, "geometry": { "type": "MultiPolygon", "coordinates": [ [ [ [ 128.97505938404538, 35.308155466503571 ], [ 128.975075750473337, 35.309056864954364 ], [ 128.976175407090722, 35.309043443955915 ], [ 128.976159028472523, 35.308142045950099 ], [ 128.97505938404538, 35.308155466503571 ] ] ] ] } },
{ "type": "Feature", "properties": { "GRID_CD_x": "마마341025", "SCH_POP": 0.0 }, "geometry": { "type": "MultiPolygon", "coordinates": [ [ [ [ 128.975075750473337, 35.309056864954364 ], [ 128.975092117627952, 35.309958263263908 ], [ 128.976191786436118, 35.309944841820474 ], [ 128.976175407090722, 35.309043443955915 ], [ 128.975075750473337, 35.309056864954364 ] ] ] ] } },
{ "type": "Feature", "properties": { "GRID_CD_x": "마마341026", "SCH_POP": 0.0 }, "geometry": { "type": "MultiPolygon", "coordinates": [ [ [ [ 128.975092117627952, 35.309958263263908 ], [ 128.975108485509281, 35.310859661432204 ], [ 128.976208166508741, 35.310846239543764 ], [ 128.976191786436118, 35.309944841820474 ], [ 128.975092117627952, 35.309958263263908 ] ] ] ] } },
{ "type": "Feature", "properties": { "GRID_CD_x": "마마341027", "SCH_POP": 0.0 }, "geometry": { "type": "MultiPolygon", "coordinates": [ [ [ [ 128.975108485509281, 35.310859661432204 ], [ 128.975124854117297, 35.311761059459265 ], [ 128.976224547308618, 35.311747637125819 ], [ 128.976208166508741, 35.310846239543764 ], [ 128.975108485509281, 35.310859661432204 ] ] ] ] } },
{ "type": "Feature", "properties": { "GRID_CD_x": "마마341028", "SCH_POP": 0.0 }, "geometry": { "type": "MultiPolygon", "coordinates": [ [ [ [ 128.975124854117297, 35.311761059459265 ], [ 128.975141223452084, 35.312662457345077 ], [ 128.976240928835807, 35.312649034566604 ], [ 128.976224547308618, 35.311747637125819 ], [ 128.975124854117297, 35.311761059459265 ] ] ] ] } },
{ "type": "Feature", "properties": { "GRID_CD_x": "마마341029", "SCH_POP": 0.0 }, "geometry": { "type": "MultiPolygon", "coordinates": [ [ [ [ 128.975141223452084, 35.312662457345077 ], [ 128.975157593513643, 35.313563855089626 ], [ 128.976257311090336, 35.313550431866119 ], [ 128.976240928835807, 35.312649034566604 ], [ 128.975141223452084, 35.312662457345077 ] ] ] ] } },
{ "type": "Feature", "properties": { "GRID_CD_x": "마마341030", "SCH_POP": 0.0 }, "geometry": { "type": "MultiPolygon", "coordinates": [ [ [ [ 128.975157593513643, 35.313563855089626 ], [ 128.97517396430203, 35.314465252692926 ], [ 128.976273694072205, 35.314451829024385 ], [ 128.976257311090336, 35.313550431866119 ], [ 128.975157593513643, 35.313563855089626 ] ] ] ] } },
{ "type": "Feature", "properties": { "GRID_CD_x": "마마341031", "SCH_POP": 0.0 }, "geometry": { "type": "MultiPolygon", "coordinates": [ [ [ [ 128.97517396430203, 35.314465252692926 ], [ 128.975190335817274, 35.315366650154978 ], [ 128.976290077781499, 35.315353226041388 ], [ 128.976273694072205, 35.314451829024385 ], [ 128.97517396430203, 35.314465252692926 ] ] ] ] } },
{ "type": "Feature", "properties": { "GRID_CD_x": "마마341032", "SCH_POP": 0.0 }, "geometry": { "type": "MultiPolygon", "coordinates": [ [ [ [ 128.975190335817274, 35.315366650154978 ], [ 128.975206708059403, 35.316268047475766 ], [ 128.976306462218162, 35.316254622917128 ], [ 128.976290077781499, 35.315353226041388 ], [ 128.975190335817274, 35.315366650154978 ] ] ] ] } },
{ "type": "Feature", "properties": { "GRID_CD_x": "마마341033", "SCH_POP": 0.0 }, "geometry": { "type": "MultiPolygon", "coordinates": [ [ [ [ 128.975206708059403, 35.316268047475766 ], [ 128.975223081028446, 35.317169444655313 ], [ 128.976322847382335, 35.317156019651598 ], [ 128.976306462218162, 35.316254622917128 ], [ 128.975206708059403, 35.316268047475766 ] ] ] ] } },
{ "type": "Feature", "properties": { "GRID_CD_x": "마마341034", "SCH_POP": 0.0 }, "geometry": { "type": "MultiPolygon", "coordinates": [ [ [ [ 128.975223081028446, 35.317169444655313 ], [ 128.975239454724431, 35.318070841693597 ], [ 128.976339233273961, 35.318057416244812 ], [ 128.976322847382335, 35.317156019651598 ], [ 128.975223081028446, 35.317169444655313 ] ] ] ] } },
{ "type": "Feature", "properties": { "GRID_CD_x": "마마341035", "SCH_POP": 0.0 }, "geometry": { "type": "MultiPolygon", "coordinates": [ [ [ [ 128.975239454724431, 35.318070841693597 ], [ 128.975255829147414, 35.318972238590618 ], [ 128.976355619893127, 35.318958812696735 ], [ 128.976339233273961, 35.318057416244812 ], [ 128.975239454724431, 35.318070841693597 ] ] ] ] } },
{ "type": "Feature", "properties": { "GRID_CD_x": "마마341036", "SCH_POP": 0.0 }, "geometry": { "type": "MultiPolygon", "coordinates": [ [ [ [ 128.975255829147414, 35.318972238590618 ], [ 128.975272204297369, 35.319873635346383 ], [ 128.976372007239831, 35.319860209007409 ], [ 128.976355619893127, 35.318958812696735 ], [ 128.975255829147414, 35.318972238590618 ] ] ] ] } },
{ "type": "Feature", "properties": { "GRID_CD_x": "마마341037", "SCH_POP": 0.0 }, "geometry": { "type": "MultiPolygon", "coordinates": [ [ [ [ 128.975272204297369, 35.319873635346383 ], [ 128.975288580174436, 35.320775031960878 ], [ 128.97638839531416, 35.320761605176791 ], [ 128.976372007239831, 35.319860209007409 ], [ 128.975272204297369, 35.319873635346383 ] ] ] ] } },
{ "type": "Feature", "properties": { "GRID_CD_x": "마마342021", "SCH_POP": 0.0 }, "geometry": { "type": "MultiPolygon", "coordinates": [ [ [ [ 128.976109896980802, 35.305437851085195 ], [ 128.976126273417606, 35.306339249514743 ], [ 128.977225892738772, 35.306325819857285 ], [ 128.977209504113404, 35.305424421873028 ], [ 128.976109896980802, 35.305437851085195 ] ] ] ] } },
{ "type": "Feature", "properties": { "GRID_CD_x": "마마342022", "SCH_POP": 0.0 }, "geometry": { "type": "MultiPolygon", "coordinates": [ [ [ [ 128.976126273417606, 35.306339249514743 ], [ 128.976142650581494, 35.307240647803049 ], [ 128.977242282091822, 35.307227217700301 ], [ 128.977225892738772, 35.306325819857285 ], [ 128.976126273417606, 35.306339249514743 ] ] ] ] } },
{ "type": "Feature", "properties": { "GRID_CD_x": "마마342023", "SCH_POP": 0.0 }, "geometry": { "type": "MultiPolygon", "coordinates": [ [ [ [ 128.976142650581494, 35.307240647803049 ], [ 128.976159028472523, 35.308142045950099 ], [ 128.977258672172525, 35.308128615402055 ], [ 128.977242282091822, 35.307227217700301 ], [ 128.976142650581494, 35.307240647803049 ] ] ] ] } },
{ "type": "Feature", "properties": { "GRID_CD_x": "마마342024", "SCH_POP": 0.0 }, "geometry": { "type": "MultiPolygon", "coordinates": [ [ [ [ 128.976159028472523, 35.308142045950099 ], [ 128.976175407090722, 35.309043443955915 ], [ 128.977275062980908, 35.309030012962545 ], [ 128.977258672172525, 35.308128615402055 ], [ 128.976159028472523, 35.308142045950099 ] ] ] ] } },
{ "type": "Feature", "properties": { "GRID_CD_x": "마마342025", "SCH_POP": 0.0 }, "geometry": { "type": "MultiPolygon", "coordinates": [ [ [ [ 128.976175407090722, 35.309043443955915 ], [ 128.976191786436118, 35.309944841820474 ], [ 128.977291454517058, 35.309931410381786 ], [ 128.977275062980908, 35.309030012962545 ], [ 128.976175407090722, 35.309043443955915 ] ] ] ] } },
{ "type": "Feature", "properties": { "GRID_CD_x": "마마342026", "SCH_POP": 0.0 }, "geometry": { "type": "MultiPolygon", "coordinates": [ [ [ [ 128.976191786436118, 35.309944841820474 ], [ 128.976208166508741, 35.310846239543764 ], [ 128.977307846780974, 35.31083280765975 ], [ 128.977291454517058, 35.309931410381786 ], [ 128.976191786436118, 35.309944841820474 ] ] ] ] } },
{ "type": "Feature", "properties": { "GRID_CD_x": "마마342027", "SCH_POP": 0.0 }, "geometry": { "type": "MultiPolygon", "coordinates": [ [ [ [ 128.976208166508741, 35.310846239543764 ], [ 128.976224547308618, 35.311747637125819 ], [ 128.977324239772713, 35.311734204796458 ], [ 128.977307846780974, 35.31083280765975 ], [ 128.976208166508741, 35.310846239543764 ] ] ] ] } },
{ "type": "Feature", "properties": { "GRID_CD_x": "마마342028", "SCH_POP": 0.0 }, "geometry": { "type": "MultiPolygon", "coordinates": [ [ [ [ 128.976224547308618, 35.311747637125819 ], [ 128.976240928835807, 35.312649034566604 ], [ 128.977340633492247, 35.312635601791889 ], [ 128.977324239772713, 35.311734204796458 ], [ 128.976224547308618, 35.311747637125819 ] ] ] ] } },
{ "type": "Feature", "properties": { "GRID_CD_x": "마마342029", "SCH_POP": 0.0 }, "geometry": { "type": "MultiPolygon", "coordinates": [ [ [ [ 128.976240928835807, 35.312649034566604 ], [ 128.976257311090336, 35.313550431866119 ], [ 128.977357027939661, 35.313536998646065 ], [ 128.977340633492247, 35.312635601791889 ], [ 128.976240928835807, 35.312649034566604 ] ] ] ] } },
{ "type": "Feature", "properties": { "GRID_CD_x": "마마342030", "SCH_POP": 0.0 }, "geometry": { "type": "MultiPolygon", "coordinates": [ [ [ [ 128.976257311090336, 35.313550431866119 ], [ 128.976273694072205, 35.314451829024385 ], [ 128.977373423115012, 35.314438395358955 ], [ 128.977357027939661, 35.313536998646065 ], [ 128.976257311090336, 35.313550431866119 ] ] ] ] } },
{ "type": "Feature", "properties": { "GRID_CD_x": "마마342031", "SCH_POP": 0.0 }, "geometry": { "type": "MultiPolygon", "coordinates": [ [ [ [ 128.976273694072205, 35.314451829024385 ], [ 128.976290077781499, 35.315353226041388 ], [ 128.977389819018271, 35.315339791930583 ], [ 128.977373423115012, 35.314438395358955 ], [ 128.976273694072205, 35.314451829024385 ] ] ] ] } },
{ "type": "Feature", "properties": { "GRID_CD_x": "마마342032", "SCH_POP": 0.0 }, "geometry": { "type": "MultiPolygon", "coordinates": [ [ [ [ 128.976290077781499, 35.315353226041388 ], [ 128.976306462218162, 35.316254622917128 ], [ 128.977406215649495, 35.316241188360927 ], [ 128.977389819018271, 35.315339791930583 ], [ 128.976290077781499, 35.315353226041388 ] ] ] ] } },
{ "type": "Feature", "properties": { "GRID_CD_x": "마마342033", "SCH_POP": 0.0 }, "geometry": { "type": "MultiPolygon", "coordinates": [ [ [ [ 128.976306462218162, 35.316254622917128 ], [ 128.976322847382335, 35.317156019651598 ], [ 128.977422613008713, 35.317142584650007 ], [ 128.977406215649495, 35.316241188360927 ], [ 128.976306462218162, 35.316254622917128 ] ] ] ] } },
{ "type": "Feature", "properties": { "GRID_CD_x": "마마342034", "SCH_POP": 0.0 }, "geometry": { "type": "MultiPolygon", "coordinates": [ [ [ [ 128.976322847382335, 35.317156019651598 ], [ 128.976339233273961, 35.318057416244812 ], [ 128.977439011095981, 35.31804398079781 ], [ 128.977422613008713, 35.317142584650007 ], [ 128.976322847382335, 35.317156019651598 ] ] ] ] } },
{ "type": "Feature", "properties": { "GRID_CD_x": "마마342035", "SCH_POP": 0.0 }, "geometry": { "type": "MultiPolygon", "coordinates": [ [ [ [ 128.976339233273961, 35.318057416244812 ], [ 128.976355619893127, 35.318958812696735 ], [ 128.9774554099113, 35.318945376804322 ], [ 128.977439011095981, 35.31804398079781 ], [ 128.976339233273961, 35.318057416244812 ] ] ] ] } },
{ "type": "Feature", "properties": { "GRID_CD_x": "마마342036", "SCH_POP": 0.0 }, "geometry": { "type": "MultiPolygon", "coordinates": [ [ [ [ 128.976355619893127, 35.318958812696735 ], [ 128.976372007239831, 35.319860209007409 ], [ 128.977471809454698, 35.319846772669543 ], [ 128.9774554099113, 35.318945376804322 ], [ 128.976355619893127, 35.318958812696735 ] ] ] ] } },
{ "type": "Feature", "properties": { "GRID_CD_x": "마마342037", "SCH_POP": 0.0 }, "geometry": { "type": "MultiPolygon", "coordinates": [ [ [ [ 128.976372007239831, 35.319860209007409 ], [ 128.97638839531416, 35.320761605176791 ], [ 128.977488209726232, 35.3207481683935 ], [ 128.977471809454698, 35.319846772669543 ], [ 128.976372007239831, 35.319860209007409 ] ] ] ] } },
{ "type": "Feature", "properties": { "GRID_CD_x": "마마343020", "SCH_POP": 0.0 }, "geometry": { "type": "MultiPolygon", "coordinates": [ [ [ [ 128.977193116215659, 35.3045230237475 ], [ 128.977209504113404, 35.305424421873028 ], [ 128.97830911051841, 35.30541098266729 ], [ 128.97829271043264, 35.304509584987379 ], [ 128.977193116215659, 35.3045230237475 ] ] ] ] } },
{ "type": "Feature", "properties": { "GRID_CD_x": "마마343021", "SCH_POP": 0.0 }, "geometry": { "type": "MultiPolygon", "coordinates": [ [ [ [ 128.977209504113404, 35.305424421873028 ], [ 128.977225892738772, 35.306325819857285 ], [ 128.978325511332343, 35.306312380205945 ], [ 128.97830911051841, 35.30541098266729 ], [ 128.977209504113404, 35.305424421873028 ] ] ] ] } },
{ "type": "Feature", "properties": { "GRID_CD_x": "마마343022", "SCH_POP": 0.0 }, "geometry": { "type": "MultiPolygon", "coordinates": [ [ [ [ 128.977225892738772, 35.306325819857285 ], [ 128.977242282091822, 35.307227217700301 ], [ 128.97834191287447, 35.307213777603344 ], [ 128.978325511332343, 35.306312380205945 ], [ 128.977225892738772, 35.306325819857285 ] ] ] ] } },
{ "type": "Feature", "properties": { "GRID_CD_x": "마마343023", "SCH_POP": 0.0 }, "geometry": { "type": "MultiPolygon", "coordinates": [ [ [ [ 128.977242282091822, 35.307227217700301 ], [ 128.977258672172525, 35.308128615402055 ], [ 128.978358315144789, 35.308115174859452 ], [ 128.97834191287447, 35.307213777603344 ], [ 128.977242282091822, 35.307227217700301 ] ] ] ] } },
{ "type": "Feature", "properties": { "GRID_CD_x": "마마343024", "SCH_POP": 0.0 }, "geometry": { "type": "MultiPolygon", "coordinates": [ [ [ [ 128.977258672172525, 35.308128615402055 ], [ 128.977275062980908, 35.309030012962545 ], [ 128.978374718143357, 35.309016571974325 ], [ 128.978358315144789, 35.308115174859452 ], [ 128.977258672172525, 35.308128615402055 ] ] ] ] } },
{ "type": "Feature", "properties": { "GRID_CD_x": "마마343025", "SCH_POP": 0.0 }, "geometry": { "type": "MultiPolygon", "coordinates": [ [ [ [ 128.977275062980908, 35.309030012962545 ], [ 128.977291454517058, 35.309931410381786 ], [ 128.978391121870231, 35.309917968947893 ], [ 128.978374718143357, 35.309016571974325 ], [ 128.977275062980908, 35.309030012962545 ] ] ] ] } },
{ "type": "Feature", "properties": { "GRID_CD_x": "마마343026", "SCH_POP": 0.0 }, "geometry": { "type": "MultiPolygon", "coordinates": [ [ [ [ 128.977291454517058, 35.309931410381786 ], [ 128.977307846780974, 35.31083280765975 ], [ 128.978407526325384, 35.310819365780198 ], [ 128.978391121870231, 35.309917968947893 ], [ 128.977291454517058, 35.309931410381786 ] ] ] ] } },
{ "type": "Feature", "properties": { "GRID_CD_x": "마마343027", "SCH_POP": 0.21545667447306799 }, "geometry": { "type": "MultiPolygon", "coordinates": [ [ [ [ 128.977307846780974, 35.31083280765975 ], [ 128.977324239772713, 35.311734204796458 ], [ 128.9784239315089, 35.311720762471232 ], [ 128.978407526325384, 35.310819365780198 ], [ 128.977307846780974, 35.31083280765975 ] ] ] ] } },
{ "type": "Feature", "properties": { "GRID_CD_x": "마마343028", "SCH_POP": 0.0 }, "geometry": { "type": "MultiPolygon", "coordinates": [ [ [ [ 128.977324239772713, 35.311734204796458 ], [ 128.977340633492247, 35.312635601791889 ], [ 128.978440337420807, 35.312622159020989 ], [ 128.9784239315089, 35.311720762471232 ], [ 128.977324239772713, 35.311734204796458 ] ] ] ] } },
{ "type": "Feature", "properties": { "GRID_CD_x": "마마343029", "SCH_POP": 0.0 }, "geometry": { "type": "MultiPolygon", "coordinates": [ [ [ [ 128.977340633492247, 35.312635601791889 ], [ 128.977357027939661, 35.313536998646065 ], [ 128.978456744061106, 35.313523555429462 ], [ 128.978440337420807, 35.312622159020989 ], [ 128.977340633492247, 35.312635601791889 ] ] ] ] } },
{ "type": "Feature", "properties": { "GRID_CD_x": "마마343030", "SCH_POP": 0.0 }, "geometry": { "type": "MultiPolygon", "coordinates": [ [ [ [ 128.977357027939661, 35.313536998646065 ], [ 128.977373423115012, 35.314438395358955 ], [ 128.978473151429853, 35.314424951696658 ], [ 128.978456744061106, 35.313523555429462 ], [ 128.977357027939661, 35.313536998646065 ] ] ] ] } },
{ "type": "Feature", "properties": { "GRID_CD_x": "마마343031", "SCH_POP": 0.0 }, "geometry": { "type": "MultiPolygon", "coordinates": [ [ [ [ 128.977373423115012, 35.314438395358955 ], [ 128.977389819018271, 35.315339791930583 ], [ 128.978489559527077, 35.315326347822563 ], [ 128.978473151429853, 35.314424951696658 ], [ 128.977373423115012, 35.314438395358955 ] ] ] ] } },
{ "type": "Feature", "properties": { "GRID_CD_x": "마마343032", "SCH_POP": 0.0 }, "geometry": { "type": "MultiPolygon", "coordinates": [ [ [ [ 128.977389819018271, 35.315339791930583 ], [ 128.977406215649495, 35.316241188360927 ], [ 128.978505968352806, 35.316227743807183 ], [ 128.978489559527077, 35.315326347822563 ], [ 128.977389819018271, 35.315339791930583 ] ] ] ] } },
{ "type": "Feature", "properties": { "GRID_CD_x": "마마343033", "SCH_POP": 0.0 }, "geometry": { "type": "MultiPolygon", "coordinates": [ [ [ [ 128.977406215649495, 35.316241188360927 ], [ 128.977422613008713, 35.317142584650007 ], [ 128.978522377907069, 35.317129139650532 ], [ 128.978505968352806, 35.316227743807183 ], [ 128.977406215649495, 35.316241188360927 ] ] ] ] } },
{ "type": "Feature", "properties": { "GRID_CD_x": "마마343034", "SCH_POP": 0.0 }, "geometry": { "type": "MultiPolygon", "coordinates": [ [ [ [ 128.977422613008713, 35.317142584650007 ], [ 128.977439011095981, 35.31804398079781 ], [ 128.978538788189923, 35.318030535352598 ], [ 128.978522377907069, 35.317129139650532 ], [ 128.977422613008713, 35.317142584650007 ] ] ] ] } },
{ "type": "Feature", "properties": { "GRID_CD_x": "마마343035", "SCH_POP": 0.0 }, "geometry": { "type": "MultiPolygon", "coordinates": [ [ [ [ 128.977439011095981, 35.31804398079781 ], [ 128.9774554099113, 35.318945376804322 ], [ 128.978555199201367, 35.318931930913365 ], [ 128.978538788189923, 35.318030535352598 ], [ 128.977439011095981, 35.31804398079781 ] ] ] ] } },
{ "type": "Feature", "properties": { "GRID_CD_x": "마마343036", "SCH_POP": 0.0 }, "geometry": { "type": "MultiPolygon", "coordinates": [ [ [ [ 128.9774554099113, 35.318945376804322 ], [ 128.977471809454698, 35.319846772669543 ], [ 128.97857161094143, 35.319833326332841 ], [ 128.978555199201367, 35.318931930913365 ], [ 128.9774554099113, 35.318945376804322 ] ] ] ] } },
{ "type": "Feature", "properties": { "GRID_CD_x": "마마343037", "SCH_POP": 0.0 }, "geometry": { "type": "MultiPolygon", "coordinates": [ [ [ [ 128.977471809454698, 35.319846772669543 ], [ 128.977488209726232, 35.3207481683935 ], [ 128.978588023410197, 35.320734721611011 ], [ 128.97857161094143, 35.319833326332841 ], [ 128.977471809454698, 35.319846772669543 ] ] ] ] } },
{ "type": "Feature", "properties": { "GRID_CD_x": "마마344018", "SCH_POP": 0.0 }, "geometry": { "type": "MultiPolygon", "coordinates": [ [ [ [ 128.978259912445424, 35.302706789203768 ], [ 128.978276311074978, 35.303608187166198 ], [ 128.979375892376396, 35.303594738858799 ], [ 128.979359481559953, 35.30269334134227 ], [ 128.978259912445424, 35.302706789203768 ] ] ] ] } },
{ "type": "Feature", "properties": { "GRID_CD_x": "마마344019", "SCH_POP": 0.0 }, "geometry": { "type": "MultiPolygon", "coordinates": [ [ [ [ 128.978276311074978, 35.303608187166198 ], [ 128.97829271043264, 35.304509584987379 ], [ 128.979392303921486, 35.30449613623405 ], [ 128.979375892376396, 35.303594738858799 ], [ 128.978276311074978, 35.303608187166198 ] ] ] ] } },
{ "type": "Feature", "properties": { "GRID_CD_x": "마마344020", "SCH_POP": 0.0 }, "geometry": { "type": "MultiPolygon", "coordinates": [ [ [ [ 128.97829271043264, 35.304509584987379 ], [ 128.97830911051841, 35.30541098266729 ], [ 128.979408716195252, 35.305397533468032 ], [ 128.979392303921486, 35.30449613623405 ], [ 128.97829271043264, 35.304509584987379 ] ] ] ] } },
{ "type": "Feature", "properties": { "GRID_CD_x": "마마344021", "SCH_POP": 0.0 }, "geometry": { "type": "MultiPolygon", "coordinates": [ [ [ [ 128.97830911051841, 35.30541098266729 ], [ 128.978325511332343, 35.306312380205945 ], [ 128.979425129197693, 35.306298930560743 ], [ 128.979408716195252, 35.305397533468032 ], [ 128.97830911051841, 35.30541098266729 ] ] ] ] } },
{ "type": "Feature", "properties": { "GRID_CD_x": "마마344022", "SCH_POP": 0.0 }, "geometry": { "type": "MultiPolygon", "coordinates": [ [ [ [ 128.978325511332343, 35.306312380205945 ], [ 128.97834191287447, 35.307213777603344 ], [ 128.979441542928868, 35.307200327512184 ], [ 128.979425129197693, 35.306298930560743 ], [ 128.978325511332343, 35.306312380205945 ] ] ] ] } },
{ "type": "Feature", "properties": { "GRID_CD_x": "마마344023", "SCH_POP": 0.0 }, "geometry": { "type": "MultiPolygon", "coordinates": [ [ [ [ 128.97834191287447, 35.307213777603344 ], [ 128.978358315144789, 35.308115174859452 ], [ 128.979457957388803, 35.308101724322334 ], [ 128.979441542928868, 35.307200327512184 ], [ 128.97834191287447, 35.307213777603344 ] ] ] ] } },
{ "type": "Feature", "properties": { "GRID_CD_x": "마마344024", "SCH_POP": 0.0 }, "geometry": { "type": "MultiPolygon", "coordinates": [ [ [ [ 128.978358315144789, 35.308115174859452 ], [ 128.978374718143357, 35.309016571974325 ], [ 128.979474372577528, 35.309003120991214 ], [ 128.979457957388803, 35.308101724322334 ], [ 128.978358315144789, 35.308115174859452 ] ] ] ] } },
{ "type": "Feature", "properties": { "GRID_CD_x": "마마344025", "SCH_POP": 0.0 }, "geometry": { "type": "MultiPolygon", "coordinates": [ [ [ [ 128.978374718143357, 35.309016571974325 ], [ 128.978391121870231, 35.309917968947893 ], [ 128.97949078849507, 35.309904517518817 ], [ 128.979474372577528, 35.309003120991214 ], [ 128.978374718143357, 35.309016571974325 ] ] ] ] } },
{ "type": "Feature", "properties": { "GRID_CD_x": "마마344026", "SCH_POP": 0.21545667447306799 }, "geometry": { "type": "MultiPolygon", "coordinates": [ [ [ [ 128.978391121870231, 35.309917968947893 ], [ 128.978407526325384, 35.310819365780198 ], [ 128.979507205141459, 35.310805913905128 ], [ 128.97949078849507, 35.309904517518817 ], [ 128.978391121870231, 35.309917968947893 ] ] ] ] } },
{ "type": "Feature", "properties": { "GRID_CD_x": "마마344027", "SCH_POP": 0.21545667447306799 }, "geometry": { "type": "MultiPolygon", "coordinates": [ [ [ [ 128.978407526325384, 35.310819365780198 ], [ 128.9784239315089, 35.311720762471232 ], [ 128.979523622516751, 35.311707310150162 ], [ 128.979507205141459, 35.310805913905128 ], [ 128.978407526325384, 35.310819365780198 ] ] ] ] } },
{ "type": "Feature", "properties": { "GRID_CD_x": "마마344028", "SCH_POP": 0.0 }, "geometry": { "type": "MultiPolygon", "coordinates": [ [ [ [ 128.9784239315089, 35.311720762471232 ], [ 128.978440337420807, 35.312622159020989 ], [ 128.979540040620947, 35.31260870625389 ], [ 128.979523622516751, 35.311707310150162 ], [ 128.9784239315089, 35.311720762471232 ] ] ] ] } },
{ "type": "Feature", "properties": { "GRID_CD_x": "마마344029", "SCH_POP": 0.0 }, "geometry": { "type": "MultiPolygon", "coordinates": [ [ [ [ 128.978440337420807, 35.312622159020989 ], [ 128.978456744061106, 35.313523555429462 ], [ 128.979556459454102, 35.313510102216348 ], [ 128.979540040620947, 35.31260870625389 ], [ 128.978440337420807, 35.312622159020989 ] ] ] ] } },
{ "type": "Feature", "properties": { "GRID_CD_x": "마마344030", "SCH_POP": 0.0 }, "geometry": { "type": "MultiPolygon", "coordinates": [ [ [ [ 128.978456744061106, 35.313523555429462 ], [ 128.978473151429853, 35.314424951696658 ], [ 128.979572879016246, 35.314411498037508 ], [ 128.979556459454102, 35.313510102216348 ], [ 128.978456744061106, 35.313523555429462 ] ] ] ] } },
{ "type": "Feature", "properties": { "GRID_CD_x": "마마344031", "SCH_POP": 0.0 }, "geometry": { "type": "MultiPolygon", "coordinates": [ [ [ [ 128.978473151429853, 35.314424951696658 ], [ 128.978489559527077, 35.315326347822563 ], [ 128.979589299307378, 35.315312893717376 ], [ 128.979572879016246, 35.314411498037508 ], [ 128.978473151429853, 35.314424951696658 ] ] ] ] } },
{ "type": "Feature", "properties": { "GRID_CD_x": "마마344032", "SCH_POP": 0.0 }, "geometry": { "type": "MultiPolygon", "coordinates": [ [ [ [ 128.978489559527077, 35.315326347822563 ], [ 128.978505968352806, 35.316227743807183 ], [ 128.979605720327584, 35.316214289255953 ], [ 128.979589299307378, 35.315312893717376 ], [ 128.978489559527077, 35.315326347822563 ] ] ] ] } },
{ "type": "Feature", "properties": { "GRID_CD_x": "마마344033", "SCH_POP": 0.0 }, "geometry": { "type": "MultiPolygon", "coordinates": [ [ [ [ 128.978505968352806, 35.316227743807183 ], [ 128.978522377907069, 35.317129139650532 ], [ 128.979622142076892, 35.317115684653238 ], [ 128.979605720327584, 35.316214289255953 ], [ 128.978505968352806, 35.316227743807183 ] ] ] ] } },
{ "type": "Feature", "properties": { "GRID_CD_x": "마마344034", "SCH_POP": 0.0 }, "geometry": { "type": "MultiPolygon", "coordinates": [ [ [ [ 128.978522377907069, 35.317129139650532 ], [ 128.978538788189923, 35.318030535352598 ], [ 128.979638564555273, 35.318017079909225 ], [ 128.979622142076892, 35.317115684653238 ], [ 128.978522377907069, 35.317129139650532 ] ] ] ] } },
{ "type": "Feature", "properties": { "GRID_CD_x": "마마344035", "SCH_POP": 0.0 }, "geometry": { "type": "MultiPolygon", "coordinates": [ [ [ [ 128.978538788189923, 35.318030535352598 ], [ 128.978555199201367, 35.318931930913365 ], [ 128.979654987762814, 35.318918475023906 ], [ 128.979638564555273, 35.318017079909225 ], [ 128.978538788189923, 35.318030535352598 ] ] ] ] } },
{ "type": "Feature", "properties": { "GRID_CD_x": "마마344036", "SCH_POP": 0.0 }, "geometry": { "type": "MultiPolygon", "coordinates": [ [ [ [ 128.978555199201367, 35.318931930913365 ], [ 128.97857161094143, 35.319833326332841 ], [ 128.979671411699513, 35.319819869997289 ], [ 128.979654987762814, 35.318918475023906 ], [ 128.978555199201367, 35.318931930913365 ] ] ] ] } },
{ "type": "Feature", "properties": { "GRID_CD_x": "마마344037", "SCH_POP": 0.0 }, "geometry": { "type": "MultiPolygon", "coordinates": [ [ [ [ 128.97857161094143, 35.319833326332841 ], [ 128.978588023410197, 35.320734721611011 ], [ 128.979687836365429, 35.320721264829366 ], [ 128.979671411699513, 35.319819869997289 ], [ 128.97857161094143, 35.319833326332841 ] ] ] ] } },
{ "type": "Feature", "properties": { "GRID_CD_x": "마마345015", "SCH_POP": 0.0 }, "geometry": { "type": "MultiPolygon", "coordinates": [ [ [ [ 128.979310253481998, 35.299989147945098 ], [ 128.979326662112754, 35.300890545885423 ], [ 128.980426206126594, 35.300877088923897 ], [ 128.980409785310599, 35.299975691429779 ], [ 128.979310253481998, 35.299989147945098 ] ] ] ] } },
{ "type": "Feature", "properties": { "GRID_CD_x": "마마345016", "SCH_POP": 0.0 }, "geometry": { "type": "MultiPolygon", "coordinates": [ [ [ [ 128.979326662112754, 35.300890545885423 ], [ 128.979343071472073, 35.301791943684485 ], [ 128.980442627671692, 35.301778486276717 ], [ 128.980426206126594, 35.300877088923897 ], [ 128.979326662112754, 35.300890545885423 ] ] ] ] } },
{ "type": "Feature", "properties": { "GRID_CD_x": "마마345017", "SCH_POP": 0.0 }, "geometry": { "type": "MultiPolygon", "coordinates": [ [ [ [ 128.979343071472073, 35.301791943684485 ], [ 128.979359481559953, 35.30269334134227 ], [ 128.980459049945893, 35.302679883488274 ], [ 128.980442627671692, 35.301778486276717 ], [ 128.979343071472073, 35.301791943684485 ] ] ] ] } },
{ "type": "Feature", "properties": { "GRID_CD_x": "마마345018", "SCH_POP": 0.0 }, "geometry": { "type": "MultiPolygon", "coordinates": [ [ [ [ 128.979359481559953, 35.30269334134227 ], [ 128.979375892376396, 35.303594738858799 ], [ 128.980475472949195, 35.303581280558546 ], [ 128.980459049945893, 35.302679883488274 ], [ 128.979359481559953, 35.30269334134227 ] ] ] ] } },
{ "type": "Feature", "properties": { "GRID_CD_x": "마마345019", "SCH_POP": 0.0 }, "geometry": { "type": "MultiPolygon", "coordinates": [ [ [ [ 128.979375892376396, 35.303594738858799 ], [ 128.979392303921486, 35.30449613623405 ], [ 128.980491896681684, 35.304482677487549 ], [ 128.980475472949195, 35.303581280558546 ], [ 128.979375892376396, 35.303594738858799 ] ] ] ] } },
{ "type": "Feature", "properties": { "GRID_CD_x": "마마345020", "SCH_POP": 0.0 }, "geometry": { "type": "MultiPolygon", "coordinates": [ [ [ [ 128.979392303921486, 35.30449613623405 ], [ 128.979408716195252, 35.305397533468032 ], [ 128.98050832114339, 35.305384074275267 ], [ 128.980491896681684, 35.304482677487549 ], [ 128.979392303921486, 35.30449613623405 ] ] ] ] } },
{ "type": "Feature", "properties": { "GRID_CD_x": "마마345021", "SCH_POP": 0.0 }, "geometry": { "type": "MultiPolygon", "coordinates": [ [ [ [ 128.979408716195252, 35.305397533468032 ], [ 128.979425129197693, 35.306298930560743 ], [ 128.980524746334339, 35.306285470921686 ], [ 128.98050832114339, 35.305384074275267 ], [ 128.979408716195252, 35.305397533468032 ] ] ] ] } },
{ "type": "Feature", "properties": { "GRID_CD_x": "마마345022", "SCH_POP": 0.0 }, "geometry": { "type": "MultiPolygon", "coordinates": [ [ [ [ 128.979425129197693, 35.306298930560743 ], [ 128.979441542928868, 35.307200327512184 ], [ 128.980541172254533, 35.307186867426836 ], [ 128.980524746334339, 35.306285470921686 ], [ 128.979425129197693, 35.306298930560743 ] ] ] ] } },
{ "type": "Feature", "properties": { "GRID_CD_x": "마마345023", "SCH_POP": 0.0 }, "geometry": { "type": "MultiPolygon", "coordinates": [ [ [ [ 128.979441542928868, 35.307200327512184 ], [ 128.979457957388803, 35.308101724322334 ], [ 128.980557598904056, 35.308088263790701 ], [ 128.980541172254533, 35.307186867426836 ], [ 128.979441542928868, 35.307200327512184 ] ] ] ] } },
{ "type": "Feature", "properties": { "GRID_CD_x": "마마345024", "SCH_POP": 0.0 }, "geometry": { "type": "MultiPolygon", "coordinates": [ [ [ [ 128.979457957388803, 35.308101724322334 ], [ 128.979474372577528, 35.309003120991214 ], [ 128.980574026282881, 35.308989660013275 ], [ 128.980557598904056, 35.308088263790701 ], [ 128.979457957388803, 35.308101724322334 ] ] ] ] } },
{ "type": "Feature", "properties": { "GRID_CD_x": "마마345025", "SCH_POP": 0.0 }, "geometry": { "type": "MultiPolygon", "coordinates": [ [ [ [ 128.979474372577528, 35.309003120991214 ], [ 128.97949078849507, 35.309904517518817 ], [ 128.980590454391063, 35.309891056094557 ], [ 128.980574026282881, 35.308989660013275 ], [ 128.979474372577528, 35.309003120991214 ] ] ] ] } },
{ "type": "Feature", "properties": { "GRID_CD_x": "마마345026", "SCH_POP": 0.56018735362997696 }, "geometry": { "type": "MultiPolygon", "coordinates": [ [ [ [ 128.97949078849507, 35.309904517518817 ], [ 128.979507205141459, 35.310805913905128 ], [ 128.98060688322866, 35.310792452034534 ], [ 128.980590454391063, 35.309891056094557 ], [ 128.97949078849507, 35.309904517518817 ] ] ] ] } },
{ "type": "Feature", "properties": { "GRID_CD_x": "마마345027", "SCH_POP": 0.0 }, "geometry": { "type": "MultiPolygon", "coordinates": [ [ [ [ 128.979507205141459, 35.310805913905128 ], [ 128.979523622516751, 35.311707310150162 ], [ 128.980623312795672, 35.311693847833233 ], [ 128.98060688322866, 35.310792452034534 ], [ 128.979507205141459, 35.310805913905128 ] ] ] ] } },
{ "type": "Feature", "properties": { "GRID_CD_x": "마마345028", "SCH_POP": 0.0 }, "geometry": { "type": "MultiPolygon", "coordinates": [ [ [ [ 128.979523622516751, 35.311707310150162 ], [ 128.979540040620947, 35.31260870625389 ], [ 128.980639743092155, 35.312595243490634 ], [ 128.980623312795672, 35.311693847833233 ], [ 128.979523622516751, 35.311707310150162 ] ] ] ] } },
{ "type": "Feature", "properties": { "GRID_CD_x": "마마345029", "SCH_POP": 0.0 }, "geometry": { "type": "MultiPolygon", "coordinates": [ [ [ [ 128.979540040620947, 35.31260870625389 ], [ 128.979556459454102, 35.313510102216348 ], [ 128.98065617411811, 35.313496639006736 ], [ 128.980639743092155, 35.312595243490634 ], [ 128.979540040620947, 35.31260870625389 ] ] ] ] } },
{ "type": "Feature", "properties": { "GRID_CD_x": "마마345030", "SCH_POP": 0.0 }, "geometry": { "type": "MultiPolygon", "coordinates": [ [ [ [ 128.979556459454102, 35.313510102216348 ], [ 128.979572879016246, 35.314411498037508 ], [ 128.980672605873622, 35.314398034381526 ], [ 128.98065617411811, 35.313496639006736 ], [ 128.979556459454102, 35.313510102216348 ] ] ] ] } },
{ "type": "Feature", "properties": { "GRID_CD_x": "마마345031", "SCH_POP": 0.0 }, "geometry": { "type": "MultiPolygon", "coordinates": [ [ [ [ 128.979572879016246, 35.314411498037508 ], [ 128.979589299307378, 35.315312893717376 ], [ 128.980689038358662, 35.315299429615024 ], [ 128.980672605873622, 35.314398034381526 ], [ 128.979572879016246, 35.314411498037508 ] ] ] ] } },
{ "type": "Feature", "properties": { "GRID_CD_x": "마마345032", "SCH_POP": 0.0 }, "geometry": { "type": "MultiPolygon", "coordinates": [ [ [ [ 128.979589299307378, 35.315312893717376 ], [ 128.979605720327584, 35.316214289255953 ], [ 128.980705471573287, 35.316200824707224 ], [ 128.980689038358662, 35.315299429615024 ], [ 128.979589299307378, 35.315312893717376 ] ] ] ] } },
{ "type": "Feature", "properties": { "GRID_CD_x": "마마345033", "SCH_POP": 0.0 }, "geometry": { "type": "MultiPolygon", "coordinates": [ [ [ [ 128.979605720327584, 35.316214289255953 ], [ 128.979622142076892, 35.317115684653238 ], [ 128.980721905517555, 35.317102219658118 ], [ 128.980705471573287, 35.316200824707224 ], [ 128.979605720327584, 35.316214289255953 ] ] ] ] } },
{ "type": "Feature", "properties": { "GRID_CD_x": "마마345034", "SCH_POP": 0.0 }, "geometry": { "type": "MultiPolygon", "coordinates": [ [ [ [ 128.979622142076892, 35.317115684653238 ], [ 128.979638564555273, 35.318017079909225 ], [ 128.980738340191465, 35.318003614467699 ], [ 128.980721905517555, 35.317102219658118 ], [ 128.979622142076892, 35.317115684653238 ] ] ] ] } },
{ "type": "Feature", "properties": { "GRID_CD_x": "마마345035", "SCH_POP": 0.0 }, "geometry": { "type": "MultiPolygon", "coordinates": [ [ [ [ 128.979638564555273, 35.318017079909225 ], [ 128.979654987762814, 35.318918475023906 ], [ 128.980754775595045, 35.318905009135975 ], [ 128.980738340191465, 35.318003614467699 ], [ 128.979638564555273, 35.318017079909225 ] ] ] ] } },
{ "type": "Feature", "properties": { "GRID_CD_x": "마마345036", "SCH_POP": 0.0 }, "geometry": { "type": "MultiPolygon", "coordinates": [ [ [ [ 128.979654987762814, 35.318918475023906 ], [ 128.979671411699513, 35.319819869997289 ], [ 128.980771211728381, 35.319806403662923 ], [ 128.980754775595045, 35.318905009135975 ], [ 128.979654987762814, 35.318918475023906 ] ] ] ] } },
{ "type": "Feature", "properties": { "GRID_CD_x": "마마346013", "SCH_POP": 0.0 }, "geometry": { "type": "MultiPolygon", "coordinates": [ [ [ [ 128.980376945865629, 35.298172896017746 ], [ 128.980393365223591, 35.299074293794391 ], [ 128.981492884138476, 35.299060827734102 ], [ 128.981476452596354, 35.298159430403985 ], [ 128.980376945865629, 35.298172896017746 ] ] ] ] } },
{ "type": "Feature", "properties": { "GRID_CD_x": "마마346014", "SCH_POP": 0.0 }, "geometry": { "type": "MultiPolygon", "coordinates": [ [ [ [ 128.980393365223591, 35.299074293794391 ], [ 128.980409785310599, 35.299975691429779 ], [ 128.981509316410097, 35.299962224922943 ], [ 128.981492884138476, 35.299060827734102 ], [ 128.980393365223591, 35.299074293794391 ] ] ] ] } },
{ "type": "Feature", "properties": { "GRID_CD_x": "마마346015", "SCH_POP": 0.0 }, "geometry": { "type": "MultiPolygon", "coordinates": [ [ [ [ 128.980409785310599, 35.299975691429779 ], [ 128.980426206126594, 35.300877088923897 ], [ 128.981525749411333, 35.300863621970514 ], [ 128.981509316410097, 35.299962224922943 ], [ 128.980409785310599, 35.299975691429779 ] ] ] ] } },
{ "type": "Feature", "properties": { "GRID_CD_x": "마마346016", "SCH_POP": 0.0 }, "geometry": { "type": "MultiPolygon", "coordinates": [ [ [ [ 128.980426206126594, 35.300877088923897 ], [ 128.980442627671692, 35.301778486276717 ], [ 128.981542183142182, 35.301765018876779 ], [ 128.981525749411333, 35.300863621970514 ], [ 128.980426206126594, 35.300877088923897 ] ] ] ] } },
{ "type": "Feature", "properties": { "GRID_CD_x": "마마346017", "SCH_POP": 0.0 }, "geometry": { "type": "MultiPolygon", "coordinates": [ [ [ [ 128.980442627671692, 35.301778486276717 ], [ 128.980459049945893, 35.302679883488274 ], [ 128.981558617602673, 35.302666415641767 ], [ 128.981542183142182, 35.301765018876779 ], [ 128.980442627671692, 35.301778486276717 ] ] ] ] } },
{ "type": "Feature", "properties": { "GRID_CD_x": "마마346018", "SCH_POP": 0.0 }, "geometry": { "type": "MultiPolygon", "coordinates": [ [ [ [ 128.980459049945893, 35.302679883488274 ], [ 128.980475472949195, 35.303581280558546 ], [ 128.981575052792834, 35.30356781226547 ], [ 128.981558617602673, 35.302666415641767 ], [ 128.980459049945893, 35.302679883488274 ] ] ] ] } },
{ "type": "Feature", "properties": { "GRID_CD_x": "마마346019", "SCH_POP": 0.0 }, "geometry": { "type": "MultiPolygon", "coordinates": [ [ [ [ 128.980475472949195, 35.303581280558546 ], [ 128.980491896681684, 35.304482677487549 ], [ 128.981591488712695, 35.304469208747889 ], [ 128.981575052792834, 35.30356781226547 ], [ 128.980475472949195, 35.303581280558546 ] ] ] ] } },
{ "type": "Feature", "properties": { "GRID_CD_x": "마마346020", "SCH_POP": 0.0 }, "geometry": { "type": "MultiPolygon", "coordinates": [ [ [ [ 128.980491896681684, 35.304482677487549 ], [ 128.98050832114339, 35.305384074275267 ], [ 128.981607925362312, 35.305370605088989 ], [ 128.981591488712695, 35.304469208747889 ], [ 128.980491896681684, 35.304482677487549 ] ] ] ] } },
{ "type": "Feature", "properties": { "GRID_CD_x": "마마346021", "SCH_POP": 0.0 }, "geometry": { "type": "MultiPolygon", "coordinates": [ [ [ [ 128.98050832114339, 35.305384074275267 ], [ 128.980524746334339, 35.306285470921686 ], [ 128.981624362741712, 35.306272001288811 ], [ 128.981607925362312, 35.305370605088989 ], [ 128.98050832114339, 35.305384074275267 ] ] ] ] } },
{ "type": "Feature", "properties": { "GRID_CD_x": "마마346022", "SCH_POP": 0.0 }, "geometry": { "type": "MultiPolygon", "coordinates": [ [ [ [ 128.980524746334339, 35.306285470921686 ], [ 128.980541172254533, 35.307186867426836 ], [ 128.981640800850897, 35.307173397347348 ], [ 128.981624362741712, 35.306272001288811 ], [ 128.980524746334339, 35.306285470921686 ] ] ] ] } },
{ "type": "Feature", "properties": { "GRID_CD_x": "마마346023", "SCH_POP": 0.0 }, "geometry": { "type": "MultiPolygon", "coordinates": [ [ [ [ 128.980541172254533, 35.307186867426836 ], [ 128.980557598904056, 35.308088263790701 ], [ 128.981657239689952, 35.308074793264581 ], [ 128.981640800850897, 35.307173397347348 ], [ 128.980541172254533, 35.307186867426836 ] ] ] ] } },
{ "type": "Feature", "properties": { "GRID_CD_x": "마마346024", "SCH_POP": 0.0 }, "geometry": { "type": "MultiPolygon", "coordinates": [ [ [ [ 128.980557598904056, 35.308088263790701 ], [ 128.980574026282881, 35.308989660013275 ], [ 128.981673679258847, 35.308976189040521 ], [ 128.981657239689952, 35.308074793264581 ], [ 128.980557598904056, 35.308088263790701 ] ] ] ] } },
{ "type": "Feature", "properties": { "GRID_CD_x": "마마346025", "SCH_POP": 0.34473067915690903 }, "geometry": { "type": "MultiPolygon", "coordinates": [ [ [ [ 128.980574026282881, 35.308989660013275 ], [ 128.980590454391063, 35.309891056094557 ], [ 128.981690119557669, 35.309877584675149 ], [ 128.981673679258847, 35.308976189040521 ], [ 128.980574026282881, 35.308989660013275 ] ] ] ] } },
{ "type": "Feature", "properties": { "GRID_CD_x": "마마346026", "SCH_POP": 1.4220140515222479 }, "geometry": { "type": "MultiPolygon", "coordinates": [ [ [ [ 128.980590454391063, 35.309891056094557 ], [ 128.98060688322866, 35.310792452034534 ], [ 128.981706560586417, 35.310778980168486 ], [ 128.981690119557669, 35.309877584675149 ], [ 128.980590454391063, 35.309891056094557 ] ] ] ] } },
{ "type": "Feature", "properties": { "GRID_CD_x": "마마346027", "SCH_POP": 0.21545667447306799 }, "geometry": { "type": "MultiPolygon", "coordinates": [ [ [ [ 128.98060688322866, 35.310792452034534 ], [ 128.980623312795672, 35.311693847833233 ], [ 128.98172300234512, 35.311680375520517 ], [ 128.981706560586417, 35.310778980168486 ], [ 128.98060688322866, 35.310792452034534 ] ] ] ] } },
{ "type": "Feature", "properties": { "GRID_CD_x": "마마346028", "SCH_POP": 0.0 }, "geometry": { "type": "MultiPolygon", "coordinates": [ [ [ [ 128.980623312795672, 35.311693847833233 ], [ 128.980639743092155, 35.312595243490634 ], [ 128.981739444833863, 35.312581770731242 ], [ 128.98172300234512, 35.311680375520517 ], [ 128.980623312795672, 35.311693847833233 ] ] ] ] } },
{ "type": "Feature", "properties": { "GRID_CD_x": "마마346029", "SCH_POP": 0.0 }, "geometry": { "type": "MultiPolygon", "coordinates": [ [ [ [ 128.980639743092155, 35.312595243490634 ], [ 128.98065617411811, 35.313496639006736 ], [ 128.981755888052589, 35.313483165800655 ], [ 128.981739444833863, 35.312581770731242 ], [ 128.980639743092155, 35.312595243490634 ] ] ] ] } },
{ "type": "Feature", "properties": { "GRID_CD_x": "마마346030", "SCH_POP": 0.0 }, "geometry": { "type": "MultiPolygon", "coordinates": [ [ [ [ 128.98065617411811, 35.313496639006736 ], [ 128.980672605873622, 35.314398034381526 ], [ 128.981772332001412, 35.314384560728762 ], [ 128.981755888052589, 35.313483165800655 ], [ 128.98065617411811, 35.313496639006736 ] ] ] ] } },
{ "type": "Feature", "properties": { "GRID_CD_x": "마마346031", "SCH_POP": 0.0 }, "geometry": { "type": "MultiPolygon", "coordinates": [ [ [ [ 128.980672605873622, 35.314398034381526 ], [ 128.980689038358662, 35.315299429615024 ], [ 128.981788776680332, 35.315285955515542 ], [ 128.981772332001412, 35.314384560728762 ], [ 128.980672605873622, 35.314398034381526 ] ] ] ] } },
{ "type": "Feature", "properties": { "GRID_CD_x": "마마346032", "SCH_POP": 0.0 }, "geometry": { "type": "MultiPolygon", "coordinates": [ [ [ [ 128.980689038358662, 35.315299429615024 ], [ 128.980705471573287, 35.316200824707224 ], [ 128.981805222089349, 35.316187350161023 ], [ 128.981788776680332, 35.315285955515542 ], [ 128.980689038358662, 35.315299429615024 ] ] ] ] } },
{ "type": "Feature", "properties": { "GRID_CD_x": "마마346033", "SCH_POP": 0.0 }, "geometry": { "type": "MultiPolygon", "coordinates": [ [ [ [ 128.980705471573287, 35.316200824707224 ], [ 128.980721905517555, 35.317102219658118 ], [ 128.981821668228577, 35.317088744665192 ], [ 128.981805222089349, 35.316187350161023 ], [ 128.980705471573287, 35.316200824707224 ] ] ] ] } },
{ "type": "Feature", "properties": { "GRID_CD_x": "마마346034", "SCH_POP": 0.0 }, "geometry": { "type": "MultiPolygon", "coordinates": [ [ [ [ 128.980721905517555, 35.317102219658118 ], [ 128.980738340191465, 35.318003614467699 ], [ 128.981838115097958, 35.317990139028048 ], [ 128.981821668228577, 35.317088744665192 ], [ 128.980721905517555, 35.317102219658118 ] ] ] ] } },
{ "type": "Feature", "properties": { "GRID_CD_x": "마마346035", "SCH_POP": 0.0 }, "geometry": { "type": "MultiPolygon", "coordinates": [ [ [ [ 128.980738340191465, 35.318003614467699 ], [ 128.980754775595045, 35.318905009135975 ], [ 128.981854562697606, 35.31889153324957 ], [ 128.981838115097958, 35.317990139028048 ], [ 128.980738340191465, 35.318003614467699 ] ] ] ] } },
{ "type": "Feature", "properties": { "GRID_CD_x": "마마346036", "SCH_POP": 0.0 }, "geometry": { "type": "MultiPolygon", "coordinates": [ [ [ [ 128.980754775595045, 35.318905009135975 ], [ 128.980771211728381, 35.319806403662923 ], [ 128.981871011027465, 35.319792927329772 ], [ 128.981854562697606, 35.31889153324957 ], [ 128.980754775595045, 35.318905009135975 ] ] ] ] } },
{ "type": "Feature", "properties": { "GRID_CD_x": "마마346037", "SCH_POP": 0.0 }, "geometry": { "type": "MultiPolygon", "coordinates": [ [ [ [ 128.980771211728381, 35.319806403662923 ], [ 128.980787648591445, 35.320707798048581 ], [ 128.981887460087677, 35.320694321268654 ], [ 128.981871011027465, 35.319792927329772 ], [ 128.980771211728381, 35.319806403662923 ] ] ] ] } },
{ "type": "Feature", "properties": { "GRID_CD_x": "마마346038", "SCH_POP": 0.0 }, "geometry": { "type": "MultiPolygon", "coordinates": [ [ [ [ 128.980787648591445, 35.320707798048581 ], [ 128.980804086184293, 35.321609192292904 ], [ 128.981903909878156, 35.321595715066223 ], [ 128.981887460087677, 35.320694321268654 ], [ 128.980787648591445, 35.320707798048581 ] ] ] ] } },
{ "type": "Feature", "properties": { "GRID_CD_x": "마마346039", "SCH_POP": 0.0 }, "geometry": { "type": "MultiPolygon", "coordinates": [ [ [ [ 128.980804086184293, 35.321609192292904 ], [ 128.980820524506953, 35.322510586395929 ], [ 128.981920360399016, 35.322497108722466 ], [ 128.981903909878156, 35.321595715066223 ], [ 128.980804086184293, 35.321609192292904 ] ] ] ] } },
{ "type": "Feature", "properties": { "GRID_CD_x": "마마347012", "SCH_POP": 0.0 }, "geometry": { "type": "MultiPolygon", "coordinates": [ [ [ [ 128.981460021783789, 35.297258032932582 ], [ 128.981476452596354, 35.298159430403985 ], [ 128.982575958597607, 35.298145954799409 ], [ 128.982559515601451, 35.29724455777486 ], [ 128.981460021783789, 35.297258032932582 ] ] ] ] } },
{ "type": "Feature", "properties": { "GRID_CD_x": "마마347013", "SCH_POP": 0.0 }, "geometry": { "type": "MultiPolygon", "coordinates": [ [ [ [ 128.981476452596354, 35.298159430403985 ], [ 128.981492884138476, 35.299060827734102 ], [ 128.982592402323803, 35.29904735168266 ], [ 128.982575958597607, 35.298145954799409 ], [ 128.981476452596354, 35.298159430403985 ] ] ] ] } },
{ "type": "Feature", "properties": { "GRID_CD_x": "마마347014", "SCH_POP": 0.0 }, "geometry": { "type": "MultiPolygon", "coordinates": [ [ [ [ 128.981492884138476, 35.299060827734102 ], [ 128.981509316410097, 35.299962224922943 ], [ 128.982608846780096, 35.299948748424647 ], [ 128.982592402323803, 35.29904735168266 ], [ 128.981492884138476, 35.299060827734102 ] ] ] ] } },
{ "type": "Feature", "properties": { "GRID_CD_x": "마마347015", "SCH_POP": 0.0 }, "geometry": { "type": "MultiPolygon", "coordinates": [ [ [ [ 128.981509316410097, 35.299962224922943 ], [ 128.981525749411333, 35.300863621970514 ], [ 128.982625291966485, 35.300850145025322 ], [ 128.982608846780096, 35.299948748424647 ], [ 128.981509316410097, 35.299962224922943 ] ] ] ] } },
{ "type": "Feature", "properties": { "GRID_CD_x": "마마347016", "SCH_POP": 0.0 }, "geometry": { "type": "MultiPolygon", "coordinates": [ [ [ [ 128.981525749411333, 35.300863621970514 ], [ 128.981542183142182, 35.301765018876779 ], [ 128.982641737883029, 35.301751541484705 ], [ 128.982625291966485, 35.300850145025322 ], [ 128.981525749411333, 35.300863621970514 ] ] ] ] } },
{ "type": "Feature", "properties": { "GRID_CD_x": "마마347017", "SCH_POP": 0.0 }, "geometry": { "type": "MultiPolygon", "coordinates": [ [ [ [ 128.981542183142182, 35.301765018876779 ], [ 128.981558617602673, 35.302666415641767 ], [ 128.982658184529782, 35.30265293780279 ], [ 128.982641737883029, 35.301751541484705 ], [ 128.981542183142182, 35.301765018876779 ] ] ] ] } },
{ "type": "Feature", "properties": { "GRID_CD_x": "마마347018", "SCH_POP": 0.0 }, "geometry": { "type": "MultiPolygon", "coordinates": [ [ [ [ 128.981558617602673, 35.302666415641767 ], [ 128.981575052792834, 35.30356781226547 ], [ 128.982674631906747, 35.303554333979577 ], [ 128.982658184529782, 35.30265293780279 ], [ 128.981558617602673, 35.302666415641767 ] ] ] ] } },
{ "type": "Feature", "properties": { "GRID_CD_x": "마마347019", "SCH_POP": 0.0 }, "geometry": { "type": "MultiPolygon", "coordinates": [ [ [ [ 128.981575052792834, 35.30356781226547 ], [ 128.981591488712695, 35.304469208747889 ], [ 128.982691080013979, 35.304455730015064 ], [ 128.982674631906747, 35.303554333979577 ], [ 128.981575052792834, 35.30356781226547 ] ] ] ] } },
{ "type": "Feature", "properties": { "GRID_CD_x": "마마347020", "SCH_POP": 0.0 }, "geometry": { "type": "MultiPolygon", "coordinates": [ [ [ [ 128.981591488712695, 35.304469208747889 ], [ 128.981607925362312, 35.305370605088989 ], [ 128.982707528851478, 35.305357125909254 ], [ 128.982691080013979, 35.304455730015064 ], [ 128.981591488712695, 35.304469208747889 ] ] ] ] } },
{ "type": "Feature", "properties": { "GRID_CD_x": "마마347021", "SCH_POP": 0.0 }, "geometry": { "type": "MultiPolygon", "coordinates": [ [ [ [ 128.981607925362312, 35.305370605088989 ], [ 128.981624362741712, 35.306272001288811 ], [ 128.982723978419273, 35.306258521662144 ], [ 128.982707528851478, 35.305357125909254 ], [ 128.981607925362312, 35.305370605088989 ] ] ] ] } },
{ "type": "Feature", "properties": { "GRID_CD_x": "마마347022", "SCH_POP": 0.0 }, "geometry": { "type": "MultiPolygon", "coordinates": [ [ [ [ 128.981624362741712, 35.306272001288811 ], [ 128.981640800850897, 35.307173397347348 ], [ 128.982740428717449, 35.307159917273715 ], [ 128.982723978419273, 35.306258521662144 ], [ 128.981624362741712, 35.306272001288811 ] ] ] ] } },
{ "type": "Feature", "properties": { "GRID_CD_x": "마마347023", "SCH_POP": 0.0 }, "geometry": { "type": "MultiPolygon", "coordinates": [ [ [ [ 128.981640800850897, 35.307173397347348 ], [ 128.981657239689952, 35.308074793264581 ], [ 128.982756879745978, 35.308061312743995 ], [ 128.982740428717449, 35.307159917273715 ], [ 128.981640800850897, 35.307173397347348 ] ] ] ] } },
{ "type": "Feature", "properties": { "GRID_CD_x": "마마347024", "SCH_POP": 0.21545667447306799 }, "geometry": { "type": "MultiPolygon", "coordinates": [ [ [ [ 128.981657239689952, 35.308074793264581 ], [ 128.981673679258847, 35.308976189040521 ], [ 128.982773331504916, 35.308962708072968 ], [ 128.982756879745978, 35.308061312743995 ], [ 128.981657239689952, 35.308074793264581 ] ] ] ] } },
{ "type": "Feature", "properties": { "GRID_CD_x": "마마347025", "SCH_POP": 2.2838407494145199 }, "geometry": { "type": "MultiPolygon", "coordinates": [ [ [ [ 128.981673679258847, 35.308976189040521 ], [ 128.981690119557669, 35.309877584675149 ], [ 128.982789783994349, 35.309864103260622 ], [ 128.982773331504916, 35.308962708072968 ], [ 128.981673679258847, 35.308976189040521 ] ] ] ] } },
{ "type": "Feature", "properties": { "GRID_CD_x": "마마347026", "SCH_POP": 2.41311475409836 }, "geometry": { "type": "MultiPolygon", "coordinates": [ [ [ [ 128.981690119557669, 35.309877584675149 ], [ 128.981706560586417, 35.310778980168486 ], [ 128.98280623721422, 35.310765498306964 ], [ 128.982789783994349, 35.309864103260622 ], [ 128.981690119557669, 35.309877584675149 ] ] ] ] } },
{ "type": "Feature", "properties": { "GRID_CD_x": "마마347027", "SCH_POP": 0.21545667447306799 }, "geometry": { "type": "MultiPolygon", "coordinates": [ [ [ [ 128.981706560586417, 35.310778980168486 ], [ 128.98172300234512, 35.311680375520517 ], [ 128.982822691164586, 35.311666893211999 ], [ 128.98280623721422, 35.310765498306964 ], [ 128.981706560586417, 35.310778980168486 ] ] ] ] } },
{ "type": "Feature", "properties": { "GRID_CD_x": "마마347028", "SCH_POP": 0.0 }, "geometry": { "type": "MultiPolygon", "coordinates": [ [ [ [ 128.98172300234512, 35.311680375520517 ], [ 128.981739444833863, 35.312581770731242 ], [ 128.982839145845503, 35.312568287975708 ], [ 128.982822691164586, 35.311666893211999 ], [ 128.98172300234512, 35.311680375520517 ] ] ] ] } },
{ "type": "Feature", "properties": { "GRID_CD_x": "마마347029", "SCH_POP": 0.0 }, "geometry": { "type": "MultiPolygon", "coordinates": [ [ [ [ 128.981739444833863, 35.312581770731242 ], [ 128.981755888052589, 35.313483165800655 ], [ 128.982855601257, 35.313469682598111 ], [ 128.982839145845503, 35.312568287975708 ], [ 128.981739444833863, 35.312581770731242 ] ] ] ] } },
{ "type": "Feature", "properties": { "GRID_CD_x": "마마347030", "SCH_POP": 0.0 }, "geometry": { "type": "MultiPolygon", "coordinates": [ [ [ [ 128.981755888052589, 35.313483165800655 ], [ 128.981772332001412, 35.314384560728762 ], [ 128.982872057399106, 35.314371077079187 ], [ 128.982855601257, 35.313469682598111 ], [ 128.981755888052589, 35.313483165800655 ] ] ] ] } },
{ "type": "Feature", "properties": { "GRID_CD_x": "마마347031", "SCH_POP": 0.0 }, "geometry": { "type": "MultiPolygon", "coordinates": [ [ [ [ 128.981772332001412, 35.314384560728762 ], [ 128.981788776680332, 35.315285955515542 ], [ 128.982888514271849, 35.315272471418943 ], [ 128.982872057399106, 35.314371077079187 ], [ 128.981772332001412, 35.314384560728762 ] ] ] ] } },
{ "type": "Feature", "properties": { "GRID_CD_x": "마마347032", "SCH_POP": 0.0 }, "geometry": { "type": "MultiPolygon", "coordinates": [ [ [ [ 128.981788776680332, 35.315285955515542 ], [ 128.981805222089349, 35.316187350161023 ], [ 128.982904971875286, 35.316173865617372 ], [ 128.982888514271849, 35.315272471418943 ], [ 128.981788776680332, 35.315285955515542 ] ] ] ] } },
{ "type": "Feature", "properties": { "GRID_CD_x": "마마347033", "SCH_POP": 0.0 }, "geometry": { "type": "MultiPolygon", "coordinates": [ [ [ [ 128.981805222089349, 35.316187350161023 ], [ 128.981821668228577, 35.317088744665192 ], [ 128.982921430209387, 35.317075259674489 ], [ 128.982904971875286, 35.316173865617372 ], [ 128.981805222089349, 35.316187350161023 ] ] ] ] } },
{ "type": "Feature", "properties": { "GRID_CD_x": "마마347034", "SCH_POP": 0.0 }, "geometry": { "type": "MultiPolygon", "coordinates": [ [ [ [ 128.981821668228577, 35.317088744665192 ], [ 128.981838115097958, 35.317990139028048 ], [ 128.982937889274268, 35.317976653590279 ], [ 128.982921430209387, 35.317075259674489 ], [ 128.981821668228577, 35.317088744665192 ] ] ] ] } },
{ "type": "Feature", "properties": { "GRID_CD_x": "마마347035", "SCH_POP": 0.0 }, "geometry": { "type": "MultiPolygon", "coordinates": [ [ [ [ 128.981838115097958, 35.317990139028048 ], [ 128.981854562697606, 35.31889153324957 ], [ 128.982954349069871, 35.318878047364734 ], [ 128.982937889274268, 35.317976653590279 ], [ 128.981838115097958, 35.317990139028048 ] ] ] ] } },
{ "type": "Feature", "properties": { "GRID_CD_x": "마마347036", "SCH_POP": 0.0 }, "geometry": { "type": "MultiPolygon", "coordinates": [ [ [ [ 128.981854562697606, 35.31889153324957 ], [ 128.981871011027465, 35.319792927329772 ], [ 128.98297080959631, 35.319779440997848 ], [ 128.982954349069871, 35.318878047364734 ], [ 128.981854562697606, 35.31889153324957 ] ] ] ] } },
{ "type": "Feature", "properties": { "GRID_CD_x": "마마347037", "SCH_POP": 0.0 }, "geometry": { "type": "MultiPolygon", "coordinates": [ [ [ [ 128.981871011027465, 35.319792927329772 ], [ 128.981887460087677, 35.320694321268654 ], [ 128.982987270853556, 35.320680834489643 ], [ 128.98297080959631, 35.319779440997848 ], [ 128.981871011027465, 35.319792927329772 ] ] ] ] } },
{ "type": "Feature", "properties": { "GRID_CD_x": "마마347038", "SCH_POP": 0.0 }, "geometry": { "type": "MultiPolygon", "coordinates": [ [ [ [ 128.981887460087677, 35.320694321268654 ], [ 128.981903909878156, 35.321595715066223 ], [ 128.983003732841667, 35.321582227840089 ], [ 128.982987270853556, 35.320680834489643 ], [ 128.981887460087677, 35.320694321268654 ] ] ] ] } },
{ "type": "Feature", "properties": { "GRID_CD_x": "마마347039", "SCH_POP": 0.0 }, "geometry": { "type": "MultiPolygon", "coordinates": [ [ [ [ 128.981903909878156, 35.321595715066223 ], [ 128.981920360399016, 35.322497108722466 ], [ 128.983020195560698, 35.322483621049223 ], [ 128.983003732841667, 35.321582227840089 ], [ 128.981903909878156, 35.321595715066223 ] ] ] ] } },
{ "type": "Feature", "properties": { "GRID_CD_x": "마마347040", "SCH_POP": 0.0 }, "geometry": { "type": "MultiPolygon", "coordinates": [ [ [ [ 128.981920360399016, 35.322497108722466 ], [ 128.981936811650257, 35.32339850223736 ], [ 128.983036659010651, 35.323385014116994 ], [ 128.983020195560698, 35.322483621049223 ], [ 128.981920360399016, 35.322497108722466 ] ] ] ] } },
{ "type": "Feature", "properties": { "GRID_CD_x": "마마347041", "SCH_POP": 0.0 }, "geometry": { "type": "MultiPolygon", "coordinates": [ [ [ [ 128.981936811650257, 35.32339850223736 ], [ 128.981953263631937, 35.324299895610935 ], [ 128.983053123191553, 35.324286407043438 ], [ 128.983036659010651, 35.323385014116994 ], [ 128.981936811650257, 35.32339850223736 ] ] ] ] } },
{ "type": "Feature", "properties": { "GRID_CD_x": "마마347042", "SCH_POP": 0.0 }, "geometry": { "type": "MultiPolygon", "coordinates": [ [ [ [ 128.981953263631937, 35.324299895610935 ], [ 128.981969716344054, 35.325201288843182 ], [ 128.983069588103461, 35.325187799828534 ], [ 128.983053123191553, 35.324286407043438 ], [ 128.981953263631937, 35.324299895610935 ] ] ] ] } },
{ "type": "Feature", "properties": { "GRID_CD_x": "마마347043", "SCH_POP": 0.0 }, "geometry": { "type": "MultiPolygon", "coordinates": [ [ [ [ 128.981969716344054, 35.325201288843182 ], [ 128.981986169786666, 35.326102681934088 ], [ 128.983086053746405, 35.32608919247231 ], [ 128.983069588103461, 35.325187799828534 ], [ 128.981969716344054, 35.325201288843182 ] ] ] ] } },
{ "type": "Feature", "properties": { "GRID_CD_x": "마마348010", "SCH_POP": 0.0 }, "geometry": { "type": "MultiPolygon", "coordinates": [ [ [ [ 128.982526631799232, 35.295441763301902 ], [ 128.982543073335336, 35.296343160609027 ], [ 128.983642554240021, 35.296329675908005 ], [ 128.983626100521434, 35.295428279048046 ], [ 128.982526631799232, 35.295441763301902 ] ] ] ] } },
{ "type": "Feature", "properties": { "GRID_CD_x": "마마348011", "SCH_POP": 0.0 }, "geometry": { "type": "MultiPolygon", "coordinates": [ [ [ [ 128.982543073335336, 35.296343160609027 ], [ 128.982559515601451, 35.29724455777486 ], [ 128.983659008689102, 35.297231072626658 ], [ 128.983642554240021, 35.296329675908005 ], [ 128.982543073335336, 35.296343160609027 ] ] ] ] } },
{ "type": "Feature", "properties": { "GRID_CD_x": "마마348012", "SCH_POP": 0.0 }, "geometry": { "type": "MultiPolygon", "coordinates": [ [ [ [ 128.982559515601451, 35.29724455777486 ], [ 128.982575958597607, 35.298145954799409 ], [ 128.983675463868764, 35.298132469204035 ], [ 128.983659008689102, 35.297231072626658 ], [ 128.982559515601451, 35.29724455777486 ] ] ] ] } },
{ "type": "Feature", "properties": { "GRID_CD_x": "마마348013", "SCH_POP": 0.0 }, "geometry": { "type": "MultiPolygon", "coordinates": [ [ [ [ 128.982575958597607, 35.298145954799409 ], [ 128.982592402323803, 35.29904735168266 ], [ 128.983691919779005, 35.299033865640091 ], [ 128.983675463868764, 35.298132469204035 ], [ 128.982575958597607, 35.298145954799409 ] ] ] ] } },
{ "type": "Feature", "properties": { "GRID_CD_x": "마마348014", "SCH_POP": 0.0 }, "geometry": { "type": "MultiPolygon", "coordinates": [ [ [ [ 128.982592402323803, 35.29904735168266 ], [ 128.982608846780096, 35.299948748424647 ], [ 128.983708376419912, 35.299935261934863 ], [ 128.983691919779005, 35.299033865640091 ], [ 128.982592402323803, 35.29904735168266 ] ] ] ] } },
{ "type": "Feature", "properties": { "GRID_CD_x": "마마348015", "SCH_POP": 0.0 }, "geometry": { "type": "MultiPolygon", "coordinates": [ [ [ [ 128.982608846780096, 35.299948748424647 ], [ 128.982625291966485, 35.300850145025322 ], [ 128.983724833791484, 35.300836658088329 ], [ 128.983708376419912, 35.299935261934863 ], [ 128.982608846780096, 35.299948748424647 ] ] ] ] } },
{ "type": "Feature", "properties": { "GRID_CD_x": "마마348016", "SCH_POP": 0.0 }, "geometry": { "type": "MultiPolygon", "coordinates": [ [ [ [ 128.982625291966485, 35.300850145025322 ], [ 128.982641737883029, 35.301751541484705 ], [ 128.983741291893722, 35.30173805410049 ], [ 128.983724833791484, 35.300836658088329 ], [ 128.982625291966485, 35.300850145025322 ] ] ] ] } },
{ "type": "Feature", "properties": { "GRID_CD_x": "마마348017", "SCH_POP": 0.0 }, "geometry": { "type": "MultiPolygon", "coordinates": [ [ [ [ 128.982641737883029, 35.301751541484705 ], [ 128.982658184529782, 35.30265293780279 ], [ 128.983757750726681, 35.302639449971352 ], [ 128.983741291893722, 35.30173805410049 ], [ 128.982641737883029, 35.301751541484705 ] ] ] ] } },
{ "type": "Feature", "properties": { "GRID_CD_x": "마마348018", "SCH_POP": 0.0 }, "geometry": { "type": "MultiPolygon", "coordinates": [ [ [ [ 128.982658184529782, 35.30265293780279 ], [ 128.982674631906747, 35.303554333979577 ], [ 128.98377421029042, 35.303540845700901 ], [ 128.983757750726681, 35.302639449971352 ], [ 128.982658184529782, 35.30265293780279 ] ] ] ] } },
{ "type": "Feature", "properties": { "GRID_CD_x": "마마348019", "SCH_POP": 0.0 }, "geometry": { "type": "MultiPolygon", "coordinates": [ [ [ [ 128.982674631906747, 35.303554333979577 ], [ 128.982691080013979, 35.304455730015064 ], [ 128.983790670584938, 35.304442241289138 ], [ 128.98377421029042, 35.303540845700901 ], [ 128.982674631906747, 35.303554333979577 ] ] ] ] } },
{ "type": "Feature", "properties": { "GRID_CD_x": "마마348020", "SCH_POP": 0.0 }, "geometry": { "type": "MultiPolygon", "coordinates": [ [ [ [ 128.982691080013979, 35.304455730015064 ], [ 128.982707528851478, 35.305357125909254 ], [ 128.983807131610291, 35.305343636736069 ], [ 128.983790670584938, 35.304442241289138 ], [ 128.982691080013979, 35.304455730015064 ] ] ] ] } },
{ "type": "Feature", "properties": { "GRID_CD_x": "마마348021", "SCH_POP": 0.0 }, "geometry": { "type": "MultiPolygon", "coordinates": [ [ [ [ 128.982707528851478, 35.305357125909254 ], [ 128.982723978419273, 35.306258521662144 ], [ 128.983823593366481, 35.30624503204168 ], [ 128.983807131610291, 35.305343636736069 ], [ 128.982707528851478, 35.305357125909254 ] ] ] ] } },
{ "type": "Feature", "properties": { "GRID_CD_x": "마마348022", "SCH_POP": 0.0 }, "geometry": { "type": "MultiPolygon", "coordinates": [ [ [ [ 128.982723978419273, 35.306258521662144 ], [ 128.982740428717449, 35.307159917273715 ], [ 128.983840055853591, 35.307146427205993 ], [ 128.983823593366481, 35.30624503204168 ], [ 128.982723978419273, 35.306258521662144 ] ] ] ] } },
{ "type": "Feature", "properties": { "GRID_CD_x": "마마348023", "SCH_POP": 0.0 }, "geometry": { "type": "MultiPolygon", "coordinates": [ [ [ [ 128.982740428717449, 35.307159917273715 ], [ 128.982756879745978, 35.308061312743995 ], [ 128.983856519071622, 35.308047822228971 ], [ 128.983840055853591, 35.307146427205993 ], [ 128.982740428717449, 35.307159917273715 ] ] ] ] } },
{ "type": "Feature", "properties": { "GRID_CD_x": "마마348024", "SCH_POP": 0.34473067915690903 }, "geometry": { "type": "MultiPolygon", "coordinates": [ [ [ [ 128.982756879745978, 35.308061312743995 ], [ 128.982773331504916, 35.308962708072968 ], [ 128.983872983020547, 35.308949217110637 ], [ 128.983856519071622, 35.308047822228971 ], [ 128.982756879745978, 35.308061312743995 ] ] ] ] } },
{ "type": "Feature", "properties": { "GRID_CD_x": "마마348025", "SCH_POP": 2.7578454332552691 }, "geometry": { "type": "MultiPolygon", "coordinates": [ [ [ [ 128.982773331504916, 35.308962708072968 ], [ 128.982789783994349, 35.309864103260622 ], [ 128.983889447700534, 35.30985061185099 ], [ 128.983872983020547, 35.308949217110637 ], [ 128.982773331504916, 35.308962708072968 ] ] ] ] } },
{ "type": "Feature", "properties": { "GRID_CD_x": "마마348026", "SCH_POP": 1.852927400468384 }, "geometry": { "type": "MultiPolygon", "coordinates": [ [ [ [ 128.982789783994349, 35.309864103260622 ], [ 128.98280623721422, 35.310765498306964 ], [ 128.983905913111499, 35.310752006450016 ], [ 128.983889447700534, 35.30985061185099 ], [ 128.982789783994349, 35.309864103260622 ] ] ] ] } },
{ "type": "Feature", "properties": { "GRID_CD_x": "마마348027", "SCH_POP": 2.0683840749414522 }, "geometry": { "type": "MultiPolygon", "coordinates": [ [ [ [ 128.98280623721422, 35.310765498306964 ], [ 128.982822691164586, 35.311666893211999 ], [ 128.983922379253528, 35.311653400907723 ], [ 128.983905913111499, 35.310752006450016 ], [ 128.98280623721422, 35.310765498306964 ] ] ] ] } },
{ "type": "Feature", "properties": { "GRID_CD_x": "마마348028", "SCH_POP": 0.21545667447306799 }, "geometry": { "type": "MultiPolygon", "coordinates": [ [ [ [ 128.982822691164586, 35.311666893211999 ], [ 128.982839145845503, 35.312568287975708 ], [ 128.98393884612662, 35.312554795224095 ], [ 128.983922379253528, 35.311653400907723 ], [ 128.982822691164586, 35.311666893211999 ] ] ] ] } },
{ "type": "Feature", "properties": { "GRID_CD_x": "마마348029", "SCH_POP": 0.0 }, "geometry": { "type": "MultiPolygon", "coordinates": [ [ [ [ 128.982839145845503, 35.312568287975708 ], [ 128.982855601257, 35.313469682598111 ], [ 128.983955313730831, 35.31345618939914 ], [ 128.98393884612662, 35.312554795224095 ], [ 128.982839145845503, 35.312568287975708 ] ] ] ] } },
{ "type": "Feature", "properties": { "GRID_CD_x": "마마348030", "SCH_POP": 0.0 }, "geometry": { "type": "MultiPolygon", "coordinates": [ [ [ [ 128.982855601257, 35.313469682598111 ], [ 128.982872057399106, 35.314371077079187 ], [ 128.983971782066192, 35.314357583432866 ], [ 128.983955313730831, 35.31345618939914 ], [ 128.982855601257, 35.313469682598111 ] ] ] ] } },
{ "type": "Feature", "properties": { "GRID_CD_x": "마마348031", "SCH_POP": 0.0 }, "geometry": { "type": "MultiPolygon", "coordinates": [ [ [ [ 128.982872057399106, 35.314371077079187 ], [ 128.982888514271849, 35.315272471418943 ], [ 128.983988251132729, 35.31525897732525 ], [ 128.983971782066192, 35.314357583432866 ], [ 128.982872057399106, 35.314371077079187 ] ] ] ] } },
{ "type": "Feature", "properties": { "GRID_CD_x": "마마348032", "SCH_POP": 0.0 }, "geometry": { "type": "MultiPolygon", "coordinates": [ [ [ [ 128.982888514271849, 35.315272471418943 ], [ 128.982904971875286, 35.316173865617372 ], [ 128.9840047209305, 35.316160371076307 ], [ 128.983988251132729, 35.31525897732525 ], [ 128.982888514271849, 35.315272471418943 ] ] ] ] } },
{ "type": "Feature", "properties": { "GRID_CD_x": "마마348033", "SCH_POP": 0.0 }, "geometry": { "type": "MultiPolygon", "coordinates": [ [ [ [ 128.982904971875286, 35.316173865617372 ], [ 128.982921430209387, 35.317075259674489 ], [ 128.984021191459476, 35.317061764686031 ], [ 128.9840047209305, 35.316160371076307 ], [ 128.982904971875286, 35.316173865617372 ] ] ] ] } },
{ "type": "Feature", "properties": { "GRID_CD_x": "마마348034", "SCH_POP": 0.0 }, "geometry": { "type": "MultiPolygon", "coordinates": [ [ [ [ 128.982921430209387, 35.317075259674489 ], [ 128.982937889274268, 35.317976653590279 ], [ 128.984037662719771, 35.31796315815442 ], [ 128.984021191459476, 35.317061764686031 ], [ 128.982921430209387, 35.317075259674489 ] ] ] ] } },
{ "type": "Feature", "properties": { "GRID_CD_x": "마마348035", "SCH_POP": 0.0 }, "geometry": { "type": "MultiPolygon", "coordinates": [ [ [ [ 128.982937889274268, 35.317976653590279 ], [ 128.982954349069871, 35.318878047364734 ], [ 128.984054134711329, 35.318864551481475 ], [ 128.984037662719771, 35.31796315815442 ], [ 128.982937889274268, 35.317976653590279 ] ] ] ] } },
{ "type": "Feature", "properties": { "GRID_CD_x": "마마348036", "SCH_POP": 0.0 }, "geometry": { "type": "MultiPolygon", "coordinates": [ [ [ [ 128.982954349069871, 35.318878047364734 ], [ 128.98297080959631, 35.319779440997848 ], [ 128.984070607434262, 35.319765944667175 ], [ 128.984054134711329, 35.318864551481475 ], [ 128.982954349069871, 35.318878047364734 ] ] ] ] } },
{ "type": "Feature", "properties": { "GRID_CD_x": "마마348037", "SCH_POP": 0.0 }, "geometry": { "type": "MultiPolygon", "coordinates": [ [ [ [ 128.98297080959631, 35.319779440997848 ], [ 128.982987270853556, 35.320680834489643 ], [ 128.984087080888571, 35.320667337711541 ], [ 128.984070607434262, 35.319765944667175 ], [ 128.98297080959631, 35.319779440997848 ] ] ] ] } },
{ "type": "Feature", "properties": { "GRID_CD_x": "마마348038", "SCH_POP": 0.0 }, "geometry": { "type": "MultiPolygon", "coordinates": [ [ [ [ 128.982987270853556, 35.320680834489643 ], [ 128.983003732841667, 35.321582227840089 ], [ 128.984103555074313, 35.321568730614558 ], [ 128.984087080888571, 35.320667337711541 ], [ 128.982987270853556, 35.320680834489643 ] ] ] ] } },
{ "type": "Feature", "properties": { "GRID_CD_x": "마마348039", "SCH_POP": 0.0 }, "geometry": { "type": "MultiPolygon", "coordinates": [ [ [ [ 128.983003732841667, 35.321582227840089 ], [ 128.983020195560698, 35.322483621049223 ], [ 128.984120029991431, 35.322470123376235 ], [ 128.984103555074313, 35.321568730614558 ], [ 128.983003732841667, 35.321582227840089 ] ] ] ] } },
{ "type": "Feature", "properties": { "GRID_CD_x": "마마348040", "SCH_POP": 0.0 }, "geometry": { "type": "MultiPolygon", "coordinates": [ [ [ [ 128.983020195560698, 35.322483621049223 ], [ 128.983036659010651, 35.323385014116994 ], [ 128.984136505640066, 35.323371515996548 ], [ 128.984120029991431, 35.322470123376235 ], [ 128.983020195560698, 35.322483621049223 ] ] ] ] } },
{ "type": "Feature", "properties": { "GRID_CD_x": "마마348041", "SCH_POP": 0.0 }, "geometry": { "type": "MultiPolygon", "coordinates": [ [ [ [ 128.983036659010651, 35.323385014116994 ], [ 128.983053123191553, 35.324286407043438 ], [ 128.984152982020163, 35.324272908475535 ], [ 128.984136505640066, 35.323371515996548 ], [ 128.983036659010651, 35.323385014116994 ] ] ] ] } },
{ "type": "Feature", "properties": { "GRID_CD_x": "마마348042", "SCH_POP": 0.0 }, "geometry": { "type": "MultiPolygon", "coordinates": [ [ [ [ 128.983053123191553, 35.324286407043438 ], [ 128.983069588103461, 35.325187799828534 ], [ 128.984169459131834, 35.32517430081316 ], [ 128.984152982020163, 35.324272908475535 ], [ 128.983053123191553, 35.324286407043438 ] ] ] ] } },
{ "type": "Feature", "properties": { "GRID_CD_x": "마마348043", "SCH_POP": 0.0 }, "geometry": { "type": "MultiPolygon", "coordinates": [ [ [ [ 128.983069588103461, 35.325187799828534 ], [ 128.983086053746405, 35.32608919247231 ], [ 128.984185936975081, 35.326075693009436 ], [ 128.984169459131834, 35.32517430081316 ], [ 128.983069588103461, 35.325187799828534 ] ] ] ] } },
{ "type": "Feature", "properties": { "GRID_CD_x": "마마348044", "SCH_POP": 0.0 }, "geometry": { "type": "MultiPolygon", "coordinates": [ [ [ [ 128.983086053746405, 35.32608919247231 ], [ 128.983102520120383, 35.326990584974709 ], [ 128.984202415549902, 35.326977085064364 ], [ 128.984185936975081, 35.326075693009436 ], [ 128.983086053746405, 35.32608919247231 ] ] ] ] } },
{ "type": "Feature", "properties": { "GRID_CD_x": "마마348045", "SCH_POP": 0.0 }, "geometry": { "type": "MultiPolygon", "coordinates": [ [ [ [ 128.983102520120383, 35.326990584974709 ], [ 128.983118987225481, 35.327891977335774 ], [ 128.984218894856355, 35.327878476977915 ], [ 128.984202415549902, 35.326977085064364 ], [ 128.983102520120383, 35.326990584974709 ] ] ] ] } },
{ "type": "Feature", "properties": { "GRID_CD_x": "마마348046", "SCH_POP": 0.0 }, "geometry": { "type": "MultiPolygon", "coordinates": [ [ [ [ 128.983118987225481, 35.327891977335774 ], [ 128.983135455061671, 35.328793369555498 ], [ 128.984235374894467, 35.328779868750139 ], [ 128.984218894856355, 35.327878476977915 ], [ 128.983118987225481, 35.327891977335774 ] ] ] ] } },
{ "type": "Feature", "properties": { "GRID_CD_x": "마마348047", "SCH_POP": 0.0 }, "geometry": { "type": "MultiPolygon", "coordinates": [ [ [ [ 128.983135455061671, 35.328793369555498 ], [ 128.983151923629038, 35.329694761633867 ], [ 128.984251855664297, 35.32968126038098 ], [ 128.984235374894467, 35.328779868750139 ], [ 128.983135455061671, 35.328793369555498 ] ] ] ] } },
{ "type": "Feature", "properties": { "GRID_CD_x": "마마348048", "SCH_POP": 0.0 }, "geometry": { "type": "MultiPolygon", "coordinates": [ [ [ [ 128.983151923629038, 35.329694761633867 ], [ 128.983168392927581, 35.33059615357088 ], [ 128.984268337165844, 35.330582651870451 ], [ 128.984251855664297, 35.32968126038098 ], [ 128.983151923629038, 35.329694761633867 ] ] ] ] } },
{ "type": "Feature", "properties": { "GRID_CD_x": "마마349009", "SCH_POP": 0.0 }, "geometry": { "type": "MultiPolygon", "coordinates": [ [ [ [ 128.98360964753337, 35.294526882046803 ], [ 128.983626100521434, 35.295428279048046 ], [ 128.98472556851317, 35.295414784804393 ], [ 128.984709103343192, 35.294513388250628 ], [ 128.98360964753337, 35.294526882046803 ] ] ] ] } },
{ "type": "Feature", "properties": { "GRID_CD_x": "마마349010", "SCH_POP": 0.0 }, "geometry": { "type": "MultiPolygon", "coordinates": [ [ [ [ 128.983626100521434, 35.295428279048046 ], [ 128.983642554240021, 35.296329675908005 ], [ 128.984742034414126, 35.296316181216859 ], [ 128.98472556851317, 35.295414784804393 ], [ 128.983626100521434, 35.295428279048046 ] ] ] ] } },
{ "type": "Feature", "properties": { "GRID_CD_x": "마마349011", "SCH_POP": 0.0 }, "geometry": { "type": "MultiPolygon", "coordinates": [ [ [ [ 128.983642554240021, 35.296329675908005 ], [ 128.983659008689102, 35.297231072626658 ], [ 128.984758501046201, 35.297217577488013 ], [ 128.984742034414126, 35.296316181216859 ], [ 128.983642554240021, 35.296329675908005 ] ] ] ] } },
{ "type": "Feature", "properties": { "GRID_CD_x": "마마349012", "SCH_POP": 0.0 }, "geometry": { "type": "MultiPolygon", "coordinates": [ [ [ [ 128.983659008689102, 35.297231072626658 ], [ 128.983675463868764, 35.298132469204035 ], [ 128.984774968409312, 35.298118973617868 ], [ 128.984758501046201, 35.297217577488013 ], [ 128.983659008689102, 35.297231072626658 ] ] ] ] } },
{ "type": "Feature", "properties": { "GRID_CD_x": "마마349013", "SCH_POP": 0.0 }, "geometry": { "type": "MultiPolygon", "coordinates": [ [ [ [ 128.983675463868764, 35.298132469204035 ], [ 128.983691919779005, 35.299033865640091 ], [ 128.984791436503627, 35.29902036960641 ], [ 128.984774968409312, 35.298118973617868 ], [ 128.983675463868764, 35.298132469204035 ] ] ] ] } },
{ "type": "Feature", "properties": { "GRID_CD_x": "마마349014", "SCH_POP": 0.0 }, "geometry": { "type": "MultiPolygon", "coordinates": [ [ [ [ 128.983691919779005, 35.299033865640091 ], [ 128.983708376419912, 35.299935261934863 ], [ 128.984807905329092, 35.299921765453639 ], [ 128.984791436503627, 35.29902036960641 ], [ 128.983691919779005, 35.299033865640091 ] ] ] ] } },
{ "type": "Feature", "properties": { "GRID_CD_x": "마마349015", "SCH_POP": 0.0 }, "geometry": { "type": "MultiPolygon", "coordinates": [ [ [ [ 128.983708376419912, 35.299935261934863 ], [ 128.983724833791484, 35.300836658088329 ], [ 128.984824374885761, 35.300823161159578 ], [ 128.984807905329092, 35.299921765453639 ], [ 128.983708376419912, 35.299935261934863 ] ] ] ] } },
{ "type": "Feature", "properties": { "GRID_CD_x": "마마349016", "SCH_POP": 0.0 }, "geometry": { "type": "MultiPolygon", "coordinates": [ [ [ [ 128.983724833791484, 35.300836658088329 ], [ 128.983741291893722, 35.30173805410049 ], [ 128.984840845173665, 35.301724556724189 ], [ 128.984824374885761, 35.300823161159578 ], [ 128.983724833791484, 35.300836658088329 ] ] ] ] } },
{ "type": "Feature", "properties": { "GRID_CD_x": "마마349017", "SCH_POP": 0.0 }, "geometry": { "type": "MultiPolygon", "coordinates": [ [ [ [ 128.983741291893722, 35.30173805410049 ], [ 128.983757750726681, 35.302639449971352 ], [ 128.98485731619283, 35.30262595214748 ], [ 128.984840845173665, 35.301724556724189 ], [ 128.983741291893722, 35.30173805410049 ] ] ] ] } },
{ "type": "Feature", "properties": { "GRID_CD_x": "마마349018", "SCH_POP": 0.0 }, "geometry": { "type": "MultiPolygon", "coordinates": [ [ [ [ 128.983757750726681, 35.302639449971352 ], [ 128.98377421029042, 35.303540845700901 ], [ 128.984873787943286, 35.303527347429458 ], [ 128.98485731619283, 35.30262595214748 ], [ 128.983757750726681, 35.302639449971352 ] ] ] ] } },
{ "type": "Feature", "properties": { "GRID_CD_x": "마마349019", "SCH_POP": 0.0 }, "geometry": { "type": "MultiPolygon", "coordinates": [ [ [ [ 128.98377421029042, 35.303540845700901 ], [ 128.983790670584938, 35.304442241289138 ], [ 128.984890260425118, 35.30442874257011 ], [ 128.984873787943286, 35.303527347429458 ], [ 128.98377421029042, 35.303540845700901 ] ] ] ] } },
{ "type": "Feature", "properties": { "GRID_CD_x": "마마349020", "SCH_POP": 0.0 }, "geometry": { "type": "MultiPolygon", "coordinates": [ [ [ [ 128.983790670584938, 35.304442241289138 ], [ 128.983807131610291, 35.305343636736069 ], [ 128.984906733638269, 35.305330137569456 ], [ 128.984890260425118, 35.30442874257011 ], [ 128.983790670584938, 35.304442241289138 ] ] ] ] } },
{ "type": "Feature", "properties": { "GRID_CD_x": "마마349021", "SCH_POP": 0.0 }, "geometry": { "type": "MultiPolygon", "coordinates": [ [ [ [ 128.983807131610291, 35.305343636736069 ], [ 128.983823593366481, 35.30624503204168 ], [ 128.984923207582824, 35.306231532427461 ], [ 128.984906733638269, 35.305330137569456 ], [ 128.983807131610291, 35.305343636736069 ] ] ] ] } },
{ "type": "Feature", "properties": { "GRID_CD_x": "마마349022", "SCH_POP": 0.0 }, "geometry": { "type": "MultiPolygon", "coordinates": [ [ [ [ 128.983823593366481, 35.30624503204168 ], [ 128.983840055853591, 35.307146427205993 ], [ 128.984939682258812, 35.307132927144167 ], [ 128.984923207582824, 35.306231532427461 ], [ 128.983823593366481, 35.30624503204168 ] ] ] ] } },
{ "type": "Feature", "properties": { "GRID_CD_x": "마마349023", "SCH_POP": 0.0 }, "geometry": { "type": "MultiPolygon", "coordinates": [ [ [ [ 128.983840055853591, 35.307146427205993 ], [ 128.983856519071622, 35.308047822228971 ], [ 128.984956157666261, 35.308034321719525 ], [ 128.984939682258812, 35.307132927144167 ], [ 128.983840055853591, 35.307146427205993 ] ] ] ] } },
{ "type": "Feature", "properties": { "GRID_CD_x": "마마349024", "SCH_POP": 0.56018735362997696 }, "geometry": { "type": "MultiPolygon", "coordinates": [ [ [ [ 128.983856519071622, 35.308047822228971 ], [ 128.983872983020547, 35.308949217110637 ], [ 128.984972633805228, 35.308935716153563 ], [ 128.984956157666261, 35.308034321719525 ], [ 128.983856519071622, 35.308047822228971 ] ] ] ] } },
{ "type": "Feature", "properties": { "GRID_CD_x": "마마349025", "SCH_POP": 1.4220140515222479 }, "geometry": { "type": "MultiPolygon", "coordinates": [ [ [ [ 128.983872983020547, 35.308949217110637 ], [ 128.983889447700534, 35.30985061185099 ], [ 128.984989110675684, 35.309837110446274 ], [ 128.984972633805228, 35.308935716153563 ], [ 128.983872983020547, 35.308949217110637 ] ] ] ] } },
{ "type": "Feature", "properties": { "GRID_CD_x": "마마349026", "SCH_POP": 0.56018735362997696 }, "geometry": { "type": "MultiPolygon", "coordinates": [ [ [ [ 128.983889447700534, 35.30985061185099 ], [ 128.983905913111499, 35.310752006450016 ], [ 128.985005588277716, 35.310738504597644 ], [ 128.984989110675684, 35.309837110446274 ], [ 128.983889447700534, 35.30985061185099 ] ] ] ] } },
{ "type": "Feature", "properties": { "GRID_CD_x": "마마349027", "SCH_POP": 0.99110070257611205 }, "geometry": { "type": "MultiPolygon", "coordinates": [ [ [ [ 128.983905913111499, 35.310752006450016 ], [ 128.983922379253528, 35.311653400907723 ], [ 128.98502206661135, 35.311639898607687 ], [ 128.985005588277716, 35.310738504597644 ], [ 128.983905913111499, 35.310752006450016 ] ] ] ] } },
{ "type": "Feature", "properties": { "GRID_CD_x": "마마349028", "SCH_POP": 0.0 }, "geometry": { "type": "MultiPolygon", "coordinates": [ [ [ [ 128.983922379253528, 35.311653400907723 ], [ 128.98393884612662, 35.312554795224095 ], [ 128.985038545676588, 35.312541292476389 ], [ 128.98502206661135, 35.311639898607687 ], [ 128.983922379253528, 35.311653400907723 ] ] ] ] } },
{ "type": "Feature", "properties": { "GRID_CD_x": "마마349029", "SCH_POP": 0.0 }, "geometry": { "type": "MultiPolygon", "coordinates": [ [ [ [ 128.98393884612662, 35.312554795224095 ], [ 128.983955313730831, 35.31345618939914 ], [ 128.985055025473514, 35.313442686203771 ], [ 128.985038545676588, 35.312541292476389 ], [ 128.98393884612662, 35.312554795224095 ] ] ] ] } },
{ "type": "Feature", "properties": { "GRID_CD_x": "마마349030", "SCH_POP": 0.0 }, "geometry": { "type": "MultiPolygon", "coordinates": [ [ [ [ 128.983955313730831, 35.31345618939914 ], [ 128.983971782066192, 35.314357583432866 ], [ 128.985071506002072, 35.314344079789798 ], [ 128.985055025473514, 35.313442686203771 ], [ 128.983955313730831, 35.31345618939914 ] ] ] ] } },
{ "type": "Feature", "properties": { "GRID_CD_x": "마마349031", "SCH_POP": 0.0 }, "geometry": { "type": "MultiPolygon", "coordinates": [ [ [ [ 128.983971782066192, 35.314357583432866 ], [ 128.983988251132729, 35.31525897732525 ], [ 128.985087987262403, 35.315245473234498 ], [ 128.985071506002072, 35.314344079789798 ], [ 128.983971782066192, 35.314357583432866 ] ] ] ] } },
{ "type": "Feature", "properties": { "GRID_CD_x": "마마349032", "SCH_POP": 0.0 }, "geometry": { "type": "MultiPolygon", "coordinates": [ [ [ [ 128.983988251132729, 35.31525897732525 ], [ 128.9840047209305, 35.316160371076307 ], [ 128.985104469254452, 35.316146866537828 ], [ 128.985087987262403, 35.315245473234498 ], [ 128.983988251132729, 35.31525897732525 ] ] ] ] } },
{ "type": "Feature", "properties": { "GRID_CD_x": "마마349033", "SCH_POP": 0.0 }, "geometry": { "type": "MultiPolygon", "coordinates": [ [ [ [ 128.9840047209305, 35.316160371076307 ], [ 128.984021191459476, 35.317061764686031 ], [ 128.985120951978303, 35.317048259699838 ], [ 128.985104469254452, 35.316146866537828 ], [ 128.9840047209305, 35.316160371076307 ] ] ] ] } },
{ "type": "Feature", "properties": { "GRID_CD_x": "마마349034", "SCH_POP": 0.0 }, "geometry": { "type": "MultiPolygon", "coordinates": [ [ [ [ 128.984021191459476, 35.317061764686031 ], [ 128.984037662719771, 35.31796315815442 ], [ 128.985137435433955, 35.3179496527205 ], [ 128.985120951978303, 35.317048259699838 ], [ 128.984021191459476, 35.317061764686031 ] ] ] ] } },
{ "type": "Feature", "properties": { "GRID_CD_x": "마마349035", "SCH_POP": 0.0 }, "geometry": { "type": "MultiPolygon", "coordinates": [ [ [ [ 128.984037662719771, 35.31796315815442 ], [ 128.984054134711329, 35.318864551481475 ], [ 128.985153919621496, 35.318851045599807 ], [ 128.985137435433955, 35.3179496527205 ], [ 128.984037662719771, 35.31796315815442 ] ] ] ] } },
{ "type": "Feature", "properties": { "GRID_CD_x": "마마349036", "SCH_POP": 0.0 }, "geometry": { "type": "MultiPolygon", "coordinates": [ [ [ [ 128.984054134711329, 35.318864551481475 ], [ 128.984070607434262, 35.319765944667175 ], [ 128.985170404540895, 35.319752438337765 ], [ 128.985153919621496, 35.318851045599807 ], [ 128.984054134711329, 35.318864551481475 ] ] ] ] } },
{ "type": "Feature", "properties": { "GRID_CD_x": "마마349037", "SCH_POP": 0.0 }, "geometry": { "type": "MultiPolygon", "coordinates": [ [ [ [ 128.984070607434262, 35.319765944667175 ], [ 128.984087080888571, 35.320667337711541 ], [ 128.98518689019221, 35.320653830934376 ], [ 128.985170404540895, 35.319752438337765 ], [ 128.984070607434262, 35.319765944667175 ] ] ] ] } },
{ "type": "Feature", "properties": { "GRID_CD_x": "마마349038", "SCH_POP": 0.0 }, "geometry": { "type": "MultiPolygon", "coordinates": [ [ [ [ 128.984087080888571, 35.320667337711541 ], [ 128.984103555074313, 35.321568730614558 ], [ 128.98520337657547, 35.32155522338963 ], [ 128.98518689019221, 35.320653830934376 ], [ 128.984087080888571, 35.320667337711541 ] ] ] ] } },
{ "type": "Feature", "properties": { "GRID_CD_x": "마마349039", "SCH_POP": 0.0 }, "geometry": { "type": "MultiPolygon", "coordinates": [ [ [ [ 128.984103555074313, 35.321568730614558 ], [ 128.984120029991431, 35.322470123376235 ], [ 128.985219863690702, 35.322456615703523 ], [ 128.98520337657547, 35.32155522338963 ], [ 128.984103555074313, 35.321568730614558 ] ] ] ] } },
{ "type": "Feature", "properties": { "GRID_CD_x": "마마349040", "SCH_POP": 0.0 }, "geometry": { "type": "MultiPolygon", "coordinates": [ [ [ [ 128.984120029991431, 35.322470123376235 ], [ 128.984136505640066, 35.323371515996548 ], [ 128.985236351537964, 35.323358007876074 ], [ 128.985219863690702, 35.322456615703523 ], [ 128.984120029991431, 35.322470123376235 ] ] ] ] } },
{ "type": "Feature", "properties": { "GRID_CD_x": "마마349041", "SCH_POP": 0.0 }, "geometry": { "type": "MultiPolygon", "coordinates": [ [ [ [ 128.984136505640066, 35.323371515996548 ], [ 128.984152982020163, 35.324272908475535 ], [ 128.985252840117283, 35.324259399907248 ], [ 128.985236351537964, 35.323358007876074 ], [ 128.984136505640066, 35.323371515996548 ] ] ] ] } },
{ "type": "Feature", "properties": { "GRID_CD_x": "마마349042", "SCH_POP": 0.0 }, "geometry": { "type": "MultiPolygon", "coordinates": [ [ [ [ 128.984152982020163, 35.324272908475535 ], [ 128.984169459131834, 35.32517430081316 ], [ 128.985269329428633, 35.325160791797067 ], [ 128.985252840117283, 35.324259399907248 ], [ 128.984152982020163, 35.324272908475535 ] ] ] ] } },
{ "type": "Feature", "properties": { "GRID_CD_x": "마마349043", "SCH_POP": 0.0 }, "geometry": { "type": "MultiPolygon", "coordinates": [ [ [ [ 128.984169459131834, 35.32517430081316 ], [ 128.984185936975081, 35.326075693009436 ], [ 128.985285819472125, 35.326062183545531 ], [ 128.985269329428633, 35.325160791797067 ], [ 128.984169459131834, 35.32517430081316 ] ] ] ] } },
{ "type": "Feature", "properties": { "GRID_CD_x": "마마349044", "SCH_POP": 0.0 }, "geometry": { "type": "MultiPolygon", "coordinates": [ [ [ [ 128.984185936975081, 35.326075693009436 ], [ 128.984202415549902, 35.326977085064364 ], [ 128.985302310247761, 35.326963575152625 ], [ 128.985285819472125, 35.326062183545531 ], [ 128.984185936975081, 35.326075693009436 ] ] ] ] } },
{ "type": "Feature", "properties": { "GRID_CD_x": "마마349045", "SCH_POP": 0.0 }, "geometry": { "type": "MultiPolygon", "coordinates": [ [ [ [ 128.984202415549902, 35.326977085064364 ], [ 128.984218894856355, 35.327878476977915 ], [ 128.985318801755568, 35.32786496661835 ], [ 128.985302310247761, 35.326963575152625 ], [ 128.984202415549902, 35.326977085064364 ] ] ] ] } },
{ "type": "Feature", "properties": { "GRID_CD_x": "마마349046", "SCH_POP": 0.0 }, "geometry": { "type": "MultiPolygon", "coordinates": [ [ [ [ 128.984218894856355, 35.327878476977915 ], [ 128.984235374894467, 35.328779868750139 ], [ 128.985335293995576, 35.328766357942719 ], [ 128.985318801755568, 35.32786496661835 ], [ 128.984218894856355, 35.327878476977915 ] ] ] ] } },
{ "type": "Feature", "properties": { "GRID_CD_x": "마마349047", "SCH_POP": 0.0 }, "geometry": { "type": "MultiPolygon", "coordinates": [ [ [ [ 128.984235374894467, 35.328779868750139 ], [ 128.984251855664297, 35.32968126038098 ], [ 128.98535178696784, 35.329667749125697 ], [ 128.985335293995576, 35.328766357942719 ], [ 128.984235374894467, 35.328779868750139 ] ] ] ] } },
{ "type": "Feature", "properties": { "GRID_CD_x": "마마349048", "SCH_POP": 0.0 }, "geometry": { "type": "MultiPolygon", "coordinates": [ [ [ [ 128.984251855664297, 35.32968126038098 ], [ 128.984268337165844, 35.330582651870451 ], [ 128.985368280672333, 35.330569140167313 ], [ 128.98535178696784, 35.329667749125697 ], [ 128.984251855664297, 35.32968126038098 ] ] ] ] } },
{ "type": "Feature", "properties": { "GRID_CD_x": "마마349049", "SCH_POP": 0.0 }, "geometry": { "type": "MultiPolygon", "coordinates": [ [ [ [ 128.984268337165844, 35.330582651870451 ], [ 128.984284819399164, 35.331484043218573 ], [ 128.985384775109168, 35.331470531067552 ], [ 128.985368280672333, 35.330569140167313 ], [ 128.984268337165844, 35.330582651870451 ] ] ] ] } },
{ "type": "Feature", "properties": { "GRID_CD_x": "마마350009", "SCH_POP": 0.0 }, "geometry": { "type": "MultiPolygon", "coordinates": [ [ [ [ 128.984709103343192, 35.294513388250628 ], [ 128.98472556851317, 35.295414784804393 ], [ 128.985825035773843, 35.295401280570985 ], [ 128.985808558422065, 35.294499884465033 ], [ 128.984709103343192, 35.294513388250628 ] ] ] ] } },
{ "type": "Feature", "properties": { "GRID_CD_x": "마마350010", "SCH_POP": 0.0 }, "geometry": { "type": "MultiPolygon", "coordinates": [ [ [ [ 128.98472556851317, 35.295414784804393 ], [ 128.984742034414126, 35.296316181216859 ], [ 128.985841513857196, 35.296302676535632 ], [ 128.985825035773843, 35.295401280570985 ], [ 128.98472556851317, 35.295414784804393 ] ] ] ] } },
{ "type": "Feature", "properties": { "GRID_CD_x": "마마350011", "SCH_POP": 0.0 }, "geometry": { "type": "MultiPolygon", "coordinates": [ [ [ [ 128.984742034414126, 35.296316181216859 ], [ 128.984758501046201, 35.297217577488013 ], [ 128.985857992672152, 35.297204072358937 ], [ 128.985841513857196, 35.296302676535632 ], [ 128.984742034414126, 35.296316181216859 ] ] ] ] } },
{ "type": "Feature", "properties": { "GRID_CD_x": "마마350012", "SCH_POP": 0.0 }, "geometry": { "type": "MultiPolygon", "coordinates": [ [ [ [ 128.984758501046201, 35.297217577488013 ], [ 128.984774968409312, 35.298118973617868 ], [ 128.985874472218768, 35.298105468040951 ], [ 128.985857992672152, 35.297204072358937 ], [ 128.984758501046201, 35.297217577488013 ] ] ] ] } },
{ "type": "Feature", "properties": { "GRID_CD_x": "마마350013", "SCH_POP": 0.0 }, "geometry": { "type": "MultiPolygon", "coordinates": [ [ [ [ 128.984774968409312, 35.298118973617868 ], [ 128.984791436503627, 35.29902036960641 ], [ 128.985890952497073, 35.299006863581639 ], [ 128.985874472218768, 35.298105468040951 ], [ 128.984774968409312, 35.298118973617868 ] ] ] ] } },
{ "type": "Feature", "properties": { "GRID_CD_x": "마마350014", "SCH_POP": 0.0 }, "geometry": { "type": "MultiPolygon", "coordinates": [ [ [ [ 128.984791436503627, 35.29902036960641 ], [ 128.984807905329092, 35.299921765453639 ], [ 128.985907433507066, 35.299908258981006 ], [ 128.985890952497073, 35.299006863581639 ], [ 128.984791436503627, 35.29902036960641 ] ] ] ] } },
{ "type": "Feature", "properties": { "GRID_CD_x": "마마350015", "SCH_POP": 0.0 }, "geometry": { "type": "MultiPolygon", "coordinates": [ [ [ [ 128.984807905329092, 35.299921765453639 ], [ 128.984824374885761, 35.300823161159578 ], [ 128.985923915248804, 35.300809654239075 ], [ 128.985907433507066, 35.299908258981006 ], [ 128.984807905329092, 35.299921765453639 ] ] ] ] } },
{ "type": "Feature", "properties": { "GRID_CD_x": "마마350016", "SCH_POP": 0.0 }, "geometry": { "type": "MultiPolygon", "coordinates": [ [ [ [ 128.984824374885761, 35.300823161159578 ], [ 128.984840845173665, 35.301724556724189 ], [ 128.985940397722345, 35.301711049355795 ], [ 128.985923915248804, 35.300809654239075 ], [ 128.984824374885761, 35.300823161159578 ] ] ] ] } },
{ "type": "Feature", "properties": { "GRID_CD_x": "마마350017", "SCH_POP": 0.0 }, "geometry": { "type": "MultiPolygon", "coordinates": [ [ [ [ 128.984840845173665, 35.301724556724189 ], [ 128.98485731619283, 35.30262595214748 ], [ 128.985956880927688, 35.302612444331189 ], [ 128.985940397722345, 35.301711049355795 ], [ 128.984840845173665, 35.301724556724189 ] ] ] ] } },
{ "type": "Feature", "properties": { "GRID_CD_x": "마마350018", "SCH_POP": 0.0 }, "geometry": { "type": "MultiPolygon", "coordinates": [ [ [ [ 128.98485731619283, 35.30262595214748 ], [ 128.984873787943286, 35.303527347429458 ], [ 128.985973364864833, 35.303513839165269 ], [ 128.985956880927688, 35.302612444331189 ], [ 128.98485731619283, 35.30262595214748 ] ] ] ] } },
{ "type": "Feature", "properties": { "GRID_CD_x": "마마350019", "SCH_POP": 0.0 }, "geometry": { "type": "MultiPolygon", "coordinates": [ [ [ [ 128.984873787943286, 35.303527347429458 ], [ 128.984890260425118, 35.30442874257011 ], [ 128.985989849533894, 35.304415233858009 ], [ 128.985973364864833, 35.303513839165269 ], [ 128.984873787943286, 35.303527347429458 ] ] ] ] } },
{ "type": "Feature", "properties": { "GRID_CD_x": "마마350020", "SCH_POP": 0.0 }, "geometry": { "type": "MultiPolygon", "coordinates": [ [ [ [ 128.984890260425118, 35.30442874257011 ], [ 128.984906733638269, 35.305330137569456 ], [ 128.986006334934814, 35.305316628409422 ], [ 128.985989849533894, 35.304415233858009 ], [ 128.984890260425118, 35.30442874257011 ] ] ] ] } },
{ "type": "Feature", "properties": { "GRID_CD_x": "마마350021", "SCH_POP": 0.0 }, "geometry": { "type": "MultiPolygon", "coordinates": [ [ [ [ 128.984906733638269, 35.305330137569456 ], [ 128.984923207582824, 35.306231532427461 ], [ 128.986022821067735, 35.3062180228195 ], [ 128.986006334934814, 35.305316628409422 ], [ 128.984906733638269, 35.305330137569456 ] ] ] ] } },
{ "type": "Feature", "properties": { "GRID_CD_x": "마마350022", "SCH_POP": 0.0 }, "geometry": { "type": "MultiPolygon", "coordinates": [ [ [ [ 128.984923207582824, 35.306231532427461 ], [ 128.984939682258812, 35.307132927144167 ], [ 128.986039307932572, 35.307119417088259 ], [ 128.986022821067735, 35.3062180228195 ], [ 128.984923207582824, 35.306231532427461 ] ] ] ] } },
{ "type": "Feature", "properties": { "GRID_CD_x": "마마350023", "SCH_POP": 0.0 }, "geometry": { "type": "MultiPolygon", "coordinates": [ [ [ [ 128.984939682258812, 35.307132927144167 ], [ 128.984956157666261, 35.308034321719525 ], [ 128.986055795529438, 35.30802081121567 ], [ 128.986039307932572, 35.307119417088259 ], [ 128.984939682258812, 35.307132927144167 ] ] ] ] } },
{ "type": "Feature", "properties": { "GRID_CD_x": "마마350024", "SCH_POP": 2.7299213684646162 }, "geometry": { "type": "MultiPolygon", "coordinates": [ [ [ [ 128.984956157666261, 35.308034321719525 ], [ 128.984972633805228, 35.308935716153563 ], [ 128.986072283858334, 35.30892220520176 ], [ 128.986055795529438, 35.30802081121567 ], [ 128.984956157666261, 35.308034321719525 ] ] ] ] } },
{ "type": "Feature", "properties": { "GRID_CD_x": "마마350025", "SCH_POP": 1.2132983859842741 }, "geometry": { "type": "MultiPolygon", "coordinates": [ [ [ [ 128.984972633805228, 35.308935716153563 ], [ 128.984989110675684, 35.309837110446274 ], [ 128.986088772919317, 35.309823599046489 ], [ 128.986072283858334, 35.30892220520176 ], [ 128.984972633805228, 35.308935716153563 ] ] ] ] } },
{ "type": "Feature", "properties": { "GRID_CD_x": "마마350026", "SCH_POP": 5.0048558421851297 }, "geometry": { "type": "MultiPolygon", "coordinates": [ [ [ [ 128.984989110675684, 35.309837110446274 ], [ 128.985005588277716, 35.310738504597644 ], [ 128.986105262712357, 35.310724992749876 ], [ 128.986088772919317, 35.309823599046489 ], [ 128.984989110675684, 35.309837110446274 ] ] ] ] } },
{ "type": "Feature", "properties": { "GRID_CD_x": "마마350027", "SCH_POP": 5.7631673334253017 }, "geometry": { "type": "MultiPolygon", "coordinates": [ [ [ [ 128.985005588277716, 35.310738504597644 ], [ 128.98502206661135, 35.311639898607687 ], [ 128.986121753237569, 35.311626386311929 ], [ 128.986105262712357, 35.310724992749876 ], [ 128.985005588277716, 35.310738504597644 ] ] ] ] } },
{ "type": "Feature", "properties": { "GRID_CD_x": "마마350028", "SCH_POP": 0.75831149124017105 }, "geometry": { "type": "MultiPolygon", "coordinates": [ [ [ [ 128.98502206661135, 35.311639898607687 ], [ 128.985038545676588, 35.312541292476389 ], [ 128.986138244494896, 35.31252777973264 ], [ 128.986121753237569, 35.311626386311929 ], [ 128.98502206661135, 35.311639898607687 ] ] ] ] } },
{ "type": "Feature", "properties": { "GRID_CD_x": "마마350029", "SCH_POP": 1.971609877224445 }, "geometry": { "type": "MultiPolygon", "coordinates": [ [ [ [ 128.985038545676588, 35.312541292476389 ], [ 128.985055025473514, 35.313442686203771 ], [ 128.986154736484451, 35.313429173012004 ], [ 128.986138244494896, 35.31252777973264 ], [ 128.985038545676588, 35.312541292476389 ] ] ] ] } },
{ "type": "Feature", "properties": { "GRID_CD_x": "마마350030", "SCH_POP": 0.0 }, "geometry": { "type": "MultiPolygon", "coordinates": [ [ [ [ 128.985055025473514, 35.313442686203771 ], [ 128.985071506002072, 35.314344079789798 ], [ 128.986171229206263, 35.314330566150005 ], [ 128.986154736484451, 35.313429173012004 ], [ 128.985055025473514, 35.313442686203771 ] ] ] ] } },
{ "type": "Feature", "properties": { "GRID_CD_x": "마마350031", "SCH_POP": 0.0 }, "geometry": { "type": "MultiPolygon", "coordinates": [ [ [ [ 128.985071506002072, 35.314344079789798 ], [ 128.985087987262403, 35.315245473234498 ], [ 128.986187722660304, 35.315231959146672 ], [ 128.986171229206263, 35.314330566150005 ], [ 128.985071506002072, 35.314344079789798 ] ] ] ] } },
{ "type": "Feature", "properties": { "GRID_CD_x": "마마350032", "SCH_POP": 0.0 }, "geometry": { "type": "MultiPolygon", "coordinates": [ [ [ [ 128.985087987262403, 35.315245473234498 ], [ 128.985104469254452, 35.316146866537828 ], [ 128.98620421684663, 35.316133352001977 ], [ 128.986187722660304, 35.315231959146672 ], [ 128.985087987262403, 35.315245473234498 ] ] ] ] } },
{ "type": "Feature", "properties": { "GRID_CD_x": "마마350033", "SCH_POP": 0.0 }, "geometry": { "type": "MultiPolygon", "coordinates": [ [ [ [ 128.985104469254452, 35.316146866537828 ], [ 128.985120951978303, 35.317048259699838 ], [ 128.986220711765299, 35.31703474471594 ], [ 128.98620421684663, 35.316133352001977 ], [ 128.985104469254452, 35.316146866537828 ] ] ] ] } },
{ "type": "Feature", "properties": { "GRID_CD_x": "마마350034", "SCH_POP": 0.0 }, "geometry": { "type": "MultiPolygon", "coordinates": [ [ [ [ 128.985120951978303, 35.317048259699838 ], [ 128.985137435433955, 35.3179496527205 ], [ 128.986237207416337, 35.317936137288534 ], [ 128.986220711765299, 35.31703474471594 ], [ 128.985120951978303, 35.317048259699838 ] ] ] ] } },
{ "type": "Feature", "properties": { "GRID_CD_x": "마마350035", "SCH_POP": 0.0 }, "geometry": { "type": "MultiPolygon", "coordinates": [ [ [ [ 128.985137435433955, 35.3179496527205 ], [ 128.985153919621496, 35.318851045599807 ], [ 128.986253703799747, 35.318837529719787 ], [ 128.986237207416337, 35.317936137288534 ], [ 128.985137435433955, 35.3179496527205 ] ] ] ] } },
{ "type": "Feature", "properties": { "GRID_CD_x": "마마350036", "SCH_POP": 0.0 }, "geometry": { "type": "MultiPolygon", "coordinates": [ [ [ [ 128.985153919621496, 35.318851045599807 ], [ 128.985170404540895, 35.319752438337765 ], [ 128.986270200915584, 35.319738922009655 ], [ 128.986253703799747, 35.318837529719787 ], [ 128.985153919621496, 35.318851045599807 ] ] ] ] } },
{ "type": "Feature", "properties": { "GRID_CD_x": "마마350037", "SCH_POP": 0.0 }, "geometry": { "type": "MultiPolygon", "coordinates": [ [ [ [ 128.985170404540895, 35.319752438337765 ], [ 128.98518689019221, 35.320653830934376 ], [ 128.986286698763877, 35.320640314158169 ], [ 128.986270200915584, 35.319738922009655 ], [ 128.985170404540895, 35.319752438337765 ] ] ] ] } },
{ "type": "Feature", "properties": { "GRID_CD_x": "마마350038", "SCH_POP": 0.0 }, "geometry": { "type": "MultiPolygon", "coordinates": [ [ [ [ 128.98518689019221, 35.320653830934376 ], [ 128.98520337657547, 35.32155522338963 ], [ 128.986303197344682, 35.321541706165334 ], [ 128.986286698763877, 35.320640314158169 ], [ 128.98518689019221, 35.320653830934376 ] ] ] ] } },
{ "type": "Feature", "properties": { "GRID_CD_x": "마마350039", "SCH_POP": 0.0 }, "geometry": { "type": "MultiPolygon", "coordinates": [ [ [ [ 128.98520337657547, 35.32155522338963 ], [ 128.985219863690702, 35.322456615703523 ], [ 128.986319696657972, 35.322443098031123 ], [ 128.986303197344682, 35.321541706165334 ], [ 128.98520337657547, 35.32155522338963 ] ] ] ] } },
{ "type": "Feature", "properties": { "GRID_CD_x": "마마350040", "SCH_POP": 0.0 }, "geometry": { "type": "MultiPolygon", "coordinates": [ [ [ [ 128.985219863690702, 35.322456615703523 ], [ 128.985236351537964, 35.323358007876074 ], [ 128.986336196703832, 35.323344489755542 ], [ 128.986319696657972, 35.322443098031123 ], [ 128.985219863690702, 35.322456615703523 ] ] ] ] } },
{ "type": "Feature", "properties": { "GRID_CD_x": "마마350041", "SCH_POP": 0.0 }, "geometry": { "type": "MultiPolygon", "coordinates": [ [ [ [ 128.985236351537964, 35.323358007876074 ], [ 128.985252840117283, 35.324259399907248 ], [ 128.986352697482289, 35.324245881338598 ], [ 128.986336196703832, 35.323344489755542 ], [ 128.985236351537964, 35.323358007876074 ] ] ] ] } },
{ "type": "Feature", "properties": { "GRID_CD_x": "마마350042", "SCH_POP": 0.0 }, "geometry": { "type": "MultiPolygon", "coordinates": [ [ [ [ 128.985252840117283, 35.324259399907248 ], [ 128.985269329428633, 35.325160791797067 ], [ 128.986369198993344, 35.325147272780278 ], [ 128.986352697482289, 35.324245881338598 ], [ 128.985252840117283, 35.324259399907248 ] ] ] ] } },
{ "type": "Feature", "properties": { "GRID_CD_x": "마마350043", "SCH_POP": 0.0 }, "geometry": { "type": "MultiPolygon", "coordinates": [ [ [ [ 128.985269329428633, 35.325160791797067 ], [ 128.985285819472125, 35.326062183545531 ], [ 128.986385701237054, 35.326048664080595 ], [ 128.986369198993344, 35.325147272780278 ], [ 128.985269329428633, 35.325160791797067 ] ] ] ] } },
{ "type": "Feature", "properties": { "GRID_CD_x": "마마350044", "SCH_POP": 0.0 }, "geometry": { "type": "MultiPolygon", "coordinates": [ [ [ [ 128.985285819472125, 35.326062183545531 ], [ 128.985302310247761, 35.326963575152625 ], [ 128.986402204213448, 35.326950055239529 ], [ 128.986385701237054, 35.326048664080595 ], [ 128.985285819472125, 35.326062183545531 ] ] ] ] } },
{ "type": "Feature", "properties": { "GRID_CD_x": "마마350045", "SCH_POP": 0.0 }, "geometry": { "type": "MultiPolygon", "coordinates": [ [ [ [ 128.985302310247761, 35.326963575152625 ], [ 128.985318801755568, 35.32786496661835 ], [ 128.986418707922581, 35.327851446257093 ], [ 128.986402204213448, 35.326950055239529 ], [ 128.985302310247761, 35.326963575152625 ] ] ] ] } },
{ "type": "Feature", "properties": { "GRID_CD_x": "마마350046", "SCH_POP": 0.0 }, "geometry": { "type": "MultiPolygon", "coordinates": [ [ [ [ 128.985318801755568, 35.32786496661835 ], [ 128.985335293995576, 35.328766357942719 ], [ 128.986435212364427, 35.328752837133266 ], [ 128.986418707922581, 35.327851446257093 ], [ 128.985318801755568, 35.32786496661835 ] ] ] ] } },
{ "type": "Feature", "properties": { "GRID_CD_x": "마마350047", "SCH_POP": 0.0 }, "geometry": { "type": "MultiPolygon", "coordinates": [ [ [ [ 128.985335293995576, 35.328766357942719 ], [ 128.98535178696784, 35.329667749125697 ], [ 128.986451717539097, 35.329654227868076 ], [ 128.986435212364427, 35.328752837133266 ], [ 128.985335293995576, 35.328766357942719 ] ] ] ] } },
{ "type": "Feature", "properties": { "GRID_CD_x": "마마350048", "SCH_POP": 0.0 }, "geometry": { "type": "MultiPolygon", "coordinates": [ [ [ [ 128.98535178696784, 35.329667749125697 ], [ 128.985368280672333, 35.330569140167313 ], [ 128.986468223446536, 35.330555618461503 ], [ 128.986451717539097, 35.329654227868076 ], [ 128.98535178696784, 35.329667749125697 ] ] ] ] } },
{ "type": "Feature", "properties": { "GRID_CD_x": "마마350049", "SCH_POP": 0.0 }, "geometry": { "type": "MultiPolygon", "coordinates": [ [ [ [ 128.985368280672333, 35.330569140167313 ], [ 128.985384775109168, 35.331470531067552 ], [ 128.986484730086858, 35.331457008913532 ], [ 128.986468223446536, 35.330555618461503 ], [ 128.985368280672333, 35.330569140167313 ] ] ] ] } },
{ "type": "Feature", "properties": { "GRID_CD_x": "마마351008", "SCH_POP": 0.0 }, "geometry": { "type": "MultiPolygon", "coordinates": [ [ [ [ 128.985792081801833, 35.293598488217782 ], [ 128.985808558422065, 35.294499884465033 ], [ 128.986908012769334, 35.294486370690024 ], [ 128.986891523967842, 35.293584974890898 ], [ 128.985792081801833, 35.293598488217782 ] ] ] ] } },
{ "type": "Feature", "properties": { "GRID_CD_x": "마마351009", "SCH_POP": 0.0 }, "geometry": { "type": "MultiPolygon", "coordinates": [ [ [ [ 128.985808558422065, 35.294499884465033 ], [ 128.985825035773843, 35.295401280570985 ], [ 128.986924502302941, 35.295387766347829 ], [ 128.986908012769334, 35.294486370690024 ], [ 128.985808558422065, 35.294499884465033 ] ] ] ] } },
{ "type": "Feature", "properties": { "GRID_CD_x": "마마351010", "SCH_POP": 0.0 }, "geometry": { "type": "MultiPolygon", "coordinates": [ [ [ [ 128.985825035773843, 35.295401280570985 ], [ 128.985841513857196, 35.296302676535632 ], [ 128.986940992568634, 35.296289161864316 ], [ 128.986924502302941, 35.295387766347829 ], [ 128.985825035773843, 35.295401280570985 ] ] ] ] } },
{ "type": "Feature", "properties": { "GRID_CD_x": "마마351011", "SCH_POP": 0.0 }, "geometry": { "type": "MultiPolygon", "coordinates": [ [ [ [ 128.985841513857196, 35.296302676535632 ], [ 128.985857992672152, 35.297204072358937 ], [ 128.986957483566499, 35.297190557239468 ], [ 128.986940992568634, 35.296289161864316 ], [ 128.985841513857196, 35.296302676535632 ] ] ] ] } },
{ "type": "Feature", "properties": { "GRID_CD_x": "마마351012", "SCH_POP": 0.0 }, "geometry": { "type": "MultiPolygon", "coordinates": [ [ [ [ 128.985857992672152, 35.297204072358937 ], [ 128.985874472218768, 35.298105468040951 ], [ 128.986973975296507, 35.298091952473293 ], [ 128.986957483566499, 35.297190557239468 ], [ 128.985857992672152, 35.297204072358937 ] ] ] ] } },
{ "type": "Feature", "properties": { "GRID_CD_x": "마마351013", "SCH_POP": 0.0 }, "geometry": { "type": "MultiPolygon", "coordinates": [ [ [ [ 128.985874472218768, 35.298105468040951 ], [ 128.985890952497073, 35.299006863581639 ], [ 128.986990467758773, 35.298993347565791 ], [ 128.986973975296507, 35.298091952473293 ], [ 128.985874472218768, 35.298105468040951 ] ] ] ] } },
{ "type": "Feature", "properties": { "GRID_CD_x": "마마351014", "SCH_POP": 0.0 }, "geometry": { "type": "MultiPolygon", "coordinates": [ [ [ [ 128.985890952497073, 35.299006863581639 ], [ 128.985907433507066, 35.299908258981006 ], [ 128.987006960953323, 35.299894742516976 ], [ 128.986990467758773, 35.298993347565791 ], [ 128.985890952497073, 35.299006863581639 ] ] ] ] } },
{ "type": "Feature", "properties": { "GRID_CD_x": "마마351015", "SCH_POP": 0.0 }, "geometry": { "type": "MultiPolygon", "coordinates": [ [ [ [ 128.985907433507066, 35.299908258981006 ], [ 128.985923915248804, 35.300809654239075 ], [ 128.987023454880102, 35.300796137326834 ], [ 128.987006960953323, 35.299894742516976 ], [ 128.985907433507066, 35.299908258981006 ] ] ] ] } },
{ "type": "Feature", "properties": { "GRID_CD_x": "마마351016", "SCH_POP": 0.0 }, "geometry": { "type": "MultiPolygon", "coordinates": [ [ [ [ 128.985923915248804, 35.300809654239075 ], [ 128.985940397722345, 35.301711049355795 ], [ 128.987039949539223, 35.301697531995337 ], [ 128.987023454880102, 35.300796137326834 ], [ 128.985923915248804, 35.300809654239075 ] ] ] ] } },
{ "type": "Feature", "properties": { "GRID_CD_x": "마마351017", "SCH_POP": 0.0 }, "geometry": { "type": "MultiPolygon", "coordinates": [ [ [ [ 128.985940397722345, 35.301711049355795 ], [ 128.985956880927688, 35.302612444331189 ], [ 128.987056444930687, 35.302598926522514 ], [ 128.987039949539223, 35.301697531995337 ], [ 128.985940397722345, 35.301711049355795 ] ] ] ] } },
{ "type": "Feature", "properties": { "GRID_CD_x": "마마351018", "SCH_POP": 0.0 }, "geometry": { "type": "MultiPolygon", "coordinates": [ [ [ [ 128.985956880927688, 35.302612444331189 ], [ 128.985973364864833, 35.303513839165269 ], [ 128.987072941054521, 35.303500320908348 ], [ 128.987056444930687, 35.302598926522514 ], [ 128.985956880927688, 35.302612444331189 ] ] ] ] } },
{ "type": "Feature", "properties": { "GRID_CD_x": "마마351019", "SCH_POP": 0.0 }, "geometry": { "type": "MultiPolygon", "coordinates": [ [ [ [ 128.985973364864833, 35.303513839165269 ], [ 128.985989849533894, 35.304415233858009 ], [ 128.987089437910754, 35.304401715152856 ], [ 128.987072941054521, 35.303500320908348 ], [ 128.985973364864833, 35.303513839165269 ] ] ] ] } },
{ "type": "Feature", "properties": { "GRID_CD_x": "마마351020", "SCH_POP": 0.0 }, "geometry": { "type": "MultiPolygon", "coordinates": [ [ [ [ 128.985989849533894, 35.304415233858009 ], [ 128.986006334934814, 35.305316628409422 ], [ 128.987105935499471, 35.305303109256016 ], [ 128.987089437910754, 35.304401715152856 ], [ 128.985989849533894, 35.304415233858009 ] ] ] ] } },
{ "type": "Feature", "properties": { "GRID_CD_x": "마마351021", "SCH_POP": 0.0 }, "geometry": { "type": "MultiPolygon", "coordinates": [ [ [ [ 128.986006334934814, 35.305316628409422 ], [ 128.986022821067735, 35.3062180228195 ], [ 128.987122433820645, 35.306204503217842 ], [ 128.987105935499471, 35.305303109256016 ], [ 128.986006334934814, 35.305316628409422 ] ] ] ] } },
{ "type": "Feature", "properties": { "GRID_CD_x": "마마351022", "SCH_POP": 1.2132983859842741 }, "geometry": { "type": "MultiPolygon", "coordinates": [ [ [ [ 128.986022821067735, 35.3062180228195 ], [ 128.986039307932572, 35.307119417088259 ], [ 128.987138932874331, 35.307105897038312 ], [ 128.987122433820645, 35.306204503217842 ], [ 128.986022821067735, 35.3062180228195 ] ] ] ] } },
{ "type": "Feature", "properties": { "GRID_CD_x": "마마351023", "SCH_POP": 31.697420333839155 }, "geometry": { "type": "MultiPolygon", "coordinates": [ [ [ [ 128.986039307932572, 35.307119417088259 ], [ 128.986055795529438, 35.30802081121567 ], [ 128.987155432660586, 35.308007290717434 ], [ 128.987138932874331, 35.307105897038312 ], [ 128.986039307932572, 35.307119417088259 ] ] ] ] } },
{ "type": "Feature", "properties": { "GRID_CD_x": "마마351024", "SCH_POP": 0.0 }, "geometry": { "type": "MultiPolygon", "coordinates": [ [ [ [ 128.986055795529438, 35.30802081121567 ], [ 128.986072283858334, 35.30892220520176 ], [ 128.987171933179411, 35.308908684255229 ], [ 128.987155432660586, 35.308007290717434 ], [ 128.986055795529438, 35.30802081121567 ] ] ] ] } },
{ "type": "Feature", "properties": { "GRID_CD_x": "마마351025", "SCH_POP": 0.0 }, "geometry": { "type": "MultiPolygon", "coordinates": [ [ [ [ 128.986072283858334, 35.30892220520176 ], [ 128.986088772919317, 35.309823599046489 ], [ 128.987188434430806, 35.309810077651655 ], [ 128.987171933179411, 35.308908684255229 ], [ 128.986072283858334, 35.30892220520176 ] ] ] ] } },
{ "type": "Feature", "properties": { "GRID_CD_x": "마마351026", "SCH_POP": 1.971609877224445 }, "geometry": { "type": "MultiPolygon", "coordinates": [ [ [ [ 128.986088772919317, 35.309823599046489 ], [ 128.986105262712357, 35.310724992749876 ], [ 128.987204936414855, 35.310711470906739 ], [ 128.987188434430806, 35.309810077651655 ], [ 128.986088772919317, 35.309823599046489 ] ] ] ] } },
{ "type": "Feature", "properties": { "GRID_CD_x": "마마351027", "SCH_POP": 5.0048558421851297 }, "geometry": { "type": "MultiPolygon", "coordinates": [ [ [ [ 128.986105262712357, 35.310724992749876 ], [ 128.986121753237569, 35.311626386311929 ], [ 128.987221439131588, 35.311612864020482 ], [ 128.987204936414855, 35.310711470906739 ], [ 128.986105262712357, 35.310724992749876 ] ] ] ] } },
{ "type": "Feature", "properties": { "GRID_CD_x": "마마351028", "SCH_POP": 3.4882328597047869 }, "geometry": { "type": "MultiPolygon", "coordinates": [ [ [ [ 128.986121753237569, 35.311626386311929 ], [ 128.986138244494896, 35.31252777973264 ], [ 128.987237942581061, 35.312514256992856 ], [ 128.987221439131588, 35.311612864020482 ], [ 128.986121753237569, 35.311626386311929 ] ] ] ] } },
{ "type": "Feature", "properties": { "GRID_CD_x": "마마351029", "SCH_POP": 22.597682438957101 }, "geometry": { "type": "MultiPolygon", "coordinates": [ [ [ [ 128.986138244494896, 35.31252777973264 ], [ 128.986154736484451, 35.313429173012004 ], [ 128.987254446763188, 35.313415649823867 ], [ 128.987237942581061, 35.312514256992856 ], [ 128.986138244494896, 35.31252777973264 ] ] ] ] } },
{ "type": "Feature", "properties": { "GRID_CD_x": "마마351030", "SCH_POP": 36.97486400565171 }, "geometry": { "type": "MultiPolygon", "coordinates": [ [ [ [ 128.986154736484451, 35.313429173012004 ], [ 128.986171229206263, 35.314330566150005 ], [ 128.987270951678141, 35.314317042513522 ], [ 128.987254446763188, 35.313415649823867 ], [ 128.986154736484451, 35.313429173012004 ] ] ] ] } },
{ "type": "Feature", "properties": { "GRID_CD_x": "마마351031", "SCH_POP": 0.74546096785588101 }, "geometry": { "type": "MultiPolygon", "coordinates": [ [ [ [ 128.986171229206263, 35.314330566150005 ], [ 128.986187722660304, 35.315231959146672 ], [ 128.987287457325891, 35.315218435061837 ], [ 128.987270951678141, 35.314317042513522 ], [ 128.986171229206263, 35.314330566150005 ] ] ] ] } },
{ "type": "Feature", "properties": { "GRID_CD_x": "마마351032", "SCH_POP": 0.74546096785588101 }, "geometry": { "type": "MultiPolygon", "coordinates": [ [ [ [ 128.986187722660304, 35.315231959146672 ], [ 128.98620421684663, 35.316133352001977 ], [ 128.987303963706466, 35.316119827468761 ], [ 128.987287457325891, 35.315218435061837 ], [ 128.986187722660304, 35.315231959146672 ] ] ] ] } },
{ "type": "Feature", "properties": { "GRID_CD_x": "마마351033", "SCH_POP": 33.843927940657011 }, "geometry": { "type": "MultiPolygon", "coordinates": [ [ [ [ 128.98620421684663, 35.316133352001977 ], [ 128.986220711765299, 35.31703474471594 ], [ 128.987320470819924, 35.317021219734336 ], [ 128.987303963706466, 35.316119827468761 ], [ 128.98620421684663, 35.316133352001977 ] ] ] ] } },
{ "type": "Feature", "properties": { "GRID_CD_x": "마마351034", "SCH_POP": 0.0 }, "geometry": { "type": "MultiPolygon", "coordinates": [ [ [ [ 128.986220711765299, 35.31703474471594 ], [ 128.986237207416337, 35.317936137288534 ], [ 128.987336978666292, 35.317922611858556 ], [ 128.987320470819924, 35.317021219734336 ], [ 128.986220711765299, 35.31703474471594 ] ] ] ] } },
{ "type": "Feature", "properties": { "GRID_CD_x": "마마351035", "SCH_POP": 0.0 }, "geometry": { "type": "MultiPolygon", "coordinates": [ [ [ [ 128.986237207416337, 35.317936137288534 ], [ 128.986253703799747, 35.318837529719787 ], [ 128.987353487245571, 35.318824003841392 ], [ 128.987336978666292, 35.317922611858556 ], [ 128.986237207416337, 35.317936137288534 ] ] ] ] } },
{ "type": "Feature", "properties": { "GRID_CD_x": "마마351036", "SCH_POP": 0.0 }, "geometry": { "type": "MultiPolygon", "coordinates": [ [ [ [ 128.986253703799747, 35.318837529719787 ], [ 128.986270200915584, 35.319738922009655 ], [ 128.987369996557817, 35.319725395682859 ], [ 128.987353487245571, 35.318824003841392 ], [ 128.986253703799747, 35.318837529719787 ] ] ] ] } },
{ "type": "Feature", "properties": { "GRID_CD_x": "마마351037", "SCH_POP": 0.0 }, "geometry": { "type": "MultiPolygon", "coordinates": [ [ [ [ 128.986270200915584, 35.319738922009655 ], [ 128.986286698763877, 35.320640314158169 ], [ 128.987386506603059, 35.320626787382949 ], [ 128.987369996557817, 35.319725395682859 ], [ 128.986270200915584, 35.319738922009655 ] ] ] ] } },
{ "type": "Feature", "properties": { "GRID_CD_x": "마마351038", "SCH_POP": 0.0 }, "geometry": { "type": "MultiPolygon", "coordinates": [ [ [ [ 128.986286698763877, 35.320640314158169 ], [ 128.986303197344682, 35.321541706165334 ], [ 128.987403017381354, 35.321528178941676 ], [ 128.987386506603059, 35.320626787382949 ], [ 128.986286698763877, 35.320640314158169 ] ] ] ] } },
{ "type": "Feature", "properties": { "GRID_CD_x": "마마351039", "SCH_POP": 0.0 }, "geometry": { "type": "MultiPolygon", "coordinates": [ [ [ [ 128.986303197344682, 35.321541706165334 ], [ 128.986319696657972, 35.322443098031123 ], [ 128.987419528892701, 35.322429570359034 ], [ 128.987403017381354, 35.321528178941676 ], [ 128.986303197344682, 35.321541706165334 ] ] ] ] } },
{ "type": "Feature", "properties": { "GRID_CD_x": "마마351040", "SCH_POP": 0.0 }, "geometry": { "type": "MultiPolygon", "coordinates": [ [ [ [ 128.986319696657972, 35.322443098031123 ], [ 128.986336196703832, 35.323344489755542 ], [ 128.98743604113713, 35.323330961635008 ], [ 128.987419528892701, 35.322429570359034 ], [ 128.986319696657972, 35.322443098031123 ] ] ] ] } },
{ "type": "Feature", "properties": { "GRID_CD_x": "마마351041", "SCH_POP": 0.0 }, "geometry": { "type": "MultiPolygon", "coordinates": [ [ [ [ 128.986336196703832, 35.323344489755542 ], [ 128.986352697482289, 35.324245881338598 ], [ 128.987452554114668, 35.324232352769599 ], [ 128.98743604113713, 35.323330961635008 ], [ 128.986336196703832, 35.323344489755542 ] ] ] ] } },
{ "type": "Feature", "properties": { "GRID_CD_x": "마마351042", "SCH_POP": 0.0 }, "geometry": { "type": "MultiPolygon", "coordinates": [ [ [ [ 128.986352697482289, 35.324245881338598 ], [ 128.986369198993344, 35.325147272780278 ], [ 128.987469067825401, 35.325133743762819 ], [ 128.987452554114668, 35.324232352769599 ], [ 128.986352697482289, 35.324245881338598 ] ] ] ] } },
{ "type": "Feature", "properties": { "GRID_CD_x": "마마351043", "SCH_POP": 0.0 }, "geometry": { "type": "MultiPolygon", "coordinates": [ [ [ [ 128.986369198993344, 35.325147272780278 ], [ 128.986385701237054, 35.326048664080595 ], [ 128.987485582269301, 35.326035134614656 ], [ 128.987469067825401, 35.325133743762819 ], [ 128.986369198993344, 35.325147272780278 ] ] ] ] } },
{ "type": "Feature", "properties": { "GRID_CD_x": "마마351044", "SCH_POP": 0.0 }, "geometry": { "type": "MultiPolygon", "coordinates": [ [ [ [ 128.986385701237054, 35.326048664080595 ], [ 128.986402204213448, 35.326950055239529 ], [ 128.987502097446452, 35.326936525325095 ], [ 128.987485582269301, 35.326035134614656 ], [ 128.986385701237054, 35.326048664080595 ] ] ] ] } },
{ "type": "Feature", "properties": { "GRID_CD_x": "마마351045", "SCH_POP": 0.0 }, "geometry": { "type": "MultiPolygon", "coordinates": [ [ [ [ 128.986402204213448, 35.326950055239529 ], [ 128.986418707922581, 35.327851446257093 ], [ 128.987518613356826, 35.327837915894158 ], [ 128.987502097446452, 35.326936525325095 ], [ 128.986402204213448, 35.326950055239529 ] ] ] ] } },
{ "type": "Feature", "properties": { "GRID_CD_x": "마마351046", "SCH_POP": 0.0 }, "geometry": { "type": "MultiPolygon", "coordinates": [ [ [ [ 128.986418707922581, 35.327851446257093 ], [ 128.986435212364427, 35.328752837133266 ], [ 128.987535130000538, 35.328739306321843 ], [ 128.987518613356826, 35.327837915894158 ], [ 128.986418707922581, 35.327851446257093 ] ] ] ] } },
{ "type": "Feature", "properties": { "GRID_CD_x": "마마351047", "SCH_POP": 0.0 }, "geometry": { "type": "MultiPolygon", "coordinates": [ [ [ [ 128.986435212364427, 35.328752837133266 ], [ 128.986451717539097, 35.329654227868076 ], [ 128.987551647377529, 35.329640696608124 ], [ 128.987535130000538, 35.328739306321843 ], [ 128.986435212364427, 35.328752837133266 ] ] ] ] } },
{ "type": "Feature", "properties": { "GRID_CD_x": "마마351048", "SCH_POP": 0.0 }, "geometry": { "type": "MultiPolygon", "coordinates": [ [ [ [ 128.986451717539097, 35.329654227868076 ], [ 128.986468223446536, 35.330555618461503 ], [ 128.987568165487886, 35.330542086753013 ], [ 128.987551647377529, 35.329640696608124 ], [ 128.986451717539097, 35.329654227868076 ] ] ] ] } },
{ "type": "Feature", "properties": { "GRID_CD_x": "마마351049", "SCH_POP": 0.0 }, "geometry": { "type": "MultiPolygon", "coordinates": [ [ [ [ 128.986468223446536, 35.330555618461503 ], [ 128.986484730086858, 35.331457008913532 ], [ 128.987584684331637, 35.331443476756519 ], [ 128.987568165487886, 35.330542086753013 ], [ 128.986468223446536, 35.330555618461503 ] ] ] ] } },
{ "type": "Feature", "properties": { "GRID_CD_x": "마마351050", "SCH_POP": 0.0 }, "geometry": { "type": "MultiPolygon", "coordinates": [ [ [ [ 128.986484730086858, 35.331457008913532 ], [ 128.986501237460033, 35.332358399224184 ], [ 128.987601203908781, 35.332344866618627 ], [ 128.987584684331637, 35.331443476756519 ], [ 128.986484730086858, 35.331457008913532 ] ] ] ] } },
{ "type": "Feature", "properties": { "GRID_CD_x": "마마352007", "SCH_POP": 0.0 }, "geometry": { "type": "MultiPolygon", "coordinates": [ [ [ [ 128.986875035898407, 35.292683578950466 ], [ 128.986891523967842, 35.293584974890898 ], [ 128.987990965401821, 35.293571451574977 ], [ 128.987974465151694, 35.292670056082983 ], [ 128.986875035898407, 35.292683578950466 ] ] ] ] } },
{ "type": "Feature", "properties": { "GRID_CD_x": "마마352008", "SCH_POP": 0.0 }, "geometry": { "type": "MultiPolygon", "coordinates": [ [ [ [ 128.986891523967842, 35.293584974890898 ], [ 128.986908012769334, 35.294486370690024 ], [ 128.988007466384545, 35.294472846925629 ], [ 128.987990965401821, 35.293571451574977 ], [ 128.986891523967842, 35.293584974890898 ] ] ] ] } },
{ "type": "Feature", "properties": { "GRID_CD_x": "마마352009", "SCH_POP": 0.0 }, "geometry": { "type": "MultiPolygon", "coordinates": [ [ [ [ 128.986908012769334, 35.294486370690024 ], [ 128.986924502302941, 35.295387766347829 ], [ 128.988023968099895, 35.295374242134947 ], [ 128.988007466384545, 35.294472846925629 ], [ 128.986908012769334, 35.294486370690024 ] ] ] ] } },
{ "type": "Feature", "properties": { "GRID_CD_x": "마마352010", "SCH_POP": 0.0 }, "geometry": { "type": "MultiPolygon", "coordinates": [ [ [ [ 128.986924502302941, 35.295387766347829 ], [ 128.986940992568634, 35.296289161864316 ], [ 128.988040470547901, 35.296275637202946 ], [ 128.988023968099895, 35.295374242134947 ], [ 128.986924502302941, 35.295387766347829 ] ] ] ] } },
{ "type": "Feature", "properties": { "GRID_CD_x": "마마352011", "SCH_POP": 0.0 }, "geometry": { "type": "MultiPolygon", "coordinates": [ [ [ [ 128.986940992568634, 35.296289161864316 ], [ 128.986957483566499, 35.297190557239468 ], [ 128.988056973728618, 35.297177032129611 ], [ 128.988040470547901, 35.296275637202946 ], [ 128.986940992568634, 35.296289161864316 ] ] ] ] } },
{ "type": "Feature", "properties": { "GRID_CD_x": "마마352012", "SCH_POP": 0.0 }, "geometry": { "type": "MultiPolygon", "coordinates": [ [ [ [ 128.986957483566499, 35.297190557239468 ], [ 128.986973975296507, 35.298091952473293 ], [ 128.988073477642075, 35.298078426914934 ], [ 128.988056973728618, 35.297177032129611 ], [ 128.986957483566499, 35.297190557239468 ] ] ] ] } },
{ "type": "Feature", "properties": { "GRID_CD_x": "마마352013", "SCH_POP": 0.0 }, "geometry": { "type": "MultiPolygon", "coordinates": [ [ [ [ 128.986973975296507, 35.298091952473293 ], [ 128.986990467758773, 35.298993347565791 ], [ 128.988089982288244, 35.298979821558923 ], [ 128.988073477642075, 35.298078426914934 ], [ 128.986973975296507, 35.298091952473293 ] ] ] ] } },
{ "type": "Feature", "properties": { "GRID_CD_x": "마마352014", "SCH_POP": 0.0 }, "geometry": { "type": "MultiPolygon", "coordinates": [ [ [ [ 128.986990467758773, 35.298993347565791 ], [ 128.987006960953323, 35.299894742516976 ], [ 128.988106487667267, 35.299881216061571 ], [ 128.988089982288244, 35.298979821558923 ], [ 128.986990467758773, 35.298993347565791 ] ] ] ] } },
{ "type": "Feature", "properties": { "GRID_CD_x": "마마352015", "SCH_POP": 0.0 }, "geometry": { "type": "MultiPolygon", "coordinates": [ [ [ [ 128.987006960953323, 35.299894742516976 ], [ 128.987023454880102, 35.300796137326834 ], [ 128.988122993779058, 35.300782610422885 ], [ 128.988106487667267, 35.299881216061571 ], [ 128.987006960953323, 35.299894742516976 ] ] ] ] } },
{ "type": "Feature", "properties": { "GRID_CD_x": "마마352016", "SCH_POP": 0.0 }, "geometry": { "type": "MultiPolygon", "coordinates": [ [ [ [ 128.987023454880102, 35.300796137326834 ], [ 128.987039949539223, 35.301697531995337 ], [ 128.988139500623731, 35.301684004642844 ], [ 128.988122993779058, 35.300782610422885 ], [ 128.987023454880102, 35.300796137326834 ] ] ] ] } },
{ "type": "Feature", "properties": { "GRID_CD_x": "마마352017", "SCH_POP": 0.0 }, "geometry": { "type": "MultiPolygon", "coordinates": [ [ [ [ 128.987039949539223, 35.301697531995337 ], [ 128.987056444930687, 35.302598926522514 ], [ 128.988156008201287, 35.302585398721469 ], [ 128.988139500623731, 35.301684004642844 ], [ 128.987039949539223, 35.301697531995337 ] ] ] ] } },
{ "type": "Feature", "properties": { "GRID_CD_x": "마마352018", "SCH_POP": 0.0 }, "geometry": { "type": "MultiPolygon", "coordinates": [ [ [ [ 128.987056444930687, 35.302598926522514 ], [ 128.987072941054521, 35.303500320908348 ], [ 128.988172516511753, 35.303486792658738 ], [ 128.988156008201287, 35.302585398721469 ], [ 128.987056444930687, 35.302598926522514 ] ] ] ] } },
{ "type": "Feature", "properties": { "GRID_CD_x": "마마352019", "SCH_POP": 0.0 }, "geometry": { "type": "MultiPolygon", "coordinates": [ [ [ [ 128.987072941054521, 35.303500320908348 ], [ 128.987089437910754, 35.304401715152856 ], [ 128.988189025555215, 35.304388186454666 ], [ 128.988172516511753, 35.303486792658738 ], [ 128.987072941054521, 35.303500320908348 ] ] ] ] } },
{ "type": "Feature", "properties": { "GRID_CD_x": "마마352020", "SCH_POP": 0.0 }, "geometry": { "type": "MultiPolygon", "coordinates": [ [ [ [ 128.987089437910754, 35.304401715152856 ], [ 128.987105935499471, 35.305303109256016 ], [ 128.988205535331645, 35.305289580109239 ], [ 128.988189025555215, 35.304388186454666 ], [ 128.987089437910754, 35.304401715152856 ] ] ] ] } },
{ "type": "Feature", "properties": { "GRID_CD_x": "마마352021", "SCH_POP": 1.2132983859842741 }, "geometry": { "type": "MultiPolygon", "coordinates": [ [ [ [ 128.987105935499471, 35.305303109256016 ], [ 128.987122433820645, 35.306204503217842 ], [ 128.98822204584107, 35.306190973622471 ], [ 128.988205535331645, 35.305289580109239 ], [ 128.987105935499471, 35.305303109256016 ] ] ] ] } },
{ "type": "Feature", "properties": { "GRID_CD_x": "마마352022", "SCH_POP": 19.109449579252313 }, "geometry": { "type": "MultiPolygon", "coordinates": [ [ [ [ 128.987122433820645, 35.306204503217842 ], [ 128.987138932874331, 35.307105897038312 ], [ 128.988238557083577, 35.307092366994347 ], [ 128.98822204584107, 35.306190973622471 ], [ 128.987122433820645, 35.306204503217842 ] ] ] ] } },
{ "type": "Feature", "properties": { "GRID_CD_x": "마마352023", "SCH_POP": 16.682852807283766 }, "geometry": { "type": "MultiPolygon", "coordinates": [ [ [ [ 128.987138932874331, 35.307105897038312 ], [ 128.987155432660586, 35.308007290717434 ], [ 128.988255069059136, 35.307993760224861 ], [ 128.988238557083577, 35.307092366994347 ], [ 128.987138932874331, 35.307105897038312 ] ] ] ] } },
{ "type": "Feature", "properties": { "GRID_CD_x": "마마352024", "SCH_POP": 1.971609877224445 }, "geometry": { "type": "MultiPolygon", "coordinates": [ [ [ [ 128.987155432660586, 35.308007290717434 ], [ 128.987171933179411, 35.308908684255229 ], [ 128.988271581767862, 35.308895153314012 ], [ 128.988255069059136, 35.307993760224861 ], [ 128.987155432660586, 35.308007290717434 ] ] ] ] } },
{ "type": "Feature", "properties": { "GRID_CD_x": "마마352025", "SCH_POP": 15.317892123051458 }, "geometry": { "type": "MultiPolygon", "coordinates": [ [ [ [ 128.987171933179411, 35.308908684255229 ], [ 128.987188434430806, 35.309810077651655 ], [ 128.988288095209697, 35.309796546261822 ], [ 128.988271581767862, 35.308895153314012 ], [ 128.987171933179411, 35.308908684255229 ] ] ] ] } },
{ "type": "Feature", "properties": { "GRID_CD_x": "마마352026", "SCH_POP": 32.152407228583257 }, "geometry": { "type": "MultiPolygon", "coordinates": [ [ [ [ 128.987188434430806, 35.309810077651655 ], [ 128.987204936414855, 35.310711470906739 ], [ 128.988304609384727, 35.310697939068262 ], [ 128.988288095209697, 35.309796546261822 ], [ 128.987188434430806, 35.309810077651655 ] ] ] ] } },
{ "type": "Feature", "properties": { "GRID_CD_x": "마마352027", "SCH_POP": 41.858794316457448 }, "geometry": { "type": "MultiPolygon", "coordinates": [ [ [ [ 128.987204936414855, 35.310711470906739 ], [ 128.987221439131588, 35.311612864020482 ], [ 128.988321124292952, 35.311599331733341 ], [ 128.988304609384727, 35.310697939068262 ], [ 128.987204936414855, 35.310711470906739 ] ] ] ] } },
{ "type": "Feature", "properties": { "GRID_CD_x": "마마352028", "SCH_POP": 2.7299213684646162 }, "geometry": { "type": "MultiPolygon", "coordinates": [ [ [ [ 128.987221439131588, 35.311612864020482 ], [ 128.987237942581061, 35.312514256992856 ], [ 128.988337639934429, 35.312500724257056 ], [ 128.988321124292952, 35.311599331733341 ], [ 128.987221439131588, 35.311612864020482 ] ] ] ] } },
{ "type": "Feature", "properties": { "GRID_CD_x": "마마352029", "SCH_POP": 6.6731411229135063 }, "geometry": { "type": "MultiPolygon", "coordinates": [ [ [ [ 128.987237942581061, 35.312514256992856 ], [ 128.987254446763188, 35.313415649823867 ], [ 128.988354156309185, 35.313402116639381 ], [ 128.988337639934429, 35.312500724257056 ], [ 128.987237942581061, 35.312514256992856 ] ] ] ] } },
{ "type": "Feature", "properties": { "GRID_CD_x": "마마352030", "SCH_POP": 2.683659484281173 }, "geometry": { "type": "MultiPolygon", "coordinates": [ [ [ [ 128.987254446763188, 35.313415649823867 ], [ 128.987270951678141, 35.314317042513522 ], [ 128.988370673417279, 35.314303508880364 ], [ 128.988354156309185, 35.313402116639381 ], [ 128.987254446763188, 35.313415649823867 ] ] ] ] } },
{ "type": "Feature", "properties": { "GRID_CD_x": "마마352031", "SCH_POP": 0.0 }, "geometry": { "type": "MultiPolygon", "coordinates": [ [ [ [ 128.987270951678141, 35.314317042513522 ], [ 128.987287457325891, 35.315218435061837 ], [ 128.988387191258681, 35.315204900979971 ], [ 128.988370673417279, 35.314303508880364 ], [ 128.987270951678141, 35.314317042513522 ] ] ] ] } },
{ "type": "Feature", "properties": { "GRID_CD_x": "마마352032", "SCH_POP": 0.0 }, "geometry": { "type": "MultiPolygon", "coordinates": [ [ [ [ 128.987287457325891, 35.315218435061837 ], [ 128.987303963706466, 35.316119827468761 ], [ 128.988403709833477, 35.316106292938208 ], [ 128.988387191258681, 35.315204900979971 ], [ 128.987287457325891, 35.315218435061837 ] ] ] ] } },
{ "type": "Feature", "properties": { "GRID_CD_x": "마마352033", "SCH_POP": 63.513274461321089 }, "geometry": { "type": "MultiPolygon", "coordinates": [ [ [ [ 128.987303963706466, 35.316119827468761 ], [ 128.987320470819924, 35.317021219734336 ], [ 128.988420229141695, 35.317007684755069 ], [ 128.988403709833477, 35.316106292938208 ], [ 128.987303963706466, 35.316119827468761 ] ] ] ] } },
{ "type": "Feature", "properties": { "GRID_CD_x": "마마352034", "SCH_POP": 69.476962204168132 }, "geometry": { "type": "MultiPolygon", "coordinates": [ [ [ [ 128.987320470819924, 35.317021219734336 ], [ 128.987336978666292, 35.317922611858556 ], [ 128.988436749183336, 35.317909076430567 ], [ 128.988420229141695, 35.317007684755069 ], [ 128.987320470819924, 35.317021219734336 ] ] ] ] } },
{ "type": "Feature", "properties": { "GRID_CD_x": "마마352035", "SCH_POP": 85.131642529141644 }, "geometry": { "type": "MultiPolygon", "coordinates": [ [ [ [ 128.987336978666292, 35.317922611858556 ], [ 128.987353487245571, 35.318824003841392 ], [ 128.988453269958427, 35.318810467964667 ], [ 128.988436749183336, 35.317909076430567 ], [ 128.987336978666292, 35.317922611858556 ] ] ] ] } },
{ "type": "Feature", "properties": { "GRID_CD_x": "마마352036", "SCH_POP": 33.247559166372305 }, "geometry": { "type": "MultiPolygon", "coordinates": [ [ [ [ 128.987353487245571, 35.318824003841392 ], [ 128.987369996557817, 35.319725395682859 ], [ 128.988469791467054, 35.319711859357398 ], [ 128.988453269958427, 35.318810467964667 ], [ 128.987353487245571, 35.318824003841392 ] ] ] ] } },
{ "type": "Feature", "properties": { "GRID_CD_x": "마마352037", "SCH_POP": 0.0 }, "geometry": { "type": "MultiPolygon", "coordinates": [ [ [ [ 128.987369996557817, 35.319725395682859 ], [ 128.987386506603059, 35.320626787382949 ], [ 128.988486313709245, 35.320613250608744 ], [ 128.988469791467054, 35.319711859357398 ], [ 128.987369996557817, 35.319725395682859 ] ] ] ] } },
{ "type": "Feature", "properties": { "GRID_CD_x": "마마352038", "SCH_POP": 0.0 }, "geometry": { "type": "MultiPolygon", "coordinates": [ [ [ [ 128.987386506603059, 35.320626787382949 ], [ 128.987403017381354, 35.321528178941676 ], [ 128.988502836684944, 35.321514641718707 ], [ 128.988486313709245, 35.320613250608744 ], [ 128.987386506603059, 35.320626787382949 ] ] ] ] } },
{ "type": "Feature", "properties": { "GRID_CD_x": "마마352039", "SCH_POP": 0.0 }, "geometry": { "type": "MultiPolygon", "coordinates": [ [ [ [ 128.987403017381354, 35.321528178941676 ], [ 128.987419528892701, 35.322429570359034 ], [ 128.988519360394292, 35.322416032687286 ], [ 128.988502836684944, 35.321514641718707 ], [ 128.987403017381354, 35.321528178941676 ] ] ] ] } },
{ "type": "Feature", "properties": { "GRID_CD_x": "마마352040", "SCH_POP": 0.0 }, "geometry": { "type": "MultiPolygon", "coordinates": [ [ [ [ 128.987419528892701, 35.322429570359034 ], [ 128.98743604113713, 35.323330961635008 ], [ 128.988535884837262, 35.323317423514482 ], [ 128.988519360394292, 35.322416032687286 ], [ 128.987419528892701, 35.322429570359034 ] ] ] ] } },
{ "type": "Feature", "properties": { "GRID_CD_x": "마마352041", "SCH_POP": 0.0 }, "geometry": { "type": "MultiPolygon", "coordinates": [ [ [ [ 128.98743604113713, 35.323330961635008 ], [ 128.987452554114668, 35.324232352769599 ], [ 128.988552410013909, 35.324218814200293 ], [ 128.988535884837262, 35.323317423514482 ], [ 128.98743604113713, 35.323330961635008 ] ] ] ] } },
{ "type": "Feature", "properties": { "GRID_CD_x": "마마352042", "SCH_POP": 0.0 }, "geometry": { "type": "MultiPolygon", "coordinates": [ [ [ [ 128.987452554114668, 35.324232352769599 ], [ 128.987469067825401, 35.325133743762819 ], [ 128.988568935924235, 35.325120204744707 ], [ 128.988552410013909, 35.324218814200293 ], [ 128.987452554114668, 35.324232352769599 ] ] ] ] } },
{ "type": "Feature", "properties": { "GRID_CD_x": "마마352043", "SCH_POP": 0.0 }, "geometry": { "type": "MultiPolygon", "coordinates": [ [ [ [ 128.987469067825401, 35.325133743762819 ], [ 128.987485582269301, 35.326035134614656 ], [ 128.988585462568352, 35.326021595147729 ], [ 128.988568935924235, 35.325120204744707 ], [ 128.987469067825401, 35.325133743762819 ] ] ] ] } },
{ "type": "Feature", "properties": { "GRID_CD_x": "마마352044", "SCH_POP": 0.0 }, "geometry": { "type": "MultiPolygon", "coordinates": [ [ [ [ 128.987485582269301, 35.326035134614656 ], [ 128.987502097446452, 35.326936525325095 ], [ 128.988601989946176, 35.326922985409361 ], [ 128.988585462568352, 35.326021595147729 ], [ 128.987485582269301, 35.326035134614656 ] ] ] ] } },
{ "type": "Feature", "properties": { "GRID_CD_x": "마마352045", "SCH_POP": 0.0 }, "geometry": { "type": "MultiPolygon", "coordinates": [ [ [ [ 128.987502097446452, 35.326936525325095 ], [ 128.987518613356826, 35.327837915894158 ], [ 128.988618518057791, 35.327824375529588 ], [ 128.988601989946176, 35.326922985409361 ], [ 128.987502097446452, 35.326936525325095 ] ] ] ] } },
{ "type": "Feature", "properties": { "GRID_CD_x": "마마352046", "SCH_POP": 0.0 }, "geometry": { "type": "MultiPolygon", "coordinates": [ [ [ [ 128.987518613356826, 35.327837915894158 ], [ 128.987535130000538, 35.328739306321843 ], [ 128.988635046903283, 35.32872576550843 ], [ 128.988618518057791, 35.327824375529588 ], [ 128.987518613356826, 35.327837915894158 ] ] ] ] } },
{ "type": "Feature", "properties": { "GRID_CD_x": "마마352047", "SCH_POP": 0.0 }, "geometry": { "type": "MultiPolygon", "coordinates": [ [ [ [ 128.987535130000538, 35.328739306321843 ], [ 128.987551647377529, 35.329640696608124 ], [ 128.988651576482624, 35.329627155345861 ], [ 128.988635046903283, 35.32872576550843 ], [ 128.987535130000538, 35.328739306321843 ] ] ] ] } },
{ "type": "Feature", "properties": { "GRID_CD_x": "마마352048", "SCH_POP": 0.0 }, "geometry": { "type": "MultiPolygon", "coordinates": [ [ [ [ 128.987551647377529, 35.329640696608124 ], [ 128.987568165487886, 35.330542086753013 ], [ 128.988668106795842, 35.330528545041894 ], [ 128.988651576482624, 35.329627155345861 ], [ 128.987551647377529, 35.329640696608124 ] ] ] ] } },
{ "type": "Feature", "properties": { "GRID_CD_x": "마마352049", "SCH_POP": 0.0 }, "geometry": { "type": "MultiPolygon", "coordinates": [ [ [ [ 128.987568165487886, 35.330542086753013 ], [ 128.987584684331637, 35.331443476756519 ], [ 128.988684637843022, 35.331429934596535 ], [ 128.988668106795842, 35.330528545041894 ], [ 128.987568165487886, 35.330542086753013 ] ] ] ] } },
{ "type": "Feature", "properties": { "GRID_CD_x": "마마352050", "SCH_POP": 0.0 }, "geometry": { "type": "MultiPolygon", "coordinates": [ [ [ [ 128.987584684331637, 35.331443476756519 ], [ 128.987601203908781, 35.332344866618627 ], [ 128.988701169624136, 35.332331324009758 ], [ 128.988684637843022, 35.331429934596535 ], [ 128.987584684331637, 35.331443476756519 ] ] ] ] } },
{ "type": "Feature", "properties": { "GRID_CD_x": "마마352051", "SCH_POP": 0.0 }, "geometry": { "type": "MultiPolygon", "coordinates": [ [ [ [ 128.987601203908781, 35.332344866618627 ], [ 128.987617724219433, 35.333246256339322 ], [ 128.98871770213924, 35.333232713281568 ], [ 128.988701169624136, 35.332331324009758 ], [ 128.987601203908781, 35.332344866618627 ] ] ] ] } },
{ "type": "Feature", "properties": { "GRID_CD_x": "마마353006", "SCH_POP": 0.0 }, "geometry": { "type": "MultiPolygon", "coordinates": [ [ [ [ 128.987957965634138, 35.291768660449684 ], [ 128.987974465151694, 35.292670056082983 ], [ 128.989073893672384, 35.29265652322681 ], [ 128.989057381974732, 35.291755128042283 ], [ 128.987957965634138, 35.291768660449684 ] ] ] ] } },
{ "type": "Feature", "properties": { "GRID_CD_x": "마마353007", "SCH_POP": 0.0 }, "geometry": { "type": "MultiPolygon", "coordinates": [ [ [ [ 128.987974465151694, 35.292670056082983 ], [ 128.987990965401821, 35.293571451574977 ], [ 128.989090406103173, 35.293557918270011 ], [ 128.989073893672384, 35.29265652322681 ], [ 128.987974465151694, 35.292670056082983 ] ] ] ] } },
{ "type": "Feature", "properties": { "GRID_CD_x": "마마353008", "SCH_POP": 0.0 }, "geometry": { "type": "MultiPolygon", "coordinates": [ [ [ [ 128.987990965401821, 35.293571451574977 ], [ 128.988007466384545, 35.294472846925629 ], [ 128.989106919267101, 35.294459313171863 ], [ 128.989090406103173, 35.293557918270011 ], [ 128.987990965401821, 35.293571451574977 ] ] ] ] } },
{ "type": "Feature", "properties": { "GRID_CD_x": "마마353009", "SCH_POP": 0.0 }, "geometry": { "type": "MultiPolygon", "coordinates": [ [ [ [ 128.988007466384545, 35.294472846925629 ], [ 128.988023968099895, 35.295374242134947 ], [ 128.989123433164195, 35.295360707932367 ], [ 128.989106919267101, 35.294459313171863 ], [ 128.988007466384545, 35.294472846925629 ] ] ] ] } },
{ "type": "Feature", "properties": { "GRID_CD_x": "마마353010", "SCH_POP": 0.0 }, "geometry": { "type": "MultiPolygon", "coordinates": [ [ [ [ 128.988023968099895, 35.295374242134947 ], [ 128.988040470547901, 35.296275637202946 ], [ 128.989139947794513, 35.296262102551559 ], [ 128.989123433164195, 35.295360707932367 ], [ 128.988023968099895, 35.295374242134947 ] ] ] ] } },
{ "type": "Feature", "properties": { "GRID_CD_x": "마마353011", "SCH_POP": 0.0 }, "geometry": { "type": "MultiPolygon", "coordinates": [ [ [ [ 128.988040470547901, 35.296275637202946 ], [ 128.988056973728618, 35.297177032129611 ], [ 128.989156463158025, 35.297163497029388 ], [ 128.989139947794513, 35.296262102551559 ], [ 128.988040470547901, 35.296275637202946 ] ] ] ] } },
{ "type": "Feature", "properties": { "GRID_CD_x": "마마353012", "SCH_POP": 0.0 }, "geometry": { "type": "MultiPolygon", "coordinates": [ [ [ [ 128.988056973728618, 35.297177032129611 ], [ 128.988073477642075, 35.298078426914934 ], [ 128.989172979254818, 35.298064891365868 ], [ 128.989156463158025, 35.297163497029388 ], [ 128.988056973728618, 35.297177032129611 ] ] ] ] } },
{ "type": "Feature", "properties": { "GRID_CD_x": "마마353013", "SCH_POP": 0.0 }, "geometry": { "type": "MultiPolygon", "coordinates": [ [ [ [ 128.988073477642075, 35.298078426914934 ], [ 128.988089982288244, 35.298979821558923 ], [ 128.989189496084947, 35.298966285561008 ], [ 128.989172979254818, 35.298064891365868 ], [ 128.988073477642075, 35.298078426914934 ] ] ] ] } },
{ "type": "Feature", "properties": { "GRID_CD_x": "마마353014", "SCH_POP": 0.0 }, "geometry": { "type": "MultiPolygon", "coordinates": [ [ [ [ 128.988089982288244, 35.298979821558923 ], [ 128.988106487667267, 35.299881216061571 ], [ 128.989206013648385, 35.299867679614806 ], [ 128.989189496084947, 35.298966285561008 ], [ 128.988089982288244, 35.298979821558923 ] ] ] ] } },
{ "type": "Feature", "properties": { "GRID_CD_x": "마마353015", "SCH_POP": 0.0 }, "geometry": { "type": "MultiPolygon", "coordinates": [ [ [ [ 128.988106487667267, 35.299881216061571 ], [ 128.988122993779058, 35.300782610422885 ], [ 128.98922253194516, 35.300769073527256 ], [ 128.989206013648385, 35.299867679614806 ], [ 128.988106487667267, 35.299881216061571 ] ] ] ] } },
{ "type": "Feature", "properties": { "GRID_CD_x": "마마353016", "SCH_POP": 0.0 }, "geometry": { "type": "MultiPolygon", "coordinates": [ [ [ [ 128.988122993779058, 35.300782610422885 ], [ 128.988139500623731, 35.301684004642844 ], [ 128.989239050975385, 35.301670467298337 ], [ 128.98922253194516, 35.300769073527256 ], [ 128.988122993779058, 35.300782610422885 ] ] ] ] } },
{ "type": "Feature", "properties": { "GRID_CD_x": "마마353017", "SCH_POP": 0.0 }, "geometry": { "type": "MultiPolygon", "coordinates": [ [ [ [ 128.988139500623731, 35.301684004642844 ], [ 128.988156008201287, 35.302585398721469 ], [ 128.989255570738976, 35.302571860928069 ], [ 128.989239050975385, 35.301670467298337 ], [ 128.988139500623731, 35.301684004642844 ] ] ] ] } },
{ "type": "Feature", "properties": { "GRID_CD_x": "마마353018", "SCH_POP": 0.0 }, "geometry": { "type": "MultiPolygon", "coordinates": [ [ [ [ 128.988156008201287, 35.302585398721469 ], [ 128.988172516511753, 35.303486792658738 ], [ 128.989272091236074, 35.303473254416453 ], [ 128.989255570738976, 35.302571860928069 ], [ 128.988156008201287, 35.302585398721469 ] ] ] ] } },
{ "type": "Feature", "properties": { "GRID_CD_x": "마마353019", "SCH_POP": 0.0 }, "geometry": { "type": "MultiPolygon", "coordinates": [ [ [ [ 128.988172516511753, 35.303486792658738 ], [ 128.988189025555215, 35.304388186454666 ], [ 128.98928861246668, 35.304374647763467 ], [ 128.989272091236074, 35.303473254416453 ], [ 128.988172516511753, 35.303486792658738 ] ] ] ] } },
{ "type": "Feature", "properties": { "GRID_CD_x": "마마353020", "SCH_POP": 0.0 }, "geometry": { "type": "MultiPolygon", "coordinates": [ [ [ [ 128.988189025555215, 35.304388186454666 ], [ 128.988205535331645, 35.305289580109239 ], [ 128.989305134430765, 35.305276040969126 ], [ 128.98928861246668, 35.304374647763467 ], [ 128.988189025555215, 35.304388186454666 ] ] ] ] } },
{ "type": "Feature", "properties": { "GRID_CD_x": "마마353021", "SCH_POP": 14.711242930059321 }, "geometry": { "type": "MultiPolygon", "coordinates": [ [ [ [ 128.988205535331645, 35.305289580109239 ], [ 128.98822204584107, 35.306190973622471 ], [ 128.989321657128443, 35.306177434033422 ], [ 128.989305134430765, 35.305276040969126 ], [ 128.988205535331645, 35.305289580109239 ] ] ] ] } },
{ "type": "Feature", "properties": { "GRID_CD_x": "마마353022", "SCH_POP": 18.047813491516074 }, "geometry": { "type": "MultiPolygon", "coordinates": [ [ [ [ 128.98822204584107, 35.306190973622471 ], [ 128.988238557083577, 35.307092366994347 ], [ 128.989338180559713, 35.307078826956371 ], [ 128.989321657128443, 35.306177434033422 ], [ 128.98822204584107, 35.306190973622471 ] ] ] ] } },
{ "type": "Feature", "properties": { "GRID_CD_x": "마마353023", "SCH_POP": 17.592826596771971 }, "geometry": { "type": "MultiPolygon", "coordinates": [ [ [ [ 128.988238557083577, 35.307092366994347 ], [ 128.988255069059136, 35.307993760224861 ], [ 128.989354704724605, 35.307980219737935 ], [ 128.989338180559713, 35.307078826956371 ], [ 128.988238557083577, 35.307092366994347 ] ] ] ] } },
{ "type": "Feature", "properties": { "GRID_CD_x": "마마353024", "SCH_POP": 27.905862877638299 }, "geometry": { "type": "MultiPolygon", "coordinates": [ [ [ [ 128.988255069059136, 35.307993760224861 ], [ 128.988271581767862, 35.308895153314012 ], [ 128.989371229623146, 35.308881612378144 ], [ 128.989354704724605, 35.307980219737935 ], [ 128.988255069059136, 35.307993760224861 ] ] ] ] } },
{ "type": "Feature", "properties": { "GRID_CD_x": "마마353025", "SCH_POP": 38.977210649744798 }, "geometry": { "type": "MultiPolygon", "coordinates": [ [ [ [ 128.988271581767862, 35.308895153314012 ], [ 128.988288095209697, 35.309796546261822 ], [ 128.989387755255365, 35.309783004876969 ], [ 128.989371229623146, 35.308881612378144 ], [ 128.988271581767862, 35.308895153314012 ] ] ] ] } },
{ "type": "Feature", "properties": { "GRID_CD_x": "마마353026", "SCH_POP": 132.55284866878191 }, "geometry": { "type": "MultiPolygon", "coordinates": [ [ [ [ 128.988288095209697, 35.309796546261822 ], [ 128.988304609384727, 35.310697939068262 ], [ 128.989404281621319, 35.310684397234439 ], [ 128.989387755255365, 35.309783004876969 ], [ 128.988288095209697, 35.309796546261822 ] ] ] ] } },
{ "type": "Feature", "properties": { "GRID_CD_x": "마마353027", "SCH_POP": 53.688453579804118 }, "geometry": { "type": "MultiPolygon", "coordinates": [ [ [ [ 128.988304609384727, 35.310697939068262 ], [ 128.988321124292952, 35.311599331733341 ], [ 128.989420808721064, 35.311585789450547 ], [ 128.989404281621319, 35.310684397234439 ], [ 128.988304609384727, 35.310697939068262 ] ] ] ] } },
{ "type": "Feature", "properties": { "GRID_CD_x": "마마353028", "SCH_POP": 100.40044144019866 }, "geometry": { "type": "MultiPolygon", "coordinates": [ [ [ [ 128.988321124292952, 35.311599331733341 ], [ 128.988337639934429, 35.312500724257056 ], [ 128.989437336554545, 35.312487181525256 ], [ 128.989420808721064, 35.311585789450547 ], [ 128.988321124292952, 35.311599331733341 ] ] ] ] } },
{ "type": "Feature", "properties": { "GRID_CD_x": "마마353029", "SCH_POP": 0.75831149124017105 }, "geometry": { "type": "MultiPolygon", "coordinates": [ [ [ [ 128.988337639934429, 35.312500724257056 ], [ 128.988354156309185, 35.313402116639381 ], [ 128.989453865121845, 35.313388573458603 ], [ 128.989437336554545, 35.312487181525256 ], [ 128.988337639934429, 35.312500724257056 ] ] ] ] } },
{ "type": "Feature", "properties": { "GRID_CD_x": "마마353030", "SCH_POP": 1.9381985164252911 }, "geometry": { "type": "MultiPolygon", "coordinates": [ [ [ [ 128.988354156309185, 35.313402116639381 ], [ 128.988370673417279, 35.314303508880364 ], [ 128.989470394423023, 35.314289965250552 ], [ 128.989453865121845, 35.313388573458603 ], [ 128.988354156309185, 35.313402116639381 ] ] ] ] } },
{ "type": "Feature", "properties": { "GRID_CD_x": "마마353031", "SCH_POP": 0.74546096785588101 }, "geometry": { "type": "MultiPolygon", "coordinates": [ [ [ [ 128.988370673417279, 35.314303508880364 ], [ 128.988387191258681, 35.315204900979971 ], [ 128.989486924458078, 35.315191356901138 ], [ 128.989470394423023, 35.314289965250552 ], [ 128.988370673417279, 35.314303508880364 ] ] ] ] } },
{ "type": "Feature", "properties": { "GRID_CD_x": "마마353032", "SCH_POP": 0.74546096785588101 }, "geometry": { "type": "MultiPolygon", "coordinates": [ [ [ [ 128.988387191258681, 35.315204900979971 ], [ 128.988403709833477, 35.316106292938208 ], [ 128.989503455227066, 35.316092748410341 ], [ 128.989486924458078, 35.315191356901138 ], [ 128.988387191258681, 35.315204900979971 ] ] ] ] } },
{ "type": "Feature", "properties": { "GRID_CD_x": "마마353033", "SCH_POP": 0.74546096785588101 }, "geometry": { "type": "MultiPolygon", "coordinates": [ [ [ [ 128.988403709833477, 35.316106292938208 ], [ 128.988420229141695, 35.317007684755069 ], [ 128.989519986729988, 35.316994139778167 ], [ 128.989503455227066, 35.316092748410341 ], [ 128.988403709833477, 35.316106292938208 ] ] ] ] } },
{ "type": "Feature", "properties": { "GRID_CD_x": "마마353034", "SCH_POP": 46.367672200635816 }, "geometry": { "type": "MultiPolygon", "coordinates": [ [ [ [ 128.988420229141695, 35.317007684755069 ], [ 128.988436749183336, 35.317909076430567 ], [ 128.989536518966872, 35.317895531004602 ], [ 128.989519986729988, 35.316994139778167 ], [ 128.988420229141695, 35.317007684755069 ] ] ] ] } },
{ "type": "Feature", "properties": { "GRID_CD_x": "마마353035", "SCH_POP": 58.295047686329909 }, "geometry": { "type": "MultiPolygon", "coordinates": [ [ [ [ 128.988436749183336, 35.317909076430567 ], [ 128.988453269958427, 35.318810467964667 ], [ 128.989553051937804, 35.318796922089639 ], [ 128.989536518966872, 35.317895531004602 ], [ 128.988436749183336, 35.317909076430567 ] ] ] ] } },
{ "type": "Feature", "properties": { "GRID_CD_x": "마마353036", "SCH_POP": 0.0 }, "geometry": { "type": "MultiPolygon", "coordinates": [ [ [ [ 128.988453269958427, 35.318810467964667 ], [ 128.988469791467054, 35.319711859357398 ], [ 128.989569585642784, 35.319698313033292 ], [ 128.989553051937804, 35.318796922089639 ], [ 128.988453269958427, 35.318810467964667 ] ] ] ] } },
{ "type": "Feature", "properties": { "GRID_CD_x": "마마353037", "SCH_POP": 13.269205227834687 }, "geometry": { "type": "MultiPolygon", "coordinates": [ [ [ [ 128.988469791467054, 35.319711859357398 ], [ 128.988486313709245, 35.320613250608744 ], [ 128.989586120081839, 35.320599703835562 ], [ 128.989569585642784, 35.319698313033292 ], [ 128.988469791467054, 35.319711859357398 ] ] ] ] } },
{ "type": "Feature", "properties": { "GRID_CD_x": "마마353038", "SCH_POP": 44.429473684210528 }, "geometry": { "type": "MultiPolygon", "coordinates": [ [ [ [ 128.988486313709245, 35.320613250608744 ], [ 128.988502836684944, 35.321514641718707 ], [ 128.98960265525497, 35.321501094496426 ], [ 128.989586120081839, 35.320599703835562 ], [ 128.988486313709245, 35.320613250608744 ] ] ] ] } },
{ "type": "Feature", "properties": { "GRID_CD_x": "마마353039", "SCH_POP": 0.0 }, "geometry": { "type": "MultiPolygon", "coordinates": [ [ [ [ 128.988502836684944, 35.321514641718707 ], [ 128.988519360394292, 35.322416032687286 ], [ 128.989619191162291, 35.322402485015914 ], [ 128.98960265525497, 35.321501094496426 ], [ 128.988502836684944, 35.321514641718707 ] ] ] ] } },
{ "type": "Feature", "properties": { "GRID_CD_x": "마마353040", "SCH_POP": 0.0 }, "geometry": { "type": "MultiPolygon", "coordinates": [ [ [ [ 128.988519360394292, 35.322416032687286 ], [ 128.988535884837262, 35.323317423514482 ], [ 128.989635727803744, 35.323303875393989 ], [ 128.989619191162291, 35.322402485015914 ], [ 128.988519360394292, 35.322416032687286 ] ] ] ] } },
{ "type": "Feature", "properties": { "GRID_CD_x": "마마353041", "SCH_POP": 0.0 }, "geometry": { "type": "MultiPolygon", "coordinates": [ [ [ [ 128.988535884837262, 35.323317423514482 ], [ 128.988552410013909, 35.324218814200293 ], [ 128.989652265179444, 35.324205265630674 ], [ 128.989635727803744, 35.323303875393989 ], [ 128.988535884837262, 35.323317423514482 ] ] ] ] } },
{ "type": "Feature", "properties": { "GRID_CD_x": "마마353042", "SCH_POP": 0.0 }, "geometry": { "type": "MultiPolygon", "coordinates": [ [ [ [ 128.988552410013909, 35.324218814200293 ], [ 128.988568935924235, 35.325120204744707 ], [ 128.989668803289391, 35.325106655725953 ], [ 128.989652265179444, 35.324205265630674 ], [ 128.988552410013909, 35.324218814200293 ] ] ] ] } },
{ "type": "Feature", "properties": { "GRID_CD_x": "마마353043", "SCH_POP": 0.0 }, "geometry": { "type": "MultiPolygon", "coordinates": [ [ [ [ 128.988568935924235, 35.325120204744707 ], [ 128.988585462568352, 35.326021595147729 ], [ 128.989685342133583, 35.326008045679849 ], [ 128.989668803289391, 35.325106655725953 ], [ 128.988568935924235, 35.325120204744707 ] ] ] ] } },
{ "type": "Feature", "properties": { "GRID_CD_x": "마마353044", "SCH_POP": 0.0 }, "geometry": { "type": "MultiPolygon", "coordinates": [ [ [ [ 128.988585462568352, 35.326021595147729 ], [ 128.988601989946176, 35.326922985409361 ], [ 128.989701881712108, 35.326909435492325 ], [ 128.989685342133583, 35.326008045679849 ], [ 128.988585462568352, 35.326021595147729 ] ] ] ] } },
{ "type": "Feature", "properties": { "GRID_CD_x": "마마353045", "SCH_POP": 0.0 }, "geometry": { "type": "MultiPolygon", "coordinates": [ [ [ [ 128.988601989946176, 35.326922985409361 ], [ 128.988618518057791, 35.327824375529588 ], [ 128.989718422024936, 35.327810825163397 ], [ 128.989701881712108, 35.326909435492325 ], [ 128.988601989946176, 35.326922985409361 ] ] ] ] } },
{ "type": "Feature", "properties": { "GRID_CD_x": "마마353046", "SCH_POP": 0.0 }, "geometry": { "type": "MultiPolygon", "coordinates": [ [ [ [ 128.988618518057791, 35.327824375529588 ], [ 128.988635046903283, 35.32872576550843 ], [ 128.989734963072181, 35.328712214693056 ], [ 128.989718422024936, 35.327810825163397 ], [ 128.988618518057791, 35.327824375529588 ] ] ] ] } },
{ "type": "Feature", "properties": { "GRID_CD_x": "마마353047", "SCH_POP": 0.0 }, "geometry": { "type": "MultiPolygon", "coordinates": [ [ [ [ 128.988635046903283, 35.32872576550843 ], [ 128.988651576482624, 35.329627155345861 ], [ 128.989751504853814, 35.32961360408131 ], [ 128.989734963072181, 35.328712214693056 ], [ 128.988635046903283, 35.32872576550843 ] ] ] ] } },
{ "type": "Feature", "properties": { "GRID_CD_x": "마마353048", "SCH_POP": 0.0 }, "geometry": { "type": "MultiPolygon", "coordinates": [ [ [ [ 128.988651576482624, 35.329627155345861 ], [ 128.988668106795842, 35.330528545041894 ], [ 128.989768047369864, 35.330514993328151 ], [ 128.989751504853814, 35.32961360408131 ], [ 128.988651576482624, 35.329627155345861 ] ] ] ] } },
{ "type": "Feature", "properties": { "GRID_CD_x": "마마353049", "SCH_POP": 0.0 }, "geometry": { "type": "MultiPolygon", "coordinates": [ [ [ [ 128.988668106795842, 35.330528545041894 ], [ 128.988684637843022, 35.331429934596535 ], [ 128.989784590620445, 35.331416382433581 ], [ 128.989768047369864, 35.330514993328151 ], [ 128.988668106795842, 35.330528545041894 ] ] ] ] } },
{ "type": "Feature", "properties": { "GRID_CD_x": "마마353050", "SCH_POP": 0.0 }, "geometry": { "type": "MultiPolygon", "coordinates": [ [ [ [ 128.988684637843022, 35.331429934596535 ], [ 128.988701169624136, 35.332331324009758 ], [ 128.989801134605472, 35.332317771397605 ], [ 128.989784590620445, 35.331416382433581 ], [ 128.988684637843022, 35.331429934596535 ] ] ] ] } },
{ "type": "Feature", "properties": { "GRID_CD_x": "마마353051", "SCH_POP": 0.0 }, "geometry": { "type": "MultiPolygon", "coordinates": [ [ [ [ 128.988701169624136, 35.332331324009758 ], [ 128.98871770213924, 35.333232713281568 ], [ 128.989817679325029, 35.333219160220196 ], [ 128.989801134605472, 35.332317771397605 ], [ 128.988701169624136, 35.332331324009758 ] ] ] ] } },
{ "type": "Feature", "properties": { "GRID_CD_x": "마마353052", "SCH_POP": 0.0 }, "geometry": { "type": "MultiPolygon", "coordinates": [ [ [ [ 128.98871770213924, 35.333232713281568 ], [ 128.988734235388364, 35.334134102411994 ], [ 128.989834224779173, 35.334120548901389 ], [ 128.989817679325029, 35.333219160220196 ], [ 128.98871770213924, 35.333232713281568 ] ] ] ] } },
{ "type": "Feature", "properties": { "GRID_CD_x": "마마354006", "SCH_POP": 0.0 }, "geometry": { "type": "MultiPolygon", "coordinates": [ [ [ [ 128.989057381974732, 35.291755128042283 ], [ 128.989073893672384, 35.29265652322681 ], [ 128.990173321459991, 35.292642980381949 ], [ 128.990156797582216, 35.291741585646527 ], [ 128.989057381974732, 35.291755128042283 ] ] ] ] } },
{ "type": "Feature", "properties": { "GRID_CD_x": "마마354007", "SCH_POP": 0.0 }, "geometry": { "type": "MultiPolygon", "coordinates": [ [ [ [ 128.989073893672384, 35.29265652322681 ], [ 128.989090406103173, 35.293557918270011 ], [ 128.990189846071416, 35.29354437497603 ], [ 128.990173321459991, 35.292642980381949 ], [ 128.989073893672384, 35.29265652322681 ] ] ] ] } },
{ "type": "Feature", "properties": { "GRID_CD_x": "마마354008", "SCH_POP": 0.0 }, "geometry": { "type": "MultiPolygon", "coordinates": [ [ [ [ 128.989090406103173, 35.293557918270011 ], [ 128.989106919267101, 35.294459313171863 ], [ 128.990206371416519, 35.294445769428741 ], [ 128.990189846071416, 35.29354437497603 ], [ 128.989090406103173, 35.293557918270011 ] ] ] ] } },
{ "type": "Feature", "properties": { "GRID_CD_x": "마마354009", "SCH_POP": 0.0 }, "geometry": { "type": "MultiPolygon", "coordinates": [ [ [ [ 128.989106919267101, 35.294459313171863 ], [ 128.989123433164195, 35.295360707932367 ], [ 128.9902228974953, 35.295347163740118 ], [ 128.990206371416519, 35.294445769428741 ], [ 128.989106919267101, 35.294459313171863 ] ] ] ] } },
{ "type": "Feature", "properties": { "GRID_CD_x": "마마354010", "SCH_POP": 0.0 }, "geometry": { "type": "MultiPolygon", "coordinates": [ [ [ [ 128.989123433164195, 35.295360707932367 ], [ 128.989139947794513, 35.296262102551559 ], [ 128.990239424307845, 35.296248557910161 ], [ 128.9902228974953, 35.295347163740118 ], [ 128.989123433164195, 35.295360707932367 ] ] ] ] } },
{ "type": "Feature", "properties": { "GRID_CD_x": "마마354011", "SCH_POP": 0.0 }, "geometry": { "type": "MultiPolygon", "coordinates": [ [ [ [ 128.989139947794513, 35.296262102551559 ], [ 128.989156463158025, 35.297163497029388 ], [ 128.990255951854181, 35.297149951938827 ], [ 128.990239424307845, 35.296248557910161 ], [ 128.989139947794513, 35.296262102551559 ] ] ] ] } },
{ "type": "Feature", "properties": { "GRID_CD_x": "마마354012", "SCH_POP": 0.0 }, "geometry": { "type": "MultiPolygon", "coordinates": [ [ [ [ 128.989156463158025, 35.297163497029388 ], [ 128.989172979254818, 35.298064891365868 ], [ 128.990272480134308, 35.298051345826124 ], [ 128.990255951854181, 35.297149951938827 ], [ 128.989156463158025, 35.297163497029388 ] ] ] ] } },
{ "type": "Feature", "properties": { "GRID_CD_x": "마마354013", "SCH_POP": 0.0 }, "geometry": { "type": "MultiPolygon", "coordinates": [ [ [ [ 128.989172979254818, 35.298064891365868 ], [ 128.989189496084947, 35.298966285561008 ], [ 128.990289009148285, 35.298952739572101 ], [ 128.990272480134308, 35.298051345826124 ], [ 128.989172979254818, 35.298064891365868 ] ] ] ] } },
{ "type": "Feature", "properties": { "GRID_CD_x": "마마354014", "SCH_POP": 0.0 }, "geometry": { "type": "MultiPolygon", "coordinates": [ [ [ [ 128.989189496084947, 35.298966285561008 ], [ 128.989206013648385, 35.299867679614806 ], [ 128.990305538896138, 35.299854133176702 ], [ 128.990289009148285, 35.298952739572101 ], [ 128.989189496084947, 35.298966285561008 ] ] ] ] } },
{ "type": "Feature", "properties": { "GRID_CD_x": "마마354015", "SCH_POP": 0.0 }, "geometry": { "type": "MultiPolygon", "coordinates": [ [ [ [ 128.989206013648385, 35.299867679614806 ], [ 128.98922253194516, 35.300769073527256 ], [ 128.990322069377896, 35.300755526639954 ], [ 128.990305538896138, 35.299854133176702 ], [ 128.989206013648385, 35.299867679614806 ] ] ] ] } },
{ "type": "Feature", "properties": { "GRID_CD_x": "마마354016", "SCH_POP": 0.0 }, "geometry": { "type": "MultiPolygon", "coordinates": [ [ [ [ 128.98922253194516, 35.300769073527256 ], [ 128.989239050975385, 35.301670467298337 ], [ 128.99033860059356, 35.301656919961829 ], [ 128.990322069377896, 35.300755526639954 ], [ 128.98922253194516, 35.300769073527256 ] ] ] ] } },
{ "type": "Feature", "properties": { "GRID_CD_x": "마마354017", "SCH_POP": 0.0 }, "geometry": { "type": "MultiPolygon", "coordinates": [ [ [ [ 128.989239050975385, 35.301670467298337 ], [ 128.989255570738976, 35.302571860928069 ], [ 128.990355132543215, 35.302558313142349 ], [ 128.99033860059356, 35.301656919961829 ], [ 128.989239050975385, 35.301670467298337 ] ] ] ] } },
{ "type": "Feature", "properties": { "GRID_CD_x": "마마354018", "SCH_POP": 0.0 }, "geometry": { "type": "MultiPolygon", "coordinates": [ [ [ [ 128.989255570738976, 35.302571860928069 ], [ 128.989272091236074, 35.303473254416453 ], [ 128.990371665226888, 35.303459706181492 ], [ 128.990355132543215, 35.302558313142349 ], [ 128.989255570738976, 35.302571860928069 ] ] ] ] } },
{ "type": "Feature", "properties": { "GRID_CD_x": "마마354019", "SCH_POP": 0.0 }, "geometry": { "type": "MultiPolygon", "coordinates": [ [ [ [ 128.989272091236074, 35.303473254416453 ], [ 128.98928861246668, 35.304374647763467 ], [ 128.990388198644581, 35.30436109907928 ], [ 128.990371665226888, 35.303459706181492 ], [ 128.989272091236074, 35.303473254416453 ] ] ] ] } },
{ "type": "Feature", "properties": { "GRID_CD_x": "마마354020", "SCH_POP": 0.0 }, "geometry": { "type": "MultiPolygon", "coordinates": [ [ [ [ 128.98928861246668, 35.304374647763467 ], [ 128.989305134430765, 35.305276040969126 ], [ 128.99040473279635, 35.305262491835691 ], [ 128.990388198644581, 35.30436109907928 ], [ 128.98928861246668, 35.304374647763467 ] ] ] ] } },
{ "type": "Feature", "properties": { "GRID_CD_x": "마마354021", "SCH_POP": 5.7631673334253017 }, "geometry": { "type": "MultiPolygon", "coordinates": [ [ [ [ 128.989305134430765, 35.305276040969126 ], [ 128.989321657128443, 35.306177434033422 ], [ 128.990421267682223, 35.306163884450733 ], [ 128.99040473279635, 35.305262491835691 ], [ 128.989305134430765, 35.305276040969126 ] ] ] ] } },
{ "type": "Feature", "properties": { "GRID_CD_x": "마마354022", "SCH_POP": 12.132983859842739 }, "geometry": { "type": "MultiPolygon", "coordinates": [ [ [ [ 128.989321657128443, 35.306177434033422 ], [ 128.989338180559713, 35.307078826956371 ], [ 128.990437803302228, 35.307065276924412 ], [ 128.990421267682223, 35.306163884450733 ], [ 128.989321657128443, 35.306177434033422 ] ] ] ] } },
{ "type": "Feature", "properties": { "GRID_CD_x": "마마354023", "SCH_POP": 7.2797903159056441 }, "geometry": { "type": "MultiPolygon", "coordinates": [ [ [ [ 128.989338180559713, 35.307078826956371 ], [ 128.989354704724605, 35.307980219737935 ], [ 128.990454339656367, 35.3079666692567 ], [ 128.990437803302228, 35.307065276924412 ], [ 128.989338180559713, 35.307078826956371 ] ] ] ] } },
{ "type": "Feature", "properties": { "GRID_CD_x": "마마354024", "SCH_POP": 24.265967719685477 }, "geometry": { "type": "MultiPolygon", "coordinates": [ [ [ [ 128.989354704724605, 35.307980219737935 ], [ 128.989371229623146, 35.308881612378144 ], [ 128.990470876744752, 35.308868061447612 ], [ 128.990454339656367, 35.3079666692567 ], [ 128.989354704724605, 35.307980219737935 ] ] ] ] } },
{ "type": "Feature", "properties": { "GRID_CD_x": "마마354025", "SCH_POP": 42.162118912953517 }, "geometry": { "type": "MultiPolygon", "coordinates": [ [ [ [ 128.989371229623146, 35.308881612378144 ], [ 128.989387755255365, 35.309783004876969 ], [ 128.990487414567355, 35.309769453497161 ], [ 128.990470876744752, 35.308868061447612 ], [ 128.989371229623146, 35.308881612378144 ] ] ] ] } },
{ "type": "Feature", "properties": { "GRID_CD_x": "마마354026", "SCH_POP": 0.0 }, "geometry": { "type": "MultiPolygon", "coordinates": [ [ [ [ 128.989387755255365, 35.309783004876969 ], [ 128.989404281621319, 35.310684397234439 ], [ 128.990503953124204, 35.310670845405312 ], [ 128.990487414567355, 35.309769453497161 ], [ 128.989387755255365, 35.309783004876969 ] ] ] ] } },
{ "type": "Feature", "properties": { "GRID_CD_x": "마마354027", "SCH_POP": 31.242433439095052 }, "geometry": { "type": "MultiPolygon", "coordinates": [ [ [ [ 128.989404281621319, 35.310684397234439 ], [ 128.989420808721064, 35.311585789450547 ], [ 128.990520492415357, 35.311572237172101 ], [ 128.990503953124204, 35.310670845405312 ], [ 128.989404281621319, 35.310684397234439 ] ] ] ] } },
{ "type": "Feature", "properties": { "GRID_CD_x": "마마354028", "SCH_POP": 52.32349289557181 }, "geometry": { "type": "MultiPolygon", "coordinates": [ [ [ [ 128.989420808721064, 35.311585789450547 ], [ 128.989437336554545, 35.312487181525256 ], [ 128.990537032440812, 35.312473628797477 ], [ 128.990520492415357, 35.311572237172101 ], [ 128.989420808721064, 35.311585789450547 ] ] ] ] } },
{ "type": "Feature", "properties": { "GRID_CD_x": "마마354029", "SCH_POP": 85.840860808387376 }, "geometry": { "type": "MultiPolygon", "coordinates": [ [ [ [ 128.989437336554545, 35.312487181525256 ], [ 128.989453865121845, 35.313388573458603 ], [ 128.990553573200685, 35.313375020281491 ], [ 128.990537032440812, 35.312473628797477 ], [ 128.989437336554545, 35.312487181525256 ] ] ] ] } },
{ "type": "Feature", "properties": { "GRID_CD_x": "마마354030", "SCH_POP": 40.254892264217595 }, "geometry": { "type": "MultiPolygon", "coordinates": [ [ [ [ 128.989453865121845, 35.313388573458603 ], [ 128.989470394423023, 35.314289965250552 ], [ 128.990570114694918, 35.314276411624107 ], [ 128.990553573200685, 35.313375020281491 ], [ 128.989453865121845, 35.313388573458603 ] ] ] ] } },
{ "type": "Feature", "properties": { "GRID_CD_x": "마마354031", "SCH_POP": 8.6473472271282237 }, "geometry": { "type": "MultiPolygon", "coordinates": [ [ [ [ 128.989470394423023, 35.314289965250552 ], [ 128.989486924458078, 35.315191356901138 ], [ 128.990586656923568, 35.315177802825332 ], [ 128.990570114694918, 35.314276411624107 ], [ 128.989470394423023, 35.314289965250552 ] ] ] ] } },
{ "type": "Feature", "properties": { "GRID_CD_x": "마마354032", "SCH_POP": 9.8400847756976333 }, "geometry": { "type": "MultiPolygon", "coordinates": [ [ [ [ 128.989486924458078, 35.315191356901138 ], [ 128.989503455227066, 35.316092748410341 ], [ 128.990603199886664, 35.316079193885173 ], [ 128.990586656923568, 35.315177802825332 ], [ 128.989486924458078, 35.315191356901138 ] ] ] ] } },
{ "type": "Feature", "properties": { "GRID_CD_x": "마마354033", "SCH_POP": 1.1927375485694101 }, "geometry": { "type": "MultiPolygon", "coordinates": [ [ [ [ 128.989503455227066, 35.316092748410341 ], [ 128.989519986729988, 35.316994139778167 ], [ 128.99061974358429, 35.316980584803623 ], [ 128.990603199886664, 35.316079193885173 ], [ 128.989503455227066, 35.316092748410341 ] ] ] ] } },
{ "type": "Feature", "properties": { "GRID_CD_x": "마마354034", "SCH_POP": 2.683659484281173 }, "geometry": { "type": "MultiPolygon", "coordinates": [ [ [ [ 128.989519986729988, 35.316994139778167 ], [ 128.989536518966872, 35.317895531004602 ], [ 128.990636288016447, 35.317881975580676 ], [ 128.99061974358429, 35.316980584803623 ], [ 128.989519986729988, 35.316994139778167 ] ] ] ] } },
{ "type": "Feature", "properties": { "GRID_CD_x": "마마354035", "SCH_POP": 3.4291204521370542 }, "geometry": { "type": "MultiPolygon", "coordinates": [ [ [ [ 128.989536518966872, 35.317895531004602 ], [ 128.989553051937804, 35.318796922089639 ], [ 128.990652833183105, 35.318783366216323 ], [ 128.990636288016447, 35.317881975580676 ], [ 128.989536518966872, 35.317895531004602 ] ] ] ] } },
{ "type": "Feature", "properties": { "GRID_CD_x": "마마354036", "SCH_POP": 7.9018862592723416 }, "geometry": { "type": "MultiPolygon", "coordinates": [ [ [ [ 128.989553051937804, 35.318796922089639 ], [ 128.989569585642784, 35.319698313033292 ], [ 128.990669379084409, 35.319684756710572 ], [ 128.990652833183105, 35.318783366216323 ], [ 128.989553051937804, 35.318796922089639 ] ] ] ] } },
{ "type": "Feature", "properties": { "GRID_CD_x": "마마354037", "SCH_POP": 45.77130342635111 }, "geometry": { "type": "MultiPolygon", "coordinates": [ [ [ [ 128.989569585642784, 35.319698313033292 ], [ 128.989586120081839, 35.320599703835562 ], [ 128.9906859257203, 35.320586147063423 ], [ 128.990669379084409, 35.319684756710572 ], [ 128.989569585642784, 35.319698313033292 ] ] ] ] } },
{ "type": "Feature", "properties": { "GRID_CD_x": "마마354038", "SCH_POP": 97.506294595549278 }, "geometry": { "type": "MultiPolygon", "coordinates": [ [ [ [ 128.989586120081839, 35.320599703835562 ], [ 128.98960265525497, 35.321501094496426 ], [ 128.990702473090835, 35.321487537274876 ], [ 128.9906859257203, 35.320586147063423 ], [ 128.989586120081839, 35.320599703835562 ] ] ] ] } },
{ "type": "Feature", "properties": { "GRID_CD_x": "마마354039", "SCH_POP": 42.043998587071705 }, "geometry": { "type": "MultiPolygon", "coordinates": [ [ [ [ 128.98960265525497, 35.321501094496426 ], [ 128.989619191162291, 35.322402485015914 ], [ 128.990719021196071, 35.322388927344917 ], [ 128.990702473090835, 35.321487537274876 ], [ 128.98960265525497, 35.321501094496426 ] ] ] ] } },
{ "type": "Feature", "properties": { "GRID_CD_x": "마마354040", "SCH_POP": 0.0 }, "geometry": { "type": "MultiPolygon", "coordinates": [ [ [ [ 128.989619191162291, 35.322402485015914 ], [ 128.989635727803744, 35.323303875393989 ], [ 128.990735570036037, 35.32329031727356 ], [ 128.990719021196071, 35.322388927344917 ], [ 128.989619191162291, 35.322402485015914 ] ] ] ] } },
{ "type": "Feature", "properties": { "GRID_CD_x": "마마354041", "SCH_POP": 0.0 }, "geometry": { "type": "MultiPolygon", "coordinates": [ [ [ [ 128.989635727803744, 35.323303875393989 ], [ 128.989652265179444, 35.324205265630674 ], [ 128.990752119610733, 35.324191707060784 ], [ 128.990735570036037, 35.32329031727356 ], [ 128.989635727803744, 35.323303875393989 ] ] ] ] } },
{ "type": "Feature", "properties": { "GRID_CD_x": "마마354042", "SCH_POP": 0.0 }, "geometry": { "type": "MultiPolygon", "coordinates": [ [ [ [ 128.989652265179444, 35.324205265630674 ], [ 128.989668803289391, 35.325106655725953 ], [ 128.990768669920243, 35.325093096706603 ], [ 128.990752119610733, 35.324191707060784 ], [ 128.989652265179444, 35.324205265630674 ] ] ] ] } },
{ "type": "Feature", "properties": { "GRID_CD_x": "마마354043", "SCH_POP": 0.0 }, "geometry": { "type": "MultiPolygon", "coordinates": [ [ [ [ 128.989668803289391, 35.325106655725953 ], [ 128.989685342133583, 35.326008045679849 ], [ 128.990785220964511, 35.325994486211016 ], [ 128.990768669920243, 35.325093096706603 ], [ 128.989668803289391, 35.325106655725953 ] ] ] ] } },
{ "type": "Feature", "properties": { "GRID_CD_x": "마마354044", "SCH_POP": 0.0 }, "geometry": { "type": "MultiPolygon", "coordinates": [ [ [ [ 128.989685342133583, 35.326008045679849 ], [ 128.989701881712108, 35.326909435492325 ], [ 128.99080177274368, 35.32689587557401 ], [ 128.990785220964511, 35.325994486211016 ], [ 128.989685342133583, 35.326008045679849 ] ] ] ] } },
{ "type": "Feature", "properties": { "GRID_CD_x": "마마354045", "SCH_POP": 0.0 }, "geometry": { "type": "MultiPolygon", "coordinates": [ [ [ [ 128.989701881712108, 35.326909435492325 ], [ 128.989718422024936, 35.327810825163397 ], [ 128.99081832525772, 35.327797264795592 ], [ 128.99080177274368, 35.32689587557401 ], [ 128.989701881712108, 35.326909435492325 ] ] ] ] } },
{ "type": "Feature", "properties": { "GRID_CD_x": "마마354046", "SCH_POP": 0.0 }, "geometry": { "type": "MultiPolygon", "coordinates": [ [ [ [ 128.989718422024936, 35.327810825163397 ], [ 128.989734963072181, 35.328712214693056 ], [ 128.990834878506661, 35.328698653875762 ], [ 128.99081832525772, 35.327797264795592 ], [ 128.989718422024936, 35.327810825163397 ] ] ] ] } },
{ "type": "Feature", "properties": { "GRID_CD_x": "마마354047", "SCH_POP": 0.0 }, "geometry": { "type": "MultiPolygon", "coordinates": [ [ [ [ 128.989734963072181, 35.328712214693056 ], [ 128.989751504853814, 35.32961360408131 ], [ 128.990851432490587, 35.329600042814505 ], [ 128.990834878506661, 35.328698653875762 ], [ 128.989734963072181, 35.328712214693056 ] ] ] ] } },
{ "type": "Feature", "properties": { "GRID_CD_x": "마마354048", "SCH_POP": 0.0 }, "geometry": { "type": "MultiPolygon", "coordinates": [ [ [ [ 128.989751504853814, 35.32961360408131 ], [ 128.989768047369864, 35.330514993328151 ], [ 128.990867987209441, 35.330501431611815 ], [ 128.990851432490587, 35.329600042814505 ], [ 128.989751504853814, 35.32961360408131 ] ] ] ] } },
{ "type": "Feature", "properties": { "GRID_CD_x": "마마354049", "SCH_POP": 0.0 }, "geometry": { "type": "MultiPolygon", "coordinates": [ [ [ [ 128.989768047369864, 35.330514993328151 ], [ 128.989784590620445, 35.331416382433581 ], [ 128.990884542663338, 35.331402820267719 ], [ 128.990867987209441, 35.330501431611815 ], [ 128.989768047369864, 35.330514993328151 ] ] ] ] } },
{ "type": "Feature", "properties": { "GRID_CD_x": "마마354050", "SCH_POP": 0.0 }, "geometry": { "type": "MultiPolygon", "coordinates": [ [ [ [ 128.989784590620445, 35.331416382433581 ], [ 128.989801134605472, 35.332317771397605 ], [ 128.990901098852277, 35.332304208782197 ], [ 128.990884542663338, 35.331402820267719 ], [ 128.989784590620445, 35.331416382433581 ] ] ] ] } },
{ "type": "Feature", "properties": { "GRID_CD_x": "마마354051", "SCH_POP": 0.0 }, "geometry": { "type": "MultiPolygon", "coordinates": [ [ [ [ 128.989801134605472, 35.332317771397605 ], [ 128.989817679325029, 35.333219160220196 ], [ 128.990917655776258, 35.333205597155249 ], [ 128.990901098852277, 35.332304208782197 ], [ 128.989801134605472, 35.332317771397605 ] ] ] ] } },
{ "type": "Feature", "properties": { "GRID_CD_x": "마마354052", "SCH_POP": 0.0 }, "geometry": { "type": "MultiPolygon", "coordinates": [ [ [ [ 128.989817679325029, 35.333219160220196 ], [ 128.989834224779173, 35.334120548901389 ], [ 128.990934213435395, 35.334106985386875 ], [ 128.990917655776258, 35.333205597155249 ], [ 128.989817679325029, 35.333219160220196 ] ] ] ] } },
{ "type": "Feature", "properties": { "GRID_CD_x": "마마354053", "SCH_POP": 0.0 }, "geometry": { "type": "MultiPolygon", "coordinates": [ [ [ [ 128.989834224779173, 35.334120548901389 ], [ 128.989850770967905, 35.335021937441148 ], [ 128.990950771829631, 35.335008373477059 ], [ 128.990934213435395, 35.334106985386875 ], [ 128.989834224779173, 35.334120548901389 ] ] ] ] } },
{ "type": "Feature", "properties": { "GRID_CD_x": "마마355005", "SCH_POP": 0.0 }, "geometry": { "type": "MultiPolygon", "coordinates": [ [ [ [ 128.99014027443809, 35.290840190769757 ], [ 128.990156797582216, 35.291741585646527 ], [ 128.991256212456136, 35.291728033262444 ], [ 128.991239677132455, 35.2908266388351 ], [ 128.99014027443809, 35.290840190769757 ] ] ] ] } },
{ "type": "Feature", "properties": { "GRID_CD_x": "마마355006", "SCH_POP": 0.0 }, "geometry": { "type": "MultiPolygon", "coordinates": [ [ [ [ 128.990156797582216, 35.291741585646527 ], [ 128.990173321459991, 35.292642980381949 ], [ 128.99127274851395, 35.292629427548427 ], [ 128.991256212456136, 35.291728033262444 ], [ 128.990156797582216, 35.291741585646527 ] ] ] ] } },
{ "type": "Feature", "properties": { "GRID_CD_x": "마마355007", "SCH_POP": 0.0 }, "geometry": { "type": "MultiPolygon", "coordinates": [ [ [ [ 128.990173321459991, 35.292642980381949 ], [ 128.990189846071416, 35.29354437497603 ], [ 128.991289285305953, 35.293530821693047 ], [ 128.99127274851395, 35.292629427548427 ], [ 128.990173321459991, 35.292642980381949 ] ] ] ] } },
{ "type": "Feature", "properties": { "GRID_CD_x": "마마355008", "SCH_POP": 0.0 }, "geometry": { "type": "MultiPolygon", "coordinates": [ [ [ [ 128.990189846071416, 35.29354437497603 ], [ 128.990206371416519, 35.294445769428741 ], [ 128.991305822832203, 35.294432215696304 ], [ 128.991289285305953, 35.293530821693047 ], [ 128.990189846071416, 35.29354437497603 ] ] ] ] } },
{ "type": "Feature", "properties": { "GRID_CD_x": "마마355009", "SCH_POP": 0.0 }, "geometry": { "type": "MultiPolygon", "coordinates": [ [ [ [ 128.990206371416519, 35.294445769428741 ], [ 128.9902228974953, 35.295347163740118 ], [ 128.991322361092671, 35.295333609558206 ], [ 128.991305822832203, 35.294432215696304 ], [ 128.990206371416519, 35.294445769428741 ] ] ] ] } },
{ "type": "Feature", "properties": { "GRID_CD_x": "마마355010", "SCH_POP": 0.0 }, "geometry": { "type": "MultiPolygon", "coordinates": [ [ [ [ 128.9902228974953, 35.295347163740118 ], [ 128.990239424307845, 35.296248557910161 ], [ 128.991338900087442, 35.29623500327876 ], [ 128.991322361092671, 35.295333609558206 ], [ 128.9902228974953, 35.295347163740118 ] ] ] ] } },
{ "type": "Feature", "properties": { "GRID_CD_x": "마마355011", "SCH_POP": 0.0 }, "geometry": { "type": "MultiPolygon", "coordinates": [ [ [ [ 128.990239424307845, 35.296248557910161 ], [ 128.990255951854181, 35.297149951938827 ], [ 128.991355439816516, 35.297136396857944 ], [ 128.991338900087442, 35.29623500327876 ], [ 128.990239424307845, 35.296248557910161 ] ] ] ] } },
{ "type": "Feature", "properties": { "GRID_CD_x": "마마355012", "SCH_POP": 0.0 }, "geometry": { "type": "MultiPolygon", "coordinates": [ [ [ [ 128.990255951854181, 35.297149951938827 ], [ 128.990272480134308, 35.298051345826124 ], [ 128.991371980279951, 35.298037790295758 ], [ 128.991355439816516, 35.297136396857944 ], [ 128.990255951854181, 35.297149951938827 ] ] ] ] } },
{ "type": "Feature", "properties": { "GRID_CD_x": "마마355013", "SCH_POP": 0.0 }, "geometry": { "type": "MultiPolygon", "coordinates": [ [ [ [ 128.990272480134308, 35.298051345826124 ], [ 128.990289009148285, 35.298952739572101 ], [ 128.991388521477745, 35.298939183592211 ], [ 128.991371980279951, 35.298037790295758 ], [ 128.990272480134308, 35.298051345826124 ] ] ] ] } },
{ "type": "Feature", "properties": { "GRID_CD_x": "마마355014", "SCH_POP": 0.0 }, "geometry": { "type": "MultiPolygon", "coordinates": [ [ [ [ 128.990289009148285, 35.298952739572101 ], [ 128.990305538896138, 35.299854133176702 ], [ 128.991405063409985, 35.299840576747293 ], [ 128.991388521477745, 35.298939183592211 ], [ 128.990289009148285, 35.298952739572101 ] ] ] ] } },
{ "type": "Feature", "properties": { "GRID_CD_x": "마마355015", "SCH_POP": 0.0 }, "geometry": { "type": "MultiPolygon", "coordinates": [ [ [ [ 128.990305538896138, 35.299854133176702 ], [ 128.990322069377896, 35.300755526639954 ], [ 128.991421606076642, 35.300741969761013 ], [ 128.991405063409985, 35.299840576747293 ], [ 128.990305538896138, 35.299854133176702 ] ] ] ] } },
{ "type": "Feature", "properties": { "GRID_CD_x": "마마355016", "SCH_POP": 0.0 }, "geometry": { "type": "MultiPolygon", "coordinates": [ [ [ [ 128.990322069377896, 35.300755526639954 ], [ 128.99033860059356, 35.301656919961829 ], [ 128.991438149477801, 35.301643362633357 ], [ 128.991421606076642, 35.300741969761013 ], [ 128.990322069377896, 35.300755526639954 ] ] ] ] } },
{ "type": "Feature", "properties": { "GRID_CD_x": "마마355017", "SCH_POP": 0.0 }, "geometry": { "type": "MultiPolygon", "coordinates": [ [ [ [ 128.99033860059356, 35.301656919961829 ], [ 128.990355132543215, 35.302558313142349 ], [ 128.991454693613434, 35.302544755364323 ], [ 128.991438149477801, 35.301643362633357 ], [ 128.99033860059356, 35.301656919961829 ] ] ] ] } },
{ "type": "Feature", "properties": { "GRID_CD_x": "마마355018", "SCH_POP": 0.0 }, "geometry": { "type": "MultiPolygon", "coordinates": [ [ [ [ 128.990355132543215, 35.302558313142349 ], [ 128.990371665226888, 35.303459706181492 ], [ 128.991471238483683, 35.303446147953913 ], [ 128.991454693613434, 35.302544755364323 ], [ 128.990355132543215, 35.302558313142349 ] ] ] ] } },
{ "type": "Feature", "properties": { "GRID_CD_x": "마마355019", "SCH_POP": 0.84210526315789502 }, "geometry": { "type": "MultiPolygon", "coordinates": [ [ [ [ 128.990371665226888, 35.303459706181492 ], [ 128.990388198644581, 35.30436109907928 ], [ 128.991487784088463, 35.304347540402119 ], [ 128.991471238483683, 35.303446147953913 ], [ 128.990371665226888, 35.303459706181492 ] ] ] ] } },
{ "type": "Feature", "properties": { "GRID_CD_x": "마마355020", "SCH_POP": 0.0 }, "geometry": { "type": "MultiPolygon", "coordinates": [ [ [ [ 128.990388198644581, 35.30436109907928 ], [ 128.99040473279635, 35.305262491835691 ], [ 128.99150433042783, 35.305248932708956 ], [ 128.991487784088463, 35.304347540402119 ], [ 128.990388198644581, 35.30436109907928 ] ] ] ] } },
{ "type": "Feature", "properties": { "GRID_CD_x": "마마355021", "SCH_POP": 0.0 }, "geometry": { "type": "MultiPolygon", "coordinates": [ [ [ [ 128.99040473279635, 35.305262491835691 ], [ 128.990421267682223, 35.306163884450733 ], [ 128.991520877501841, 35.306150324874409 ], [ 128.99150433042783, 35.305248932708956 ], [ 128.99040473279635, 35.305262491835691 ] ] ] ] } },
{ "type": "Feature", "properties": { "GRID_CD_x": "마마355022", "SCH_POP": 3.4882328597047869 }, "geometry": { "type": "MultiPolygon", "coordinates": [ [ [ [ 128.990421267682223, 35.306163884450733 ], [ 128.990437803302228, 35.307065276924412 ], [ 128.991537425310554, 35.307051716898485 ], [ 128.991520877501841, 35.306150324874409 ], [ 128.990421267682223, 35.306163884450733 ] ] ] ] } },
{ "type": "Feature", "properties": { "GRID_CD_x": "마마355023", "SCH_POP": 26.540902193405991 }, "geometry": { "type": "MultiPolygon", "coordinates": [ [ [ [ 128.990437803302228, 35.307065276924412 ], [ 128.990454339656367, 35.3079666692567 ], [ 128.991553973853996, 35.307953108781177 ], [ 128.991537425310554, 35.307051716898485 ], [ 128.990437803302228, 35.307065276924412 ] ] ] ] } },
{ "type": "Feature", "properties": { "GRID_CD_x": "마마355024", "SCH_POP": 60.058270106221563 }, "geometry": { "type": "MultiPolygon", "coordinates": [ [ [ [ 128.990454339656367, 35.3079666692567 ], [ 128.990470876744752, 35.308868061447612 ], [ 128.99157052313214, 35.308854500522472 ], [ 128.991553973853996, 35.307953108781177 ], [ 128.990454339656367, 35.3079666692567 ] ] ] ] } },
{ "type": "Feature", "properties": { "GRID_CD_x": "마마355025", "SCH_POP": 21.83937094771693 }, "geometry": { "type": "MultiPolygon", "coordinates": [ [ [ [ 128.990470876744752, 35.308868061447612 ], [ 128.990487414567355, 35.309769453497161 ], [ 128.991587073145041, 35.309755892122382 ], [ 128.99157052313214, 35.308854500522472 ], [ 128.990470876744752, 35.308868061447612 ] ] ] ] } },
{ "type": "Feature", "properties": { "GRID_CD_x": "마마355026", "SCH_POP": 0.0 }, "geometry": { "type": "MultiPolygon", "coordinates": [ [ [ [ 128.990487414567355, 35.309769453497161 ], [ 128.990503953124204, 35.310670845405312 ], [ 128.991603623892757, 35.310657283580909 ], [ 128.991587073145041, 35.309755892122382 ], [ 128.990487414567355, 35.309769453497161 ] ] ] ] } },
{ "type": "Feature", "properties": { "GRID_CD_x": "마마355027", "SCH_POP": 28.967498965374538 }, "geometry": { "type": "MultiPolygon", "coordinates": [ [ [ [ 128.990503953124204, 35.310670845405312 ], [ 128.990520492415357, 35.311572237172101 ], [ 128.991620175375346, 35.311558674898038 ], [ 128.991603623892757, 35.310657283580909 ], [ 128.990503953124204, 35.310670845405312 ] ] ] ] } },
{ "type": "Feature", "properties": { "GRID_CD_x": "마마355028", "SCH_POP": 99.187143054214388 }, "geometry": { "type": "MultiPolygon", "coordinates": [ [ [ [ 128.990520492415357, 35.311572237172101 ], [ 128.990537032440812, 35.312473628797477 ], [ 128.991636727592777, 35.312460066073768 ], [ 128.991620175375346, 35.311558674898038 ], [ 128.990520492415357, 35.311572237172101 ] ] ] ] } },
{ "type": "Feature", "properties": { "GRID_CD_x": "마마355029", "SCH_POP": 93.27231342254106 }, "geometry": { "type": "MultiPolygon", "coordinates": [ [ [ [ 128.990537032440812, 35.312473628797477 ], [ 128.990553573200685, 35.313375020281491 ], [ 128.99165328054508, 35.313361457108115 ], [ 128.991636727592777, 35.312460066073768 ], [ 128.990537032440812, 35.312473628797477 ] ] ] ] } },
{ "type": "Feature", "properties": { "GRID_CD_x": "마마355030", "SCH_POP": 94.822635111268099 }, "geometry": { "type": "MultiPolygon", "coordinates": [ [ [ [ 128.990553573200685, 35.313375020281491 ], [ 128.990570114694918, 35.314276411624107 ], [ 128.991669834232368, 35.314262848001043 ], [ 128.99165328054508, 35.313361457108115 ], [ 128.990553573200685, 35.313375020281491 ] ] ] ] } },
{ "type": "Feature", "properties": { "GRID_CD_x": "마마355031", "SCH_POP": 41.894906393500527 }, "geometry": { "type": "MultiPolygon", "coordinates": [ [ [ [ 128.990570114694918, 35.314276411624107 ], [ 128.990586656923568, 35.315177802825332 ], [ 128.991686388654585, 35.315164238752587 ], [ 128.991669834232368, 35.314262848001043 ], [ 128.990570114694918, 35.314276411624107 ] ] ] ] } },
{ "type": "Feature", "properties": { "GRID_CD_x": "마마355032", "SCH_POP": 11.9273754856941 }, "geometry": { "type": "MultiPolygon", "coordinates": [ [ [ [ 128.990586656923568, 35.315177802825332 ], [ 128.990603199886664, 35.316079193885173 ], [ 128.991702943811816, 35.316065629362726 ], [ 128.991686388654585, 35.315164238752587 ], [ 128.990586656923568, 35.315177802825332 ] ] ] ] } },
{ "type": "Feature", "properties": { "GRID_CD_x": "마마355033", "SCH_POP": 7.1564252914164603 }, "geometry": { "type": "MultiPolygon", "coordinates": [ [ [ [ 128.990603199886664, 35.316079193885173 ], [ 128.99061974358429, 35.316980584803623 ], [ 128.991719499704089, 35.316967019831473 ], [ 128.991702943811816, 35.316065629362726 ], [ 128.990603199886664, 35.316079193885173 ] ] ] ] } },
{ "type": "Feature", "properties": { "GRID_CD_x": "마마355034", "SCH_POP": 6.41096432356058 }, "geometry": { "type": "MultiPolygon", "coordinates": [ [ [ [ 128.99061974358429, 35.316980584803623 ], [ 128.990636288016447, 35.317881975580676 ], [ 128.991736056331433, 35.317868410158802 ], [ 128.991719499704089, 35.316967019831473 ], [ 128.99061974358429, 35.316980584803623 ] ] ] ] } },
{ "type": "Feature", "properties": { "GRID_CD_x": "마마355035", "SCH_POP": 5.6655033557046979 }, "geometry": { "type": "MultiPolygon", "coordinates": [ [ [ [ 128.990636288016447, 35.317881975580676 ], [ 128.990652833183105, 35.318783366216323 ], [ 128.991752613693848, 35.318769800344732 ], [ 128.991736056331433, 35.317868410158802 ], [ 128.990636288016447, 35.317881975580676 ] ] ] ] } },
{ "type": "Feature", "properties": { "GRID_CD_x": "마마355036", "SCH_POP": 14.014666195690568 }, "geometry": { "type": "MultiPolygon", "coordinates": [ [ [ [ 128.990652833183105, 35.318783366216323 ], [ 128.990669379084409, 35.319684756710572 ], [ 128.99176917179139, 35.319671190389251 ], [ 128.991752613693848, 35.318769800344732 ], [ 128.990652833183105, 35.318783366216323 ] ] ] ] } },
{ "type": "Feature", "properties": { "GRID_CD_x": "마마355037", "SCH_POP": 1.9381985164252911 }, "geometry": { "type": "MultiPolygon", "coordinates": [ [ [ [ 128.990669379084409, 35.319684756710572 ], [ 128.9906859257203, 35.320586147063423 ], [ 128.991785730624116, 35.320572580292357 ], [ 128.99176917179139, 35.319671190389251 ], [ 128.990669379084409, 35.319684756710572 ] ] ] ] } },
{ "type": "Feature", "properties": { "GRID_CD_x": "마마355038", "SCH_POP": 34.738481102084066 }, "geometry": { "type": "MultiPolygon", "coordinates": [ [ [ [ 128.9906859257203, 35.320586147063423 ], [ 128.990702473090835, 35.321487537274876 ], [ 128.991802290192027, 35.321473970054043 ], [ 128.991785730624116, 35.320572580292357 ], [ 128.9906859257203, 35.320586147063423 ] ] ] ] } },
{ "type": "Feature", "properties": { "GRID_CD_x": "마마355039", "SCH_POP": 0.0 }, "geometry": { "type": "MultiPolygon", "coordinates": [ [ [ [ 128.990702473090835, 35.321487537274876 ], [ 128.990719021196071, 35.322388927344917 ], [ 128.99181885049515, 35.322375359674332 ], [ 128.991802290192027, 35.321473970054043 ], [ 128.990702473090835, 35.321487537274876 ] ] ] ] } },
{ "type": "Feature", "properties": { "GRID_CD_x": "마마355040", "SCH_POP": 0.0 }, "geometry": { "type": "MultiPolygon", "coordinates": [ [ [ [ 128.990719021196071, 35.322388927344917 ], [ 128.990735570036037, 35.32329031727356 ], [ 128.991835411533572, 35.323276749153194 ], [ 128.99181885049515, 35.322375359674332 ], [ 128.990719021196071, 35.322388927344917 ] ] ] ] } },
{ "type": "Feature", "properties": { "GRID_CD_x": "마마355041", "SCH_POP": 0.0 }, "geometry": { "type": "MultiPolygon", "coordinates": [ [ [ [ 128.990735570036037, 35.32329031727356 ], [ 128.990752119610733, 35.324191707060784 ], [ 128.991851973307234, 35.324178138490637 ], [ 128.991835411533572, 35.323276749153194 ], [ 128.990735570036037, 35.32329031727356 ] ] ] ] } },
{ "type": "Feature", "properties": { "GRID_CD_x": "마마355042", "SCH_POP": 0.0 }, "geometry": { "type": "MultiPolygon", "coordinates": [ [ [ [ 128.990752119610733, 35.324191707060784 ], [ 128.990768669920243, 35.325093096706603 ], [ 128.991868535816252, 35.325079527686661 ], [ 128.991851973307234, 35.324178138490637 ], [ 128.990752119610733, 35.324191707060784 ] ] ] ] } },
{ "type": "Feature", "properties": { "GRID_CD_x": "마마355043", "SCH_POP": 0.0 }, "geometry": { "type": "MultiPolygon", "coordinates": [ [ [ [ 128.990768669920243, 35.325093096706603 ], [ 128.990785220964511, 35.325994486211016 ], [ 128.991885099060624, 35.325980916741266 ], [ 128.991868535816252, 35.325079527686661 ], [ 128.990768669920243, 35.325093096706603 ] ] ] ] } },
{ "type": "Feature", "properties": { "GRID_CD_x": "마마355044", "SCH_POP": 0.0 }, "geometry": { "type": "MultiPolygon", "coordinates": [ [ [ [ 128.990785220964511, 35.325994486211016 ], [ 128.99080177274368, 35.32689587557401 ], [ 128.99190166304038, 35.326882305654458 ], [ 128.991885099060624, 35.325980916741266 ], [ 128.990785220964511, 35.325994486211016 ] ] ] ] } },
{ "type": "Feature", "properties": { "GRID_CD_x": "마마355045", "SCH_POP": 0.0 }, "geometry": { "type": "MultiPolygon", "coordinates": [ [ [ [ 128.99080177274368, 35.32689587557401 ], [ 128.99081832525772, 35.327797264795592 ], [ 128.991918227755576, 35.327783694426202 ], [ 128.99190166304038, 35.326882305654458 ], [ 128.99080177274368, 35.32689587557401 ] ] ] ] } },
{ "type": "Feature", "properties": { "GRID_CD_x": "마마355046", "SCH_POP": 0.0 }, "geometry": { "type": "MultiPolygon", "coordinates": [ [ [ [ 128.99081832525772, 35.327797264795592 ], [ 128.990834878506661, 35.328698653875762 ], [ 128.991934793206212, 35.328685083056534 ], [ 128.991918227755576, 35.327783694426202 ], [ 128.99081832525772, 35.327797264795592 ] ] ] ] } },
{ "type": "Feature", "properties": { "GRID_CD_x": "마마355047", "SCH_POP": 0.0 }, "geometry": { "type": "MultiPolygon", "coordinates": [ [ [ [ 128.990834878506661, 35.328698653875762 ], [ 128.990851432490587, 35.329600042814505 ], [ 128.991951359392345, 35.32958647154544 ], [ 128.991934793206212, 35.328685083056534 ], [ 128.990834878506661, 35.328698653875762 ] ] ] ] } },
{ "type": "Feature", "properties": { "GRID_CD_x": "마마355048", "SCH_POP": 0.0 }, "geometry": { "type": "MultiPolygon", "coordinates": [ [ [ [ 128.990851432490587, 35.329600042814505 ], [ 128.990867987209441, 35.330501431611815 ], [ 128.991967926314004, 35.330487859892905 ], [ 128.991951359392345, 35.32958647154544 ], [ 128.990851432490587, 35.329600042814505 ] ] ] ] } },
{ "type": "Feature", "properties": { "GRID_CD_x": "마마355049", "SCH_POP": 0.0 }, "geometry": { "type": "MultiPolygon", "coordinates": [ [ [ [ 128.990867987209441, 35.330501431611815 ], [ 128.990884542663338, 35.331402820267719 ], [ 128.991984493971188, 35.331389248098937 ], [ 128.991967926314004, 35.330487859892905 ], [ 128.990867987209441, 35.330501431611815 ] ] ] ] } },
{ "type": "Feature", "properties": { "GRID_CD_x": "마마355050", "SCH_POP": 0.0 }, "geometry": { "type": "MultiPolygon", "coordinates": [ [ [ [ 128.990884542663338, 35.331402820267719 ], [ 128.990901098852277, 35.332304208782197 ], [ 128.992001062363983, 35.332290636163549 ], [ 128.991984493971188, 35.331389248098937 ], [ 128.990884542663338, 35.331402820267719 ] ] ] ] } },
{ "type": "Feature", "properties": { "GRID_CD_x": "마마355051", "SCH_POP": 0.0 }, "geometry": { "type": "MultiPolygon", "coordinates": [ [ [ [ 128.990901098852277, 35.332304208782197 ], [ 128.990917655776258, 35.333205597155249 ], [ 128.992017631492388, 35.333192024086706 ], [ 128.992001062363983, 35.332290636163549 ], [ 128.990901098852277, 35.332304208782197 ] ] ] ] } },
{ "type": "Feature", "properties": { "GRID_CD_x": "마마355052", "SCH_POP": 0.0 }, "geometry": { "type": "MultiPolygon", "coordinates": [ [ [ [ 128.990917655776258, 35.333205597155249 ], [ 128.990934213435395, 35.334106985386875 ], [ 128.992034201356432, 35.334093411868459 ], [ 128.992017631492388, 35.333192024086706 ], [ 128.990917655776258, 35.333205597155249 ] ] ] ] } },
{ "type": "Feature", "properties": { "GRID_CD_x": "마마355053", "SCH_POP": 0.0 }, "geometry": { "type": "MultiPolygon", "coordinates": [ [ [ [ 128.990934213435395, 35.334106985386875 ], [ 128.990950771829631, 35.335008373477059 ], [ 128.992050771956173, 35.334994799508735 ], [ 128.992034201356432, 35.334093411868459 ], [ 128.990934213435395, 35.334106985386875 ] ] ] ] } },
{ "type": "Feature", "properties": { "GRID_CD_x": "마마355054", "SCH_POP": 0.0 }, "geometry": { "type": "MultiPolygon", "coordinates": [ [ [ [ 128.990950771829631, 35.335008373477059 ], [ 128.99096733095908, 35.335909761425818 ], [ 128.992067343291609, 35.335896187007577 ], [ 128.992050771956173, 35.334994799508735 ], [ 128.990950771829631, 35.335008373477059 ] ] ] ] } },
{ "type": "Feature", "properties": { "GRID_CD_x": "마마355055", "SCH_POP": 0.0 }, "geometry": { "type": "MultiPolygon", "coordinates": [ [ [ [ 128.99096733095908, 35.335909761425818 ], [ 128.990983890823713, 35.336811149233156 ], [ 128.992083915362826, 35.336797574364986 ], [ 128.992067343291609, 35.335896187007577 ], [ 128.99096733095908, 35.335909761425818 ] ] ] ] } },
{ "type": "Feature", "properties": { "GRID_CD_x": "마마356005", "SCH_POP": 0.0 }, "geometry": { "type": "MultiPolygon", "coordinates": [ [ [ [ 128.991239677132455, 35.2908266388351 ], [ 128.991256212456136, 35.291728033262444 ], [ 128.992355626595867, 35.291714470890049 ], [ 128.992339079092744, 35.290813076912471 ], [ 128.991239677132455, 35.2908266388351 ] ] ] ] } },
{ "type": "Feature", "properties": { "GRID_CD_x": "마마356006", "SCH_POP": 0.0 }, "geometry": { "type": "MultiPolygon", "coordinates": [ [ [ [ 128.991256212456136, 35.291728033262444 ], [ 128.99127274851395, 35.292629427548427 ], [ 128.992372174833719, 35.292615864726251 ], [ 128.992355626595867, 35.291714470890049 ], [ 128.991256212456136, 35.291728033262444 ] ] ] ] } },
{ "type": "Feature", "properties": { "GRID_CD_x": "마마356007", "SCH_POP": 0.0 }, "geometry": { "type": "MultiPolygon", "coordinates": [ [ [ [ 128.99127274851395, 35.292629427548427 ], [ 128.991289285305953, 35.293530821693047 ], [ 128.9923887238063, 35.293517258421083 ], [ 128.992372174833719, 35.292615864726251 ], [ 128.99127274851395, 35.292629427548427 ] ] ] ] } },
{ "type": "Feature", "properties": { "GRID_CD_x": "마마356008", "SCH_POP": 0.0 }, "geometry": { "type": "MultiPolygon", "coordinates": [ [ [ [ 128.991289285305953, 35.293530821693047 ], [ 128.991305822832203, 35.294432215696304 ], [ 128.99240527351364, 35.294418651974567 ], [ 128.9923887238063, 35.293517258421083 ], [ 128.991289285305953, 35.293530821693047 ] ] ] ] } },
{ "type": "Feature", "properties": { "GRID_CD_x": "마마356009", "SCH_POP": 0.0 }, "geometry": { "type": "MultiPolygon", "coordinates": [ [ [ [ 128.991305822832203, 35.294432215696304 ], [ 128.991322361092671, 35.295333609558206 ], [ 128.992421823955766, 35.295320045386667 ], [ 128.99240527351364, 35.294418651974567 ], [ 128.991305822832203, 35.294432215696304 ] ] ] ] } },
{ "type": "Feature", "properties": { "GRID_CD_x": "마마356010", "SCH_POP": 0.0 }, "geometry": { "type": "MultiPolygon", "coordinates": [ [ [ [ 128.991322361092671, 35.295333609558206 ], [ 128.991338900087442, 35.29623500327876 ], [ 128.992438375132707, 35.296221438657412 ], [ 128.992421823955766, 35.295320045386667 ], [ 128.991322361092671, 35.295333609558206 ] ] ] ] } },
{ "type": "Feature", "properties": { "GRID_CD_x": "마마356011", "SCH_POP": 0.0 }, "geometry": { "type": "MultiPolygon", "coordinates": [ [ [ [ 128.991338900087442, 35.29623500327876 ], [ 128.991355439816516, 35.297136396857944 ], [ 128.99245492704452, 35.297122831786766 ], [ 128.992438375132707, 35.296221438657412 ], [ 128.991338900087442, 35.29623500327876 ] ] ] ] } },
{ "type": "Feature", "properties": { "GRID_CD_x": "마마356012", "SCH_POP": 0.0 }, "geometry": { "type": "MultiPolygon", "coordinates": [ [ [ [ 128.991355439816516, 35.297136396857944 ], [ 128.991371980279951, 35.298037790295758 ], [ 128.992471479691204, 35.29802422477475 ], [ 128.99245492704452, 35.297122831786766 ], [ 128.991355439816516, 35.297136396857944 ] ] ] ] } },
{ "type": "Feature", "properties": { "GRID_CD_x": "마마356013", "SCH_POP": 0.0 }, "geometry": { "type": "MultiPolygon", "coordinates": [ [ [ [ 128.991371980279951, 35.298037790295758 ], [ 128.991388521477745, 35.298939183592211 ], [ 128.992488033072817, 35.298925617621364 ], [ 128.992471479691204, 35.29802422477475 ], [ 128.991371980279951, 35.298037790295758 ] ] ] ] } },
{ "type": "Feature", "properties": { "GRID_CD_x": "마마356014", "SCH_POP": 0.0 }, "geometry": { "type": "MultiPolygon", "coordinates": [ [ [ [ 128.991388521477745, 35.298939183592211 ], [ 128.991405063409985, 35.299840576747293 ], [ 128.992504587189387, 35.299827010326602 ], [ 128.992488033072817, 35.298925617621364 ], [ 128.991388521477745, 35.298939183592211 ] ] ] ] } },
{ "type": "Feature", "properties": { "GRID_CD_x": "마마356015", "SCH_POP": 0.0 }, "geometry": { "type": "MultiPolygon", "coordinates": [ [ [ [ 128.991405063409985, 35.299840576747293 ], [ 128.991421606076642, 35.300741969761013 ], [ 128.992521142040943, 35.300728402890449 ], [ 128.992504587189387, 35.299827010326602 ], [ 128.991405063409985, 35.299840576747293 ] ] ] ] } },
{ "type": "Feature", "properties": { "GRID_CD_x": "마마356016", "SCH_POP": 0.0 }, "geometry": { "type": "MultiPolygon", "coordinates": [ [ [ [ 128.991421606076642, 35.300741969761013 ], [ 128.991438149477801, 35.301643362633357 ], [ 128.992537697627512, 35.30162979531292 ], [ 128.992521142040943, 35.300728402890449 ], [ 128.991421606076642, 35.300741969761013 ] ] ] ] } },
{ "type": "Feature", "properties": { "GRID_CD_x": "마마356017", "SCH_POP": 0.0 }, "geometry": { "type": "MultiPolygon", "coordinates": [ [ [ [ 128.991438149477801, 35.301643362633357 ], [ 128.991454693613434, 35.302544755364323 ], [ 128.992554253949152, 35.302531187594006 ], [ 128.992537697627512, 35.30162979531292 ], [ 128.991438149477801, 35.301643362633357 ] ] ] ] } },
{ "type": "Feature", "properties": { "GRID_CD_x": "마마356018", "SCH_POP": 0.84210526315789502 }, "geometry": { "type": "MultiPolygon", "coordinates": [ [ [ [ 128.991454693613434, 35.302544755364323 ], [ 128.991471238483683, 35.303446147953913 ], [ 128.992570811005862, 35.303432579733709 ], [ 128.992554253949152, 35.302531187594006 ], [ 128.991454693613434, 35.302544755364323 ] ] ] ] } },
{ "type": "Feature", "properties": { "GRID_CD_x": "마마356019", "SCH_POP": 0.52631578947368396 }, "geometry": { "type": "MultiPolygon", "coordinates": [ [ [ [ 128.991471238483683, 35.303446147953913 ], [ 128.991487784088463, 35.304347540402119 ], [ 128.9925873687977, 35.304333971732021 ], [ 128.992570811005862, 35.303432579733709 ], [ 128.991471238483683, 35.303446147953913 ] ] ] ] } },
{ "type": "Feature", "properties": { "GRID_CD_x": "마마356020", "SCH_POP": 0.0 }, "geometry": { "type": "MultiPolygon", "coordinates": [ [ [ [ 128.991487784088463, 35.304347540402119 ], [ 128.99150433042783, 35.305248932708956 ], [ 128.992603927324666, 35.305235363588949 ], [ 128.9925873687977, 35.304333971732021 ], [ 128.991487784088463, 35.304347540402119 ] ] ] ] } },
{ "type": "Feature", "properties": { "GRID_CD_x": "마마356021", "SCH_POP": 0.0 }, "geometry": { "type": "MultiPolygon", "coordinates": [ [ [ [ 128.99150433042783, 35.305248932708956 ], [ 128.991520877501841, 35.306150324874409 ], [ 128.992620486586816, 35.306136755304479 ], [ 128.992603927324666, 35.305235363588949 ], [ 128.99150433042783, 35.305248932708956 ] ] ] ] } },
{ "type": "Feature", "properties": { "GRID_CD_x": "마마356022", "SCH_POP": 60.664919299213693 }, "geometry": { "type": "MultiPolygon", "coordinates": [ [ [ [ 128.991520877501841, 35.306150324874409 ], [ 128.991537425310554, 35.307051716898485 ], [ 128.992637046584207, 35.307038146878625 ], [ 128.992620486586816, 35.306136755304479 ], [ 128.991520877501841, 35.306150324874409 ] ] ] ] } },
{ "type": "Feature", "properties": { "GRID_CD_x": "마마356023", "SCH_POP": 12.132983859842739 }, "geometry": { "type": "MultiPolygon", "coordinates": [ [ [ [ 128.991537425310554, 35.307051716898485 ], [ 128.991553973853996, 35.307953108781177 ], [ 128.992653607316839, 35.307939538311373 ], [ 128.992637046584207, 35.307038146878625 ], [ 128.991537425310554, 35.307051716898485 ] ] ] ] } },
{ "type": "Feature", "properties": { "GRID_CD_x": "마마356024", "SCH_POP": 22.597682438957101 }, "geometry": { "type": "MultiPolygon", "coordinates": [ [ [ [ 128.991553973853996, 35.307953108781177 ], [ 128.99157052313214, 35.308854500522472 ], [ 128.992670168784713, 35.308840929602731 ], [ 128.992653607316839, 35.307939538311373 ], [ 128.991553973853996, 35.307953108781177 ] ] ] ] } },
{ "type": "Feature", "properties": { "GRID_CD_x": "마마356025", "SCH_POP": 33.517367912815565 }, "geometry": { "type": "MultiPolygon", "coordinates": [ [ [ [ 128.99157052313214, 35.308854500522472 ], [ 128.991587073145041, 35.309755892122382 ], [ 128.992686730987941, 35.309742320752676 ], [ 128.992670168784713, 35.308840929602731 ], [ 128.99157052313214, 35.308854500522472 ] ] ] ] } },
{ "type": "Feature", "properties": { "GRID_CD_x": "마마356026", "SCH_POP": 18.806124982756245 }, "geometry": { "type": "MultiPolygon", "coordinates": [ [ [ [ 128.991587073145041, 35.309755892122382 ], [ 128.991603623892757, 35.310657283580909 ], [ 128.992703293926496, 35.31064371176123 ], [ 128.992686730987941, 35.309742320752676 ], [ 128.991587073145041, 35.309755892122382 ] ] ] ] } },
{ "type": "Feature", "properties": { "GRID_CD_x": "마마356027", "SCH_POP": 66.428086632638994 }, "geometry": { "type": "MultiPolygon", "coordinates": [ [ [ [ 128.991603623892757, 35.310657283580909 ], [ 128.991620175375346, 35.311558674898038 ], [ 128.992719857600434, 35.311545102628386 ], [ 128.992703293926496, 35.31064371176123 ], [ 128.991603623892757, 35.310657283580909 ] ] ] ] } },
{ "type": "Feature", "properties": { "GRID_CD_x": "마마356028", "SCH_POP": 46.711987860394544 }, "geometry": { "type": "MultiPolygon", "coordinates": [ [ [ [ 128.991620175375346, 35.311558674898038 ], [ 128.991636727592777, 35.312460066073768 ], [ 128.992736422009784, 35.31244649335413 ], [ 128.992719857600434, 35.311545102628386 ], [ 128.991620175375346, 35.311558674898038 ] ] ] ] } },
{ "type": "Feature", "properties": { "GRID_CD_x": "마마356029", "SCH_POP": 164.70525589736519 }, "geometry": { "type": "MultiPolygon", "coordinates": [ [ [ [ 128.991636727592777, 35.312460066073768 ], [ 128.99165328054508, 35.313361457108115 ], [ 128.992752987154603, 35.313347883938469 ], [ 128.992736422009784, 35.31244649335413 ], [ 128.991636727592777, 35.312460066073768 ] ] ] ] } },
{ "type": "Feature", "properties": { "GRID_CD_x": "마마356030", "SCH_POP": 46.964040974920522 }, "geometry": { "type": "MultiPolygon", "coordinates": [ [ [ [ 128.99165328054508, 35.313361457108115 ], [ 128.991669834232368, 35.314262848001043 ], [ 128.992769553034833, 35.31424927438141 ], [ 128.992752987154603, 35.313347883938469 ], [ 128.99165328054508, 35.313361457108115 ] ] ] ] } },
{ "type": "Feature", "properties": { "GRID_CD_x": "마마356031", "SCH_POP": 50.989530201342284 }, "geometry": { "type": "MultiPolygon", "coordinates": [ [ [ [ 128.991669834232368, 35.314262848001043 ], [ 128.991686388654585, 35.315164238752587 ], [ 128.992786119650617, 35.315150664682925 ], [ 128.992769553034833, 35.31424927438141 ], [ 128.991669834232368, 35.314262848001043 ] ] ] ] } },
{ "type": "Feature", "properties": { "GRID_CD_x": "마마356032", "SCH_POP": 107.79365595196043 }, "geometry": { "type": "MultiPolygon", "coordinates": [ [ [ [ 128.991686388654585, 35.315164238752587 ], [ 128.991702943811816, 35.316065629362726 ], [ 128.992802687001927, 35.316052054843034 ], [ 128.992786119650617, 35.315150664682925 ], [ 128.991686388654585, 35.315164238752587 ] ] ] ] } },
{ "type": "Feature", "properties": { "GRID_CD_x": "마마356033", "SCH_POP": 1.9381985164252911 }, "geometry": { "type": "MultiPolygon", "coordinates": [ [ [ [ 128.991702943811816, 35.316065629362726 ], [ 128.991719499704089, 35.316967019831473 ], [ 128.992819255088818, 35.316953444861738 ], [ 128.992802687001927, 35.316052054843034 ], [ 128.991702943811816, 35.316065629362726 ] ] ] ] } },
{ "type": "Feature", "properties": { "GRID_CD_x": "마마356034", "SCH_POP": 1.1927375485694101 }, "geometry": { "type": "MultiPolygon", "coordinates": [ [ [ [ 128.991719499704089, 35.316967019831473 ], [ 128.991736056331433, 35.317868410158802 ], [ 128.992835823911292, 35.31785483473903 ], [ 128.992819255088818, 35.316953444861738 ], [ 128.991719499704089, 35.316967019831473 ] ] ] ] } },
{ "type": "Feature", "properties": { "GRID_CD_x": "마마356035", "SCH_POP": 3.4291204521370542 }, "geometry": { "type": "MultiPolygon", "coordinates": [ [ [ [ 128.991736056331433, 35.317868410158802 ], [ 128.991752613693848, 35.318769800344732 ], [ 128.992852393469434, 35.318756224474896 ], [ 128.992835823911292, 35.31785483473903 ], [ 128.991736056331433, 35.317868410158802 ] ] ] ] } },
{ "type": "Feature", "properties": { "GRID_CD_x": "마마356036", "SCH_POP": 3.4291204521370542 }, "geometry": { "type": "MultiPolygon", "coordinates": [ [ [ [ 128.991752613693848, 35.318769800344732 ], [ 128.99176917179139, 35.319671190389251 ], [ 128.992868963763243, 35.319657614069349 ], [ 128.992852393469434, 35.318756224474896 ], [ 128.991752613693848, 35.318769800344732 ] ] ] ] } },
{ "type": "Feature", "properties": { "GRID_CD_x": "마마356037", "SCH_POP": 11.032822324267041 }, "geometry": { "type": "MultiPolygon", "coordinates": [ [ [ [ 128.99176917179139, 35.319671190389251 ], [ 128.991785730624116, 35.320572580292357 ], [ 128.992885534792748, 35.320559003522376 ], [ 128.992868963763243, 35.319657614069349 ], [ 128.99176917179139, 35.319671190389251 ] ] ] ] } },
{ "type": "Feature", "properties": { "GRID_CD_x": "마마356038", "SCH_POP": 13.865574002119391 }, "geometry": { "type": "MultiPolygon", "coordinates": [ [ [ [ 128.991785730624116, 35.320572580292357 ], [ 128.991802290192027, 35.321473970054043 ], [ 128.992902106557978, 35.321460392833977 ], [ 128.992885534792748, 35.320559003522376 ], [ 128.991785730624116, 35.320572580292357 ] ] ] ] } },
{ "type": "Feature", "properties": { "GRID_CD_x": "마마356039", "SCH_POP": 9.2437160014129276 }, "geometry": { "type": "MultiPolygon", "coordinates": [ [ [ [ 128.991802290192027, 35.321473970054043 ], [ 128.99181885049515, 35.322375359674332 ], [ 128.992918679058988, 35.322361782004172 ], [ 128.992902106557978, 35.321460392833977 ], [ 128.991802290192027, 35.321473970054043 ] ] ] ] } },
{ "type": "Feature", "properties": { "GRID_CD_x": "마마356040", "SCH_POP": 52.102980058256783 }, "geometry": { "type": "MultiPolygon", "coordinates": [ [ [ [ 128.99181885049515, 35.322375359674332 ], [ 128.991835411533572, 35.323276749153194 ], [ 128.99293525229578, 35.323263171032927 ], [ 128.992918679058988, 35.322361782004172 ], [ 128.99181885049515, 35.322375359674332 ] ] ] ] } },
{ "type": "Feature", "properties": { "GRID_CD_x": "마마356041", "SCH_POP": 62.962581223392341 }, "geometry": { "type": "MultiPolygon", "coordinates": [ [ [ [ 128.991835411533572, 35.323276749153194 ], [ 128.991851973307234, 35.324178138490637 ], [ 128.99295182626841, 35.324164559920249 ], [ 128.99293525229578, 35.323263171032927 ], [ 128.991835411533572, 35.323276749153194 ] ] ] ] } },
{ "type": "Feature", "properties": { "GRID_CD_x": "마마356042", "SCH_POP": 33.387497199193369 }, "geometry": { "type": "MultiPolygon", "coordinates": [ [ [ [ 128.991851973307234, 35.324178138490637 ], [ 128.991868535816252, 35.325079527686661 ], [ 128.992968400976935, 35.325065948666165 ], [ 128.99295182626841, 35.324164559920249 ], [ 128.991851973307234, 35.324178138490637 ] ] ] ] } },
{ "type": "Feature", "properties": { "GRID_CD_x": "마마356043", "SCH_POP": 0.0 }, "geometry": { "type": "MultiPolygon", "coordinates": [ [ [ [ 128.991868535816252, 35.325079527686661 ], [ 128.991885099060624, 35.325980916741266 ], [ 128.992984976421354, 35.325967337270626 ], [ 128.992968400976935, 35.325065948666165 ], [ 128.991868535816252, 35.325079527686661 ] ] ] ] } },
{ "type": "Feature", "properties": { "GRID_CD_x": "마마356044", "SCH_POP": 0.0 }, "geometry": { "type": "MultiPolygon", "coordinates": [ [ [ [ 128.991885099060624, 35.325980916741266 ], [ 128.99190166304038, 35.326882305654458 ], [ 128.993001552601669, 35.326868725733661 ], [ 128.992984976421354, 35.325967337270626 ], [ 128.991885099060624, 35.325980916741266 ] ] ] ] } },
{ "type": "Feature", "properties": { "GRID_CD_x": "마마356045", "SCH_POP": 0.0 }, "geometry": { "type": "MultiPolygon", "coordinates": [ [ [ [ 128.99190166304038, 35.326882305654458 ], [ 128.991918227755576, 35.327783694426202 ], [ 128.993018129517992, 35.327770114055262 ], [ 128.993001552601669, 35.326868725733661 ], [ 128.99190166304038, 35.326882305654458 ] ] ] ] } },
{ "type": "Feature", "properties": { "GRID_CD_x": "마마356046", "SCH_POP": 0.0 }, "geometry": { "type": "MultiPolygon", "coordinates": [ [ [ [ 128.991918227755576, 35.327783694426202 ], [ 128.991934793206212, 35.328685083056534 ], [ 128.993034707170295, 35.32867150223543 ], [ 128.993018129517992, 35.327770114055262 ], [ 128.991918227755576, 35.327783694426202 ] ] ] ] } },
{ "type": "Feature", "properties": { "GRID_CD_x": "마마356047", "SCH_POP": 0.0 }, "geometry": { "type": "MultiPolygon", "coordinates": [ [ [ [ 128.991934793206212, 35.328685083056534 ], [ 128.991951359392345, 35.32958647154544 ], [ 128.993051285558579, 35.329572890274164 ], [ 128.993034707170295, 35.32867150223543 ], [ 128.991934793206212, 35.328685083056534 ] ] ] ] } },
{ "type": "Feature", "properties": { "GRID_CD_x": "마마356048", "SCH_POP": 0.0 }, "geometry": { "type": "MultiPolygon", "coordinates": [ [ [ [ 128.991951359392345, 35.32958647154544 ], [ 128.991967926314004, 35.330487859892905 ], [ 128.993067864682985, 35.330474278171444 ], [ 128.993051285558579, 35.329572890274164 ], [ 128.991951359392345, 35.32958647154544 ] ] ] ] } },
{ "type": "Feature", "properties": { "GRID_CD_x": "마마356049", "SCH_POP": 0.0 }, "geometry": { "type": "MultiPolygon", "coordinates": [ [ [ [ 128.991967926314004, 35.330487859892905 ], [ 128.991984493971188, 35.331389248098937 ], [ 128.993084444543484, 35.33137566592729 ], [ 128.993067864682985, 35.330474278171444 ], [ 128.991967926314004, 35.330487859892905 ] ] ] ] } },
{ "type": "Feature", "properties": { "GRID_CD_x": "마마356050", "SCH_POP": 0.0 }, "geometry": { "type": "MultiPolygon", "coordinates": [ [ [ [ 128.991984493971188, 35.331389248098937 ], [ 128.992001062363983, 35.332290636163549 ], [ 128.993101025140078, 35.332277053541695 ], [ 128.993084444543484, 35.33137566592729 ], [ 128.991984493971188, 35.331389248098937 ] ] ] ] } },
{ "type": "Feature", "properties": { "GRID_CD_x": "마마356051", "SCH_POP": 0.0 }, "geometry": { "type": "MultiPolygon", "coordinates": [ [ [ [ 128.992001062363983, 35.332290636163549 ], [ 128.992017631492388, 35.333192024086706 ], [ 128.99311760647285, 35.333178441014638 ], [ 128.993101025140078, 35.332277053541695 ], [ 128.992001062363983, 35.332290636163549 ] ] ] ] } },
{ "type": "Feature", "properties": { "GRID_CD_x": "마마356052", "SCH_POP": 0.0 }, "geometry": { "type": "MultiPolygon", "coordinates": [ [ [ [ 128.992017631492388, 35.333192024086706 ], [ 128.992034201356432, 35.334093411868459 ], [ 128.993134188541802, 35.334079828346155 ], [ 128.99311760647285, 35.333178441014638 ], [ 128.992017631492388, 35.333192024086706 ] ] ] ] } },
{ "type": "Feature", "properties": { "GRID_CD_x": "마마356053", "SCH_POP": 0.0 }, "geometry": { "type": "MultiPolygon", "coordinates": [ [ [ [ 128.992034201356432, 35.334093411868459 ], [ 128.992050771956173, 35.334994799508735 ], [ 128.993150771347018, 35.334981215536203 ], [ 128.993134188541802, 35.334079828346155 ], [ 128.992034201356432, 35.334093411868459 ] ] ] ] } },
{ "type": "Feature", "properties": { "GRID_CD_x": "마마356054", "SCH_POP": 0.0 }, "geometry": { "type": "MultiPolygon", "coordinates": [ [ [ [ 128.992050771956173, 35.334994799508735 ], [ 128.992067343291609, 35.335896187007577 ], [ 128.993167354888413, 35.33588260258481 ], [ 128.993150771347018, 35.334981215536203 ], [ 128.992050771956173, 35.334994799508735 ] ] ] ] } },
{ "type": "Feature", "properties": { "GRID_CD_x": "마마356055", "SCH_POP": 0.0 }, "geometry": { "type": "MultiPolygon", "coordinates": [ [ [ [ 128.992067343291609, 35.335896187007577 ], [ 128.992083915362826, 35.336797574364986 ], [ 128.993183939166187, 35.336783989491956 ], [ 128.993167354888413, 35.33588260258481 ], [ 128.992067343291609, 35.335896187007577 ] ] ] ] } },
{ "type": "Feature", "properties": { "GRID_CD_x": "마마356056", "SCH_POP": 0.0 }, "geometry": { "type": "MultiPolygon", "coordinates": [ [ [ [ 128.992083915362826, 35.336797574364986 ], [ 128.992100488169797, 35.337698961580941 ], [ 128.993200524180224, 35.337685376257653 ], [ 128.993183939166187, 35.336783989491956 ], [ 128.992083915362826, 35.336797574364986 ] ] ] ] } },
{ "type": "Feature", "properties": { "GRID_CD_x": "마마357005", "SCH_POP": 0.0 }, "geometry": { "type": "MultiPolygon", "coordinates": [ [ [ [ 128.992339079092744, 35.290813076912471 ], [ 128.992355626595867, 35.291714470890049 ], [ 128.993455040000924, 35.291700898529363 ], [ 128.993438480318332, 35.290799505001885 ], [ 128.992339079092744, 35.290813076912471 ] ] ] ] } },
{ "type": "Feature", "properties": { "GRID_CD_x": "마마357006", "SCH_POP": 0.0 }, "geometry": { "type": "MultiPolygon", "coordinates": [ [ [ [ 128.992355626595867, 35.291714470890049 ], [ 128.992372174833719, 35.292615864726251 ], [ 128.993471600418786, 35.292602291915458 ], [ 128.993455040000924, 35.291700898529363 ], [ 128.992355626595867, 35.291714470890049 ] ] ] ] } },
{ "type": "Feature", "properties": { "GRID_CD_x": "마마357007", "SCH_POP": 0.0 }, "geometry": { "type": "MultiPolygon", "coordinates": [ [ [ [ 128.992372174833719, 35.292615864726251 ], [ 128.9923887238063, 35.293517258421083 ], [ 128.993488161571861, 35.293503685160196 ], [ 128.993471600418786, 35.292602291915458 ], [ 128.992372174833719, 35.292615864726251 ] ] ] ] } },
{ "type": "Feature", "properties": { "GRID_CD_x": "마마357008", "SCH_POP": 0.0 }, "geometry": { "type": "MultiPolygon", "coordinates": [ [ [ [ 128.9923887238063, 35.293517258421083 ], [ 128.99240527351364, 35.294418651974567 ], [ 128.993504723460262, 35.294405078263537 ], [ 128.993488161571861, 35.293503685160196 ], [ 128.9923887238063, 35.293517258421083 ] ] ] ] } },
{ "type": "Feature", "properties": { "GRID_CD_x": "마마357009", "SCH_POP": 0.0 }, "geometry": { "type": "MultiPolygon", "coordinates": [ [ [ [ 128.99240527351364, 35.294418651974567 ], [ 128.992421823955766, 35.295320045386667 ], [ 128.993521286084018, 35.295306471225508 ], [ 128.993504723460262, 35.294405078263537 ], [ 128.99240527351364, 35.294418651974567 ] ] ] ] } },
{ "type": "Feature", "properties": { "GRID_CD_x": "마마357010", "SCH_POP": 0.0 }, "geometry": { "type": "MultiPolygon", "coordinates": [ [ [ [ 128.992421823955766, 35.295320045386667 ], [ 128.992438375132707, 35.296221438657412 ], [ 128.993537849443101, 35.296207864046103 ], [ 128.993521286084018, 35.295306471225508 ], [ 128.992421823955766, 35.295320045386667 ] ] ] ] } },
{ "type": "Feature", "properties": { "GRID_CD_x": "마마357011", "SCH_POP": 0.0 }, "geometry": { "type": "MultiPolygon", "coordinates": [ [ [ [ 128.992438375132707, 35.296221438657412 ], [ 128.99245492704452, 35.297122831786766 ], [ 128.993554413537595, 35.297109256725307 ], [ 128.993537849443101, 35.296207864046103 ], [ 128.992438375132707, 35.296221438657412 ] ] ] ] } },
{ "type": "Feature", "properties": { "GRID_CD_x": "마마357012", "SCH_POP": 0.0 }, "geometry": { "type": "MultiPolygon", "coordinates": [ [ [ [ 128.99245492704452, 35.297122831786766 ], [ 128.992471479691204, 35.29802422477475 ], [ 128.993570978367529, 35.298010649263141 ], [ 128.993554413537595, 35.297109256725307 ], [ 128.99245492704452, 35.297122831786766 ] ] ] ] } },
{ "type": "Feature", "properties": { "GRID_CD_x": "마마357013", "SCH_POP": 0.0 }, "geometry": { "type": "MultiPolygon", "coordinates": [ [ [ [ 128.992471479691204, 35.29802422477475 ], [ 128.992488033072817, 35.298925617621364 ], [ 128.993587543932904, 35.29891204165957 ], [ 128.993570978367529, 35.298010649263141 ], [ 128.992471479691204, 35.29802422477475 ] ] ] ] } },
{ "type": "Feature", "properties": { "GRID_CD_x": "마마357014", "SCH_POP": 0.0 }, "geometry": { "type": "MultiPolygon", "coordinates": [ [ [ [ 128.992488033072817, 35.298925617621364 ], [ 128.992504587189387, 35.299827010326602 ], [ 128.993604110233804, 35.299813433914622 ], [ 128.993587543932904, 35.29891204165957 ], [ 128.992488033072817, 35.298925617621364 ] ] ] ] } },
{ "type": "Feature", "properties": { "GRID_CD_x": "마마357015", "SCH_POP": 0.0 }, "geometry": { "type": "MultiPolygon", "coordinates": [ [ [ [ 128.992504587189387, 35.299827010326602 ], [ 128.992521142040943, 35.300728402890449 ], [ 128.993620677270229, 35.30071482602829 ], [ 128.993604110233804, 35.299813433914622 ], [ 128.992504587189387, 35.299827010326602 ] ] ] ] } },
{ "type": "Feature", "properties": { "GRID_CD_x": "마마357016", "SCH_POP": 0.0 }, "geometry": { "type": "MultiPolygon", "coordinates": [ [ [ [ 128.992521142040943, 35.300728402890449 ], [ 128.992537697627512, 35.30162979531292 ], [ 128.99363724504218, 35.301616218000561 ], [ 128.993620677270229, 35.30071482602829 ], [ 128.992521142040943, 35.300728402890449 ] ] ] ] } },
{ "type": "Feature", "properties": { "GRID_CD_x": "마마357017", "SCH_POP": 0.0 }, "geometry": { "type": "MultiPolygon", "coordinates": [ [ [ [ 128.992537697627512, 35.30162979531292 ], [ 128.992554253949152, 35.302531187594006 ], [ 128.993653813549741, 35.302517609831433 ], [ 128.99363724504218, 35.301616218000561 ], [ 128.992537697627512, 35.30162979531292 ] ] ] ] } },
{ "type": "Feature", "properties": { "GRID_CD_x": "마마357018", "SCH_POP": 0.52631578947368396 }, "geometry": { "type": "MultiPolygon", "coordinates": [ [ [ [ 128.992554253949152, 35.302531187594006 ], [ 128.992570811005862, 35.303432579733709 ], [ 128.993670382792942, 35.303419001520915 ], [ 128.993653813549741, 35.302517609831433 ], [ 128.992554253949152, 35.302531187594006 ] ] ] ] } },
{ "type": "Feature", "properties": { "GRID_CD_x": "마마357019", "SCH_POP": 0.52631578947368396 }, "geometry": { "type": "MultiPolygon", "coordinates": [ [ [ [ 128.992570811005862, 35.303432579733709 ], [ 128.9925873687977, 35.304333971732021 ], [ 128.993686952771782, 35.304320393068991 ], [ 128.993670382792942, 35.303419001520915 ], [ 128.992570811005862, 35.303432579733709 ] ] ] ] } },
{ "type": "Feature", "properties": { "GRID_CD_x": "마마357020", "SCH_POP": 0.0 }, "geometry": { "type": "MultiPolygon", "coordinates": [ [ [ [ 128.9925873687977, 35.304333971732021 ], [ 128.992603927324666, 35.305235363588949 ], [ 128.993703523486317, 35.305221784475677 ], [ 128.993686952771782, 35.304320393068991 ], [ 128.9925873687977, 35.304333971732021 ] ] ] ] } },
{ "type": "Feature", "properties": { "GRID_CD_x": "마마357021", "SCH_POP": 0.0 }, "geometry": { "type": "MultiPolygon", "coordinates": [ [ [ [ 128.992603927324666, 35.305235363588949 ], [ 128.992620486586816, 35.306136755304479 ], [ 128.993720094936577, 35.306123175740964 ], [ 128.993703523486317, 35.305221784475677 ], [ 128.992603927324666, 35.305235363588949 ] ] ] ] } },
{ "type": "Feature", "properties": { "GRID_CD_x": "마마357022", "SCH_POP": 20.474410263484621 }, "geometry": { "type": "MultiPolygon", "coordinates": [ [ [ [ 128.992620486586816, 35.306136755304479 ], [ 128.992637046584207, 35.307038146878625 ], [ 128.99373666712259, 35.307024566864847 ], [ 128.993720094936577, 35.306123175740964 ], [ 128.992620486586816, 35.306136755304479 ] ] ] ] } },
{ "type": "Feature", "properties": { "GRID_CD_x": "마마357023", "SCH_POP": 2.7299213684646162 }, "geometry": { "type": "MultiPolygon", "coordinates": [ [ [ [ 128.992637046584207, 35.307038146878625 ], [ 128.992653607316839, 35.307939538311373 ], [ 128.993753240044384, 35.307925957847324 ], [ 128.99373666712259, 35.307024566864847 ], [ 128.992637046584207, 35.307038146878625 ] ] ] ] } },
{ "type": "Feature", "properties": { "GRID_CD_x": "마마357024", "SCH_POP": 4.2465443509449603 }, "geometry": { "type": "MultiPolygon", "coordinates": [ [ [ [ 128.992653607316839, 35.307939538311373 ], [ 128.992670168784713, 35.308840929602731 ], [ 128.993769813702016, 35.308827348688396 ], [ 128.993753240044384, 35.307925957847324 ], [ 128.992653607316839, 35.307939538311373 ] ] ] ] } },
{ "type": "Feature", "properties": { "GRID_CD_x": "마마357025", "SCH_POP": 32.910718719823429 }, "geometry": { "type": "MultiPolygon", "coordinates": [ [ [ [ 128.992670168784713, 35.308840929602731 ], [ 128.992686730987941, 35.309742320752676 ], [ 128.993786388095515, 35.309728739388056 ], [ 128.993769813702016, 35.308827348688396 ], [ 128.992670168784713, 35.308840929602731 ] ] ] ] } },
{ "type": "Feature", "properties": { "GRID_CD_x": "마마357026", "SCH_POP": 63.849827562422419 }, "geometry": { "type": "MultiPolygon", "coordinates": [ [ [ [ 128.992686730987941, 35.309742320752676 ], [ 128.992703293926496, 35.31064371176123 ], [ 128.993802963224852, 35.310630129946311 ], [ 128.993786388095515, 35.309728739388056 ], [ 128.992686730987941, 35.309742320752676 ] ] ] ] } },
{ "type": "Feature", "properties": { "GRID_CD_x": "마마357027", "SCH_POP": 66.579748930887035 }, "geometry": { "type": "MultiPolygon", "coordinates": [ [ [ [ 128.992703293926496, 35.31064371176123 ], [ 128.992719857600434, 35.311545102628386 ], [ 128.993819539090168, 35.311531520363147 ], [ 128.993802963224852, 35.310630129946311 ], [ 128.992703293926496, 35.31064371176123 ] ] ] ] } },
{ "type": "Feature", "properties": { "GRID_CD_x": "마마357028", "SCH_POP": 38.067236860256592 }, "geometry": { "type": "MultiPolygon", "coordinates": [ [ [ [ 128.992719857600434, 35.311545102628386 ], [ 128.992736422009784, 35.31244649335413 ], [ 128.99383611569138, 35.312432910638584 ], [ 128.993819539090168, 35.311531520363147 ], [ 128.992719857600434, 35.311545102628386 ] ] ] ] } },
{ "type": "Feature", "properties": { "GRID_CD_x": "마마357029", "SCH_POP": 46.408663263898475 }, "geometry": { "type": "MultiPolygon", "coordinates": [ [ [ [ 128.992736422009784, 35.31244649335413 ], [ 128.992752987154603, 35.313347883938469 ], [ 128.9938526930286, 35.313334300772595 ], [ 128.99383611569138, 35.312432910638584 ], [ 128.992736422009784, 35.31244649335413 ] ] ] ] } },
{ "type": "Feature", "properties": { "GRID_CD_x": "마마357030", "SCH_POP": 54.567742847050511 }, "geometry": { "type": "MultiPolygon", "coordinates": [ [ [ [ 128.992752987154603, 35.313347883938469 ], [ 128.992769553034833, 35.31424927438141 ], [ 128.993869271101829, 35.31423569076518 ], [ 128.9938526930286, 35.313334300772595 ], [ 128.992752987154603, 35.313347883938469 ] ] ] ] } },
{ "type": "Feature", "properties": { "GRID_CD_x": "마마357031", "SCH_POP": 109.58276227481456 }, "geometry": { "type": "MultiPolygon", "coordinates": [ [ [ [ 128.992769553034833, 35.31424927438141 ], [ 128.992786119650617, 35.315150664682925 ], [ 128.993885849911123, 35.315137080616353 ], [ 128.993869271101829, 35.31423569076518 ], [ 128.992769553034833, 35.31424927438141 ] ] ] ] } },
{ "type": "Feature", "properties": { "GRID_CD_x": "마마357032", "SCH_POP": 57.69867891204521 }, "geometry": { "type": "MultiPolygon", "coordinates": [ [ [ [ 128.992786119650617, 35.315150664682925 ], [ 128.992802687001927, 35.316052054843034 ], [ 128.993902429456455, 35.316038470326106 ], [ 128.993885849911123, 35.315137080616353 ], [ 128.992786119650617, 35.315150664682925 ] ] ] ] } },
{ "type": "Feature", "properties": { "GRID_CD_x": "마마357033", "SCH_POP": 105.70636524196397 }, "geometry": { "type": "MultiPolygon", "coordinates": [ [ [ [ 128.992802687001927, 35.316052054843034 ], [ 128.992819255088818, 35.316953444861738 ], [ 128.993919009737937, 35.316939859894461 ], [ 128.993902429456455, 35.316038470326106 ], [ 128.992802687001927, 35.316052054843034 ] ] ] ] } },
{ "type": "Feature", "properties": { "GRID_CD_x": "마마357034", "SCH_POP": 0.0 }, "geometry": { "type": "MultiPolygon", "coordinates": [ [ [ [ 128.992819255088818, 35.316953444861738 ], [ 128.992835823911292, 35.31785483473903 ], [ 128.993935590755569, 35.317841249321354 ], [ 128.993919009737937, 35.316939859894461 ], [ 128.992819255088818, 35.316953444861738 ] ] ] ] } },
{ "type": "Feature", "properties": { "GRID_CD_x": "마마357035", "SCH_POP": 0.74546096785588101 }, "geometry": { "type": "MultiPolygon", "coordinates": [ [ [ [ 128.992835823911292, 35.31785483473903 ], [ 128.992852393469434, 35.318756224474896 ], [ 128.993952172509353, 35.318742638606835 ], [ 128.993935590755569, 35.317841249321354 ], [ 128.992835823911292, 35.31785483473903 ] ] ] ] } },
{ "type": "Feature", "properties": { "GRID_CD_x": "마마357036", "SCH_POP": 9.5419003885552804 }, "geometry": { "type": "MultiPolygon", "coordinates": [ [ [ [ 128.992852393469434, 35.318756224474896 ], [ 128.992868963763243, 35.319657614069349 ], [ 128.993968754999372, 35.31964402775089 ], [ 128.993952172509353, 35.318742638606835 ], [ 128.992852393469434, 35.318756224474896 ] ] ] ] } },
{ "type": "Feature", "properties": { "GRID_CD_x": "마마357037", "SCH_POP": 8.050978452843518 }, "geometry": { "type": "MultiPolygon", "coordinates": [ [ [ [ 128.992868963763243, 35.319657614069349 ], [ 128.992885534792748, 35.320559003522376 ], [ 128.993985338225627, 35.320545416753518 ], [ 128.993968754999372, 35.31964402775089 ], [ 128.992868963763243, 35.319657614069349 ] ] ] ] } },
{ "type": "Feature", "properties": { "GRID_CD_x": "마마357038", "SCH_POP": 12.821928647121158 }, "geometry": { "type": "MultiPolygon", "coordinates": [ [ [ [ 128.992885534792748, 35.320559003522376 ], [ 128.992902106557978, 35.321460392833977 ], [ 128.994001922188147, 35.321446805614698 ], [ 128.993985338225627, 35.320545416753518 ], [ 128.992885534792748, 35.320559003522376 ] ] ] ] } },
{ "type": "Feature", "properties": { "GRID_CD_x": "마마357039", "SCH_POP": 28.029332391381136 }, "geometry": { "type": "MultiPolygon", "coordinates": [ [ [ [ 128.992902106557978, 35.321460392833977 ], [ 128.992918679058988, 35.322361782004172 ], [ 128.994018506887016, 35.322348194334459 ], [ 128.994001922188147, 35.321446805614698 ], [ 128.992902106557978, 35.321460392833977 ] ] ] ] } },
{ "type": "Feature", "properties": { "GRID_CD_x": "마마357040", "SCH_POP": 12.939099260587049 }, "geometry": { "type": "MultiPolygon", "coordinates": [ [ [ [ 128.992918679058988, 35.322361782004172 ], [ 128.99293525229578, 35.323263171032927 ], [ 128.994035092322179, 35.32324958291278 ], [ 128.994018506887016, 35.322348194334459 ], [ 128.992918679058988, 35.322361782004172 ] ] ] ] } },
{ "type": "Feature", "properties": { "GRID_CD_x": "마마357041", "SCH_POP": 30.9614160878333 }, "geometry": { "type": "MultiPolygon", "coordinates": [ [ [ [ 128.99293525229578, 35.323263171032927 ], [ 128.99295182626841, 35.324164559920249 ], [ 128.994051678493747, 35.32415097134966 ], [ 128.994035092322179, 35.32324958291278 ], [ 128.99293525229578, 35.323263171032927 ] ] ] ] } },
{ "type": "Feature", "properties": { "GRID_CD_x": "마마357042", "SCH_POP": 64.233385615057145 }, "geometry": { "type": "MultiPolygon", "coordinates": [ [ [ [ 128.99295182626841, 35.324164559920249 ], [ 128.992968400976935, 35.325065948666165 ], [ 128.994068265401722, 35.325052359645099 ], [ 128.994051678493747, 35.32415097134966 ], [ 128.99295182626841, 35.324164559920249 ] ] ] ] } },
{ "type": "Feature", "properties": { "GRID_CD_x": "마마357043", "SCH_POP": 34.196190902980064 }, "geometry": { "type": "MultiPolygon", "coordinates": [ [ [ [ 128.992968400976935, 35.325065948666165 ], [ 128.992984976421354, 35.325967337270626 ], [ 128.994084853046132, 35.325953747799112 ], [ 128.994068265401722, 35.325052359645099 ], [ 128.992968400976935, 35.325065948666165 ] ] ] ] } },
{ "type": "Feature", "properties": { "GRID_CD_x": "마마357044", "SCH_POP": 0.0 }, "geometry": { "type": "MultiPolygon", "coordinates": [ [ [ [ 128.992984976421354, 35.325967337270626 ], [ 128.993001552601669, 35.326868725733661 ], [ 128.994101441427006, 35.32685513581167 ], [ 128.994084853046132, 35.325953747799112 ], [ 128.992984976421354, 35.325967337270626 ] ] ] ] } },
{ "type": "Feature", "properties": { "GRID_CD_x": "마마357045", "SCH_POP": 0.0 }, "geometry": { "type": "MultiPolygon", "coordinates": [ [ [ [ 128.993001552601669, 35.326868725733661 ], [ 128.993018129517992, 35.327770114055262 ], [ 128.994118030544371, 35.327756523682787 ], [ 128.994101441427006, 35.32685513581167 ], [ 128.993001552601669, 35.326868725733661 ] ] ] ] } },
{ "type": "Feature", "properties": { "GRID_CD_x": "마마357046", "SCH_POP": 0.0 }, "geometry": { "type": "MultiPolygon", "coordinates": [ [ [ [ 128.993018129517992, 35.327770114055262 ], [ 128.993034707170295, 35.32867150223543 ], [ 128.994134620398313, 35.328657911412456 ], [ 128.994118030544371, 35.327756523682787 ], [ 128.993018129517992, 35.327770114055262 ] ] ] ] } },
{ "type": "Feature", "properties": { "GRID_CD_x": "마마357047", "SCH_POP": 0.0 }, "geometry": { "type": "MultiPolygon", "coordinates": [ [ [ [ 128.993034707170295, 35.32867150223543 ], [ 128.993051285558579, 35.329572890274164 ], [ 128.994151210988804, 35.329559299000685 ], [ 128.994134620398313, 35.328657911412456 ], [ 128.993034707170295, 35.32867150223543 ] ] ] ] } },
{ "type": "Feature", "properties": { "GRID_CD_x": "마마357048", "SCH_POP": 0.0 }, "geometry": { "type": "MultiPolygon", "coordinates": [ [ [ [ 128.993051285558579, 35.329572890274164 ], [ 128.993067864682985, 35.330474278171444 ], [ 128.9941678023159, 35.330460686447438 ], [ 128.994151210988804, 35.329559299000685 ], [ 128.993051285558579, 35.329572890274164 ] ] ] ] } },
{ "type": "Feature", "properties": { "GRID_CD_x": "마마357049", "SCH_POP": 0.0 }, "geometry": { "type": "MultiPolygon", "coordinates": [ [ [ [ 128.993067864682985, 35.330474278171444 ], [ 128.993084444543484, 35.33137566592729 ], [ 128.99418439437963, 35.331362073752757 ], [ 128.9941678023159, 35.330460686447438 ], [ 128.993067864682985, 35.330474278171444 ] ] ] ] } },
{ "type": "Feature", "properties": { "GRID_CD_x": "마마357050", "SCH_POP": 0.0 }, "geometry": { "type": "MultiPolygon", "coordinates": [ [ [ [ 128.993084444543484, 35.33137566592729 ], [ 128.993101025140078, 35.332277053541695 ], [ 128.994200987180022, 35.332263460916622 ], [ 128.99418439437963, 35.331362073752757 ], [ 128.993084444543484, 35.33137566592729 ] ] ] ] } },
{ "type": "Feature", "properties": { "GRID_CD_x": "마마357051", "SCH_POP": 0.0 }, "geometry": { "type": "MultiPolygon", "coordinates": [ [ [ [ 128.993101025140078, 35.332277053541695 ], [ 128.99311760647285, 35.333178441014638 ], [ 128.994217580717134, 35.333164847939024 ], [ 128.994200987180022, 35.332263460916622 ], [ 128.993101025140078, 35.332277053541695 ] ] ] ] } },
{ "type": "Feature", "properties": { "GRID_CD_x": "마마357052", "SCH_POP": 0.0 }, "geometry": { "type": "MultiPolygon", "coordinates": [ [ [ [ 128.99311760647285, 35.333178441014638 ], [ 128.993134188541802, 35.334079828346155 ], [ 128.994234174990964, 35.334066234819986 ], [ 128.994217580717134, 35.333164847939024 ], [ 128.99311760647285, 35.333178441014638 ] ] ] ] } },
{ "type": "Feature", "properties": { "GRID_CD_x": "마마357053", "SCH_POP": 0.0 }, "geometry": { "type": "MultiPolygon", "coordinates": [ [ [ [ 128.993134188541802, 35.334079828346155 ], [ 128.993150771347018, 35.334981215536203 ], [ 128.994250770001543, 35.334967621559478 ], [ 128.994234174990964, 35.334066234819986 ], [ 128.993134188541802, 35.334079828346155 ] ] ] ] } },
{ "type": "Feature", "properties": { "GRID_CD_x": "마마357054", "SCH_POP": 0.0 }, "geometry": { "type": "MultiPolygon", "coordinates": [ [ [ [ 128.993150771347018, 35.334981215536203 ], [ 128.993167354888413, 35.33588260258481 ], [ 128.994267365748954, 35.335869008157509 ], [ 128.994250770001543, 35.334967621559478 ], [ 128.993150771347018, 35.334981215536203 ] ] ] ] } },
{ "type": "Feature", "properties": { "GRID_CD_x": "마마357055", "SCH_POP": 0.0 }, "geometry": { "type": "MultiPolygon", "coordinates": [ [ [ [ 128.993167354888413, 35.33588260258481 ], [ 128.993183939166187, 35.336783989491956 ], [ 128.994283962233197, 35.336770394614071 ], [ 128.994267365748954, 35.335869008157509 ], [ 128.993167354888413, 35.33588260258481 ] ] ] ] } },
{ "type": "Feature", "properties": { "GRID_CD_x": "마마357056", "SCH_POP": 0.0 }, "geometry": { "type": "MultiPolygon", "coordinates": [ [ [ [ 128.993183939166187, 35.336783989491956 ], [ 128.993200524180224, 35.337685376257653 ], [ 128.994300559454274, 35.33767178092917 ], [ 128.994283962233197, 35.336770394614071 ], [ 128.993183939166187, 35.336783989491956 ] ] ] ] } },
{ "type": "Feature", "properties": { "GRID_CD_x": "마마358004", "SCH_POP": 0.0 }, "geometry": { "type": "MultiPolygon", "coordinates": [ [ [ [ 128.993421921370953, 35.289898111333038 ], [ 128.993438480318332, 35.290799505001885 ], [ 128.994537880808736, 35.290785923103357 ], [ 128.994521309682483, 35.28988452988493 ], [ 128.993421921370953, 35.289898111333038 ] ] ] ] } },
{ "type": "Feature", "properties": { "GRID_CD_x": "마마358005", "SCH_POP": 0.0 }, "geometry": { "type": "MultiPolygon", "coordinates": [ [ [ [ 128.993438480318332, 35.290799505001885 ], [ 128.993455040000924, 35.291700898529363 ], [ 128.994554452670741, 35.291687316180415 ], [ 128.994537880808736, 35.290785923103357 ], [ 128.993438480318332, 35.290799505001885 ] ] ] ] } },
{ "type": "Feature", "properties": { "GRID_CD_x": "마마358006", "SCH_POP": 0.0 }, "geometry": { "type": "MultiPolygon", "coordinates": [ [ [ [ 128.993455040000924, 35.291700898529363 ], [ 128.993471600418786, 35.292602291915458 ], [ 128.994571025268527, 35.292588709116082 ], [ 128.994554452670741, 35.291687316180415 ], [ 128.993455040000924, 35.291700898529363 ] ] ] ] } },
{ "type": "Feature", "properties": { "GRID_CD_x": "마마358007", "SCH_POP": 0.0 }, "geometry": { "type": "MultiPolygon", "coordinates": [ [ [ [ 128.993471600418786, 35.292602291915458 ], [ 128.993488161571861, 35.293503685160196 ], [ 128.994587598602152, 35.293490101910365 ], [ 128.994571025268527, 35.292588709116082 ], [ 128.993471600418786, 35.292602291915458 ] ] ] ] } },
{ "type": "Feature", "properties": { "GRID_CD_x": "마마358008", "SCH_POP": 0.0 }, "geometry": { "type": "MultiPolygon", "coordinates": [ [ [ [ 128.993488161571861, 35.293503685160196 ], [ 128.993504723460262, 35.294405078263537 ], [ 128.994604172671586, 35.29439149456325 ], [ 128.994587598602152, 35.293490101910365 ], [ 128.993488161571861, 35.293503685160196 ] ] ] ] } },
{ "type": "Feature", "properties": { "GRID_CD_x": "마마358009", "SCH_POP": 0.0 }, "geometry": { "type": "MultiPolygon", "coordinates": [ [ [ [ 128.993504723460262, 35.294405078263537 ], [ 128.993521286084018, 35.295306471225508 ], [ 128.994620747476915, 35.295292887074766 ], [ 128.994604172671586, 35.29439149456325 ], [ 128.993504723460262, 35.294405078263537 ] ] ] ] } },
{ "type": "Feature", "properties": { "GRID_CD_x": "마마358010", "SCH_POP": 0.0 }, "geometry": { "type": "MultiPolygon", "coordinates": [ [ [ [ 128.993521286084018, 35.295306471225508 ], [ 128.993537849443101, 35.296207864046103 ], [ 128.994637323018139, 35.296194279444883 ], [ 128.994620747476915, 35.295292887074766 ], [ 128.993521286084018, 35.295306471225508 ] ] ] ] } },
{ "type": "Feature", "properties": { "GRID_CD_x": "마마358011", "SCH_POP": 0.0 }, "geometry": { "type": "MultiPolygon", "coordinates": [ [ [ [ 128.993537849443101, 35.296207864046103 ], [ 128.993554413537595, 35.297109256725307 ], [ 128.994653899295287, 35.297095671673603 ], [ 128.994637323018139, 35.296194279444883 ], [ 128.993537849443101, 35.296207864046103 ] ] ] ] } },
{ "type": "Feature", "properties": { "GRID_CD_x": "마마358012", "SCH_POP": 0.0 }, "geometry": { "type": "MultiPolygon", "coordinates": [ [ [ [ 128.993554413537595, 35.297109256725307 ], [ 128.993570978367529, 35.298010649263141 ], [ 128.994670476308414, 35.297997063760938 ], [ 128.994653899295287, 35.297095671673603 ], [ 128.993554413537595, 35.297109256725307 ] ] ] ] } },
{ "type": "Feature", "properties": { "GRID_CD_x": "마마358013", "SCH_POP": 0.0 }, "geometry": { "type": "MultiPolygon", "coordinates": [ [ [ [ 128.993570978367529, 35.298010649263141 ], [ 128.993587543932904, 35.29891204165957 ], [ 128.994687054057522, 35.298898455706862 ], [ 128.994670476308414, 35.297997063760938 ], [ 128.993570978367529, 35.298010649263141 ] ] ] ] } },
{ "type": "Feature", "properties": { "GRID_CD_x": "마마358014", "SCH_POP": 0.0 }, "geometry": { "type": "MultiPolygon", "coordinates": [ [ [ [ 128.993587543932904, 35.29891204165957 ], [ 128.993604110233804, 35.299813433914622 ], [ 128.994703632542695, 35.299799847511409 ], [ 128.994687054057522, 35.298898455706862 ], [ 128.993587543932904, 35.29891204165957 ] ] ] ] } },
{ "type": "Feature", "properties": { "GRID_CD_x": "마마358015", "SCH_POP": 0.0 }, "geometry": { "type": "MultiPolygon", "coordinates": [ [ [ [ 128.993604110233804, 35.299813433914622 ], [ 128.993620677270229, 35.30071482602829 ], [ 128.994720211763934, 35.300701239174558 ], [ 128.994703632542695, 35.299799847511409 ], [ 128.993604110233804, 35.299813433914622 ] ] ] ] } },
{ "type": "Feature", "properties": { "GRID_CD_x": "마마358016", "SCH_POP": 0.0 }, "geometry": { "type": "MultiPolygon", "coordinates": [ [ [ [ 128.993620677270229, 35.30071482602829 ], [ 128.99363724504218, 35.301616218000561 ], [ 128.994736791721266, 35.301602630696287 ], [ 128.994720211763934, 35.300701239174558 ], [ 128.993620677270229, 35.30071482602829 ] ] ] ] } },
{ "type": "Feature", "properties": { "GRID_CD_x": "마마358017", "SCH_POP": 0.0 }, "geometry": { "type": "MultiPolygon", "coordinates": [ [ [ [ 128.99363724504218, 35.301616218000561 ], [ 128.993653813549741, 35.302517609831433 ], [ 128.994753372414749, 35.302504022076612 ], [ 128.994736791721266, 35.301602630696287 ], [ 128.99363724504218, 35.301616218000561 ] ] ] ] } },
{ "type": "Feature", "properties": { "GRID_CD_x": "마마358018", "SCH_POP": 0.0 }, "geometry": { "type": "MultiPolygon", "coordinates": [ [ [ [ 128.993653813549741, 35.302517609831433 ], [ 128.993670382792942, 35.303419001520915 ], [ 128.994769953844383, 35.303405413315552 ], [ 128.994753372414749, 35.302504022076612 ], [ 128.993653813549741, 35.302517609831433 ] ] ] ] } },
{ "type": "Feature", "properties": { "GRID_CD_x": "마마358019", "SCH_POP": 0.0 }, "geometry": { "type": "MultiPolygon", "coordinates": [ [ [ [ 128.993670382792942, 35.303419001520915 ], [ 128.993686952771782, 35.304320393068991 ], [ 128.994786536010196, 35.304306804413066 ], [ 128.994769953844383, 35.303405413315552 ], [ 128.993670382792942, 35.303419001520915 ] ] ] ] } },
{ "type": "Feature", "properties": { "GRID_CD_x": "마마358020", "SCH_POP": 0.0 }, "geometry": { "type": "MultiPolygon", "coordinates": [ [ [ [ 128.993686952771782, 35.304320393068991 ], [ 128.993703523486317, 35.305221784475677 ], [ 128.994803118912273, 35.305208195369175 ], [ 128.994786536010196, 35.304306804413066 ], [ 128.993686952771782, 35.304320393068991 ] ] ] ] } },
{ "type": "Feature", "properties": { "GRID_CD_x": "마마358021", "SCH_POP": 0.0 }, "geometry": { "type": "MultiPolygon", "coordinates": [ [ [ [ 128.993703523486317, 35.305221784475677 ], [ 128.993720094936577, 35.306123175740964 ], [ 128.994819702550586, 35.306109586183872 ], [ 128.994803118912273, 35.305208195369175 ], [ 128.993703523486317, 35.305221784475677 ] ] ] ] } },
{ "type": "Feature", "properties": { "GRID_CD_x": "마마358022", "SCH_POP": 0.0 }, "geometry": { "type": "MultiPolygon", "coordinates": [ [ [ [ 128.993720094936577, 35.306123175740964 ], [ 128.99373666712259, 35.307024566864847 ], [ 128.994836286925192, 35.307010976857171 ], [ 128.994819702550586, 35.306109586183872 ], [ 128.993720094936577, 35.306123175740964 ] ] ] ] } },
{ "type": "Feature", "properties": { "GRID_CD_x": "마마358023", "SCH_POP": 0.0 }, "geometry": { "type": "MultiPolygon", "coordinates": [ [ [ [ 128.99373666712259, 35.307024566864847 ], [ 128.993753240044384, 35.307925957847324 ], [ 128.994852872036148, 35.307912367389051 ], [ 128.994836286925192, 35.307010976857171 ], [ 128.99373666712259, 35.307024566864847 ] ] ] ] } },
{ "type": "Feature", "properties": { "GRID_CD_x": "마마358024", "SCH_POP": 0.0 }, "geometry": { "type": "MultiPolygon", "coordinates": [ [ [ [ 128.993753240044384, 35.307925957847324 ], [ 128.993769813702016, 35.308827348688396 ], [ 128.994869457883482, 35.308813757779504 ], [ 128.994852872036148, 35.307912367389051 ], [ 128.993753240044384, 35.307925957847324 ] ] ] ] } },
{ "type": "Feature", "properties": { "GRID_CD_x": "마마358025", "SCH_POP": 0.0 }, "geometry": { "type": "MultiPolygon", "coordinates": [ [ [ [ 128.993769813702016, 35.308827348688396 ], [ 128.993786388095515, 35.309728739388056 ], [ 128.994886044467194, 35.309715148028545 ], [ 128.994869457883482, 35.308813757779504 ], [ 128.993769813702016, 35.308827348688396 ] ] ] ] } },
{ "type": "Feature", "properties": { "GRID_CD_x": "마마358026", "SCH_POP": 30.787446544350949 }, "geometry": { "type": "MultiPolygon", "coordinates": [ [ [ [ 128.993786388095515, 35.309728739388056 ], [ 128.993802963224852, 35.310630129946311 ], [ 128.994902631787312, 35.310616538136173 ], [ 128.994886044467194, 35.309715148028545 ], [ 128.993786388095515, 35.309728739388056 ] ] ] ] } },
{ "type": "Feature", "properties": { "GRID_CD_x": "마마358027", "SCH_POP": 61.119906193957789 }, "geometry": { "type": "MultiPolygon", "coordinates": [ [ [ [ 128.993802963224852, 35.310630129946311 ], [ 128.993819539090168, 35.311531520363147 ], [ 128.994919219843894, 35.311517928102383 ], [ 128.994902631787312, 35.310616538136173 ], [ 128.993802963224852, 35.310630129946311 ] ] ] ] } },
{ "type": "Feature", "properties": { "GRID_CD_x": "마마358028", "SCH_POP": 26.540902193405991 }, "geometry": { "type": "MultiPolygon", "coordinates": [ [ [ [ 128.993819539090168, 35.311531520363147 ], [ 128.99383611569138, 35.312432910638584 ], [ 128.994935808636995, 35.312419317927144 ], [ 128.994919219843894, 35.311517928102383 ], [ 128.993819539090168, 35.311531520363147 ] ] ] ] } },
{ "type": "Feature", "properties": { "GRID_CD_x": "마마358029", "SCH_POP": 38.067236860256592 }, "geometry": { "type": "MultiPolygon", "coordinates": [ [ [ [ 128.99383611569138, 35.312432910638584 ], [ 128.9938526930286, 35.313334300772595 ], [ 128.994952398166589, 35.313320707610501 ], [ 128.994935808636995, 35.312419317927144 ], [ 128.99383611569138, 35.312432910638584 ] ] ] ] } },
{ "type": "Feature", "properties": { "GRID_CD_x": "마마358030", "SCH_POP": 0.0 }, "geometry": { "type": "MultiPolygon", "coordinates": [ [ [ [ 128.9938526930286, 35.313334300772595 ], [ 128.993869271101829, 35.31423569076518 ], [ 128.99496898843276, 35.314222097152424 ], [ 128.994952398166589, 35.313320707610501 ], [ 128.9938526930286, 35.313334300772595 ] ] ] ] } },
{ "type": "Feature", "properties": { "GRID_CD_x": "마마358031", "SCH_POP": 43.087643942069938 }, "geometry": { "type": "MultiPolygon", "coordinates": [ [ [ [ 128.993869271101829, 35.31423569076518 ], [ 128.993885849911123, 35.315137080616353 ], [ 128.994985579435507, 35.31512348655292 ], [ 128.99496898843276, 35.314222097152424 ], [ 128.993869271101829, 35.31423569076518 ] ] ] ] } },
{ "type": "Feature", "properties": { "GRID_CD_x": "마마358032", "SCH_POP": 38.316693747792293 }, "geometry": { "type": "MultiPolygon", "coordinates": [ [ [ [ 128.993885849911123, 35.315137080616353 ], [ 128.993902429456455, 35.316038470326106 ], [ 128.995002171174889, 35.316024875811976 ], [ 128.994985579435507, 35.31512348655292 ], [ 128.993885849911123, 35.315137080616353 ] ] ] ] } },
{ "type": "Feature", "properties": { "GRID_CD_x": "마마358033", "SCH_POP": 92.884436594842811 }, "geometry": { "type": "MultiPolygon", "coordinates": [ [ [ [ 128.993902429456455, 35.316038470326106 ], [ 128.993919009737937, 35.316939859894461 ], [ 128.995018763650904, 35.31692626492962 ], [ 128.995002171174889, 35.316024875811976 ], [ 128.993902429456455, 35.316038470326106 ] ] ] ] } },
{ "type": "Feature", "properties": { "GRID_CD_x": "마마358034", "SCH_POP": 39.211246909219355 }, "geometry": { "type": "MultiPolygon", "coordinates": [ [ [ [ 128.993919009737937, 35.316939859894461 ], [ 128.993935590755569, 35.317841249321354 ], [ 128.995035356863639, 35.31782765390583 ], [ 128.995018763650904, 35.31692626492962 ], [ 128.993919009737937, 35.316939859894461 ] ] ] ] } },
{ "type": "Feature", "properties": { "GRID_CD_x": "마마358035", "SCH_POP": 87.069841045566932 }, "geometry": { "type": "MultiPolygon", "coordinates": [ [ [ [ 128.993935590755569, 35.317841249321354 ], [ 128.993952172509353, 35.318742638606835 ], [ 128.995051950813064, 35.318729042740578 ], [ 128.995035356863639, 35.31782765390583 ], [ 128.993935590755569, 35.317841249321354 ] ] ] ] } },
{ "type": "Feature", "properties": { "GRID_CD_x": "마마358036", "SCH_POP": 0.74546096785588101 }, "geometry": { "type": "MultiPolygon", "coordinates": [ [ [ [ 128.993952172509353, 35.318742638606835 ], [ 128.993968754999372, 35.31964402775089 ], [ 128.995068545499265, 35.319630431433893 ], [ 128.995051950813064, 35.318729042740578 ], [ 128.993952172509353, 35.318742638606835 ] ] ] ] } },
{ "type": "Feature", "properties": { "GRID_CD_x": "마마358037", "SCH_POP": 5.6655033557046979 }, "geometry": { "type": "MultiPolygon", "coordinates": [ [ [ [ 128.993968754999372, 35.31964402775089 ], [ 128.993985338225627, 35.320545416753518 ], [ 128.995085140922242, 35.320531819985781 ], [ 128.995068545499265, 35.319630431433893 ], [ 128.993968754999372, 35.31964402775089 ] ] ] ] } },
{ "type": "Feature", "properties": { "GRID_CD_x": "마마358038", "SCH_POP": 1.9381985164252911 }, "geometry": { "type": "MultiPolygon", "coordinates": [ [ [ [ 128.993985338225627, 35.320545416753518 ], [ 128.994001922188147, 35.321446805614698 ], [ 128.995101737082024, 35.321433208396222 ], [ 128.995085140922242, 35.320531819985781 ], [ 128.993985338225627, 35.320545416753518 ] ] ] ] } },
{ "type": "Feature", "properties": { "GRID_CD_x": "마마358039", "SCH_POP": 2.683659484281173 }, "geometry": { "type": "MultiPolygon", "coordinates": [ [ [ [ 128.994001922188147, 35.321446805614698 ], [ 128.994018506887016, 35.322348194334459 ], [ 128.995118333978667, 35.322334596665222 ], [ 128.995101737082024, 35.321433208396222 ], [ 128.994001922188147, 35.321446805614698 ] ] ] ] } },
{ "type": "Feature", "properties": { "GRID_CD_x": "마마358040", "SCH_POP": 19.639704234819629 }, "geometry": { "type": "MultiPolygon", "coordinates": [ [ [ [ 128.994018506887016, 35.322348194334459 ], [ 128.994035092322179, 35.32324958291278 ], [ 128.995134931612199, 35.323235984792774 ], [ 128.995118333978667, 35.322334596665222 ], [ 128.994018506887016, 35.322348194334459 ] ] ] ] } },
{ "type": "Feature", "properties": { "GRID_CD_x": "마마358041", "SCH_POP": 7.5092986780192703 }, "geometry": { "type": "MultiPolygon", "coordinates": [ [ [ [ 128.994035092322179, 35.32324958291278 ], [ 128.994051678493747, 35.32415097134966 ], [ 128.99515152998265, 35.324137372778878 ], [ 128.995134931612199, 35.323235984792774 ], [ 128.994035092322179, 35.32324958291278 ] ] ] ] } },
{ "type": "Feature", "properties": { "GRID_CD_x": "마마358042", "SCH_POP": 33.040914183284791 }, "geometry": { "type": "MultiPolygon", "coordinates": [ [ [ [ 128.994051678493747, 35.32415097134966 ], [ 128.994068265401722, 35.325052359645099 ], [ 128.995168129090047, 35.325038760623528 ], [ 128.99515152998265, 35.324137372778878 ], [ 128.994051678493747, 35.32415097134966 ] ] ] ] } },
{ "type": "Feature", "properties": { "GRID_CD_x": "마마358043", "SCH_POP": 54.991171857494962 }, "geometry": { "type": "MultiPolygon", "coordinates": [ [ [ [ 128.994068265401722, 35.325052359645099 ], [ 128.994084853046132, 35.325953747799112 ], [ 128.995184728934447, 35.325940148326751 ], [ 128.995168129090047, 35.325038760623528 ], [ 128.994068265401722, 35.325052359645099 ] ] ] ] } },
{ "type": "Feature", "properties": { "GRID_CD_x": "마마358044", "SCH_POP": 0.0 }, "geometry": { "type": "MultiPolygon", "coordinates": [ [ [ [ 128.994084853046132, 35.325953747799112 ], [ 128.994101441427006, 35.32685513581167 ], [ 128.995201329515822, 35.326841535888491 ], [ 128.995184728934447, 35.325940148326751 ], [ 128.994084853046132, 35.325953747799112 ] ] ] ] } },
{ "type": "Feature", "properties": { "GRID_CD_x": "마마358045", "SCH_POP": 0.0 }, "geometry": { "type": "MultiPolygon", "coordinates": [ [ [ [ 128.994101441427006, 35.32685513581167 ], [ 128.994118030544371, 35.327756523682787 ], [ 128.995217930834258, 35.32774292330879 ], [ 128.995201329515822, 35.326841535888491 ], [ 128.994101441427006, 35.32685513581167 ] ] ] ] } },
{ "type": "Feature", "properties": { "GRID_CD_x": "마마358046", "SCH_POP": 0.0 }, "geometry": { "type": "MultiPolygon", "coordinates": [ [ [ [ 128.994118030544371, 35.327756523682787 ], [ 128.994134620398313, 35.328657911412456 ], [ 128.995234532889782, 35.328644310587642 ], [ 128.995217930834258, 35.32774292330879 ], [ 128.994118030544371, 35.327756523682787 ] ] ] ] } },
{ "type": "Feature", "properties": { "GRID_CD_x": "마마358047", "SCH_POP": 9.2422137575621797 }, "geometry": { "type": "MultiPolygon", "coordinates": [ [ [ [ 128.994134620398313, 35.328657911412456 ], [ 128.994151210988804, 35.329559299000685 ], [ 128.995251135682395, 35.329545697725017 ], [ 128.995234532889782, 35.328644310587642 ], [ 128.994134620398313, 35.328657911412456 ] ] ] ] } },
{ "type": "Feature", "properties": { "GRID_CD_x": "마마358048", "SCH_POP": 0.0 }, "geometry": { "type": "MultiPolygon", "coordinates": [ [ [ [ 128.994151210988804, 35.329559299000685 ], [ 128.9941678023159, 35.330460686447438 ], [ 128.995267739212153, 35.33044708472093 ], [ 128.995251135682395, 35.329545697725017 ], [ 128.994151210988804, 35.329559299000685 ] ] ] ] } },
{ "type": "Feature", "properties": { "GRID_CD_x": "마마358049", "SCH_POP": 0.0 }, "geometry": { "type": "MultiPolygon", "coordinates": [ [ [ [ 128.9941678023159, 35.330460686447438 ], [ 128.99418439437963, 35.331362073752757 ], [ 128.995284343479113, 35.331348471575396 ], [ 128.995267739212153, 35.33044708472093 ], [ 128.9941678023159, 35.330460686447438 ] ] ] ] } },
{ "type": "Feature", "properties": { "GRID_CD_x": "마마358050", "SCH_POP": 0.0 }, "geometry": { "type": "MultiPolygon", "coordinates": [ [ [ [ 128.99418439437963, 35.331362073752757 ], [ 128.994200987180022, 35.332263460916622 ], [ 128.995300948483276, 35.332249858288392 ], [ 128.995284343479113, 35.331348471575396 ], [ 128.99418439437963, 35.331362073752757 ] ] ] ] } },
{ "type": "Feature", "properties": { "GRID_CD_x": "마마358051", "SCH_POP": 0.0 }, "geometry": { "type": "MultiPolygon", "coordinates": [ [ [ [ 128.994200987180022, 35.332263460916622 ], [ 128.994217580717134, 35.333164847939024 ], [ 128.995317554224641, 35.333151244859913 ], [ 128.995300948483276, 35.332249858288392 ], [ 128.994200987180022, 35.332263460916622 ] ] ] ] } },
{ "type": "Feature", "properties": { "GRID_CD_x": "마마358052", "SCH_POP": 0.0 }, "geometry": { "type": "MultiPolygon", "coordinates": [ [ [ [ 128.994217580717134, 35.333164847939024 ], [ 128.994234174990964, 35.334066234819986 ], [ 128.995334160703351, 35.33405263129 ], [ 128.995317554224641, 35.333151244859913 ], [ 128.994217580717134, 35.333164847939024 ] ] ] ] } },
{ "type": "Feature", "properties": { "GRID_CD_x": "마마358053", "SCH_POP": 0.0 }, "geometry": { "type": "MultiPolygon", "coordinates": [ [ [ [ 128.994234174990964, 35.334066234819986 ], [ 128.994250770001543, 35.334967621559478 ], [ 128.995350767919319, 35.334954017578589 ], [ 128.995334160703351, 35.33405263129 ], [ 128.994234174990964, 35.334066234819986 ] ] ] ] } },
{ "type": "Feature", "properties": { "GRID_CD_x": "마마358054", "SCH_POP": 0.0 }, "geometry": { "type": "MultiPolygon", "coordinates": [ [ [ [ 128.994250770001543, 35.334967621559478 ], [ 128.994267365748954, 35.335869008157509 ], [ 128.995367375872661, 35.335855403725702 ], [ 128.995350767919319, 35.334954017578589 ], [ 128.994250770001543, 35.334967621559478 ] ] ] ] } },
{ "type": "Feature", "properties": { "GRID_CD_x": "마마358055", "SCH_POP": 0.0 }, "geometry": { "type": "MultiPolygon", "coordinates": [ [ [ [ 128.994267365748954, 35.335869008157509 ], [ 128.994283962233197, 35.336770394614071 ], [ 128.995383984563347, 35.336756789731361 ], [ 128.995367375872661, 35.335855403725702 ], [ 128.994267365748954, 35.335869008157509 ] ] ] ] } },
{ "type": "Feature", "properties": { "GRID_CD_x": "마마358056", "SCH_POP": 0.0 }, "geometry": { "type": "MultiPolygon", "coordinates": [ [ [ [ 128.994283962233197, 35.336770394614071 ], [ 128.994300559454274, 35.33767178092917 ], [ 128.995400593991434, 35.337658175595529 ], [ 128.995383984563347, 35.336756789731361 ], [ 128.994283962233197, 35.336770394614071 ] ] ] ] } },
{ "type": "Feature", "properties": { "GRID_CD_x": "마마358057", "SCH_POP": 0.0 }, "geometry": { "type": "MultiPolygon", "coordinates": [ [ [ [ 128.994300559454274, 35.33767178092917 ], [ 128.994317157412269, 35.338573167102808 ], [ 128.995417204156979, 35.338559561318235 ], [ 128.995400593991434, 35.337658175595529 ], [ 128.994300559454274, 35.33767178092917 ] ] ] ] } },
{ "type": "Feature", "properties": { "GRID_CD_x": "마마359004", "SCH_POP": 0.0 }, "geometry": { "type": "MultiPolygon", "coordinates": [ [ [ [ 128.994521309682483, 35.28988452988493 ], [ 128.994537880808736, 35.290785923103357 ], [ 128.995637280563415, 35.290772331216914 ], [ 128.995620697258261, 35.289870938449226 ], [ 128.994521309682483, 35.28988452988493 ] ] ] ] } },
{ "type": "Feature", "properties": { "GRID_CD_x": "마마359005", "SCH_POP": 0.0 }, "geometry": { "type": "MultiPolygon", "coordinates": [ [ [ [ 128.994537880808736, 35.290785923103357 ], [ 128.994554452670741, 35.291687316180415 ], [ 128.995653864604805, 35.291673723843225 ], [ 128.995637280563415, 35.290772331216914 ], [ 128.994537880808736, 35.290785923103357 ] ] ] ] } },
{ "type": "Feature", "properties": { "GRID_CD_x": "마마359006", "SCH_POP": 0.0 }, "geometry": { "type": "MultiPolygon", "coordinates": [ [ [ [ 128.994554452670741, 35.291687316180415 ], [ 128.994571025268527, 35.292588709116082 ], [ 128.995670449382516, 35.292575116328116 ], [ 128.995653864604805, 35.291673723843225 ], [ 128.994554452670741, 35.291687316180415 ] ] ] ] } },
{ "type": "Feature", "properties": { "GRID_CD_x": "마마359007", "SCH_POP": 0.0 }, "geometry": { "type": "MultiPolygon", "coordinates": [ [ [ [ 128.994571025268527, 35.292588709116082 ], [ 128.994587598602152, 35.293490101910365 ], [ 128.995687034896577, 35.293476508671624 ], [ 128.995670449382516, 35.292575116328116 ], [ 128.994571025268527, 35.292588709116082 ] ] ] ] } },
{ "type": "Feature", "properties": { "GRID_CD_x": "마마359008", "SCH_POP": 0.0 }, "geometry": { "type": "MultiPolygon", "coordinates": [ [ [ [ 128.994587598602152, 35.293490101910365 ], [ 128.994604172671586, 35.29439149456325 ], [ 128.995703621147044, 35.294377900873734 ], [ 128.995687034896577, 35.293476508671624 ], [ 128.994587598602152, 35.293490101910365 ] ] ] ] } },
{ "type": "Feature", "properties": { "GRID_CD_x": "마마359009", "SCH_POP": 0.0 }, "geometry": { "type": "MultiPolygon", "coordinates": [ [ [ [ 128.994604172671586, 35.29439149456325 ], [ 128.994620747476915, 35.295292887074766 ], [ 128.995720208133889, 35.295279292934445 ], [ 128.995703621147044, 35.294377900873734 ], [ 128.994604172671586, 35.29439149456325 ] ] ] ] } },
{ "type": "Feature", "properties": { "GRID_CD_x": "마마359010", "SCH_POP": 0.0 }, "geometry": { "type": "MultiPolygon", "coordinates": [ [ [ [ 128.994620747476915, 35.295292887074766 ], [ 128.994637323018139, 35.296194279444883 ], [ 128.995736795857198, 35.296180684853759 ], [ 128.995720208133889, 35.295279292934445 ], [ 128.994620747476915, 35.295292887074766 ] ] ] ] } },
{ "type": "Feature", "properties": { "GRID_CD_x": "마마359011", "SCH_POP": 0.0 }, "geometry": { "type": "MultiPolygon", "coordinates": [ [ [ [ 128.994637323018139, 35.296194279444883 ], [ 128.994653899295287, 35.297095671673603 ], [ 128.99575338431697, 35.297082076631668 ], [ 128.995736795857198, 35.296180684853759 ], [ 128.994637323018139, 35.296194279444883 ] ] ] ] } },
{ "type": "Feature", "properties": { "GRID_CD_x": "마마359012", "SCH_POP": 0.0 }, "geometry": { "type": "MultiPolygon", "coordinates": [ [ [ [ 128.994653899295287, 35.297095671673603 ], [ 128.994670476308414, 35.297997063760938 ], [ 128.995769973513262, 35.297983468268171 ], [ 128.99575338431697, 35.297082076631668 ], [ 128.994653899295287, 35.297095671673603 ] ] ] ] } },
{ "type": "Feature", "properties": { "GRID_CD_x": "마마359013", "SCH_POP": 0.0 }, "geometry": { "type": "MultiPolygon", "coordinates": [ [ [ [ 128.994670476308414, 35.297997063760938 ], [ 128.994687054057522, 35.298898455706862 ], [ 128.995786563446103, 35.298884859763277 ], [ 128.995769973513262, 35.297983468268171 ], [ 128.994670476308414, 35.297997063760938 ] ] ] ] } },
{ "type": "Feature", "properties": { "GRID_CD_x": "마마359014", "SCH_POP": 0.0 }, "geometry": { "type": "MultiPolygon", "coordinates": [ [ [ [ 128.994687054057522, 35.298898455706862 ], [ 128.994703632542695, 35.299799847511409 ], [ 128.995803154115521, 35.29978625111697 ], [ 128.995786563446103, 35.298884859763277 ], [ 128.994687054057522, 35.298898455706862 ] ] ] ] } },
{ "type": "Feature", "properties": { "GRID_CD_x": "마마359015", "SCH_POP": 0.0 }, "geometry": { "type": "MultiPolygon", "coordinates": [ [ [ [ 128.994703632542695, 35.299799847511409 ], [ 128.994720211763934, 35.300701239174558 ], [ 128.995819745521544, 35.300687642329258 ], [ 128.995803154115521, 35.29978625111697 ], [ 128.994703632542695, 35.299799847511409 ] ] ] ] } },
{ "type": "Feature", "properties": { "GRID_CD_x": "마마359016", "SCH_POP": 0.84210526315789502 }, "geometry": { "type": "MultiPolygon", "coordinates": [ [ [ [ 128.994720211763934, 35.300701239174558 ], [ 128.994736791721266, 35.301602630696287 ], [ 128.995836337664201, 35.301589033400134 ], [ 128.995819745521544, 35.300687642329258 ], [ 128.994720211763934, 35.300701239174558 ] ] ] ] } },
{ "type": "Feature", "properties": { "GRID_CD_x": "마마359017", "SCH_POP": 0.0 }, "geometry": { "type": "MultiPolygon", "coordinates": [ [ [ [ 128.994736791721266, 35.301602630696287 ], [ 128.994753372414749, 35.302504022076612 ], [ 128.995852930543549, 35.302490424329584 ], [ 128.995836337664201, 35.301589033400134 ], [ 128.994736791721266, 35.301602630696287 ] ] ] ] } },
{ "type": "Feature", "properties": { "GRID_CD_x": "마마359018", "SCH_POP": 0.0 }, "geometry": { "type": "MultiPolygon", "coordinates": [ [ [ [ 128.994753372414749, 35.302504022076612 ], [ 128.994769953844383, 35.303405413315552 ], [ 128.995869524159588, 35.303391815117628 ], [ 128.995852930543549, 35.302490424329584 ], [ 128.994753372414749, 35.302504022076612 ] ] ] ] } },
{ "type": "Feature", "properties": { "GRID_CD_x": "마마359019", "SCH_POP": 0.0 }, "geometry": { "type": "MultiPolygon", "coordinates": [ [ [ [ 128.994769953844383, 35.303405413315552 ], [ 128.994786536010196, 35.304306804413066 ], [ 128.995886118512374, 35.30429320576426 ], [ 128.995869524159588, 35.303391815117628 ], [ 128.994769953844383, 35.303405413315552 ] ] ] ] } },
{ "type": "Feature", "properties": { "GRID_CD_x": "마마359020", "SCH_POP": 0.0 }, "geometry": { "type": "MultiPolygon", "coordinates": [ [ [ [ 128.994786536010196, 35.304306804413066 ], [ 128.994803118912273, 35.305208195369175 ], [ 128.995902713601907, 35.305194596269459 ], [ 128.995886118512374, 35.30429320576426 ], [ 128.994786536010196, 35.304306804413066 ] ] ] ] } },
{ "type": "Feature", "properties": { "GRID_CD_x": "마마359021", "SCH_POP": 0.0 }, "geometry": { "type": "MultiPolygon", "coordinates": [ [ [ [ 128.994803118912273, 35.305208195369175 ], [ 128.994819702550586, 35.306109586183872 ], [ 128.995919309428302, 35.306095986633245 ], [ 128.995902713601907, 35.305194596269459 ], [ 128.994803118912273, 35.305208195369175 ] ] ] ] } },
{ "type": "Feature", "properties": { "GRID_CD_x": "마마359022", "SCH_POP": 0.0 }, "geometry": { "type": "MultiPolygon", "coordinates": [ [ [ [ 128.994819702550586, 35.306109586183872 ], [ 128.994836286925192, 35.307010976857171 ], [ 128.995935905991473, 35.306997376855627 ], [ 128.995919309428302, 35.306095986633245 ], [ 128.994819702550586, 35.306109586183872 ] ] ] ] } },
{ "type": "Feature", "properties": { "GRID_CD_x": "마마359023", "SCH_POP": 0.0 }, "geometry": { "type": "MultiPolygon", "coordinates": [ [ [ [ 128.994836286925192, 35.307010976857171 ], [ 128.994852872036148, 35.307912367389051 ], [ 128.995952503291534, 35.30789876693656 ], [ 128.995935905991473, 35.306997376855627 ], [ 128.994836286925192, 35.307010976857171 ] ] ] ] } },
{ "type": "Feature", "properties": { "GRID_CD_x": "마마359024", "SCH_POP": 0.0 }, "geometry": { "type": "MultiPolygon", "coordinates": [ [ [ [ 128.994852872036148, 35.307912367389051 ], [ 128.994869457883482, 35.308813757779504 ], [ 128.995969101328512, 35.308800156876082 ], [ 128.995952503291534, 35.30789876693656 ], [ 128.994852872036148, 35.307912367389051 ] ] ] ] } },
{ "type": "Feature", "properties": { "GRID_CD_x": "마마359025", "SCH_POP": 0.0 }, "geometry": { "type": "MultiPolygon", "coordinates": [ [ [ [ 128.994869457883482, 35.308813757779504 ], [ 128.994886044467194, 35.309715148028545 ], [ 128.995985700102409, 35.309701546674177 ], [ 128.995969101328512, 35.308800156876082 ], [ 128.994869457883482, 35.308813757779504 ] ] ] ] } },
{ "type": "Feature", "properties": { "GRID_CD_x": "마마359026", "SCH_POP": 0.0 }, "geometry": { "type": "MultiPolygon", "coordinates": [ [ [ [ 128.994886044467194, 35.309715148028545 ], [ 128.994902631787312, 35.310616538136173 ], [ 128.996002299613281, 35.310602936330824 ], [ 128.995985700102409, 35.309701546674177 ], [ 128.994886044467194, 35.309715148028545 ] ] ] ] } },
{ "type": "Feature", "properties": { "GRID_CD_x": "마마359027", "SCH_POP": 0.0 }, "geometry": { "type": "MultiPolygon", "coordinates": [ [ [ [ 128.994902631787312, 35.310616538136173 ], [ 128.994919219843894, 35.311517928102383 ], [ 128.996018899861156, 35.311504325846066 ], [ 128.996002299613281, 35.310602936330824 ], [ 128.994902631787312, 35.310616538136173 ] ] ] ] } },
{ "type": "Feature", "properties": { "GRID_CD_x": "마마359028", "SCH_POP": 67.034735825631131 }, "geometry": { "type": "MultiPolygon", "coordinates": [ [ [ [ 128.994919219843894, 35.311517928102383 ], [ 128.994935808636995, 35.312419317927144 ], [ 128.996035500846062, 35.312405715219853 ], [ 128.996018899861156, 35.311504325846066 ], [ 128.994919219843894, 35.311517928102383 ] ] ] ] } },
{ "type": "Feature", "properties": { "GRID_CD_x": "마마359029", "SCH_POP": 55.660063457028564 }, "geometry": { "type": "MultiPolygon", "coordinates": [ [ [ [ 128.994935808636995, 35.312419317927144 ], [ 128.994952398166589, 35.313320707610501 ], [ 128.996052102568029, 35.313307104452207 ], [ 128.996035500846062, 35.312405715219853 ], [ 128.994935808636995, 35.312419317927144 ] ] ] ] } },
{ "type": "Feature", "properties": { "GRID_CD_x": "마마359030", "SCH_POP": 0.0 }, "geometry": { "type": "MultiPolygon", "coordinates": [ [ [ [ 128.994952398166589, 35.313320707610501 ], [ 128.99496898843276, 35.314222097152424 ], [ 128.996068705027085, 35.314208493543134 ], [ 128.996052102568029, 35.313307104452207 ], [ 128.994952398166589, 35.313320707610501 ] ] ] ] } },
{ "type": "Feature", "properties": { "GRID_CD_x": "마마359031", "SCH_POP": 26.836594842811728 }, "geometry": { "type": "MultiPolygon", "coordinates": [ [ [ [ 128.99496898843276, 35.314222097152424 ], [ 128.994985579435507, 35.31512348655292 ], [ 128.996085308223286, 35.315109882492614 ], [ 128.996068705027085, 35.314208493543134 ], [ 128.99496898843276, 35.314222097152424 ] ] ] ] } },
{ "type": "Feature", "properties": { "GRID_CD_x": "마마359032", "SCH_POP": 42.640367361356411 }, "geometry": { "type": "MultiPolygon", "coordinates": [ [ [ [ 128.994985579435507, 35.31512348655292 ], [ 128.995002171174889, 35.316024875811976 ], [ 128.996101912156632, 35.31601127130066 ], [ 128.996085308223286, 35.315109882492614 ], [ 128.994985579435507, 35.31512348655292 ] ] ] ] } },
{ "type": "Feature", "properties": { "GRID_CD_x": "마마359033", "SCH_POP": 24.003843164959378 }, "geometry": { "type": "MultiPolygon", "coordinates": [ [ [ [ 128.995002171174889, 35.316024875811976 ], [ 128.995018763650904, 35.31692626492962 ], [ 128.996118516827181, 35.316912659967265 ], [ 128.996101912156632, 35.31601127130066 ], [ 128.995002171174889, 35.316024875811976 ] ] ] ] } },
{ "type": "Feature", "properties": { "GRID_CD_x": "마마359034", "SCH_POP": 79.913415754150478 }, "geometry": { "type": "MultiPolygon", "coordinates": [ [ [ [ 128.995018763650904, 35.31692626492962 ], [ 128.995035356863639, 35.31782765390583 ], [ 128.996135122234989, 35.317814048492437 ], [ 128.996118516827181, 35.316912659967265 ], [ 128.995018763650904, 35.31692626492962 ] ] ] ] } },
{ "type": "Feature", "properties": { "GRID_CD_x": "마마359035", "SCH_POP": 2.683659484281173 }, "geometry": { "type": "MultiPolygon", "coordinates": [ [ [ [ 128.995035356863639, 35.31782765390583 ], [ 128.995051950813064, 35.318729042740578 ], [ 128.996151728380028, 35.318715436876133 ], [ 128.996135122234989, 35.317814048492437 ], [ 128.995035356863639, 35.31782765390583 ] ] ] ] } },
{ "type": "Feature", "properties": { "GRID_CD_x": "마마359036", "SCH_POP": 8.7964394206993983 }, "geometry": { "type": "MultiPolygon", "coordinates": [ [ [ [ 128.995051950813064, 35.318729042740578 ], [ 128.995068545499265, 35.319630431433893 ], [ 128.996168335262382, 35.319616825118402 ], [ 128.996151728380028, 35.318715436876133 ], [ 128.995051950813064, 35.318729042740578 ] ] ] ] } },
{ "type": "Feature", "properties": { "GRID_CD_x": "마마359037", "SCH_POP": 1.9381985164252911 }, "geometry": { "type": "MultiPolygon", "coordinates": [ [ [ [ 128.995068545499265, 35.319630431433893 ], [ 128.995085140922242, 35.320531819985781 ], [ 128.996184942882053, 35.320518213219216 ], [ 128.996168335262382, 35.319616825118402 ], [ 128.995068545499265, 35.319630431433893 ] ] ] ] } },
{ "type": "Feature", "properties": { "GRID_CD_x": "마마359038", "SCH_POP": 0.0 }, "geometry": { "type": "MultiPolygon", "coordinates": [ [ [ [ 128.995085140922242, 35.320531819985781 ], [ 128.995101737082024, 35.321433208396222 ], [ 128.996201551239068, 35.321419601178569 ], [ 128.996184942882053, 35.320518213219216 ], [ 128.995085140922242, 35.320531819985781 ] ] ] ] } },
{ "type": "Feature", "properties": { "GRID_CD_x": "마마359039", "SCH_POP": 2.683659484281173 }, "geometry": { "type": "MultiPolygon", "coordinates": [ [ [ [ 128.995101737082024, 35.321433208396222 ], [ 128.995118333978667, 35.322334596665222 ], [ 128.996218160333484, 35.322320988996481 ], [ 128.996201551239068, 35.321419601178569 ], [ 128.995101737082024, 35.321433208396222 ] ] ] ] } },
{ "type": "Feature", "properties": { "GRID_CD_x": "마마359040", "SCH_POP": 20.910508626484429 }, "geometry": { "type": "MultiPolygon", "coordinates": [ [ [ [ 128.995118333978667, 35.322334596665222 ], [ 128.995134931612199, 35.323235984792774 ], [ 128.99623477016533, 35.323222376672938 ], [ 128.996218160333484, 35.322320988996481 ], [ 128.995118333978667, 35.322334596665222 ] ] ] ] } },
{ "type": "Feature", "properties": { "GRID_CD_x": "마마359041", "SCH_POP": 45.633430427963255 }, "geometry": { "type": "MultiPolygon", "coordinates": [ [ [ [ 128.995134931612199, 35.323235984792774 ], [ 128.99515152998265, 35.324137372778878 ], [ 128.996251380734606, 35.324123764207918 ], [ 128.99623477016533, 35.323222376672938 ], [ 128.995134931612199, 35.323235984792774 ] ] ] ] } },
{ "type": "Feature", "properties": { "GRID_CD_x": "마마359042", "SCH_POP": 25.762670849204575 }, "geometry": { "type": "MultiPolygon", "coordinates": [ [ [ [ 128.99515152998265, 35.324137372778878 ], [ 128.995168129090047, 35.325038760623528 ], [ 128.996267992041396, 35.325025151601452 ], [ 128.996251380734606, 35.324123764207918 ], [ 128.99515152998265, 35.324137372778878 ] ] ] ] } },
{ "type": "Feature", "properties": { "GRID_CD_x": "마마359043", "SCH_POP": 0.0 }, "geometry": { "type": "MultiPolygon", "coordinates": [ [ [ [ 128.995168129090047, 35.325038760623528 ], [ 128.995184728934447, 35.325940148326751 ], [ 128.996284604085702, 35.325926538853537 ], [ 128.996267992041396, 35.325025151601452 ], [ 128.995168129090047, 35.325038760623528 ] ] ] ] } },
{ "type": "Feature", "properties": { "GRID_CD_x": "마마359044", "SCH_POP": 0.0 }, "geometry": { "type": "MultiPolygon", "coordinates": [ [ [ [ 128.995184728934447, 35.325940148326751 ], [ 128.995201329515822, 35.326841535888491 ], [ 128.996301216867579, 35.326827925964146 ], [ 128.996284604085702, 35.325926538853537 ], [ 128.995184728934447, 35.325940148326751 ] ] ] ] } },
{ "type": "Feature", "properties": { "GRID_CD_x": "마마359045", "SCH_POP": 0.0 }, "geometry": { "type": "MultiPolygon", "coordinates": [ [ [ [ 128.995201329515822, 35.326841535888491 ], [ 128.995217930834258, 35.32774292330879 ], [ 128.996317830387028, 35.327729312933307 ], [ 128.996301216867579, 35.326827925964146 ], [ 128.995201329515822, 35.326841535888491 ] ] ] ] } },
{ "type": "Feature", "properties": { "GRID_CD_x": "마마359046", "SCH_POP": 0.0 }, "geometry": { "type": "MultiPolygon", "coordinates": [ [ [ [ 128.995217930834258, 35.32774292330879 ], [ 128.995234532889782, 35.328644310587642 ], [ 128.996334444644106, 35.328630699760978 ], [ 128.996317830387028, 35.327729312933307 ], [ 128.995217930834258, 35.32774292330879 ] ] ] ] } },
{ "type": "Feature", "properties": { "GRID_CD_x": "마마359047", "SCH_POP": 2.0794980954514899 }, "geometry": { "type": "MultiPolygon", "coordinates": [ [ [ [ 128.995234532889782, 35.328644310587642 ], [ 128.995251135682395, 35.329545697725017 ], [ 128.99635105963884, 35.329532086447202 ], [ 128.996334444644106, 35.328630699760978 ], [ 128.995234532889782, 35.328644310587642 ] ] ] ] } },
{ "type": "Feature", "properties": { "GRID_CD_x": "마마359048", "SCH_POP": 6.3540219583239983 }, "geometry": { "type": "MultiPolygon", "coordinates": [ [ [ [ 128.995251135682395, 35.329545697725017 ], [ 128.995267739212153, 35.33044708472093 ], [ 128.99636767537126, 35.330433472991935 ], [ 128.99635105963884, 35.329532086447202 ], [ 128.995251135682395, 35.329545697725017 ] ] ] ] } },
{ "type": "Feature", "properties": { "GRID_CD_x": "마마359049", "SCH_POP": 0.0 }, "geometry": { "type": "MultiPolygon", "coordinates": [ [ [ [ 128.995267739212153, 35.33044708472093 ], [ 128.995284343479113, 35.331348471575396 ], [ 128.996384291841395, 35.331334859395213 ], [ 128.99636767537126, 35.330433472991935 ], [ 128.995267739212153, 35.33044708472093 ] ] ] ] } },
{ "type": "Feature", "properties": { "GRID_CD_x": "마마359050", "SCH_POP": 0.0 }, "geometry": { "type": "MultiPolygon", "coordinates": [ [ [ [ 128.995284343479113, 35.331348471575396 ], [ 128.995300948483276, 35.332249858288392 ], [ 128.996400909049271, 35.332236245657 ], [ 128.996384291841395, 35.331334859395213 ], [ 128.995284343479113, 35.331348471575396 ] ] ] ] } },
{ "type": "Feature", "properties": { "GRID_CD_x": "마마359051", "SCH_POP": 0.0 }, "geometry": { "type": "MultiPolygon", "coordinates": [ [ [ [ 128.995300948483276, 35.332249858288392 ], [ 128.995317554224641, 35.333151244859913 ], [ 128.996417526994918, 35.333137631777326 ], [ 128.996400909049271, 35.332236245657 ], [ 128.995300948483276, 35.332249858288392 ] ] ] ] } },
{ "type": "Feature", "properties": { "GRID_CD_x": "마마359052", "SCH_POP": 0.0 }, "geometry": { "type": "MultiPolygon", "coordinates": [ [ [ [ 128.995317554224641, 35.333151244859913 ], [ 128.995334160703351, 35.33405263129 ], [ 128.996434145678421, 35.334039017756176 ], [ 128.996417526994918, 35.333137631777326 ], [ 128.995317554224641, 35.333151244859913 ] ] ] ] } },
{ "type": "Feature", "properties": { "GRID_CD_x": "마마359053", "SCH_POP": 0.0 }, "geometry": { "type": "MultiPolygon", "coordinates": [ [ [ [ 128.995334160703351, 35.33405263129 ], [ 128.995350767919319, 35.334954017578589 ], [ 128.996450765099752, 35.334940403593542 ], [ 128.996434145678421, 35.334039017756176 ], [ 128.995334160703351, 35.33405263129 ] ] ] ] } },
{ "type": "Feature", "properties": { "GRID_CD_x": "마마359054", "SCH_POP": 0.0 }, "geometry": { "type": "MultiPolygon", "coordinates": [ [ [ [ 128.995350767919319, 35.334954017578589 ], [ 128.995367375872661, 35.335855403725702 ], [ 128.996467385258939, 35.335841789289432 ], [ 128.996450765099752, 35.334940403593542 ], [ 128.995350767919319, 35.334954017578589 ] ] ] ] } },
{ "type": "Feature", "properties": { "GRID_CD_x": "마마359055", "SCH_POP": 0.0 }, "geometry": { "type": "MultiPolygon", "coordinates": [ [ [ [ 128.995367375872661, 35.335855403725702 ], [ 128.995383984563347, 35.336756789731361 ], [ 128.996484006156095, 35.336743174843839 ], [ 128.996467385258939, 35.335841789289432 ], [ 128.995367375872661, 35.335855403725702 ] ] ] ] } },
{ "type": "Feature", "properties": { "GRID_CD_x": "마마359056", "SCH_POP": 0.0 }, "geometry": { "type": "MultiPolygon", "coordinates": [ [ [ [ 128.995383984563347, 35.336756789731361 ], [ 128.995400593991434, 35.337658175595529 ], [ 128.996500627791164, 35.337644560256756 ], [ 128.996484006156095, 35.336743174843839 ], [ 128.995383984563347, 35.336756789731361 ] ] ] ] } },
{ "type": "Feature", "properties": { "GRID_CD_x": "마마359057", "SCH_POP": 0.0 }, "geometry": { "type": "MultiPolygon", "coordinates": [ [ [ [ 128.995400593991434, 35.337658175595529 ], [ 128.995417204156979, 35.338559561318235 ], [ 128.996517250164231, 35.338545945528182 ], [ 128.996500627791164, 35.337644560256756 ], [ 128.995400593991434, 35.337658175595529 ] ] ] ] } },
{ "type": "Feature", "properties": { "GRID_CD_x": "마마359058", "SCH_POP": 0.0 }, "geometry": { "type": "MultiPolygon", "coordinates": [ [ [ [ 128.995417204156979, 35.338559561318235 ], [ 128.995433815059982, 35.33946094689945 ], [ 128.996533873275268, 35.339447330658125 ], [ 128.996517250164231, 35.338545945528182 ], [ 128.995417204156979, 35.338559561318235 ] ] ] ] } },
{ "type": "Feature", "properties": { "GRID_CD_x": "마마360003", "SCH_POP": 0.0 }, "geometry": { "type": "MultiPolygon", "coordinates": [ [ [ [ 128.995604114689428, 35.288969545540155 ], [ 128.995620697258261, 35.289870938449226 ], [ 128.996720084097859, 35.289857337025985 ], [ 128.996703489350722, 35.288955944567967 ], [ 128.995604114689428, 35.288969545540155 ] ] ] ] } },
{ "type": "Feature", "properties": { "GRID_CD_x": "마마360004", "SCH_POP": 0.0 }, "geometry": { "type": "MultiPolygon", "coordinates": [ [ [ [ 128.995620697258261, 35.289870938449226 ], [ 128.995637280563415, 35.290772331216914 ], [ 128.996736679581772, 35.290758729342578 ], [ 128.996720084097859, 35.289857337025985 ], [ 128.995620697258261, 35.289870938449226 ] ] ] ] } },
{ "type": "Feature", "properties": { "GRID_CD_x": "마마360005", "SCH_POP": 0.0 }, "geometry": { "type": "MultiPolygon", "coordinates": [ [ [ [ 128.995637280563415, 35.290772331216914 ], [ 128.995653864604805, 35.291673723843225 ], [ 128.996753275802547, 35.291660121517801 ], [ 128.996736679581772, 35.290758729342578 ], [ 128.995637280563415, 35.290772331216914 ] ] ] ] } },
{ "type": "Feature", "properties": { "GRID_CD_x": "마마360006", "SCH_POP": 0.0 }, "geometry": { "type": "MultiPolygon", "coordinates": [ [ [ [ 128.995653864604805, 35.291673723843225 ], [ 128.995670449382516, 35.292575116328116 ], [ 128.996769872760154, 35.292561513551597 ], [ 128.996753275802547, 35.291660121517801 ], [ 128.995653864604805, 35.291673723843225 ] ] ] ] } },
{ "type": "Feature", "properties": { "GRID_CD_x": "마마360007", "SCH_POP": 0.0 }, "geometry": { "type": "MultiPolygon", "coordinates": [ [ [ [ 128.995670449382516, 35.292575116328116 ], [ 128.995687034896577, 35.293476508671624 ], [ 128.996786470454651, 35.293462905443995 ], [ 128.996769872760154, 35.292561513551597 ], [ 128.995670449382516, 35.292575116328116 ] ] ] ] } },
{ "type": "Feature", "properties": { "GRID_CD_x": "마마360008", "SCH_POP": 0.0 }, "geometry": { "type": "MultiPolygon", "coordinates": [ [ [ [ 128.995687034896577, 35.293476508671624 ], [ 128.995703621147044, 35.294377900873734 ], [ 128.996803068886038, 35.294364297194988 ], [ 128.996786470454651, 35.293462905443995 ], [ 128.995687034896577, 35.293476508671624 ] ] ] ] } },
{ "type": "Feature", "properties": { "GRID_CD_x": "마마360009", "SCH_POP": 0.0 }, "geometry": { "type": "MultiPolygon", "coordinates": [ [ [ [ 128.995703621147044, 35.294377900873734 ], [ 128.995720208133889, 35.295279292934445 ], [ 128.996819668054428, 35.295265688804577 ], [ 128.996803068886038, 35.294364297194988 ], [ 128.995703621147044, 35.294377900873734 ] ] ] ] } },
{ "type": "Feature", "properties": { "GRID_CD_x": "마마360010", "SCH_POP": 0.0 }, "geometry": { "type": "MultiPolygon", "coordinates": [ [ [ [ 128.995720208133889, 35.295279292934445 ], [ 128.995736795857198, 35.296180684853759 ], [ 128.996836267959793, 35.296167080272753 ], [ 128.996819668054428, 35.295265688804577 ], [ 128.995720208133889, 35.295279292934445 ] ] ] ] } },
{ "type": "Feature", "properties": { "GRID_CD_x": "마마360011", "SCH_POP": 0.0 }, "geometry": { "type": "MultiPolygon", "coordinates": [ [ [ [ 128.995736795857198, 35.296180684853759 ], [ 128.99575338431697, 35.297082076631668 ], [ 128.996852868602161, 35.297068471599523 ], [ 128.996836267959793, 35.296167080272753 ], [ 128.995736795857198, 35.296180684853759 ] ] ] ] } },
{ "type": "Feature", "properties": { "GRID_CD_x": "마마360012", "SCH_POP": 0.0 }, "geometry": { "type": "MultiPolygon", "coordinates": [ [ [ [ 128.99575338431697, 35.297082076631668 ], [ 128.995769973513262, 35.297983468268171 ], [ 128.99686946998159, 35.297969862784875 ], [ 128.996852868602161, 35.297068471599523 ], [ 128.99575338431697, 35.297082076631668 ] ] ] ] } },
{ "type": "Feature", "properties": { "GRID_CD_x": "마마360013", "SCH_POP": 0.0 }, "geometry": { "type": "MultiPolygon", "coordinates": [ [ [ [ 128.995769973513262, 35.297983468268171 ], [ 128.995786563446103, 35.298884859763277 ], [ 128.996886072098107, 35.2988712538288 ], [ 128.99686946998159, 35.297969862784875 ], [ 128.995769973513262, 35.297983468268171 ] ] ] ] } },
{ "type": "Feature", "properties": { "GRID_CD_x": "마마360014", "SCH_POP": 0.0 }, "geometry": { "type": "MultiPolygon", "coordinates": [ [ [ [ 128.995786563446103, 35.298884859763277 ], [ 128.995803154115521, 35.29978625111697 ], [ 128.996902674951741, 35.29977264473132 ], [ 128.996886072098107, 35.2988712538288 ], [ 128.995786563446103, 35.298884859763277 ] ] ] ] } },
{ "type": "Feature", "properties": { "GRID_CD_x": "마마360015", "SCH_POP": 0.0 }, "geometry": { "type": "MultiPolygon", "coordinates": [ [ [ [ 128.995803154115521, 35.29978625111697 ], [ 128.995819745521544, 35.300687642329258 ], [ 128.996919278542521, 35.300674035492428 ], [ 128.996902674951741, 35.29977264473132 ], [ 128.995803154115521, 35.29978625111697 ] ] ] ] } },
{ "type": "Feature", "properties": { "GRID_CD_x": "마마360016", "SCH_POP": 0.87387862796833804 }, "geometry": { "type": "MultiPolygon", "coordinates": [ [ [ [ 128.995819745521544, 35.300687642329258 ], [ 128.995836337664201, 35.301589033400134 ], [ 128.996935882870474, 35.301575426112102 ], [ 128.996919278542521, 35.300674035492428 ], [ 128.995819745521544, 35.300687642329258 ] ] ] ] } },
{ "type": "Feature", "properties": { "GRID_CD_x": "마마360017", "SCH_POP": 0.68390501319261199 }, "geometry": { "type": "MultiPolygon", "coordinates": [ [ [ [ 128.995836337664201, 35.301589033400134 ], [ 128.995852930543549, 35.302490424329584 ], [ 128.996952487935658, 35.302476816590357 ], [ 128.996935882870474, 35.301575426112102 ], [ 128.995836337664201, 35.301589033400134 ] ] ] ] } },
{ "type": "Feature", "properties": { "GRID_CD_x": "마마360018", "SCH_POP": 0.0 }, "geometry": { "type": "MultiPolygon", "coordinates": [ [ [ [ 128.995852930543549, 35.302490424329584 ], [ 128.995869524159588, 35.303391815117628 ], [ 128.996969093738073, 35.303378206927178 ], [ 128.996952487935658, 35.302476816590357 ], [ 128.995852930543549, 35.302490424329584 ] ] ] ] } },
{ "type": "Feature", "properties": { "GRID_CD_x": "마마360019", "SCH_POP": 0.0 }, "geometry": { "type": "MultiPolygon", "coordinates": [ [ [ [ 128.995869524159588, 35.303391815117628 ], [ 128.995886118512374, 35.30429320576426 ], [ 128.996985700277776, 35.30427959712258 ], [ 128.996969093738073, 35.303378206927178 ], [ 128.995869524159588, 35.303391815117628 ] ] ] ] } },
{ "type": "Feature", "properties": { "GRID_CD_x": "마마360020", "SCH_POP": 0.0 }, "geometry": { "type": "MultiPolygon", "coordinates": [ [ [ [ 128.995886118512374, 35.30429320576426 ], [ 128.995902713601907, 35.305194596269459 ], [ 128.997002307554794, 35.305180987176556 ], [ 128.996985700277776, 35.30427959712258 ], [ 128.995886118512374, 35.30429320576426 ] ] ] ] } },
{ "type": "Feature", "properties": { "GRID_CD_x": "마마360021", "SCH_POP": 0.0 }, "geometry": { "type": "MultiPolygon", "coordinates": [ [ [ [ 128.995902713601907, 35.305194596269459 ], [ 128.995919309428302, 35.306095986633245 ], [ 128.997018915569157, 35.306082377089105 ], [ 128.997002307554794, 35.305180987176556 ], [ 128.995902713601907, 35.305194596269459 ] ] ] ] } },
{ "type": "Feature", "properties": { "GRID_CD_x": "마마360022", "SCH_POP": 0.0 }, "geometry": { "type": "MultiPolygon", "coordinates": [ [ [ [ 128.995919309428302, 35.306095986633245 ], [ 128.995935905991473, 35.306997376855627 ], [ 128.997035524320864, 35.306983766860213 ], [ 128.997018915569157, 35.306082377089105 ], [ 128.995919309428302, 35.306095986633245 ] ] ] ] } },
{ "type": "Feature", "properties": { "GRID_CD_x": "마마360023", "SCH_POP": 0.0 }, "geometry": { "type": "MultiPolygon", "coordinates": [ [ [ [ 128.995935905991473, 35.306997376855627 ], [ 128.995952503291534, 35.30789876693656 ], [ 128.997052133810058, 35.307885156489895 ], [ 128.997035524320864, 35.306983766860213 ], [ 128.995935905991473, 35.306997376855627 ] ] ] ] } },
{ "type": "Feature", "properties": { "GRID_CD_x": "마마360024", "SCH_POP": 0.0 }, "geometry": { "type": "MultiPolygon", "coordinates": [ [ [ [ 128.995952503291534, 35.30789876693656 ], [ 128.995969101328512, 35.308800156876082 ], [ 128.997068744036625, 35.308786545978144 ], [ 128.997052133810058, 35.307885156489895 ], [ 128.995952503291534, 35.30789876693656 ] ] ] ] } },
{ "type": "Feature", "properties": { "GRID_CD_x": "마마360025", "SCH_POP": 0.0 }, "geometry": { "type": "MultiPolygon", "coordinates": [ [ [ [ 128.995969101328512, 35.308800156876082 ], [ 128.995985700102409, 35.309701546674177 ], [ 128.997085355000678, 35.309687935324945 ], [ 128.997068744036625, 35.308786545978144 ], [ 128.995969101328512, 35.308800156876082 ] ] ] ] } },
{ "type": "Feature", "properties": { "GRID_CD_x": "마마360026", "SCH_POP": 0.0 }, "geometry": { "type": "MultiPolygon", "coordinates": [ [ [ [ 128.995985700102409, 35.309701546674177 ], [ 128.996002299613281, 35.310602936330824 ], [ 128.997101966702274, 35.310589324530312 ], [ 128.997085355000678, 35.309687935324945 ], [ 128.995985700102409, 35.309701546674177 ] ] ] ] } },
{ "type": "Feature", "properties": { "GRID_CD_x": "마마360027", "SCH_POP": 0.0 }, "geometry": { "type": "MultiPolygon", "coordinates": [ [ [ [ 128.996002299613281, 35.310602936330824 ], [ 128.996018899861156, 35.311504325846066 ], [ 128.997118579141357, 35.311490713594239 ], [ 128.997101966702274, 35.310589324530312 ], [ 128.996002299613281, 35.310602936330824 ] ] ] ] } },
{ "type": "Feature", "properties": { "GRID_CD_x": "마마360028", "SCH_POP": 0.0 }, "geometry": { "type": "MultiPolygon", "coordinates": [ [ [ [ 128.996018899861156, 35.311504325846066 ], [ 128.996035500846062, 35.312405715219853 ], [ 128.997135192318069, 35.312392102516732 ], [ 128.997118579141357, 35.311490713594239 ], [ 128.996018899861156, 35.311504325846066 ] ] ] ] } },
{ "type": "Feature", "properties": { "GRID_CD_x": "마마360029", "SCH_POP": 54.490897613937634 }, "geometry": { "type": "MultiPolygon", "coordinates": [ [ [ [ 128.996035500846062, 35.312405715219853 ], [ 128.996052102568029, 35.313307104452207 ], [ 128.997151806232353, 35.313293491297756 ], [ 128.997135192318069, 35.312392102516732 ], [ 128.996035500846062, 35.312405715219853 ] ] ] ] } },
{ "type": "Feature", "properties": { "GRID_CD_x": "마마360030", "SCH_POP": 35.698199569576396 }, "geometry": { "type": "MultiPolygon", "coordinates": [ [ [ [ 128.996052102568029, 35.313307104452207 ], [ 128.996068705027085, 35.314208493543134 ], [ 128.997168420884293, 35.314194879937347 ], [ 128.997151806232353, 35.313293491297756 ], [ 128.996052102568029, 35.313307104452207 ] ] ] ] } },
{ "type": "Feature", "properties": { "GRID_CD_x": "마마360031", "SCH_POP": 84.277192798278307 }, "geometry": { "type": "MultiPolygon", "coordinates": [ [ [ [ 128.996068705027085, 35.314208493543134 ], [ 128.996085308223286, 35.315109882492614 ], [ 128.997185036273891, 35.315096268435482 ], [ 128.997168420884293, 35.314194879937347 ], [ 128.996068705027085, 35.314208493543134 ] ] ] ] } },
{ "type": "Feature", "properties": { "GRID_CD_x": "마마360032", "SCH_POP": 31.649950133851242 }, "geometry": { "type": "MultiPolygon", "coordinates": [ [ [ [ 128.996085308223286, 35.315109882492614 ], [ 128.996101912156632, 35.31601127130066 ], [ 128.99720165240123, 35.31599765679217 ], [ 128.997185036273891, 35.315096268435482 ], [ 128.996085308223286, 35.315109882492614 ] ] ] ] } },
{ "type": "Feature", "properties": { "GRID_CD_x": "마마360033", "SCH_POP": 27.049666684163562 }, "geometry": { "type": "MultiPolygon", "coordinates": [ [ [ [ 128.996101912156632, 35.31601127130066 ], [ 128.996118516827181, 35.316912659967265 ], [ 128.997218269266256, 35.316899045007418 ], [ 128.99720165240123, 35.31599765679217 ], [ 128.996101912156632, 35.31601127130066 ] ] ] ] } },
{ "type": "Feature", "properties": { "GRID_CD_x": "마마360034", "SCH_POP": 4.2322607737126656 }, "geometry": { "type": "MultiPolygon", "coordinates": [ [ [ [ 128.996118516827181, 35.316912659967265 ], [ 128.996135122234989, 35.317814048492437 ], [ 128.99723488686908, 35.317800433081203 ], [ 128.997218269266256, 35.316899045007418 ], [ 128.996118516827181, 35.316912659967265 ] ] ] ] } },
{ "type": "Feature", "properties": { "GRID_CD_x": "마마360035", "SCH_POP": 26.313621332213533 }, "geometry": { "type": "MultiPolygon", "coordinates": [ [ [ [ 128.996135122234989, 35.317814048492437 ], [ 128.996151728380028, 35.318715436876133 ], [ 128.997251505209704, 35.318701821013534 ], [ 128.99723488686908, 35.317800433081203 ], [ 128.996135122234989, 35.317814048492437 ] ] ] ] } },
{ "type": "Feature", "properties": { "GRID_CD_x": "마마360036", "SCH_POP": 35.146165555613877 }, "geometry": { "type": "MultiPolygon", "coordinates": [ [ [ [ 128.996151728380028, 35.318715436876133 ], [ 128.996168335262382, 35.319616825118402 ], [ 128.997268124288155, 35.319603208804402 ], [ 128.997251505209704, 35.318701821013534 ], [ 128.996151728380028, 35.318715436876133 ] ] ] ] } },
{ "type": "Feature", "properties": { "GRID_CD_x": "마마360037", "SCH_POP": 10.488646265287912 }, "geometry": { "type": "MultiPolygon", "coordinates": [ [ [ [ 128.996168335262382, 35.319616825118402 ], [ 128.996184942882053, 35.320518213219216 ], [ 128.997284744104462, 35.320504596453809 ], [ 128.997268124288155, 35.319603208804402 ], [ 128.996168335262382, 35.319616825118402 ] ] ] ] } },
{ "type": "Feature", "properties": { "GRID_CD_x": "마마360038", "SCH_POP": 0.0 }, "geometry": { "type": "MultiPolygon", "coordinates": [ [ [ [ 128.996184942882053, 35.320518213219216 ], [ 128.996201551239068, 35.321419601178569 ], [ 128.997301364658682, 35.32140598396176 ], [ 128.997284744104462, 35.320504596453809 ], [ 128.996184942882053, 35.320518213219216 ] ] ] ] } },
{ "type": "Feature", "properties": { "GRID_CD_x": "마마360039", "SCH_POP": 0.92005668993753598 }, "geometry": { "type": "MultiPolygon", "coordinates": [ [ [ [ 128.996201551239068, 35.321419601178569 ], [ 128.996218160333484, 35.322320988996481 ], [ 128.997317985950843, 35.32230737132825 ], [ 128.997301364658682, 35.32140598396176 ], [ 128.996201551239068, 35.321419601178569 ] ] ] ] } },
{ "type": "Feature", "properties": { "GRID_CD_x": "마마360040", "SCH_POP": 0.37462568951930703 }, "geometry": { "type": "MultiPolygon", "coordinates": [ [ [ [ 128.996218160333484, 35.322320988996481 ], [ 128.99623477016533, 35.323222376672938 ], [ 128.997334607980974, 35.323208758553271 ], [ 128.997317985950843, 35.32230737132825 ], [ 128.996218160333484, 35.322320988996481 ] ] ] ] } },
{ "type": "Feature", "properties": { "GRID_CD_x": "마마360041", "SCH_POP": 17.532482269503546 }, "geometry": { "type": "MultiPolygon", "coordinates": [ [ [ [ 128.99623477016533, 35.323222376672938 ], [ 128.996251380734606, 35.324123764207918 ], [ 128.997351230749103, 35.324110145636823 ], [ 128.997334607980974, 35.323208758553271 ], [ 128.99623477016533, 35.323222376672938 ] ] ] ] } },
{ "type": "Feature", "properties": { "GRID_CD_x": "마마360042", "SCH_POP": 0.0 }, "geometry": { "type": "MultiPolygon", "coordinates": [ [ [ [ 128.996251380734606, 35.324123764207918 ], [ 128.996267992041396, 35.325025151601452 ], [ 128.997367854255259, 35.325011532578912 ], [ 128.997351230749103, 35.324110145636823 ], [ 128.996251380734606, 35.324123764207918 ] ] ] ] } },
{ "type": "Feature", "properties": { "GRID_CD_x": "마마360043", "SCH_POP": 0.0 }, "geometry": { "type": "MultiPolygon", "coordinates": [ [ [ [ 128.996267992041396, 35.325025151601452 ], [ 128.996284604085702, 35.325926538853537 ], [ 128.997384478499441, 35.325912919379526 ], [ 128.997367854255259, 35.325011532578912 ], [ 128.996267992041396, 35.325025151601452 ] ] ] ] } },
{ "type": "Feature", "properties": { "GRID_CD_x": "마마360044", "SCH_POP": 0.0 }, "geometry": { "type": "MultiPolygon", "coordinates": [ [ [ [ 128.996284604085702, 35.325926538853537 ], [ 128.996301216867579, 35.326827925964146 ], [ 128.997401103481764, 35.326814306038663 ], [ 128.997384478499441, 35.325912919379526 ], [ 128.996284604085702, 35.325926538853537 ] ] ] ] } },
{ "type": "Feature", "properties": { "GRID_CD_x": "마마360045", "SCH_POP": 27.272750197005514 }, "geometry": { "type": "MultiPolygon", "coordinates": [ [ [ [ 128.996301216867579, 35.326827925964146 ], [ 128.996317830387028, 35.327729312933307 ], [ 128.997417729202226, 35.327715692556332 ], [ 128.997401103481764, 35.326814306038663 ], [ 128.996301216867579, 35.326827925964146 ] ] ] ] } },
{ "type": "Feature", "properties": { "GRID_CD_x": "마마360046", "SCH_POP": 2.472529550827423 }, "geometry": { "type": "MultiPolygon", "coordinates": [ [ [ [ 128.996317830387028, 35.327729312933307 ], [ 128.996334444644106, 35.328630699760978 ], [ 128.997434355660829, 35.328617078932531 ], [ 128.997417729202226, 35.327715692556332 ], [ 128.996317830387028, 35.327729312933307 ] ] ] ] } },
{ "type": "Feature", "properties": { "GRID_CD_x": "마마360047", "SCH_POP": 5.7692356185973219 }, "geometry": { "type": "MultiPolygon", "coordinates": [ [ [ [ 128.996334444644106, 35.328630699760978 ], [ 128.99635105963884, 35.329532086447202 ], [ 128.9974509828576, 35.329518465167247 ], [ 128.997434355660829, 35.328617078932531 ], [ 128.996334444644106, 35.328630699760978 ] ] ] ] } },
{ "type": "Feature", "properties": { "GRID_CD_x": "마마360048", "SCH_POP": 5.1698345153664302 }, "geometry": { "type": "MultiPolygon", "coordinates": [ [ [ [ 128.99635105963884, 35.329532086447202 ], [ 128.99636767537126, 35.330433472991935 ], [ 128.997467610792626, 35.330419851260473 ], [ 128.9974509828576, 35.329518465167247 ], [ 128.99635105963884, 35.329532086447202 ] ] ] ] } },
{ "type": "Feature", "properties": { "GRID_CD_x": "마마360049", "SCH_POP": 2.84715524034673 }, "geometry": { "type": "MultiPolygon", "coordinates": [ [ [ [ 128.99636767537126, 35.330433472991935 ], [ 128.996384291841395, 35.331334859395213 ], [ 128.997484239465905, 35.331321237212229 ], [ 128.997467610792626, 35.330419851260473 ], [ 128.99636767537126, 35.330433472991935 ] ] ] ] } },
{ "type": "Feature", "properties": { "GRID_CD_x": "마마360050", "SCH_POP": 1.2307656450297171 }, "geometry": { "type": "MultiPolygon", "coordinates": [ [ [ [ 128.996384291841395, 35.331334859395213 ], [ 128.996400909049271, 35.332236245657 ], [ 128.997500868877466, 35.332222623022503 ], [ 128.997484239465905, 35.331321237212229 ], [ 128.996384291841395, 35.331334859395213 ] ] ] ] } },
{ "type": "Feature", "properties": { "GRID_CD_x": "마마360051", "SCH_POP": 0.0 }, "geometry": { "type": "MultiPolygon", "coordinates": [ [ [ [ 128.996400909049271, 35.332236245657 ], [ 128.996417526994918, 35.333137631777326 ], [ 128.997517499027367, 35.333124008691271 ], [ 128.997500868877466, 35.332222623022503 ], [ 128.996400909049271, 35.332236245657 ] ] ] ] } },
{ "type": "Feature", "properties": { "GRID_CD_x": "마마360052", "SCH_POP": 0.0 }, "geometry": { "type": "MultiPolygon", "coordinates": [ [ [ [ 128.996417526994918, 35.333137631777326 ], [ 128.996434145678421, 35.334039017756176 ], [ 128.997534129915636, 35.334025394218578 ], [ 128.997517499027367, 35.333124008691271 ], [ 128.996417526994918, 35.333137631777326 ] ] ] ] } },
{ "type": "Feature", "properties": { "GRID_CD_x": "마마360053", "SCH_POP": 0.0 }, "geometry": { "type": "MultiPolygon", "coordinates": [ [ [ [ 128.996434145678421, 35.334039017756176 ], [ 128.996450765099752, 35.334940403593542 ], [ 128.9975507615423, 35.334926779604388 ], [ 128.997534129915636, 35.334025394218578 ], [ 128.996434145678421, 35.334039017756176 ] ] ] ] } },
{ "type": "Feature", "properties": { "GRID_CD_x": "마마360054", "SCH_POP": 0.0 }, "geometry": { "type": "MultiPolygon", "coordinates": [ [ [ [ 128.996450765099752, 35.334940403593542 ], [ 128.996467385258939, 35.335841789289432 ], [ 128.99756739390736, 35.335828164848699 ], [ 128.9975507615423, 35.334926779604388 ], [ 128.996450765099752, 35.334940403593542 ] ] ] ] } },
{ "type": "Feature", "properties": { "GRID_CD_x": "마마360055", "SCH_POP": 0.0 }, "geometry": { "type": "MultiPolygon", "coordinates": [ [ [ [ 128.996467385258939, 35.335841789289432 ], [ 128.996484006156095, 35.336743174843839 ], [ 128.997584027010873, 35.336729549951521 ], [ 128.99756739390736, 35.335828164848699 ], [ 128.996467385258939, 35.335841789289432 ] ] ] ] } },
{ "type": "Feature", "properties": { "GRID_CD_x": "마마360056", "SCH_POP": 0.0 }, "geometry": { "type": "MultiPolygon", "coordinates": [ [ [ [ 128.996484006156095, 35.336743174843839 ], [ 128.996500627791164, 35.337644560256756 ], [ 128.997600660852896, 35.337630934912852 ], [ 128.997584027010873, 35.336729549951521 ], [ 128.996484006156095, 35.336743174843839 ] ] ] ] } },
{ "type": "Feature", "properties": { "GRID_CD_x": "마마360057", "SCH_POP": 0.0 }, "geometry": { "type": "MultiPolygon", "coordinates": [ [ [ [ 128.996500627791164, 35.337644560256756 ], [ 128.996517250164231, 35.338545945528182 ], [ 128.997617295433429, 35.338532319732685 ], [ 128.997600660852896, 35.337630934912852 ], [ 128.996500627791164, 35.337644560256756 ] ] ] ] } },
{ "type": "Feature", "properties": { "GRID_CD_x": "마마360058", "SCH_POP": 0.0 }, "geometry": { "type": "MultiPolygon", "coordinates": [ [ [ [ 128.996517250164231, 35.338545945528182 ], [ 128.996533873275268, 35.339447330658125 ], [ 128.997633930752528, 35.339433704411022 ], [ 128.997617295433429, 35.338532319732685 ], [ 128.996517250164231, 35.338545945528182 ] ] ] ] } },
{ "type": "Feature", "properties": { "GRID_CD_x": "마마360059", "SCH_POP": 0.0 }, "geometry": { "type": "MultiPolygon", "coordinates": [ [ [ [ 128.996533873275268, 35.339447330658125 ], [ 128.996550497124389, 35.340348715646577 ], [ 128.997650566810222, 35.340335088947846 ], [ 128.997633930752528, 35.339433704411022 ], [ 128.996533873275268, 35.339447330658125 ] ] ] ] } },
{ "type": "Feature", "properties": { "GRID_CD_x": "마마361002", "SCH_POP": 0.0 }, "geometry": { "type": "MultiPolygon", "coordinates": [ [ [ [ 128.996686895340332, 35.288054551968571 ], [ 128.996703489350722, 35.288955944567967 ], [ 128.99780286327524, 35.288942333608574 ], [ 128.997786257087171, 35.288040941460558 ], [ 128.996686895340332, 35.288054551968571 ] ] ] ] } },
{ "type": "Feature", "properties": { "GRID_CD_x": "마마361003", "SCH_POP": 0.0 }, "geometry": { "type": "MultiPolygon", "coordinates": [ [ [ [ 128.996703489350722, 35.288955944567967 ], [ 128.996720084097859, 35.289857337025985 ], [ 128.997819470200625, 35.289843725615185 ], [ 128.99780286327524, 35.288942333608574 ], [ 128.996703489350722, 35.288955944567967 ] ] ] ] } },
{ "type": "Feature", "properties": { "GRID_CD_x": "마마361004", "SCH_POP": 0.0 }, "geometry": { "type": "MultiPolygon", "coordinates": [ [ [ [ 128.996720084097859, 35.289857337025985 ], [ 128.996736679581772, 35.290758729342578 ], [ 128.997836077863354, 35.290745117480384 ], [ 128.997819470200625, 35.289843725615185 ], [ 128.996720084097859, 35.289857337025985 ] ] ] ] } },
{ "type": "Feature", "properties": { "GRID_CD_x": "마마361005", "SCH_POP": 0.0 }, "geometry": { "type": "MultiPolygon", "coordinates": [ [ [ [ 128.996736679581772, 35.290758729342578 ], [ 128.996753275802547, 35.291660121517801 ], [ 128.9978526862634, 35.291646509204178 ], [ 128.997836077863354, 35.290745117480384 ], [ 128.996736679581772, 35.290758729342578 ] ] ] ] } },
{ "type": "Feature", "properties": { "GRID_CD_x": "마마361006", "SCH_POP": 0.0 }, "geometry": { "type": "MultiPolygon", "coordinates": [ [ [ [ 128.996753275802547, 35.291660121517801 ], [ 128.996769872760154, 35.292561513551597 ], [ 128.997869295400875, 35.292547900786552 ], [ 128.9978526862634, 35.291646509204178 ], [ 128.996753275802547, 35.291660121517801 ] ] ] ] } },
{ "type": "Feature", "properties": { "GRID_CD_x": "마마361007", "SCH_POP": 0.0 }, "geometry": { "type": "MultiPolygon", "coordinates": [ [ [ [ 128.996769872760154, 35.292561513551597 ], [ 128.996786470454651, 35.293462905443995 ], [ 128.99788590527578, 35.293449292227514 ], [ 128.997869295400875, 35.292547900786552 ], [ 128.996769872760154, 35.292561513551597 ] ] ] ] } },
{ "type": "Feature", "properties": { "GRID_CD_x": "마마361008", "SCH_POP": 0.0 }, "geometry": { "type": "MultiPolygon", "coordinates": [ [ [ [ 128.996786470454651, 35.293462905443995 ], [ 128.996803068886038, 35.294364297194988 ], [ 128.997902515888114, 35.294350683527057 ], [ 128.99788590527578, 35.293449292227514 ], [ 128.996786470454651, 35.293462905443995 ] ] ] ] } },
{ "type": "Feature", "properties": { "GRID_CD_x": "마마361009", "SCH_POP": 0.0 }, "geometry": { "type": "MultiPolygon", "coordinates": [ [ [ [ 128.996803068886038, 35.294364297194988 ], [ 128.996819668054428, 35.295265688804577 ], [ 128.997919127237992, 35.295252074685187 ], [ 128.997902515888114, 35.294350683527057 ], [ 128.996803068886038, 35.294364297194988 ] ] ] ] } },
{ "type": "Feature", "properties": { "GRID_CD_x": "마마361010", "SCH_POP": 0.0 }, "geometry": { "type": "MultiPolygon", "coordinates": [ [ [ [ 128.996819668054428, 35.295265688804577 ], [ 128.996836267959793, 35.296167080272753 ], [ 128.997935739325385, 35.296153465701899 ], [ 128.997919127237992, 35.295252074685187 ], [ 128.996819668054428, 35.295265688804577 ] ] ] ] } },
{ "type": "Feature", "properties": { "GRID_CD_x": "마마361011", "SCH_POP": 0.0 }, "geometry": { "type": "MultiPolygon", "coordinates": [ [ [ [ 128.996836267959793, 35.296167080272753 ], [ 128.996852868602161, 35.297068471599523 ], [ 128.997952352150321, 35.297054856577176 ], [ 128.997935739325385, 35.296153465701899 ], [ 128.996836267959793, 35.296167080272753 ] ] ] ] } },
{ "type": "Feature", "properties": { "GRID_CD_x": "마마361012", "SCH_POP": 0.0 }, "geometry": { "type": "MultiPolygon", "coordinates": [ [ [ [ 128.996852868602161, 35.297068471599523 ], [ 128.99686946998159, 35.297969862784875 ], [ 128.997968965712829, 35.297956247311042 ], [ 128.997952352150321, 35.297054856577176 ], [ 128.996852868602161, 35.297068471599523 ] ] ] ] } },
{ "type": "Feature", "properties": { "GRID_CD_x": "마마361013", "SCH_POP": 0.0 }, "geometry": { "type": "MultiPolygon", "coordinates": [ [ [ [ 128.99686946998159, 35.297969862784875 ], [ 128.996886072098107, 35.2988712538288 ], [ 128.997985580012994, 35.298857637903481 ], [ 128.997968965712829, 35.297956247311042 ], [ 128.99686946998159, 35.297969862784875 ] ] ] ] } },
{ "type": "Feature", "properties": { "GRID_CD_x": "마마361014", "SCH_POP": 0.0 }, "geometry": { "type": "MultiPolygon", "coordinates": [ [ [ [ 128.996886072098107, 35.2988712538288 ], [ 128.996902674951741, 35.29977264473132 ], [ 128.998002195050816, 35.299759028354501 ], [ 128.997985580012994, 35.298857637903481 ], [ 128.996886072098107, 35.2988712538288 ] ] ] ] } },
{ "type": "Feature", "properties": { "GRID_CD_x": "마마361015", "SCH_POP": 0.0 }, "geometry": { "type": "MultiPolygon", "coordinates": [ [ [ [ 128.996902674951741, 35.29977264473132 ], [ 128.996919278542521, 35.300674035492428 ], [ 128.998018810826295, 35.30066041866408 ], [ 128.998002195050816, 35.299759028354501 ], [ 128.996902674951741, 35.29977264473132 ] ] ] ] } },
{ "type": "Feature", "properties": { "GRID_CD_x": "마마361016", "SCH_POP": 0.68390501319261199 }, "geometry": { "type": "MultiPolygon", "coordinates": [ [ [ [ 128.996919278542521, 35.300674035492428 ], [ 128.996935882870474, 35.301575426112102 ], [ 128.998035427339545, 35.301561808832233 ], [ 128.998018810826295, 35.30066041866408 ], [ 128.996919278542521, 35.300674035492428 ] ] ] ] } },
{ "type": "Feature", "properties": { "GRID_CD_x": "마마361017", "SCH_POP": 0.87387862796833804 }, "geometry": { "type": "MultiPolygon", "coordinates": [ [ [ [ 128.996935882870474, 35.301575426112102 ], [ 128.996952487935658, 35.302476816590357 ], [ 128.998052044590509, 35.302463198858952 ], [ 128.998035427339545, 35.301561808832233 ], [ 128.996935882870474, 35.301575426112102 ] ] ] ] } },
{ "type": "Feature", "properties": { "GRID_CD_x": "마마361018", "SCH_POP": 0.49393139841688699 }, "geometry": { "type": "MultiPolygon", "coordinates": [ [ [ [ 128.996952487935658, 35.302476816590357 ], [ 128.996969093738073, 35.303378206927178 ], [ 128.998068662579271, 35.30336458874423 ], [ 128.998052044590509, 35.302463198858952 ], [ 128.996952487935658, 35.302476816590357 ] ] ] ] } },
{ "type": "Feature", "properties": { "GRID_CD_x": "마마361019", "SCH_POP": 0.189973614775726 }, "geometry": { "type": "MultiPolygon", "coordinates": [ [ [ [ 128.996969093738073, 35.303378206927178 ], [ 128.996985700277776, 35.30427959712258 ], [ 128.998085281305862, 35.304265978488068 ], [ 128.998068662579271, 35.30336458874423 ], [ 128.996969093738073, 35.303378206927178 ] ] ] ] } },
{ "type": "Feature", "properties": { "GRID_CD_x": "마마361020", "SCH_POP": 0.0 }, "geometry": { "type": "MultiPolygon", "coordinates": [ [ [ [ 128.996985700277776, 35.30427959712258 ], [ 128.997002307554794, 35.305180987176556 ], [ 128.998101900770308, 35.305167368090473 ], [ 128.998085281305862, 35.304265978488068 ], [ 128.996985700277776, 35.30427959712258 ] ] ] ] } },
{ "type": "Feature", "properties": { "GRID_CD_x": "마마361021", "SCH_POP": 0.0 }, "geometry": { "type": "MultiPolygon", "coordinates": [ [ [ [ 128.997002307554794, 35.305180987176556 ], [ 128.997018915569157, 35.306082377089105 ], [ 128.998118520972639, 35.306068757551444 ], [ 128.998101900770308, 35.305167368090473 ], [ 128.997002307554794, 35.305180987176556 ] ] ] ] } },
{ "type": "Feature", "properties": { "GRID_CD_x": "마마361022", "SCH_POP": 0.0 }, "geometry": { "type": "MultiPolygon", "coordinates": [ [ [ [ 128.997018915569157, 35.306082377089105 ], [ 128.997035524320864, 35.306983766860213 ], [ 128.998135141912883, 35.306970146870988 ], [ 128.998118520972639, 35.306068757551444 ], [ 128.997018915569157, 35.306082377089105 ] ] ] ] } },
{ "type": "Feature", "properties": { "GRID_CD_x": "마마361023", "SCH_POP": 0.0 }, "geometry": { "type": "MultiPolygon", "coordinates": [ [ [ [ 128.997035524320864, 35.306983766860213 ], [ 128.997052133810058, 35.307885156489895 ], [ 128.998151763591096, 35.307871536049063 ], [ 128.998135141912883, 35.306970146870988 ], [ 128.997035524320864, 35.306983766860213 ] ] ] ] } },
{ "type": "Feature", "properties": { "GRID_CD_x": "마마361024", "SCH_POP": 0.0 }, "geometry": { "type": "MultiPolygon", "coordinates": [ [ [ [ 128.997052133810058, 35.307885156489895 ], [ 128.997068744036625, 35.308786545978144 ], [ 128.998168386007251, 35.308772925085705 ], [ 128.998151763591096, 35.307871536049063 ], [ 128.997052133810058, 35.307885156489895 ] ] ] ] } },
{ "type": "Feature", "properties": { "GRID_CD_x": "마마361025", "SCH_POP": 0.0 }, "geometry": { "type": "MultiPolygon", "coordinates": [ [ [ [ 128.997068744036625, 35.308786545978144 ], [ 128.997085355000678, 35.309687935324945 ], [ 128.99818500916146, 35.309674313980892 ], [ 128.998168386007251, 35.308772925085705 ], [ 128.997068744036625, 35.308786545978144 ] ] ] ] } },
{ "type": "Feature", "properties": { "GRID_CD_x": "마마361026", "SCH_POP": 0.0 }, "geometry": { "type": "MultiPolygon", "coordinates": [ [ [ [ 128.997085355000678, 35.309687935324945 ], [ 128.997101966702274, 35.310589324530312 ], [ 128.998201633053725, 35.310575702734639 ], [ 128.99818500916146, 35.309674313980892 ], [ 128.997085355000678, 35.309687935324945 ] ] ] ] } },
{ "type": "Feature", "properties": { "GRID_CD_x": "마마361027", "SCH_POP": 0.0 }, "geometry": { "type": "MultiPolygon", "coordinates": [ [ [ [ 128.997101966702274, 35.310589324530312 ], [ 128.997118579141357, 35.311490713594239 ], [ 128.998218257684016, 35.31147709134693 ], [ 128.998201633053725, 35.310575702734639 ], [ 128.997101966702274, 35.310589324530312 ] ] ] ] } },
{ "type": "Feature", "properties": { "GRID_CD_x": "마마361028", "SCH_POP": 0.0 }, "geometry": { "type": "MultiPolygon", "coordinates": [ [ [ [ 128.997118579141357, 35.311490713594239 ], [ 128.997135192318069, 35.312392102516732 ], [ 128.998234883052476, 35.312378479817767 ], [ 128.998218257684016, 35.31147709134693 ], [ 128.997118579141357, 35.311490713594239 ] ] ] ] } },
{ "type": "Feature", "properties": { "GRID_CD_x": "마마361029", "SCH_POP": 21.20810503724277 }, "geometry": { "type": "MultiPolygon", "coordinates": [ [ [ [ 128.997135192318069, 35.312392102516732 ], [ 128.997151806232353, 35.313293491297756 ], [ 128.998251509159076, 35.313279868147141 ], [ 128.998234883052476, 35.312378479817767 ], [ 128.997135192318069, 35.312392102516732 ] ] ] ] } },
{ "type": "Feature", "properties": { "GRID_CD_x": "마마361030", "SCH_POP": 78.756852658653088 }, "geometry": { "type": "MultiPolygon", "coordinates": [ [ [ [ 128.997151806232353, 35.313293491297756 ], [ 128.997168420884293, 35.314194879937347 ], [ 128.998268136003844, 35.314181256335068 ], [ 128.998251509159076, 35.313279868147141 ], [ 128.997151806232353, 35.313293491297756 ] ] ] ] } },
{ "type": "Feature", "properties": { "GRID_CD_x": "마마361031", "SCH_POP": 85.197249488215846 }, "geometry": { "type": "MultiPolygon", "coordinates": [ [ [ [ 128.997168420884293, 35.314194879937347 ], [ 128.997185036273891, 35.315096268435482 ], [ 128.998284763586838, 35.31508264438154 ], [ 128.998268136003844, 35.314181256335068 ], [ 128.997168420884293, 35.314194879937347 ] ] ] ] } },
{ "type": "Feature", "properties": { "GRID_CD_x": "마마361032", "SCH_POP": 65.140013647577547 }, "geometry": { "type": "MultiPolygon", "coordinates": [ [ [ [ 128.997185036273891, 35.315096268435482 ], [ 128.99720165240123, 35.31599765679217 ], [ 128.998301391908029, 35.315984032286536 ], [ 128.998284763586838, 35.31508264438154 ], [ 128.997185036273891, 35.315096268435482 ] ] ] ] } },
{ "type": "Feature", "properties": { "GRID_CD_x": "마마361033", "SCH_POP": 0.0 }, "geometry": { "type": "MultiPolygon", "coordinates": [ [ [ [ 128.99720165240123, 35.31599765679217 ], [ 128.997218269266256, 35.316899045007418 ], [ 128.99831802096756, 35.316885420050085 ], [ 128.998301391908029, 35.315984032286536 ], [ 128.99720165240123, 35.31599765679217 ] ] ] ] } },
{ "type": "Feature", "properties": { "GRID_CD_x": "마마361034", "SCH_POP": 65.32402498556506 }, "geometry": { "type": "MultiPolygon", "coordinates": [ [ [ [ 128.997218269266256, 35.316899045007418 ], [ 128.99723488686908, 35.317800433081203 ], [ 128.998334650765372, 35.317786807672178 ], [ 128.99831802096756, 35.316885420050085 ], [ 128.997218269266256, 35.316899045007418 ] ] ] ] } },
{ "type": "Feature", "properties": { "GRID_CD_x": "마마361035", "SCH_POP": 28.889780064038632 }, "geometry": { "type": "MultiPolygon", "coordinates": [ [ [ [ 128.99723488686908, 35.317800433081203 ], [ 128.997251505209704, 35.318701821013534 ], [ 128.998351281301524, 35.318688195152788 ], [ 128.998334650765372, 35.317786807672178 ], [ 128.99723488686908, 35.317800433081203 ] ] ] ] } },
{ "type": "Feature", "properties": { "GRID_CD_x": "마마361036", "SCH_POP": 25.761587318251014 }, "geometry": { "type": "MultiPolygon", "coordinates": [ [ [ [ 128.997251505209704, 35.318701821013534 ], [ 128.997268124288155, 35.319603208804402 ], [ 128.998367912576072, 35.319589582491936 ], [ 128.998351281301524, 35.318688195152788 ], [ 128.997251505209704, 35.318701821013534 ] ] ] ] } },
{ "type": "Feature", "properties": { "GRID_CD_x": "마마361037", "SCH_POP": 22.265371896488372 }, "geometry": { "type": "MultiPolygon", "coordinates": [ [ [ [ 128.997268124288155, 35.319603208804402 ], [ 128.997284744104462, 35.320504596453809 ], [ 128.998384544589015, 35.320490969689615 ], [ 128.998367912576072, 35.319589582491936 ], [ 128.997268124288155, 35.319603208804402 ] ] ] ] } },
{ "type": "Feature", "properties": { "GRID_CD_x": "마마361038", "SCH_POP": 0.92005668993753598 }, "geometry": { "type": "MultiPolygon", "coordinates": [ [ [ [ 128.997284744104462, 35.320504596453809 ], [ 128.997301364658682, 35.32140598396176 ], [ 128.998401177340412, 35.321392356745818 ], [ 128.998384544589015, 35.320490969689615 ], [ 128.997284744104462, 35.320504596453809 ] ] ] ] } },
{ "type": "Feature", "properties": { "GRID_CD_x": "마마361039", "SCH_POP": 0.0 }, "geometry": { "type": "MultiPolygon", "coordinates": [ [ [ [ 128.997301364658682, 35.32140598396176 ], [ 128.997317985950843, 35.32230737132825 ], [ 128.998417810830233, 35.322293743660566 ], [ 128.998401177340412, 35.321392356745818 ], [ 128.997301364658682, 35.32140598396176 ] ] ] ] } },
{ "type": "Feature", "properties": { "GRID_CD_x": "마마361040", "SCH_POP": 0.0 }, "geometry": { "type": "MultiPolygon", "coordinates": [ [ [ [ 128.997317985950843, 35.32230737132825 ], [ 128.997334607980974, 35.323208758553271 ], [ 128.998434445058649, 35.323195130433817 ], [ 128.998417810830233, 35.322293743660566 ], [ 128.997317985950843, 35.32230737132825 ] ] ] ] } },
{ "type": "Feature", "properties": { "GRID_CD_x": "마마361041", "SCH_POP": 0.0 }, "geometry": { "type": "MultiPolygon", "coordinates": [ [ [ [ 128.997334607980974, 35.323208758553271 ], [ 128.997351230749103, 35.324110145636823 ], [ 128.998451080025518, 35.324096517065598 ], [ 128.998434445058649, 35.323195130433817 ], [ 128.997334607980974, 35.323208758553271 ] ] ] ] } },
{ "type": "Feature", "properties": { "GRID_CD_x": "마마361042", "SCH_POP": 0.37462568951930703 }, "geometry": { "type": "MultiPolygon", "coordinates": [ [ [ [ 128.997351230749103, 35.324110145636823 ], [ 128.997367854255259, 35.325011532578912 ], [ 128.99846771573101, 35.324997903555904 ], [ 128.998451080025518, 35.324096517065598 ], [ 128.997351230749103, 35.324110145636823 ] ] ] ] } },
{ "type": "Feature", "properties": { "GRID_CD_x": "마마361043", "SCH_POP": 0.0 }, "geometry": { "type": "MultiPolygon", "coordinates": [ [ [ [ 128.997367854255259, 35.325011532578912 ], [ 128.997384478499441, 35.325912919379526 ], [ 128.998484352175097, 35.325899289904726 ], [ 128.99846771573101, 35.324997903555904 ], [ 128.997367854255259, 35.325011532578912 ] ] ] ] } },
{ "type": "Feature", "properties": { "GRID_CD_x": "마마361044", "SCH_POP": 31.093932230102443 }, "geometry": { "type": "MultiPolygon", "coordinates": [ [ [ [ 128.997384478499441, 35.325912919379526 ], [ 128.997401103481764, 35.326814306038663 ], [ 128.998500989357808, 35.326800676112065 ], [ 128.998484352175097, 35.325899289904726 ], [ 128.997384478499441, 35.325912919379526 ] ] ] ] } },
{ "type": "Feature", "properties": { "GRID_CD_x": "마마361045", "SCH_POP": 31.243782505910165 }, "geometry": { "type": "MultiPolygon", "coordinates": [ [ [ [ 128.997401103481764, 35.326814306038663 ], [ 128.997417729202226, 35.327715692556332 ], [ 128.998517627279199, 35.32770206217792 ], [ 128.998500989357808, 35.326800676112065 ], [ 128.997401103481764, 35.326814306038663 ] ] ] ] } },
{ "type": "Feature", "properties": { "GRID_CD_x": "마마361046", "SCH_POP": 13.486524822695033 }, "geometry": { "type": "MultiPolygon", "coordinates": [ [ [ [ 128.997417729202226, 35.327715692556332 ], [ 128.997434355660829, 35.328617078932531 ], [ 128.998534265939298, 35.328603448102292 ], [ 128.998517627279199, 35.32770206217792 ], [ 128.997417729202226, 35.327715692556332 ] ] ] ] } },
{ "type": "Feature", "properties": { "GRID_CD_x": "마마361047", "SCH_POP": 14.385626477541372 }, "geometry": { "type": "MultiPolygon", "coordinates": [ [ [ [ 128.997434355660829, 35.328617078932531 ], [ 128.9974509828576, 35.329518465167247 ], [ 128.998550905338135, 35.329504833885167 ], [ 128.998534265939298, 35.328603448102292 ], [ 128.997434355660829, 35.328617078932531 ] ] ] ] } },
{ "type": "Feature", "properties": { "GRID_CD_x": "마마361048", "SCH_POP": 12.212797478329394 }, "geometry": { "type": "MultiPolygon", "coordinates": [ [ [ [ 128.9974509828576, 35.329518465167247 ], [ 128.997467610792626, 35.330419851260473 ], [ 128.998567545475737, 35.330406219526559 ], [ 128.998550905338135, 35.329504833885167 ], [ 128.9974509828576, 35.329518465167247 ] ] ] ] } },
{ "type": "Feature", "properties": { "GRID_CD_x": "마마361049", "SCH_POP": 9.6653427895981086 }, "geometry": { "type": "MultiPolygon", "coordinates": [ [ [ [ 128.997467610792626, 35.330419851260473 ], [ 128.997484239465905, 35.331321237212229 ], [ 128.998584186352133, 35.33130760502646 ], [ 128.998567545475737, 35.330406219526559 ], [ 128.997467610792626, 35.330419851260473 ] ] ] ] } },
{ "type": "Feature", "properties": { "GRID_CD_x": "마마361050", "SCH_POP": 10.035473721011538 }, "geometry": { "type": "MultiPolygon", "coordinates": [ [ [ [ 128.997484239465905, 35.331321237212229 ], [ 128.997500868877466, 35.332222623022503 ], [ 128.99860082796738, 35.332208990384864 ], [ 128.998584186352133, 35.33130760502646 ], [ 128.997484239465905, 35.331321237212229 ] ] ] ] } },
{ "type": "Feature", "properties": { "GRID_CD_x": "마마361051", "SCH_POP": 3.1242512527677428 }, "geometry": { "type": "MultiPolygon", "coordinates": [ [ [ [ 128.997500868877466, 35.332222623022503 ], [ 128.997517499027367, 35.333124008691271 ], [ 128.998617470321477, 35.333110375601784 ], [ 128.99860082796738, 35.332208990384864 ], [ 128.997500868877466, 35.332222623022503 ] ] ] ] } },
{ "type": "Feature", "properties": { "GRID_CD_x": "마마361052", "SCH_POP": 0.0 }, "geometry": { "type": "MultiPolygon", "coordinates": [ [ [ [ 128.997517499027367, 35.333124008691271 ], [ 128.997534129915636, 35.334025394218578 ], [ 128.998634113414454, 35.334011760677207 ], [ 128.998617470321477, 35.333110375601784 ], [ 128.997517499027367, 35.333124008691271 ] ] ] ] } },
{ "type": "Feature", "properties": { "GRID_CD_x": "마마361053", "SCH_POP": 0.0 }, "geometry": { "type": "MultiPolygon", "coordinates": [ [ [ [ 128.997534129915636, 35.334025394218578 ], [ 128.9975507615423, 35.334926779604388 ], [ 128.998650757246395, 35.334913145611118 ], [ 128.998634113414454, 35.334011760677207 ], [ 128.997534129915636, 35.334025394218578 ] ] ] ] } },
{ "type": "Feature", "properties": { "GRID_CD_x": "마마361054", "SCH_POP": 0.0 }, "geometry": { "type": "MultiPolygon", "coordinates": [ [ [ [ 128.9975507615423, 35.334926779604388 ], [ 128.99756739390736, 35.335828164848699 ], [ 128.998667401817301, 35.335814530403539 ], [ 128.998650757246395, 35.334913145611118 ], [ 128.9975507615423, 35.334926779604388 ] ] ] ] } },
{ "type": "Feature", "properties": { "GRID_CD_x": "마마361055", "SCH_POP": 0.0 }, "geometry": { "type": "MultiPolygon", "coordinates": [ [ [ [ 128.99756739390736, 35.335828164848699 ], [ 128.997584027010873, 35.336729549951521 ], [ 128.998684047127199, 35.336715915054448 ], [ 128.998667401817301, 35.335814530403539 ], [ 128.99756739390736, 35.335828164848699 ] ] ] ] } },
{ "type": "Feature", "properties": { "GRID_CD_x": "마마361056", "SCH_POP": 0.0 }, "geometry": { "type": "MultiPolygon", "coordinates": [ [ [ [ 128.997584027010873, 35.336729549951521 ], [ 128.997600660852896, 35.337630934912852 ], [ 128.998700693176147, 35.33761729956386 ], [ 128.998684047127199, 35.336715915054448 ], [ 128.997584027010873, 35.336729549951521 ] ] ] ] } },
{ "type": "Feature", "properties": { "GRID_CD_x": "마마361057", "SCH_POP": 0.0 }, "geometry": { "type": "MultiPolygon", "coordinates": [ [ [ [ 128.997600660852896, 35.337630934912852 ], [ 128.997617295433429, 35.338532319732685 ], [ 128.998717339964116, 35.338518683931753 ], [ 128.998700693176147, 35.33761729956386 ], [ 128.997600660852896, 35.337630934912852 ] ] ] ] } },
{ "type": "Feature", "properties": { "GRID_CD_x": "마마361058", "SCH_POP": 0.0 }, "geometry": { "type": "MultiPolygon", "coordinates": [ [ [ [ 128.997617295433429, 35.338532319732685 ], [ 128.997633930752528, 35.339433704411022 ], [ 128.998733987491221, 35.339420068158162 ], [ 128.998717339964116, 35.338518683931753 ], [ 128.997617295433429, 35.338532319732685 ] ] ] ] } },
{ "type": "Feature", "properties": { "GRID_CD_x": "마마361059", "SCH_POP": 0.0 }, "geometry": { "type": "MultiPolygon", "coordinates": [ [ [ [ 128.997633930752528, 35.339433704411022 ], [ 128.997650566810222, 35.340335088947846 ], [ 128.998750635757432, 35.340321452243039 ], [ 128.998733987491221, 35.339420068158162 ], [ 128.997633930752528, 35.339433704411022 ] ] ] ] } },
{ "type": "Feature", "properties": { "GRID_CD_x": "마마362002", "SCH_POP": 0.0 }, "geometry": { "type": "MultiPolygon", "coordinates": [ [ [ [ 128.997786257087171, 35.288040941460558 ], [ 128.99780286327524, 35.288942333608574 ], [ 128.998902236462499, 35.288928712661985 ], [ 128.99888561809675, 35.288027320965682 ], [ 128.997786257087171, 35.288040941460558 ] ] ] ] } },
{ "type": "Feature", "properties": { "GRID_CD_x": "마마362003", "SCH_POP": 0.0 }, "geometry": { "type": "MultiPolygon", "coordinates": [ [ [ [ 128.99780286327524, 35.288942333608574 ], [ 128.997819470200625, 35.289843725615185 ], [ 128.998918855566075, 35.289830104216868 ], [ 128.998902236462499, 35.288928712661985 ], [ 128.99780286327524, 35.288942333608574 ] ] ] ] } },
{ "type": "Feature", "properties": { "GRID_CD_x": "마마362004", "SCH_POP": 0.0 }, "geometry": { "type": "MultiPolygon", "coordinates": [ [ [ [ 128.997819470200625, 35.289843725615185 ], [ 128.997836077863354, 35.290745117480384 ], [ 128.998935475407535, 35.290731495630332 ], [ 128.998918855566075, 35.289830104216868 ], [ 128.997819470200625, 35.289843725615185 ] ] ] ] } },
{ "type": "Feature", "properties": { "GRID_CD_x": "마마362005", "SCH_POP": 0.0 }, "geometry": { "type": "MultiPolygon", "coordinates": [ [ [ [ 128.997836077863354, 35.290745117480384 ], [ 128.9978526862634, 35.291646509204178 ], [ 128.998952095986908, 35.291632886902377 ], [ 128.998935475407535, 35.290731495630332 ], [ 128.997836077863354, 35.290745117480384 ] ] ] ] } },
{ "type": "Feature", "properties": { "GRID_CD_x": "마마362006", "SCH_POP": 0.0 }, "geometry": { "type": "MultiPolygon", "coordinates": [ [ [ [ 128.9978526862634, 35.291646509204178 ], [ 128.997869295400875, 35.292547900786552 ], [ 128.998968717304166, 35.292534278032981 ], [ 128.998952095986908, 35.291632886902377 ], [ 128.9978526862634, 35.291646509204178 ] ] ] ] } },
{ "type": "Feature", "properties": { "GRID_CD_x": "마마362007", "SCH_POP": 0.0 }, "geometry": { "type": "MultiPolygon", "coordinates": [ [ [ [ 128.997869295400875, 35.292547900786552 ], [ 128.99788590527578, 35.293449292227514 ], [ 128.998985339359422, 35.293435669022173 ], [ 128.998968717304166, 35.292534278032981 ], [ 128.997869295400875, 35.292547900786552 ] ] ] ] } },
{ "type": "Feature", "properties": { "GRID_CD_x": "마마362008", "SCH_POP": 0.0 }, "geometry": { "type": "MultiPolygon", "coordinates": [ [ [ [ 128.99788590527578, 35.293449292227514 ], [ 128.997902515888114, 35.294350683527057 ], [ 128.999001962152704, 35.294337059869946 ], [ 128.998985339359422, 35.293435669022173 ], [ 128.99788590527578, 35.293449292227514 ] ] ] ] } },
{ "type": "Feature", "properties": { "GRID_CD_x": "마마362009", "SCH_POP": 0.0 }, "geometry": { "type": "MultiPolygon", "coordinates": [ [ [ [ 128.997902515888114, 35.294350683527057 ], [ 128.997919127237992, 35.295252074685187 ], [ 128.999018585684013, 35.295238450576285 ], [ 128.999001962152704, 35.294337059869946 ], [ 128.997902515888114, 35.294350683527057 ] ] ] ] } },
{ "type": "Feature", "properties": { "GRID_CD_x": "마마362010", "SCH_POP": 0.0 }, "geometry": { "type": "MultiPolygon", "coordinates": [ [ [ [ 128.997919127237992, 35.295252074685187 ], [ 128.997935739325385, 35.296153465701899 ], [ 128.999035209953377, 35.296139841141198 ], [ 128.999018585684013, 35.295238450576285 ], [ 128.997919127237992, 35.295252074685187 ] ] ] ] } },
{ "type": "Feature", "properties": { "GRID_CD_x": "마마362011", "SCH_POP": 0.0 }, "geometry": { "type": "MultiPolygon", "coordinates": [ [ [ [ 128.997935739325385, 35.296153465701899 ], [ 128.997952352150321, 35.297054856577176 ], [ 128.999051834960852, 35.297041231564677 ], [ 128.999035209953377, 35.296139841141198 ], [ 128.997935739325385, 35.296153465701899 ] ] ] ] } },
{ "type": "Feature", "properties": { "GRID_CD_x": "마마362012", "SCH_POP": 0.0 }, "geometry": { "type": "MultiPolygon", "coordinates": [ [ [ [ 128.997952352150321, 35.297054856577176 ], [ 128.997968965712829, 35.297956247311042 ], [ 128.99906846070644, 35.297942621846722 ], [ 128.999051834960852, 35.297041231564677 ], [ 128.997952352150321, 35.297054856577176 ] ] ] ] } },
{ "type": "Feature", "properties": { "GRID_CD_x": "마마362013", "SCH_POP": 0.0 }, "geometry": { "type": "MultiPolygon", "coordinates": [ [ [ [ 128.997968965712829, 35.297956247311042 ], [ 128.997985580012994, 35.298857637903481 ], [ 128.999085087190224, 35.298844011987327 ], [ 128.99906846070644, 35.297942621846722 ], [ 128.997968965712829, 35.297956247311042 ] ] ] ] } },
{ "type": "Feature", "properties": { "GRID_CD_x": "마마362014", "SCH_POP": 0.0 }, "geometry": { "type": "MultiPolygon", "coordinates": [ [ [ [ 128.997985580012994, 35.298857637903481 ], [ 128.998002195050816, 35.299759028354501 ], [ 128.999101714412177, 35.299745401986513 ], [ 128.999085087190224, 35.298844011987327 ], [ 128.997985580012994, 35.298857637903481 ] ] ] ] } },
{ "type": "Feature", "properties": { "GRID_CD_x": "마마362015", "SCH_POP": 0.0 }, "geometry": { "type": "MultiPolygon", "coordinates": [ [ [ [ 128.998002195050816, 35.299759028354501 ], [ 128.998018810826295, 35.30066041866408 ], [ 128.999118342372384, 35.300646791844244 ], [ 128.999101714412177, 35.299745401986513 ], [ 128.998002195050816, 35.299759028354501 ] ] ] ] } },
{ "type": "Feature", "properties": { "GRID_CD_x": "마마362016", "SCH_POP": 0.30395778364116099 }, "geometry": { "type": "MultiPolygon", "coordinates": [ [ [ [ 128.998018810826295, 35.30066041866408 ], [ 128.998035427339545, 35.301561808832233 ], [ 128.999134971070816, 35.301548181560541 ], [ 128.999118342372384, 35.300646791844244 ], [ 128.998018810826295, 35.30066041866408 ] ] ] ] } },
{ "type": "Feature", "properties": { "GRID_CD_x": "마마362017", "SCH_POP": 0.87387862796833804 }, "geometry": { "type": "MultiPolygon", "coordinates": [ [ [ [ 128.998035427339545, 35.301561808832233 ], [ 128.998052044590509, 35.302463198858952 ], [ 128.99915160050756, 35.302449571135384 ], [ 128.999134971070816, 35.301548181560541 ], [ 128.998035427339545, 35.301561808832233 ] ] ] ] } },
{ "type": "Feature", "properties": { "GRID_CD_x": "마마362018", "SCH_POP": 1.443799472295515 }, "geometry": { "type": "MultiPolygon", "coordinates": [ [ [ [ 128.998052044590509, 35.302463198858952 ], [ 128.998068662579271, 35.30336458874423 ], [ 128.99916823068267, 35.303350960568793 ], [ 128.99915160050756, 35.302449571135384 ], [ 128.998052044590509, 35.302463198858952 ] ] ] ] } },
{ "type": "Feature", "properties": { "GRID_CD_x": "마마362019", "SCH_POP": 0.49393139841688699 }, "geometry": { "type": "MultiPolygon", "coordinates": [ [ [ [ 128.998068662579271, 35.30336458874423 ], [ 128.998085281305862, 35.304265978488068 ], [ 128.999184861596092, 35.304252349860747 ], [ 128.99916823068267, 35.303350960568793 ], [ 128.998068662579271, 35.30336458874423 ] ] ] ] } },
{ "type": "Feature", "properties": { "GRID_CD_x": "마마362020", "SCH_POP": 0.0 }, "geometry": { "type": "MultiPolygon", "coordinates": [ [ [ [ 128.998085281305862, 35.304265978488068 ], [ 128.998101900770308, 35.305167368090473 ], [ 128.999201493247938, 35.305153739011253 ], [ 128.999184861596092, 35.304252349860747 ], [ 128.998085281305862, 35.304265978488068 ] ] ] ] } },
{ "type": "Feature", "properties": { "GRID_CD_x": "마마362021", "SCH_POP": 0.0 }, "geometry": { "type": "MultiPolygon", "coordinates": [ [ [ [ 128.998101900770308, 35.305167368090473 ], [ 128.998118520972639, 35.306068757551444 ], [ 128.999218125638208, 35.306055128020326 ], [ 128.999201493247938, 35.305153739011253 ], [ 128.998101900770308, 35.305167368090473 ] ] ] ] } },
{ "type": "Feature", "properties": { "GRID_CD_x": "마마362022", "SCH_POP": 0.0 }, "geometry": { "type": "MultiPolygon", "coordinates": [ [ [ [ 128.998118520972639, 35.306068757551444 ], [ 128.998135141912883, 35.306970146870988 ], [ 128.999234758766931, 35.306956516887936 ], [ 128.999218125638208, 35.306055128020326 ], [ 128.998118520972639, 35.306068757551444 ] ] ] ] } },
{ "type": "Feature", "properties": { "GRID_CD_x": "마마362023", "SCH_POP": 0.0 }, "geometry": { "type": "MultiPolygon", "coordinates": [ [ [ [ 128.998135141912883, 35.306970146870988 ], [ 128.998151763591096, 35.307871536049063 ], [ 128.999251392634136, 35.3078579056141 ], [ 128.999234758766931, 35.306956516887936 ], [ 128.998135141912883, 35.306970146870988 ] ] ] ] } },
{ "type": "Feature", "properties": { "GRID_CD_x": "마마362024", "SCH_POP": 0.0 }, "geometry": { "type": "MultiPolygon", "coordinates": [ [ [ [ 128.998151763591096, 35.307871536049063 ], [ 128.998168386007251, 35.308772925085705 ], [ 128.999268027239879, 35.308759294198801 ], [ 128.999251392634136, 35.3078579056141 ], [ 128.998151763591096, 35.307871536049063 ] ] ] ] } },
{ "type": "Feature", "properties": { "GRID_CD_x": "마마362025", "SCH_POP": 0.0 }, "geometry": { "type": "MultiPolygon", "coordinates": [ [ [ [ 128.998168386007251, 35.308772925085705 ], [ 128.99818500916146, 35.309674313980892 ], [ 128.999284662584188, 35.309660682642033 ], [ 128.999268027239879, 35.308759294198801 ], [ 128.998168386007251, 35.308772925085705 ] ] ] ] } },
{ "type": "Feature", "properties": { "GRID_CD_x": "마마362026", "SCH_POP": 0.0 }, "geometry": { "type": "MultiPolygon", "coordinates": [ [ [ [ 128.99818500916146, 35.309674313980892 ], [ 128.998201633053725, 35.310575702734639 ], [ 128.999301298667064, 35.310562070943824 ], [ 128.999284662584188, 35.309660682642033 ], [ 128.99818500916146, 35.309674313980892 ] ] ] ] } },
{ "type": "Feature", "properties": { "GRID_CD_x": "마마362027", "SCH_POP": 0.0 }, "geometry": { "type": "MultiPolygon", "coordinates": [ [ [ [ 128.998201633053725, 35.310575702734639 ], [ 128.998218257684016, 35.31147709134693 ], [ 128.999317935488563, 35.311463459104154 ], [ 128.999301298667064, 35.310562070943824 ], [ 128.998201633053725, 35.310575702734639 ] ] ] ] } },
{ "type": "Feature", "properties": { "GRID_CD_x": "마마362028", "SCH_POP": 0.0 }, "geometry": { "type": "MultiPolygon", "coordinates": [ [ [ [ 128.998218257684016, 35.31147709134693 ], [ 128.998234883052476, 35.312378479817767 ], [ 128.999334573048742, 35.312364847123014 ], [ 128.999317935488563, 35.311463459104154 ], [ 128.998218257684016, 35.31147709134693 ] ] ] ] } },
{ "type": "Feature", "properties": { "GRID_CD_x": "마마362029", "SCH_POP": 43.964246938517867 }, "geometry": { "type": "MultiPolygon", "coordinates": [ [ [ [ 128.998234883052476, 35.312378479817767 ], [ 128.998251509159076, 35.313279868147141 ], [ 128.999351211347602, 35.313266235000405 ], [ 128.999334573048742, 35.312364847123014 ], [ 128.998234883052476, 35.312378479817767 ] ] ] ] } },
{ "type": "Feature", "properties": { "GRID_CD_x": "마마362030", "SCH_POP": 41.954585061151647 }, "geometry": { "type": "MultiPolygon", "coordinates": [ [ [ [ 128.998251509159076, 35.313279868147141 ], [ 128.998268136003844, 35.314181256335068 ], [ 128.99936785038517, 35.314167622736335 ], [ 128.999351211347602, 35.313266235000405 ], [ 128.998251509159076, 35.313279868147141 ] ] ] ] } },
{ "type": "Feature", "properties": { "GRID_CD_x": "마마362031", "SCH_POP": 110.22279145451681 }, "geometry": { "type": "MultiPolygon", "coordinates": [ [ [ [ 128.998268136003844, 35.314181256335068 ], [ 128.998284763586838, 35.31508264438154 ], [ 128.999384490161475, 35.315069010330795 ], [ 128.99936785038517, 35.314167622736335 ], [ 128.998268136003844, 35.314181256335068 ] ] ] ] } },
{ "type": "Feature", "properties": { "GRID_CD_x": "마마362032", "SCH_POP": 0.0 }, "geometry": { "type": "MultiPolygon", "coordinates": [ [ [ [ 128.998284763586838, 35.31508264438154 ], [ 128.998301391908029, 35.315984032286536 ], [ 128.999401130676603, 35.315970397783794 ], [ 128.999384490161475, 35.315069010330795 ], [ 128.998284763586838, 35.31508264438154 ] ] ] ] } },
{ "type": "Feature", "properties": { "GRID_CD_x": "마마362033", "SCH_POP": 82.25306808041573 }, "geometry": { "type": "MultiPolygon", "coordinates": [ [ [ [ 128.998301391908029, 35.315984032286536 ], [ 128.99831802096756, 35.316885420050085 ], [ 128.999417771930553, 35.316871785095309 ], [ 128.999401130676603, 35.315970397783794 ], [ 128.998301391908029, 35.315984032286536 ] ] ] ] } },
{ "type": "Feature", "properties": { "GRID_CD_x": "마마362034", "SCH_POP": 161.92997742900636 }, "geometry": { "type": "MultiPolygon", "coordinates": [ [ [ [ 128.99831802096756, 35.316885420050085 ], [ 128.998334650765372, 35.317786807672178 ], [ 128.999434413923296, 35.317773172265362 ], [ 128.999417771930553, 35.316871785095309 ], [ 128.99831802096756, 35.316885420050085 ] ] ] ] } },
{ "type": "Feature", "properties": { "GRID_CD_x": "마마362035", "SCH_POP": 54.835378720277149 }, "geometry": { "type": "MultiPolygon", "coordinates": [ [ [ [ 128.998334650765372, 35.317786807672178 ], [ 128.998351281301524, 35.318688195152788 ], [ 128.999451056654976, 35.318674559293932 ], [ 128.999434413923296, 35.317773172265362 ], [ 128.998334650765372, 35.317786807672178 ] ] ] ] } },
{ "type": "Feature", "properties": { "GRID_CD_x": "마마362036", "SCH_POP": 30.729893443913703 }, "geometry": { "type": "MultiPolygon", "coordinates": [ [ [ [ 128.998351281301524, 35.318688195152788 ], [ 128.998367912576072, 35.319589582491936 ], [ 128.999467700125564, 35.319575946181025 ], [ 128.999451056654976, 35.318674559293932 ], [ 128.998351281301524, 35.318688195152788 ] ] ] ] } },
{ "type": "Feature", "properties": { "GRID_CD_x": "마마362037", "SCH_POP": 20.241247178625795 }, "geometry": { "type": "MultiPolygon", "coordinates": [ [ [ [ 128.998367912576072, 35.319589582491936 ], [ 128.998384544589015, 35.320490969689615 ], [ 128.999484344335116, 35.320477332926629 ], [ 128.999467700125564, 35.319575946181025 ], [ 128.998367912576072, 35.319589582491936 ] ] ] ] } },
{ "type": "Feature", "properties": { "GRID_CD_x": "마마362038", "SCH_POP": 6.9924308435252742 }, "geometry": { "type": "MultiPolygon", "coordinates": [ [ [ [ 128.998384544589015, 35.320490969689615 ], [ 128.998401177340412, 35.321392356745818 ], [ 128.999500989283632, 35.32137871953077 ], [ 128.999484344335116, 35.320477332926629 ], [ 128.998384544589015, 35.320490969689615 ] ] ] ] } },
{ "type": "Feature", "properties": { "GRID_CD_x": "마마362039", "SCH_POP": 0.0 }, "geometry": { "type": "MultiPolygon", "coordinates": [ [ [ [ 128.998401177340412, 35.321392356745818 ], [ 128.998417810830233, 35.322293743660566 ], [ 128.99951763497117, 35.322280105993421 ], [ 128.999500989283632, 35.32137871953077 ], [ 128.998401177340412, 35.321392356745818 ] ] ] ] } },
{ "type": "Feature", "properties": { "GRID_CD_x": "마마362040", "SCH_POP": 0.0 }, "geometry": { "type": "MultiPolygon", "coordinates": [ [ [ [ 128.998417810830233, 35.322293743660566 ], [ 128.998434445058649, 35.323195130433817 ], [ 128.999534281397757, 35.323181492314582 ], [ 128.99951763497117, 35.322280105993421 ], [ 128.998417810830233, 35.322293743660566 ] ] ] ] } },
{ "type": "Feature", "properties": { "GRID_CD_x": "마마362041", "SCH_POP": 0.0 }, "geometry": { "type": "MultiPolygon", "coordinates": [ [ [ [ 128.998434445058649, 35.323195130433817 ], [ 128.998451080025518, 35.324096517065598 ], [ 128.999550928563394, 35.324082878494266 ], [ 128.999534281397757, 35.323181492314582 ], [ 128.998434445058649, 35.323195130433817 ] ] ] ] } },
{ "type": "Feature", "properties": { "GRID_CD_x": "마마362042", "SCH_POP": 0.0 }, "geometry": { "type": "MultiPolygon", "coordinates": [ [ [ [ 128.998451080025518, 35.324096517065598 ], [ 128.99846771573101, 35.324997903555904 ], [ 128.999567576468166, 35.324984264532446 ], [ 128.999550928563394, 35.324082878494266 ], [ 128.998451080025518, 35.324096517065598 ] ] ] ] } },
{ "type": "Feature", "properties": { "GRID_CD_x": "마마362043", "SCH_POP": 0.0 }, "geometry": { "type": "MultiPolygon", "coordinates": [ [ [ [ 128.99846771573101, 35.324997903555904 ], [ 128.998484352175097, 35.325899289904726 ], [ 128.999584225112102, 35.32588565042915 ], [ 128.999567576468166, 35.324984264532446 ], [ 128.99846771573101, 35.324997903555904 ] ] ] ] } },
{ "type": "Feature", "properties": { "GRID_CD_x": "마마362044", "SCH_POP": 48.626414499605985 }, "geometry": { "type": "MultiPolygon", "coordinates": [ [ [ [ 128.998484352175097, 35.325899289904726 ], [ 128.998500989357808, 35.326800676112065 ], [ 128.999600874495201, 35.326787036184356 ], [ 128.999584225112102, 35.32588565042915 ], [ 128.998484352175097, 35.325899289904726 ] ] ] ] } },
{ "type": "Feature", "properties": { "GRID_CD_x": "마마362045", "SCH_POP": 42.107927501970053 }, "geometry": { "type": "MultiPolygon", "coordinates": [ [ [ [ 128.998500989357808, 35.326800676112065 ], [ 128.998517627279199, 35.32770206217792 ], [ 128.99961752461752, 35.327688421798072 ], [ 128.999600874495201, 35.326787036184356 ], [ 128.998500989357808, 35.326800676112065 ] ] ] ] } },
{ "type": "Feature", "properties": { "GRID_CD_x": "마마362046", "SCH_POP": 0.0 }, "geometry": { "type": "MultiPolygon", "coordinates": [ [ [ [ 128.998517627279199, 35.32770206217792 ], [ 128.998534265939298, 35.328603448102292 ], [ 128.999634175479059, 35.328589807270298 ], [ 128.99961752461752, 35.327688421798072 ], [ 128.998517627279199, 35.32770206217792 ] ] ] ] } },
{ "type": "Feature", "properties": { "GRID_CD_x": "마마362047", "SCH_POP": 3.221780929866036 }, "geometry": { "type": "MultiPolygon", "coordinates": [ [ [ [ 128.998534265939298, 35.328603448102292 ], [ 128.998550905338135, 35.329504833885167 ], [ 128.999650827079904, 35.329491192601012 ], [ 128.999634175479059, 35.328589807270298 ], [ 128.998534265939298, 35.328603448102292 ] ] ] ] } },
{ "type": "Feature", "properties": { "GRID_CD_x": "마마362048", "SCH_POP": 13.336674546887313 }, "geometry": { "type": "MultiPolygon", "coordinates": [ [ [ [ 128.998550905338135, 35.329504833885167 ], [ 128.998567545475737, 35.330406219526559 ], [ 128.999667479420054, 35.330392577790235 ], [ 128.999650827079904, 35.329491192601012 ], [ 128.998550905338135, 35.329504833885167 ] ] ] ] } },
{ "type": "Feature", "properties": { "GRID_CD_x": "마마362049", "SCH_POP": 11.388620961386918 }, "geometry": { "type": "MultiPolygon", "coordinates": [ [ [ [ 128.998567545475737, 35.330406219526559 ], [ 128.998584186352133, 35.33130760502646 ], [ 128.999684132499539, 35.331293962837947 ], [ 128.999667479420054, 35.330392577790235 ], [ 128.998567545475737, 35.330406219526559 ] ] ] ] } },
{ "type": "Feature", "properties": { "GRID_CD_x": "마마362050", "SCH_POP": 8.6153595152080182 }, "geometry": { "type": "MultiPolygon", "coordinates": [ [ [ [ 128.998584186352133, 35.33130760502646 ], [ 128.99860082796738, 35.332208990384864 ], [ 128.999700786318414, 35.332195347744161 ], [ 128.999684132499539, 35.331293962837947 ], [ 128.998584186352133, 35.33130760502646 ] ] ] ] } },
{ "type": "Feature", "properties": { "GRID_CD_x": "마마362051", "SCH_POP": 7.3845938701783016 }, "geometry": { "type": "MultiPolygon", "coordinates": [ [ [ [ 128.99860082796738, 35.332208990384864 ], [ 128.998617470321477, 35.333110375601784 ], [ 128.99971744087668, 35.333096732508864 ], [ 128.999700786318414, 35.332195347744161 ], [ 128.99860082796738, 35.332208990384864 ] ] ] ] } },
{ "type": "Feature", "properties": { "GRID_CD_x": "마마362052", "SCH_POP": 4.5443654585712636 }, "geometry": { "type": "MultiPolygon", "coordinates": [ [ [ [ 128.998617470321477, 35.333110375601784 ], [ 128.998634113414454, 35.334011760677207 ], [ 128.999734096174393, 35.333998117132083 ], [ 128.99971744087668, 35.333096732508864 ], [ 128.998617470321477, 35.333110375601784 ] ] ] ] } },
{ "type": "Feature", "properties": { "GRID_CD_x": "마마362053", "SCH_POP": 0.473371401934506 }, "geometry": { "type": "MultiPolygon", "coordinates": [ [ [ [ 128.998634113414454, 35.334011760677207 ], [ 128.998650757246395, 35.334913145611118 ], [ 128.999750752211554, 35.334899501613776 ], [ 128.999734096174393, 35.333998117132083 ], [ 128.998634113414454, 35.334011760677207 ] ] ] ] } },
{ "type": "Feature", "properties": { "GRID_CD_x": "마마362054", "SCH_POP": 0.0 }, "geometry": { "type": "MultiPolygon", "coordinates": [ [ [ [ 128.998650757246395, 35.334913145611118 ], [ 128.998667401817301, 35.335814530403539 ], [ 128.999767408988248, 35.335800885953958 ], [ 128.999750752211554, 35.334899501613776 ], [ 128.998650757246395, 35.334913145611118 ] ] ] ] } },
{ "type": "Feature", "properties": { "GRID_CD_x": "마마362055", "SCH_POP": 0.0 }, "geometry": { "type": "MultiPolygon", "coordinates": [ [ [ [ 128.998667401817301, 35.335814530403539 ], [ 128.998684047127199, 35.336715915054448 ], [ 128.999784066504475, 35.336702270152621 ], [ 128.999767408988248, 35.335800885953958 ], [ 128.998667401817301, 35.335814530403539 ] ] ] ] } },
{ "type": "Feature", "properties": { "GRID_CD_x": "마마362056", "SCH_POP": 0.0 }, "geometry": { "type": "MultiPolygon", "coordinates": [ [ [ [ 128.998684047127199, 35.336715915054448 ], [ 128.998700693176147, 35.33761729956386 ], [ 128.999800724760291, 35.337603654209786 ], [ 128.999784066504475, 35.336702270152621 ], [ 128.998684047127199, 35.336715915054448 ] ] ] ] } },
{ "type": "Feature", "properties": { "GRID_CD_x": "마마362057", "SCH_POP": 0.0 }, "geometry": { "type": "MultiPolygon", "coordinates": [ [ [ [ 128.998700693176147, 35.33761729956386 ], [ 128.998717339964116, 35.338518683931753 ], [ 128.999817383755669, 35.338505038125426 ], [ 128.999800724760291, 35.337603654209786 ], [ 128.998700693176147, 35.33761729956386 ] ] ] ] } },
{ "type": "Feature", "properties": { "GRID_CD_x": "마마362058", "SCH_POP": 0.0 }, "geometry": { "type": "MultiPolygon", "coordinates": [ [ [ [ 128.998717339964116, 35.338518683931753 ], [ 128.998733987491221, 35.339420068158162 ], [ 128.99983404349075, 35.339406421899547 ], [ 128.999817383755669, 35.338505038125426 ], [ 128.998717339964116, 35.338518683931753 ] ] ] ] } },
{ "type": "Feature", "properties": { "GRID_CD_x": "마마362059", "SCH_POP": 0.0 }, "geometry": { "type": "MultiPolygon", "coordinates": [ [ [ [ 128.998733987491221, 35.339420068158162 ], [ 128.998750635757432, 35.340321452243039 ], [ 128.99985070396545, 35.340307805532149 ], [ 128.99983404349075, 35.339406421899547 ], [ 128.998733987491221, 35.339420068158162 ] ] ] ] } },
{ "type": "Feature", "properties": { "GRID_CD_x": "마마362060", "SCH_POP": 0.0 }, "geometry": { "type": "MultiPolygon", "coordinates": [ [ [ [ 128.998750635757432, 35.340321452243039 ], [ 128.998767284762806, 35.341222836186411 ], [ 128.999867365179853, 35.341209189023225 ], [ 128.99985070396545, 35.340307805532149 ], [ 128.998750635757432, 35.340321452243039 ] ] ] ] } },
{ "type": "Feature", "properties": { "GRID_CD_x": "마마363001", "SCH_POP": 0.0 }, "geometry": { "type": "MultiPolygon", "coordinates": [ [ [ [ 128.998869000468801, 35.287125929127981 ], [ 128.99888561809675, 35.288027320965682 ], [ 128.999984978368502, 35.288013690483993 ], [ 128.99996834856347, 35.287112299098332 ], [ 128.998869000468801, 35.287125929127981 ] ] ] ] } },
{ "type": "Feature", "properties": { "GRID_CD_x": "마마363002", "SCH_POP": 0.0 }, "geometry": { "type": "MultiPolygon", "coordinates": [ [ [ [ 128.99888561809675, 35.288027320965682 ], [ 128.998902236462499, 35.288928712661985 ], [ 129.000001608911901, 35.288915081728234 ], [ 128.999984978368502, 35.288013690483993 ], [ 128.99888561809675, 35.288027320965682 ] ] ] ] } },
{ "type": "Feature", "properties": { "GRID_CD_x": "마마363003", "SCH_POP": 0.0 }, "geometry": { "type": "MultiPolygon", "coordinates": [ [ [ [ 128.998902236462499, 35.288928712661985 ], [ 128.998918855566075, 35.289830104216868 ], [ 129.00001824019364, 35.289816472831056 ], [ 129.000001608911901, 35.288915081728234 ], [ 128.998902236462499, 35.288928712661985 ] ] ] ] } },
{ "type": "Feature", "properties": { "GRID_CD_x": "마마363004", "SCH_POP": 0.0 }, "geometry": { "type": "MultiPolygon", "coordinates": [ [ [ [ 128.998918855566075, 35.289830104216868 ], [ 128.998935475407535, 35.290731495630332 ], [ 129.000034872213803, 35.290717863792452 ], [ 129.00001824019364, 35.289816472831056 ], [ 128.998918855566075, 35.289830104216868 ] ] ] ] } },
{ "type": "Feature", "properties": { "GRID_CD_x": "마마363005", "SCH_POP": 0.0 }, "geometry": { "type": "MultiPolygon", "coordinates": [ [ [ [ 128.998935475407535, 35.290731495630332 ], [ 128.998952095986908, 35.291632886902377 ], [ 129.000051504972419, 35.291619254612414 ], [ 129.000034872213803, 35.290717863792452 ], [ 128.998935475407535, 35.290731495630332 ] ] ] ] } },
{ "type": "Feature", "properties": { "GRID_CD_x": "마마363006", "SCH_POP": 0.0 }, "geometry": { "type": "MultiPolygon", "coordinates": [ [ [ [ 128.998952095986908, 35.291632886902377 ], [ 128.998968717304166, 35.292534278032981 ], [ 129.000068138469516, 35.292520645290928 ], [ 129.000051504972419, 35.291619254612414 ], [ 128.998952095986908, 35.291632886902377 ] ] ] ] } },
{ "type": "Feature", "properties": { "GRID_CD_x": "마마363007", "SCH_POP": 0.0 }, "geometry": { "type": "MultiPolygon", "coordinates": [ [ [ [ 128.998968717304166, 35.292534278032981 ], [ 128.998985339359422, 35.293435669022173 ], [ 129.000084772705122, 35.293422035828023 ], [ 129.000068138469516, 35.292520645290928 ], [ 128.998968717304166, 35.292534278032981 ] ] ] ] } },
{ "type": "Feature", "properties": { "GRID_CD_x": "마마363008", "SCH_POP": 0.0 }, "geometry": { "type": "MultiPolygon", "coordinates": [ [ [ [ 128.998985339359422, 35.293435669022173 ], [ 128.999001962152704, 35.294337059869946 ], [ 129.000101407679267, 35.294323426223691 ], [ 129.000084772705122, 35.293422035828023 ], [ 128.998985339359422, 35.293435669022173 ] ] ] ] } },
{ "type": "Feature", "properties": { "GRID_CD_x": "마마363009", "SCH_POP": 0.0 }, "geometry": { "type": "MultiPolygon", "coordinates": [ [ [ [ 128.999001962152704, 35.294337059869946 ], [ 128.999018585684013, 35.295238450576285 ], [ 129.000118043391979, 35.295224816477905 ], [ 129.000101407679267, 35.294323426223691 ], [ 128.999001962152704, 35.294337059869946 ] ] ] ] } },
{ "type": "Feature", "properties": { "GRID_CD_x": "마마363010", "SCH_POP": 0.0 }, "geometry": { "type": "MultiPolygon", "coordinates": [ [ [ [ 128.999018585684013, 35.295238450576285 ], [ 128.999035209953377, 35.296139841141198 ], [ 129.000134679843285, 35.296126206590692 ], [ 129.000118043391979, 35.295224816477905 ], [ 128.999018585684013, 35.295238450576285 ] ] ] ] } },
{ "type": "Feature", "properties": { "GRID_CD_x": "마마363011", "SCH_POP": 0.0 }, "geometry": { "type": "MultiPolygon", "coordinates": [ [ [ [ 128.999035209953377, 35.296139841141198 ], [ 128.999051834960852, 35.297041231564677 ], [ 129.000151317033271, 35.297027596562025 ], [ 129.000134679843285, 35.296126206590692 ], [ 128.999035209953377, 35.296139841141198 ] ] ] ] } },
{ "type": "Feature", "properties": { "GRID_CD_x": "마마363012", "SCH_POP": 0.0 }, "geometry": { "type": "MultiPolygon", "coordinates": [ [ [ [ 128.999051834960852, 35.297041231564677 ], [ 128.99906846070644, 35.297942621846722 ], [ 129.000167954961881, 35.297928986391916 ], [ 129.000151317033271, 35.297027596562025 ], [ 128.999051834960852, 35.297041231564677 ] ] ] ] } },
{ "type": "Feature", "properties": { "GRID_CD_x": "마마363013", "SCH_POP": 0.30395778364116099 }, "geometry": { "type": "MultiPolygon", "coordinates": [ [ [ [ 128.99906846070644, 35.297942621846722 ], [ 128.999085087190224, 35.298844011987327 ], [ 129.000184593629228, 35.298830376080375 ], [ 129.000167954961881, 35.297928986391916 ], [ 128.99906846070644, 35.297942621846722 ] ] ] ] } },
{ "type": "Feature", "properties": { "GRID_CD_x": "마마363014", "SCH_POP": 0.0 }, "geometry": { "type": "MultiPolygon", "coordinates": [ [ [ [ 128.999085087190224, 35.298844011987327 ], [ 128.999101714412177, 35.299745401986513 ], [ 129.000201233035312, 35.299731765627371 ], [ 129.000184593629228, 35.298830376080375 ], [ 128.999085087190224, 35.298844011987327 ] ] ] ] } },
{ "type": "Feature", "properties": { "GRID_CD_x": "마마363015", "SCH_POP": 0.0 }, "geometry": { "type": "MultiPolygon", "coordinates": [ [ [ [ 128.999101714412177, 35.299745401986513 ], [ 128.999118342372384, 35.300646791844244 ], [ 129.000217873180191, 35.300633155032941 ], [ 129.000201233035312, 35.299731765627371 ], [ 128.999101714412177, 35.299745401986513 ] ] ] ] } },
{ "type": "Feature", "properties": { "GRID_CD_x": "마마363016", "SCH_POP": 0.0 }, "geometry": { "type": "MultiPolygon", "coordinates": [ [ [ [ 128.999118342372384, 35.300646791844244 ], [ 128.999134971070816, 35.301548181560541 ], [ 129.000234514063834, 35.301534544297041 ], [ 129.000217873180191, 35.300633155032941 ], [ 128.999118342372384, 35.300646791844244 ] ] ] ] } },
{ "type": "Feature", "properties": { "GRID_CD_x": "마마363017", "SCH_POP": 0.49393139841688699 }, "geometry": { "type": "MultiPolygon", "coordinates": [ [ [ [ 128.999134971070816, 35.301548181560541 ], [ 128.99915160050756, 35.302449571135384 ], [ 129.000251155686328, 35.302435933419694 ], [ 129.000234514063834, 35.301534544297041 ], [ 128.999134971070816, 35.301548181560541 ] ] ] ] } },
{ "type": "Feature", "properties": { "GRID_CD_x": "마마363018", "SCH_POP": 0.87387862796833804 }, "geometry": { "type": "MultiPolygon", "coordinates": [ [ [ [ 128.99915160050756, 35.302449571135384 ], [ 128.99916823068267, 35.303350960568793 ], [ 129.000267798047673, 35.303337322400886 ], [ 129.000251155686328, 35.302435933419694 ], [ 128.99915160050756, 35.302449571135384 ] ] ] ] } },
{ "type": "Feature", "properties": { "GRID_CD_x": "마마363019", "SCH_POP": 0.189973614775726 }, "geometry": { "type": "MultiPolygon", "coordinates": [ [ [ [ 128.99916823068267, 35.303350960568793 ], [ 128.999184861596092, 35.304252349860747 ], [ 129.000284441147954, 35.304238711240636 ], [ 129.000267798047673, 35.303337322400886 ], [ 128.99916823068267, 35.303350960568793 ] ] ] ] } },
{ "type": "Feature", "properties": { "GRID_CD_x": "마마363020", "SCH_POP": 0.0 }, "geometry": { "type": "MultiPolygon", "coordinates": [ [ [ [ 128.999184861596092, 35.304252349860747 ], [ 128.999201493247938, 35.305153739011253 ], [ 129.000301084987143, 35.305140099938917 ], [ 129.000284441147954, 35.304238711240636 ], [ 128.999184861596092, 35.304252349860747 ] ] ] ] } },
{ "type": "Feature", "properties": { "GRID_CD_x": "마마363021", "SCH_POP": 0.0 }, "geometry": { "type": "MultiPolygon", "coordinates": [ [ [ [ 128.999201493247938, 35.305153739011253 ], [ 128.999218125638208, 35.306055128020326 ], [ 129.000317729565324, 35.306041488495737 ], [ 129.000301084987143, 35.305140099938917 ], [ 128.999201493247938, 35.305153739011253 ] ] ] ] } },
{ "type": "Feature", "properties": { "GRID_CD_x": "마마363022", "SCH_POP": 0.0 }, "geometry": { "type": "MultiPolygon", "coordinates": [ [ [ [ 128.999218125638208, 35.306055128020326 ], [ 128.999234758766931, 35.306956516887936 ], [ 129.00033437488247, 35.306942876911108 ], [ 129.000317729565324, 35.306041488495737 ], [ 128.999218125638208, 35.306055128020326 ] ] ] ] } },
{ "type": "Feature", "properties": { "GRID_CD_x": "마마363023", "SCH_POP": 0.0 }, "geometry": { "type": "MultiPolygon", "coordinates": [ [ [ [ 128.999234758766931, 35.306956516887936 ], [ 128.999251392634136, 35.3078579056141 ], [ 129.000351020938695, 35.307844265185004 ], [ 129.00033437488247, 35.306942876911108 ], [ 128.999234758766931, 35.306956516887936 ] ] ] ] } },
{ "type": "Feature", "properties": { "GRID_CD_x": "마마363024", "SCH_POP": 0.0 }, "geometry": { "type": "MultiPolygon", "coordinates": [ [ [ [ 128.999251392634136, 35.3078579056141 ], [ 128.999268027239879, 35.308759294198801 ], [ 129.00036766773394, 35.308745653317438 ], [ 129.000351020938695, 35.307844265185004 ], [ 128.999251392634136, 35.3078579056141 ] ] ] ] } },
{ "type": "Feature", "properties": { "GRID_CD_x": "마마363025", "SCH_POP": 0.0 }, "geometry": { "type": "MultiPolygon", "coordinates": [ [ [ [ 128.999268027239879, 35.308759294198801 ], [ 128.999284662584188, 35.309660682642033 ], [ 129.000384315268292, 35.309647041308402 ], [ 129.00036766773394, 35.308745653317438 ], [ 128.999268027239879, 35.308759294198801 ] ] ] ] } },
{ "type": "Feature", "properties": { "GRID_CD_x": "마마363026", "SCH_POP": 0.0 }, "geometry": { "type": "MultiPolygon", "coordinates": [ [ [ [ 128.999284662584188, 35.309660682642033 ], [ 128.999301298667064, 35.310562070943824 ], [ 129.000400963541807, 35.310548429157905 ], [ 129.000384315268292, 35.309647041308402 ], [ 128.999284662584188, 35.309660682642033 ] ] ] ] } },
{ "type": "Feature", "properties": { "GRID_CD_x": "마마363027", "SCH_POP": 0.0 }, "geometry": { "type": "MultiPolygon", "coordinates": [ [ [ [ 128.999301298667064, 35.310562070943824 ], [ 128.999317935488563, 35.311463459104154 ], [ 129.000417612554457, 35.311449816865931 ], [ 129.000400963541807, 35.310548429157905 ], [ 128.999301298667064, 35.310562070943824 ] ] ] ] } },
{ "type": "Feature", "properties": { "GRID_CD_x": "마마363028", "SCH_POP": 0.0 }, "geometry": { "type": "MultiPolygon", "coordinates": [ [ [ [ 128.999317935488563, 35.311463459104154 ], [ 128.999334573048742, 35.312364847123014 ], [ 129.0004342623063, 35.312351204432488 ], [ 129.000417612554457, 35.311449816865931 ], [ 128.999317935488563, 35.311463459104154 ] ] ] ] } },
{ "type": "Feature", "properties": { "GRID_CD_x": "마마363029", "SCH_POP": 89.476530741068046 }, "geometry": { "type": "MultiPolygon", "coordinates": [ [ [ [ 128.999334573048742, 35.312364847123014 ], [ 128.999351211347602, 35.313266235000405 ], [ 129.00045091279739, 35.313252591857562 ], [ 129.0004342623063, 35.312351204432488 ], [ 128.999334573048742, 35.312364847123014 ] ] ] ] } },
{ "type": "Feature", "properties": { "GRID_CD_x": "마마363030", "SCH_POP": 143.16082095428061 }, "geometry": { "type": "MultiPolygon", "coordinates": [ [ [ [ 128.999351211347602, 35.313266235000405 ], [ 128.99936785038517, 35.314167622736335 ], [ 129.00046756402773, 35.314153979141167 ], [ 129.00045091279739, 35.313252591857562 ], [ 128.999351211347602, 35.313266235000405 ] ] ] ] } },
{ "type": "Feature", "properties": { "GRID_CD_x": "마마363031", "SCH_POP": 0.0 }, "geometry": { "type": "MultiPolygon", "coordinates": [ [ [ [ 128.99936785038517, 35.314167622736335 ], [ 128.999384490161475, 35.315069010330795 ], [ 129.000484215997375, 35.315055366283289 ], [ 129.00046756402773, 35.314153979141167 ], [ 128.99936785038517, 35.314167622736335 ] ] ] ] } },
{ "type": "Feature", "properties": { "GRID_CD_x": "마마363032", "SCH_POP": 114.82307490420449 }, "geometry": { "type": "MultiPolygon", "coordinates": [ [ [ [ 128.999384490161475, 35.315069010330795 ], [ 128.999401130676603, 35.315970397783794 ], [ 129.000500868706325, 35.315956753283935 ], [ 129.000484215997375, 35.315055366283289 ], [ 128.999384490161475, 35.315069010330795 ] ] ] ] } },
{ "type": "Feature", "properties": { "GRID_CD_x": "마마363033", "SCH_POP": 46.922891186814333 }, "geometry": { "type": "MultiPolygon", "coordinates": [ [ [ [ 128.999401130676603, 35.315970397783794 ], [ 128.999417771930553, 35.316871785095309 ], [ 129.000517522154666, 35.316858140143097 ], [ 129.000500868706325, 35.315956753283935 ], [ 128.999401130676603, 35.315970397783794 ] ] ] ] } },
{ "type": "Feature", "properties": { "GRID_CD_x": "마마363034", "SCH_POP": 75.076625898902947 }, "geometry": { "type": "MultiPolygon", "coordinates": [ [ [ [ 128.999417771930553, 35.316871785095309 ], [ 128.999434413923296, 35.317773172265362 ], [ 129.000534176342398, 35.317759526860797 ], [ 129.000517522154666, 35.316858140143097 ], [ 128.999417771930553, 35.316871785095309 ] ] ] ] } },
{ "type": "Feature", "properties": { "GRID_CD_x": "마마363035", "SCH_POP": 0.0 }, "geometry": { "type": "MultiPolygon", "coordinates": [ [ [ [ 128.999434413923296, 35.317773172265362 ], [ 128.999451056654976, 35.318674559293932 ], [ 129.000550831269521, 35.318660913436986 ], [ 129.000534176342398, 35.317759526860797 ], [ 128.999434413923296, 35.317773172265362 ] ] ] ] } },
{ "type": "Feature", "properties": { "GRID_CD_x": "마마363036", "SCH_POP": 9.7526009133378828 }, "geometry": { "type": "MultiPolygon", "coordinates": [ [ [ [ 128.999451056654976, 35.318674559293932 ], [ 128.999467700125564, 35.319575946181025 ], [ 129.00056748693612, 35.319562299871684 ], [ 129.000550831269521, 35.318660913436986 ], [ 128.999451056654976, 35.318674559293932 ] ] ] ] } },
{ "type": "Feature", "properties": { "GRID_CD_x": "마마363037", "SCH_POP": 13.064804997113011 }, "geometry": { "type": "MultiPolygon", "coordinates": [ [ [ [ 128.999467700125564, 35.319575946181025 ], [ 128.999484344335116, 35.320477332926629 ], [ 129.000584143342223, 35.320463686164913 ], [ 129.00056748693612, 35.319562299871684 ], [ 128.999467700125564, 35.319575946181025 ] ] ] ] } },
{ "type": "Feature", "properties": { "GRID_CD_x": "마마363038", "SCH_POP": 0.92005668993753598 }, "geometry": { "type": "MultiPolygon", "coordinates": [ [ [ [ 128.999484344335116, 35.320477332926629 ], [ 128.999500989283632, 35.32137871953077 ], [ 129.000600800487831, 35.321365072316638 ], [ 129.000584143342223, 35.320463686164913 ], [ 128.999484344335116, 35.320477332926629 ] ] ] ] } },
{ "type": "Feature", "properties": { "GRID_CD_x": "마마363039", "SCH_POP": 0.0 }, "geometry": { "type": "MultiPolygon", "coordinates": [ [ [ [ 128.999500989283632, 35.32137871953077 ], [ 128.99951763497117, 35.322280105993421 ], [ 129.000617458373, 35.322266458326865 ], [ 129.000600800487831, 35.321365072316638 ], [ 128.999500989283632, 35.32137871953077 ] ] ] ] } },
{ "type": "Feature", "properties": { "GRID_CD_x": "마마363040", "SCH_POP": 0.0 }, "geometry": { "type": "MultiPolygon", "coordinates": [ [ [ [ 128.99951763497117, 35.322280105993421 ], [ 128.999534281397757, 35.323181492314582 ], [ 129.000634116997787, 35.323167844195609 ], [ 129.000617458373, 35.322266458326865 ], [ 128.99951763497117, 35.322280105993421 ] ] ] ] } },
{ "type": "Feature", "properties": { "GRID_CD_x": "마마363041", "SCH_POP": 0.0 }, "geometry": { "type": "MultiPolygon", "coordinates": [ [ [ [ 128.999534281397757, 35.323181492314582 ], [ 128.999550928563394, 35.324082878494266 ], [ 129.000650776362164, 35.324069229922848 ], [ 129.000634116997787, 35.323167844195609 ], [ 128.999534281397757, 35.323181492314582 ] ] ] ] } },
{ "type": "Feature", "properties": { "GRID_CD_x": "마마363042", "SCH_POP": 0.0 }, "geometry": { "type": "MultiPolygon", "coordinates": [ [ [ [ 128.999550928563394, 35.324082878494266 ], [ 128.999567576468166, 35.324984264532446 ], [ 129.000667436466216, 35.324970615508597 ], [ 129.000650776362164, 35.324069229922848 ], [ 128.999550928563394, 35.324082878494266 ] ] ] ] } },
{ "type": "Feature", "properties": { "GRID_CD_x": "마마363043", "SCH_POP": 0.37462568951930703 }, "geometry": { "type": "MultiPolygon", "coordinates": [ [ [ [ 128.999567576468166, 35.324984264532446 ], [ 128.999584225112102, 35.32588565042915 ], [ 129.000684097309943, 35.325872000952842 ], [ 129.000667436466216, 35.324970615508597 ], [ 128.999567576468166, 35.324984264532446 ] ] ] ] } },
{ "type": "Feature", "properties": { "GRID_CD_x": "마마363044", "SCH_POP": 2.472529550827423 }, "geometry": { "type": "MultiPolygon", "coordinates": [ [ [ [ 128.999584225112102, 35.32588565042915 ], [ 128.999600874495201, 35.326787036184356 ], [ 129.000700758893373, 35.326773386255581 ], [ 129.000684097309943, 35.325872000952842 ], [ 128.999584225112102, 35.32588565042915 ] ] ] ] } },
{ "type": "Feature", "properties": { "GRID_CD_x": "마마363045", "SCH_POP": 8.5414657210401899 }, "geometry": { "type": "MultiPolygon", "coordinates": [ [ [ [ 128.999600874495201, 35.326787036184356 ], [ 128.99961752461752, 35.327688421798072 ], [ 129.000717421216564, 35.327674771416817 ], [ 129.000700758893373, 35.326773386255581 ], [ 128.999600874495201, 35.326787036184356 ] ] ] ] } },
{ "type": "Feature", "properties": { "GRID_CD_x": "마마363046", "SCH_POP": 9.8151930654058308 }, "geometry": { "type": "MultiPolygon", "coordinates": [ [ [ [ 128.99961752461752, 35.327688421798072 ], [ 128.999634175479059, 35.328589807270298 ], [ 129.000734084279543, 35.328576156436554 ], [ 129.000717421216564, 35.327674771416817 ], [ 128.99961752461752, 35.327688421798072 ] ] ] ] } },
{ "type": "Feature", "properties": { "GRID_CD_x": "마마363047", "SCH_POP": 0.97402679275019699 }, "geometry": { "type": "MultiPolygon", "coordinates": [ [ [ [ 128.999634175479059, 35.328589807270298 ], [ 128.999650827079904, 35.329491192601012 ], [ 129.000750748082368, 35.32947754131478 ], [ 129.000734084279543, 35.328576156436554 ], [ 128.999634175479059, 35.328589807270298 ] ] ] ] } },
{ "type": "Feature", "properties": { "GRID_CD_x": "마마363048", "SCH_POP": 3.221780929866036 }, "geometry": { "type": "MultiPolygon", "coordinates": [ [ [ [ 128.999650827079904, 35.329491192601012 ], [ 128.999667479420054, 35.330392577790235 ], [ 129.000767412625009, 35.330378926051495 ], [ 129.000750748082368, 35.32947754131478 ], [ 128.999650827079904, 35.329491192601012 ] ] ] ] } },
{ "type": "Feature", "properties": { "GRID_CD_x": "마마363049", "SCH_POP": 13.411599684791174 }, "geometry": { "type": "MultiPolygon", "coordinates": [ [ [ [ 128.999667479420054, 35.330392577790235 ], [ 128.999684132499539, 35.331293962837947 ], [ 129.000784077907554, 35.33128031064669 ], [ 129.000767412625009, 35.330378926051495 ], [ 128.999667479420054, 35.330392577790235 ] ] ] ] } },
{ "type": "Feature", "properties": { "GRID_CD_x": "마마363050", "SCH_POP": 11.171565085654354 }, "geometry": { "type": "MultiPolygon", "coordinates": [ [ [ [ 128.999684132499539, 35.331293962837947 ], [ 128.999700786318414, 35.332195347744161 ], [ 129.00080074393, 35.332181695100388 ], [ 129.000784077907554, 35.33128031064669 ], [ 128.999684132499539, 35.331293962837947 ] ] ] ] } },
{ "type": "Feature", "properties": { "GRID_CD_x": "마마363051", "SCH_POP": 4.0709940566367573 }, "geometry": { "type": "MultiPolygon", "coordinates": [ [ [ [ 128.999700786318414, 35.332195347744161 ], [ 128.99971744087668, 35.333096732508864 ], [ 129.000817410692434, 35.333083079412553 ], [ 129.00080074393, 35.332181695100388 ], [ 128.999700786318414, 35.332195347744161 ] ] ] ] } },
{ "type": "Feature", "properties": { "GRID_CD_x": "마마363052", "SCH_POP": 11.644936487588859 }, "geometry": { "type": "MultiPolygon", "coordinates": [ [ [ [ 128.99971744087668, 35.333096732508864 ], [ 128.999734096174393, 35.333998117132083 ], [ 129.000834078194799, 35.333984463583228 ], [ 129.000817410692434, 35.333083079412553 ], [ 128.99971744087668, 35.333096732508864 ] ] ] ] } },
{ "type": "Feature", "properties": { "GRID_CD_x": "마마363053", "SCH_POP": 3.9763197762498552 }, "geometry": { "type": "MultiPolygon", "coordinates": [ [ [ [ 128.999734096174393, 35.333998117132083 ], [ 128.999750752211554, 35.334899501613776 ], [ 129.000850746437209, 35.33488584761237 ], [ 129.000834078194799, 35.333984463583228 ], [ 128.999734096174393, 35.333998117132083 ] ] ] ] } },
{ "type": "Feature", "properties": { "GRID_CD_x": "마마363054", "SCH_POP": 0.0 }, "geometry": { "type": "MultiPolygon", "coordinates": [ [ [ [ 128.999750752211554, 35.334899501613776 ], [ 128.999767408988248, 35.335800885953958 ], [ 129.000867415419663, 35.335787231499978 ], [ 129.000850746437209, 35.33488584761237 ], [ 128.999750752211554, 35.334899501613776 ] ] ] ] } },
{ "type": "Feature", "properties": { "GRID_CD_x": "마마363055", "SCH_POP": 0.0 }, "geometry": { "type": "MultiPolygon", "coordinates": [ [ [ [ 128.999767408988248, 35.335800885953958 ], [ 128.999784066504475, 35.336702270152621 ], [ 129.000884085142189, 35.336688615246082 ], [ 129.000867415419663, 35.335787231499978 ], [ 128.999767408988248, 35.335800885953958 ] ] ] ] } },
{ "type": "Feature", "properties": { "GRID_CD_x": "마마363056", "SCH_POP": 0.0 }, "geometry": { "type": "MultiPolygon", "coordinates": [ [ [ [ 128.999784066504475, 35.336702270152621 ], [ 128.999800724760291, 35.337603654209786 ], [ 129.000900755604846, 35.33758999885066 ], [ 129.000884085142189, 35.336688615246082 ], [ 128.999784066504475, 35.336702270152621 ] ] ] ] } },
{ "type": "Feature", "properties": { "GRID_CD_x": "마마363057", "SCH_POP": 0.0 }, "geometry": { "type": "MultiPolygon", "coordinates": [ [ [ [ 128.999800724760291, 35.337603654209786 ], [ 128.999817383755669, 35.338505038125426 ], [ 129.000917426807632, 35.338491382313698 ], [ 129.000900755604846, 35.33758999885066 ], [ 128.999800724760291, 35.337603654209786 ] ] ] ] } },
{ "type": "Feature", "properties": { "GRID_CD_x": "마마363058", "SCH_POP": 0.0 }, "geometry": { "type": "MultiPolygon", "coordinates": [ [ [ [ 128.999817383755669, 35.338505038125426 ], [ 128.99983404349075, 35.339406421899547 ], [ 129.000934098750605, 35.339392765635225 ], [ 129.000917426807632, 35.338491382313698 ], [ 128.999817383755669, 35.338505038125426 ] ] ] ] } },
{ "type": "Feature", "properties": { "GRID_CD_x": "마마363059", "SCH_POP": 0.0 }, "geometry": { "type": "MultiPolygon", "coordinates": [ [ [ [ 128.99983404349075, 35.339406421899547 ], [ 128.99985070396545, 35.340307805532149 ], [ 129.000950771433793, 35.340294148815211 ], [ 129.000934098750605, 35.339392765635225 ], [ 128.99983404349075, 35.339406421899547 ] ] ] ] } },
{ "type": "Feature", "properties": { "GRID_CD_x": "마마363060", "SCH_POP": 0.0 }, "geometry": { "type": "MultiPolygon", "coordinates": [ [ [ [ 128.99985070396545, 35.340307805532149 ], [ 128.999867365179853, 35.341209189023225 ], [ 129.000967444857196, 35.341195531853678 ], [ 129.000950771433793, 35.340294148815211 ], [ 128.99985070396545, 35.340307805532149 ] ] ] ] } },
{ "type": "Feature", "properties": { "GRID_CD_x": "마마364000", "SCH_POP": 0.0 }, "geometry": { "type": "MultiPolygon", "coordinates": [ [ [ [ 128.99995171949675, 35.286210907571231 ], [ 128.99996834856347, 35.287112299098332 ], [ 129.001067695919829, 35.28709865908219 ], [ 129.001051054676623, 35.286197268007449 ], [ 128.99995171949675, 35.286210907571231 ] ] ] ] } },
{ "type": "Feature", "properties": { "GRID_CD_x": "마마364001", "SCH_POP": 0.0 }, "geometry": { "type": "MultiPolygon", "coordinates": [ [ [ [ 128.99996834856347, 35.287112299098332 ], [ 128.999984978368502, 35.288013690483993 ], [ 129.001084337901915, 35.288000050015484 ], [ 129.001067695919829, 35.28709865908219 ], [ 128.99996834856347, 35.287112299098332 ] ] ] ] } },
{ "type": "Feature", "properties": { "GRID_CD_x": "마마364002", "SCH_POP": 0.0 }, "geometry": { "type": "MultiPolygon", "coordinates": [ [ [ [ 128.999984978368502, 35.288013690483993 ], [ 129.000001608911901, 35.288915081728234 ], [ 129.001100980622908, 35.288901440807336 ], [ 129.001084337901915, 35.288000050015484 ], [ 128.999984978368502, 35.288013690483993 ] ] ] ] } },
{ "type": "Feature", "properties": { "GRID_CD_x": "마마364003", "SCH_POP": 0.0 }, "geometry": { "type": "MultiPolygon", "coordinates": [ [ [ [ 129.000001608911901, 35.288915081728234 ], [ 129.00001824019364, 35.289816472831056 ], [ 129.001117624082809, 35.28980283145777 ], [ 129.001100980622908, 35.288901440807336 ], [ 129.000001608911901, 35.288915081728234 ] ] ] ] } },
{ "type": "Feature", "properties": { "GRID_CD_x": "마마364004", "SCH_POP": 0.0 }, "geometry": { "type": "MultiPolygon", "coordinates": [ [ [ [ 129.00001824019364, 35.289816472831056 ], [ 129.000034872213803, 35.290717863792452 ], [ 129.001134268281675, 35.29070422196677 ], [ 129.001117624082809, 35.28980283145777 ], [ 129.00001824019364, 35.289816472831056 ] ] ] ] } },
{ "type": "Feature", "properties": { "GRID_CD_x": "마마364005", "SCH_POP": 0.0 }, "geometry": { "type": "MultiPolygon", "coordinates": [ [ [ [ 129.000034872213803, 35.290717863792452 ], [ 129.000051504972419, 35.291619254612414 ], [ 129.001150913219504, 35.291605612334301 ], [ 129.001134268281675, 35.29070422196677 ], [ 129.000034872213803, 35.290717863792452 ] ] ] ] } },
{ "type": "Feature", "properties": { "GRID_CD_x": "마마364006", "SCH_POP": 0.0 }, "geometry": { "type": "MultiPolygon", "coordinates": [ [ [ [ 129.000051504972419, 35.291619254612414 ], [ 129.000068138469516, 35.292520645290928 ], [ 129.001167558896327, 35.29250700256042 ], [ 129.001150913219504, 35.291605612334301 ], [ 129.000051504972419, 35.291619254612414 ] ] ] ] } },
{ "type": "Feature", "properties": { "GRID_CD_x": "마마364007", "SCH_POP": 0.0 }, "geometry": { "type": "MultiPolygon", "coordinates": [ [ [ [ 129.000068138469516, 35.292520645290928 ], [ 129.000084772705122, 35.293422035828023 ], [ 129.001184205312256, 35.29340839264507 ], [ 129.001167558896327, 35.29250700256042 ], [ 129.000068138469516, 35.292520645290928 ] ] ] ] } },
{ "type": "Feature", "properties": { "GRID_CD_x": "마마364008", "SCH_POP": 0.0 }, "geometry": { "type": "MultiPolygon", "coordinates": [ [ [ [ 129.000084772705122, 35.293422035828023 ], [ 129.000101407679267, 35.294323426223691 ], [ 129.001200852467235, 35.294309782588293 ], [ 129.001184205312256, 35.29340839264507 ], [ 129.000084772705122, 35.293422035828023 ] ] ] ] } },
{ "type": "Feature", "properties": { "GRID_CD_x": "마마364009", "SCH_POP": 0.0 }, "geometry": { "type": "MultiPolygon", "coordinates": [ [ [ [ 129.000101407679267, 35.294323426223691 ], [ 129.000118043391979, 35.295224816477905 ], [ 129.001217500361321, 35.295211172390054 ], [ 129.001200852467235, 35.294309782588293 ], [ 129.000101407679267, 35.294323426223691 ] ] ] ] } },
{ "type": "Feature", "properties": { "GRID_CD_x": "마마364010", "SCH_POP": 0.0 }, "geometry": { "type": "MultiPolygon", "coordinates": [ [ [ [ 129.000118043391979, 35.295224816477905 ], [ 129.000134679843285, 35.296126206590692 ], [ 129.00123414899457, 35.296112562050389 ], [ 129.001217500361321, 35.295211172390054 ], [ 129.000118043391979, 35.295224816477905 ] ] ] ] } },
{ "type": "Feature", "properties": { "GRID_CD_x": "마마364011", "SCH_POP": 0.0 }, "geometry": { "type": "MultiPolygon", "coordinates": [ [ [ [ 129.000134679843285, 35.296126206590692 ], [ 129.000151317033271, 35.297027596562025 ], [ 129.00125079836701, 35.297013951569255 ], [ 129.00123414899457, 35.296112562050389 ], [ 129.000134679843285, 35.296126206590692 ] ] ] ] } },
{ "type": "Feature", "properties": { "GRID_CD_x": "마마364012", "SCH_POP": 0.68390501319261199 }, "geometry": { "type": "MultiPolygon", "coordinates": [ [ [ [ 129.000151317033271, 35.297027596562025 ], [ 129.000167954961881, 35.297928986391916 ], [ 129.001267448478643, 35.297915340946666 ], [ 129.00125079836701, 35.297013951569255 ], [ 129.000151317033271, 35.297027596562025 ] ] ] ] } },
{ "type": "Feature", "properties": { "GRID_CD_x": "마마364013", "SCH_POP": 1.2918205804749341 }, "geometry": { "type": "MultiPolygon", "coordinates": [ [ [ [ 129.000167954961881, 35.297928986391916 ], [ 129.000184593629228, 35.298830376080375 ], [ 129.001284099329553, 35.298816730182629 ], [ 129.001267448478643, 35.297915340946666 ], [ 129.000167954961881, 35.297928986391916 ] ] ] ] } },
{ "type": "Feature", "properties": { "GRID_CD_x": "마마364014", "SCH_POP": 0.189973614775726 }, "geometry": { "type": "MultiPolygon", "coordinates": [ [ [ [ 129.000184593629228, 35.298830376080375 ], [ 129.000201233035312, 35.299731765627371 ], [ 129.001300750919683, 35.299718119277124 ], [ 129.001284099329553, 35.298816730182629 ], [ 129.000184593629228, 35.298830376080375 ] ] ] ] } },
{ "type": "Feature", "properties": { "GRID_CD_x": "마마364015", "SCH_POP": 0.0 }, "geometry": { "type": "MultiPolygon", "coordinates": [ [ [ [ 129.000201233035312, 35.299731765627371 ], [ 129.000217873180191, 35.300633155032941 ], [ 129.001317403249175, 35.300619508230184 ], [ 129.001300750919683, 35.299718119277124 ], [ 129.000201233035312, 35.299731765627371 ] ] ] ] } },
{ "type": "Feature", "properties": { "GRID_CD_x": "마마364016", "SCH_POP": 0.0 }, "geometry": { "type": "MultiPolygon", "coordinates": [ [ [ [ 129.000217873180191, 35.300633155032941 ], [ 129.000234514063834, 35.301534544297041 ], [ 129.001334056318001, 35.301520897041762 ], [ 129.001317403249175, 35.300619508230184 ], [ 129.000217873180191, 35.300633155032941 ] ] ] ] } },
{ "type": "Feature", "properties": { "GRID_CD_x": "마마364017", "SCH_POP": 0.189973614775726 }, "geometry": { "type": "MultiPolygon", "coordinates": [ [ [ [ 129.000234514063834, 35.301534544297041 ], [ 129.000251155686328, 35.302435933419694 ], [ 129.001350710126189, 35.302422285711891 ], [ 129.001334056318001, 35.301520897041762 ], [ 129.000234514063834, 35.301534544297041 ] ] ] ] } },
{ "type": "Feature", "properties": { "GRID_CD_x": "마마364018", "SCH_POP": 0.189973614775726 }, "geometry": { "type": "MultiPolygon", "coordinates": [ [ [ [ 129.000251155686328, 35.302435933419694 ], [ 129.000267798047673, 35.303337322400886 ], [ 129.001367364673797, 35.303323674240545 ], [ 129.001350710126189, 35.302422285711891 ], [ 129.000251155686328, 35.302435933419694 ] ] ] ] } },
{ "type": "Feature", "properties": { "GRID_CD_x": "마마364019", "SCH_POP": 1.0638522427440631 }, "geometry": { "type": "MultiPolygon", "coordinates": [ [ [ [ 129.000267798047673, 35.303337322400886 ], [ 129.000284441147954, 35.304238711240636 ], [ 129.001384019960852, 35.304225062627737 ], [ 129.001367364673797, 35.303323674240545 ], [ 129.000267798047673, 35.303337322400886 ] ] ] ] } },
{ "type": "Feature", "properties": { "GRID_CD_x": "마마364020", "SCH_POP": 2.0124479232420152 }, "geometry": { "type": "MultiPolygon", "coordinates": [ [ [ [ 129.000284441147954, 35.304238711240636 ], [ 129.000301084987143, 35.305140099938917 ], [ 129.001400675987384, 35.305126450873466 ], [ 129.001384019960852, 35.304225062627737 ], [ 129.000284441147954, 35.304238711240636 ] ] ] ] } },
{ "type": "Feature", "properties": { "GRID_CD_x": "마마364021", "SCH_POP": 1.2384294912258551 }, "geometry": { "type": "MultiPolygon", "coordinates": [ [ [ [ 129.000301084987143, 35.305140099938917 ], [ 129.000317729565324, 35.306041488495737 ], [ 129.001417332753419, 35.306027838977712 ], [ 129.001400675987384, 35.305126450873466 ], [ 129.000301084987143, 35.305140099938917 ] ] ] ] } },
{ "type": "Feature", "properties": { "GRID_CD_x": "마마364022", "SCH_POP": 0.0 }, "geometry": { "type": "MultiPolygon", "coordinates": [ [ [ [ 129.000317729565324, 35.306041488495737 ], [ 129.00033437488247, 35.306942876911108 ], [ 129.001433990258988, 35.306929226940497 ], [ 129.001417332753419, 35.306027838977712 ], [ 129.000317729565324, 35.306041488495737 ] ] ] ] } },
{ "type": "Feature", "properties": { "GRID_CD_x": "마마364023", "SCH_POP": 0.0 }, "geometry": { "type": "MultiPolygon", "coordinates": [ [ [ [ 129.00033437488247, 35.306942876911108 ], [ 129.000351020938695, 35.307844265185004 ], [ 129.001450648504147, 35.307830614761819 ], [ 129.001433990258988, 35.306929226940497 ], [ 129.00033437488247, 35.306942876911108 ] ] ] ] } },
{ "type": "Feature", "properties": { "GRID_CD_x": "마마364024", "SCH_POP": 0.0 }, "geometry": { "type": "MultiPolygon", "coordinates": [ [ [ [ 129.000351020938695, 35.307844265185004 ], [ 129.00036766773394, 35.308745653317438 ], [ 129.001467307488923, 35.308732002441658 ], [ 129.001450648504147, 35.307830614761819 ], [ 129.000351020938695, 35.307844265185004 ] ] ] ] } },
{ "type": "Feature", "properties": { "GRID_CD_x": "마마364025", "SCH_POP": 0.0 }, "geometry": { "type": "MultiPolygon", "coordinates": [ [ [ [ 129.00036766773394, 35.308745653317438 ], [ 129.000384315268292, 35.309647041308402 ], [ 129.001483967213289, 35.30963338998 ], [ 129.001467307488923, 35.308732002441658 ], [ 129.00036766773394, 35.308745653317438 ] ] ] ] } },
{ "type": "Feature", "properties": { "GRID_CD_x": "마마364026", "SCH_POP": 49.07276858982452 }, "geometry": { "type": "MultiPolygon", "coordinates": [ [ [ [ 129.000384315268292, 35.309647041308402 ], [ 129.000400963541807, 35.310548429157905 ], [ 129.001500627677359, 35.31053477737688 ], [ 129.001483967213289, 35.30963338998 ], [ 129.000384315268292, 35.309647041308402 ] ] ] ] } },
{ "type": "Feature", "properties": { "GRID_CD_x": "마마364027", "SCH_POP": 106.50493624542356 }, "geometry": { "type": "MultiPolygon", "coordinates": [ [ [ [ 129.000400963541807, 35.310548429157905 ], [ 129.000417612554457, 35.311449816865931 ], [ 129.001517288881132, 35.311436164632291 ], [ 129.001500627677359, 35.31053477737688 ], [ 129.000400963541807, 35.310548429157905 ] ] ] ] } },
{ "type": "Feature", "properties": { "GRID_CD_x": "마마364028", "SCH_POP": 64.707940916550939 }, "geometry": { "type": "MultiPolygon", "coordinates": [ [ [ [ 129.000417612554457, 35.311449816865931 ], [ 129.0004342623063, 35.312351204432488 ], [ 129.001533950824665, 35.312337551746211 ], [ 129.001517288881132, 35.311436164632291 ], [ 129.000417612554457, 35.311449816865931 ] ] ] ] } },
{ "type": "Feature", "properties": { "GRID_CD_x": "마마364029", "SCH_POP": 90.714960232293905 }, "geometry": { "type": "MultiPolygon", "coordinates": [ [ [ [ 129.0004342623063, 35.312351204432488 ], [ 129.00045091279739, 35.313252591857562 ], [ 129.001550613507931, 35.313238938718641 ], [ 129.001533950824665, 35.312337551746211 ], [ 129.0004342623063, 35.312351204432488 ] ] ] ] } },
{ "type": "Feature", "properties": { "GRID_CD_x": "마마364030", "SCH_POP": 50.603117946564481 }, "geometry": { "type": "MultiPolygon", "coordinates": [ [ [ [ 129.00045091279739, 35.313252591857562 ], [ 129.00046756402773, 35.314153979141167 ], [ 129.001567276931013, 35.31414032554958 ], [ 129.001550613507931, 35.313238938718641 ], [ 129.00045091279739, 35.313252591857562 ] ] ] ] } },
{ "type": "Feature", "properties": { "GRID_CD_x": "마마364031", "SCH_POP": 133.04019736496772 }, "geometry": { "type": "MultiPolygon", "coordinates": [ [ [ [ 129.00046756402773, 35.314153979141167 ], [ 129.000484215997375, 35.315055366283289 ], [ 129.001583941093941, 35.315041712239044 ], [ 129.001567276931013, 35.31414032554958 ], [ 129.00046756402773, 35.314153979141167 ] ] ] ] } },
{ "type": "Feature", "properties": { "GRID_CD_x": "마마364032", "SCH_POP": 46.186845834864307 }, "geometry": { "type": "MultiPolygon", "coordinates": [ [ [ [ 129.000484215997375, 35.315055366283289 ], [ 129.000500868706325, 35.315956753283935 ], [ 129.001600605996714, 35.315943098787002 ], [ 129.001583941093941, 35.315041712239044 ], [ 129.000484215997375, 35.315055366283289 ] ] ] ] } },
{ "type": "Feature", "properties": { "GRID_CD_x": "마마364033", "SCH_POP": 127.70386856333 }, "geometry": { "type": "MultiPolygon", "coordinates": [ [ [ [ 129.000500868706325, 35.315956753283935 ], [ 129.000517522154666, 35.316858140143097 ], [ 129.00161727163939, 35.316844485193485 ], [ 129.001600605996714, 35.315943098787002 ], [ 129.000500868706325, 35.315956753283935 ] ] ] ] } },
{ "type": "Feature", "properties": { "GRID_CD_x": "마마364034", "SCH_POP": 0.0 }, "geometry": { "type": "MultiPolygon", "coordinates": [ [ [ [ 129.000517522154666, 35.316858140143097 ], [ 129.000534176342398, 35.317759526860797 ], [ 129.001633938022024, 35.317745871458477 ], [ 129.00161727163939, 35.316844485193485 ], [ 129.000517522154666, 35.316858140143097 ] ] ] ] } },
{ "type": "Feature", "properties": { "GRID_CD_x": "마마364035", "SCH_POP": 1.4720907039000579 }, "geometry": { "type": "MultiPolygon", "coordinates": [ [ [ [ 129.000534176342398, 35.317759526860797 ], [ 129.000550831269521, 35.318660913436986 ], [ 129.00165060514459, 35.318647257581958 ], [ 129.001633938022024, 35.317745871458477 ], [ 129.000534176342398, 35.317759526860797 ] ] ] ] } },
{ "type": "Feature", "properties": { "GRID_CD_x": "마마364036", "SCH_POP": 0.0 }, "geometry": { "type": "MultiPolygon", "coordinates": [ [ [ [ 129.000550831269521, 35.318660913436986 ], [ 129.00056748693612, 35.319562299871684 ], [ 129.001667273007172, 35.319548643563955 ], [ 129.00165060514459, 35.318647257581958 ], [ 129.000550831269521, 35.318660913436986 ] ] ] ] } },
{ "type": "Feature", "properties": { "GRID_CD_x": "마마364037", "SCH_POP": 0.0 }, "geometry": { "type": "MultiPolygon", "coordinates": [ [ [ [ 129.00056748693612, 35.319562299871684 ], [ 129.000584143342223, 35.320463686164913 ], [ 129.001683941609798, 35.320450029404434 ], [ 129.001667273007172, 35.319548643563955 ], [ 129.00056748693612, 35.319562299871684 ] ] ] ] } },
{ "type": "Feature", "properties": { "GRID_CD_x": "마마364038", "SCH_POP": 0.0 }, "geometry": { "type": "MultiPolygon", "coordinates": [ [ [ [ 129.000584143342223, 35.320463686164913 ], [ 129.000600800487831, 35.321365072316638 ], [ 129.001700610952497, 35.321351415103422 ], [ 129.001683941609798, 35.320450029404434 ], [ 129.000584143342223, 35.320463686164913 ] ] ] ] } },
{ "type": "Feature", "properties": { "GRID_CD_x": "마마364039", "SCH_POP": 0.0 }, "geometry": { "type": "MultiPolygon", "coordinates": [ [ [ [ 129.000600800487831, 35.321365072316638 ], [ 129.000617458373, 35.322266458326865 ], [ 129.001717281035269, 35.322252800660927 ], [ 129.001700610952497, 35.321351415103422 ], [ 129.000600800487831, 35.321365072316638 ] ] ] ] } },
{ "type": "Feature", "properties": { "GRID_CD_x": "마마364040", "SCH_POP": 0.0 }, "geometry": { "type": "MultiPolygon", "coordinates": [ [ [ [ 129.000617458373, 35.322266458326865 ], [ 129.000634116997787, 35.323167844195609 ], [ 129.001733951858199, 35.323154186076906 ], [ 129.001717281035269, 35.322252800660927 ], [ 129.000617458373, 35.322266458326865 ] ] ] ] } },
{ "type": "Feature", "properties": { "GRID_CD_x": "마마364041", "SCH_POP": 0.0 }, "geometry": { "type": "MultiPolygon", "coordinates": [ [ [ [ 129.000634116997787, 35.323167844195609 ], [ 129.000650776362164, 35.324069229922848 ], [ 129.001750623421259, 35.32405557135138 ], [ 129.001733951858199, 35.323154186076906 ], [ 129.000634116997787, 35.323167844195609 ] ] ] ] } },
{ "type": "Feature", "properties": { "GRID_CD_x": "마마364042", "SCH_POP": 0.0 }, "geometry": { "type": "MultiPolygon", "coordinates": [ [ [ [ 129.000650776362164, 35.324069229922848 ], [ 129.000667436466216, 35.324970615508597 ], [ 129.001767295724534, 35.324956956484336 ], [ 129.001750623421259, 35.32405557135138 ], [ 129.000650776362164, 35.324069229922848 ] ] ] ] } },
{ "type": "Feature", "properties": { "GRID_CD_x": "마마364043", "SCH_POP": 0.0 }, "geometry": { "type": "MultiPolygon", "coordinates": [ [ [ [ 129.000667436466216, 35.324970615508597 ], [ 129.000684097309943, 35.325872000952842 ], [ 129.001783968768024, 35.325858341475808 ], [ 129.001767295724534, 35.324956956484336 ], [ 129.000667436466216, 35.324970615508597 ] ] ] ] } },
{ "type": "Feature", "properties": { "GRID_CD_x": "마마364044", "SCH_POP": 0.37462568951930703 }, "geometry": { "type": "MultiPolygon", "coordinates": [ [ [ [ 129.000684097309943, 35.325872000952842 ], [ 129.000700758893373, 35.326773386255581 ], [ 129.001800642551785, 35.326759726325747 ], [ 129.001783968768024, 35.325858341475808 ], [ 129.000684097309943, 35.325872000952842 ] ] ] ] } },
{ "type": "Feature", "properties": { "GRID_CD_x": "마마364045", "SCH_POP": 1.3486524822695041 }, "geometry": { "type": "MultiPolygon", "coordinates": [ [ [ [ 129.000700758893373, 35.326773386255581 ], [ 129.000717421216564, 35.327674771416817 ], [ 129.001817317075819, 35.327661111034182 ], [ 129.001800642551785, 35.326759726325747 ], [ 129.000700758893373, 35.326773386255581 ] ] ] ] } },
{ "type": "Feature", "properties": { "GRID_CD_x": "마마364046", "SCH_POP": 3.596406619385343 }, "geometry": { "type": "MultiPolygon", "coordinates": [ [ [ [ 129.000717421216564, 35.327674771416817 ], [ 129.000734084279543, 35.328576156436554 ], [ 129.00183399234021, 35.328562495601105 ], [ 129.001817317075819, 35.327661111034182 ], [ 129.000717421216564, 35.327674771416817 ] ] ] ] } },
{ "type": "Feature", "properties": { "GRID_CD_x": "마마364047", "SCH_POP": 3.2967060677698981 }, "geometry": { "type": "MultiPolygon", "coordinates": [ [ [ [ 129.000734084279543, 35.328576156436554 ], [ 129.000750748082368, 35.32947754131478 ], [ 129.001850668344957, 35.329463880026502 ], [ 129.00183399234021, 35.328562495601105 ], [ 129.000734084279543, 35.328576156436554 ] ] ] ] } },
{ "type": "Feature", "properties": { "GRID_CD_x": "마마364048", "SCH_POP": 21.353664302600471 }, "geometry": { "type": "MultiPolygon", "coordinates": [ [ [ [ 129.000750748082368, 35.32947754131478 ], [ 129.000767412625009, 35.330378926051495 ], [ 129.001867345090091, 35.330365264310373 ], [ 129.001850668344957, 35.329463880026502 ], [ 129.000750748082368, 35.32947754131478 ] ] ] ] } },
{ "type": "Feature", "properties": { "GRID_CD_x": "마마364049", "SCH_POP": 8.3916154452324658 }, "geometry": { "type": "MultiPolygon", "coordinates": [ [ [ [ 129.000767412625009, 35.330378926051495 ], [ 129.000784077907554, 35.33128031064669 ], [ 129.001884022575666, 35.331266648452726 ], [ 129.001867345090091, 35.330365264310373 ], [ 129.000767412625009, 35.330378926051495 ] ] ] ] } },
{ "type": "Feature", "properties": { "GRID_CD_x": "마마364050", "SCH_POP": 9.3727537583032294 }, "geometry": { "type": "MultiPolygon", "coordinates": [ [ [ [ 129.000784077907554, 35.33128031064669 ], [ 129.00080074393, 35.332181695100388 ], [ 129.001900700801684, 35.332168032453566 ], [ 129.001884022575666, 35.331266648452726 ], [ 129.000784077907554, 35.33128031064669 ] ] ] ] } },
{ "type": "Feature", "properties": { "GRID_CD_x": "마마364051", "SCH_POP": 6.6271996270830922 }, "geometry": { "type": "MultiPolygon", "coordinates": [ [ [ [ 129.00080074393, 35.332181695100388 ], [ 129.000817410692434, 35.333083079412553 ], [ 129.001917379768201, 35.333069416312881 ], [ 129.001900700801684, 35.332168032453566 ], [ 129.00080074393, 35.332181695100388 ] ] ] ] } },
{ "type": "Feature", "properties": { "GRID_CD_x": "마마364052", "SCH_POP": 8.1419881132735146 }, "geometry": { "type": "MultiPolygon", "coordinates": [ [ [ [ 129.000817410692434, 35.333083079412553 ], [ 129.000834078194799, 35.333984463583228 ], [ 129.001934059475218, 35.33397080003067 ], [ 129.001917379768201, 35.333069416312881 ], [ 129.000817410692434, 35.333083079412553 ] ] ] ] } },
{ "type": "Feature", "properties": { "GRID_CD_x": "마마364053", "SCH_POP": 10.224822281785341 }, "geometry": { "type": "MultiPolygon", "coordinates": [ [ [ [ 129.000834078194799, 35.333984463583228 ], [ 129.000850746437209, 35.33488584761237 ], [ 129.001950739922819, 35.334872183606933 ], [ 129.001934059475218, 35.33397080003067 ], [ 129.000834078194799, 35.333984463583228 ] ] ] ] } },
{ "type": "Feature", "properties": { "GRID_CD_x": "마마364054", "SCH_POP": 1.2307656450297171 }, "geometry": { "type": "MultiPolygon", "coordinates": [ [ [ [ 129.000850746437209, 35.33488584761237 ], [ 129.000867415419663, 35.335787231499978 ], [ 129.001967421111004, 35.335773567041649 ], [ 129.001950739922819, 35.334872183606933 ], [ 129.000850746437209, 35.33488584761237 ] ] ] ] } },
{ "type": "Feature", "properties": { "GRID_CD_x": "마마364055", "SCH_POP": 0.0 }, "geometry": { "type": "MultiPolygon", "coordinates": [ [ [ [ 129.000867415419663, 35.335787231499978 ], [ 129.000884085142189, 35.336688615246082 ], [ 129.001984103039803, 35.336674950334839 ], [ 129.001967421111004, 35.335773567041649 ], [ 129.000867415419663, 35.335787231499978 ] ] ] ] } },
{ "type": "Feature", "properties": { "GRID_CD_x": "마마364056", "SCH_POP": 0.0 }, "geometry": { "type": "MultiPolygon", "coordinates": [ [ [ [ 129.000884085142189, 35.336688615246082 ], [ 129.000900755604846, 35.33758999885066 ], [ 129.002000785709242, 35.337576333486496 ], [ 129.001984103039803, 35.336674950334839 ], [ 129.000884085142189, 35.336688615246082 ] ] ] ] } },
{ "type": "Feature", "properties": { "GRID_CD_x": "마마364057", "SCH_POP": 0.0 }, "geometry": { "type": "MultiPolygon", "coordinates": [ [ [ [ 129.000900755604846, 35.33758999885066 ], [ 129.000917426807632, 35.338491382313698 ], [ 129.002017469119409, 35.338477716496627 ], [ 129.002000785709242, 35.337576333486496 ], [ 129.000900755604846, 35.33758999885066 ] ] ] ] } },
{ "type": "Feature", "properties": { "GRID_CD_x": "마마364058", "SCH_POP": 0.0 }, "geometry": { "type": "MultiPolygon", "coordinates": [ [ [ [ 129.000917426807632, 35.338491382313698 ], [ 129.000934098750605, 35.339392765635225 ], [ 129.002034153270273, 35.339379099365203 ], [ 129.002017469119409, 35.338477716496627 ], [ 129.000917426807632, 35.338491382313698 ] ] ] ] } },
{ "type": "Feature", "properties": { "GRID_CD_x": "마마364059", "SCH_POP": 0.0 }, "geometry": { "type": "MultiPolygon", "coordinates": [ [ [ [ 129.000934098750605, 35.339392765635225 ], [ 129.000950771433793, 35.340294148815211 ], [ 129.002050838161892, 35.340280482092247 ], [ 129.002034153270273, 35.339379099365203 ], [ 129.000934098750605, 35.339392765635225 ] ] ] ] } },
{ "type": "Feature", "properties": { "GRID_CD_x": "마마364060", "SCH_POP": 0.0 }, "geometry": { "type": "MultiPolygon", "coordinates": [ [ [ [ 129.000950771433793, 35.340294148815211 ], [ 129.000967444857196, 35.341195531853678 ], [ 129.002067523794267, 35.341181864677765 ], [ 129.002050838161892, 35.340280482092247 ], [ 129.000950771433793, 35.340294148815211 ] ] ] ] } },
{ "type": "Feature", "properties": { "GRID_CD_x": "마마365000", "SCH_POP": 0.0 }, "geometry": { "type": "MultiPolygon", "coordinates": [ [ [ [ 129.001051054676623, 35.286197268007449 ], [ 129.001067695919829, 35.28709865908219 ], [ 129.002167042537337, 35.287085009079583 ], [ 129.002150389117617, 35.286183618457542 ], [ 129.001051054676623, 35.286197268007449 ] ] ] ] } },
{ "type": "Feature", "properties": { "GRID_CD_x": "마마365001", "SCH_POP": 0.0 }, "geometry": { "type": "MultiPolygon", "coordinates": [ [ [ [ 129.001067695919829, 35.28709865908219 ], [ 129.001084337901915, 35.288000050015484 ], [ 129.002183696696449, 35.287986399560168 ], [ 129.002167042537337, 35.287085009079583 ], [ 129.001067695919829, 35.28709865908219 ] ] ] ] } },
{ "type": "Feature", "properties": { "GRID_CD_x": "마마365002", "SCH_POP": 0.0 }, "geometry": { "type": "MultiPolygon", "coordinates": [ [ [ [ 129.001084337901915, 35.288000050015484 ], [ 129.001100980622908, 35.288901440807336 ], [ 129.002200351595008, 35.28888778989932 ], [ 129.002183696696449, 35.287986399560168 ], [ 129.001084337901915, 35.288000050015484 ] ] ] ] } },
{ "type": "Feature", "properties": { "GRID_CD_x": "마마365003", "SCH_POP": 0.0 }, "geometry": { "type": "MultiPolygon", "coordinates": [ [ [ [ 129.001100980622908, 35.288901440807336 ], [ 129.001117624082809, 35.28980283145777 ], [ 129.002217007233014, 35.289789180097038 ], [ 129.002200351595008, 35.28888778989932 ], [ 129.001100980622908, 35.288901440807336 ] ] ] ] } },
{ "type": "Feature", "properties": { "GRID_CD_x": "마마365004", "SCH_POP": 0.0 }, "geometry": { "type": "MultiPolygon", "coordinates": [ [ [ [ 129.001117624082809, 35.28980283145777 ], [ 129.001134268281675, 35.29070422196677 ], [ 129.002233663610525, 35.290690570153288 ], [ 129.002217007233014, 35.289789180097038 ], [ 129.001117624082809, 35.28980283145777 ] ] ] ] } },
{ "type": "Feature", "properties": { "GRID_CD_x": "마마365005", "SCH_POP": 0.0 }, "geometry": { "type": "MultiPolygon", "coordinates": [ [ [ [ 129.001134268281675, 35.29070422196677 ], [ 129.001150913219504, 35.291605612334301 ], [ 129.002250320727541, 35.291591960068089 ], [ 129.002233663610525, 35.290690570153288 ], [ 129.001134268281675, 35.29070422196677 ] ] ] ] } },
{ "type": "Feature", "properties": { "GRID_CD_x": "마마365006", "SCH_POP": 0.0 }, "geometry": { "type": "MultiPolygon", "coordinates": [ [ [ [ 129.001150913219504, 35.291605612334301 ], [ 129.001167558896327, 35.29250700256042 ], [ 129.002266978584117, 35.292493349841443 ], [ 129.002250320727541, 35.291591960068089 ], [ 129.001150913219504, 35.291605612334301 ] ] ] ] } },
{ "type": "Feature", "properties": { "GRID_CD_x": "마마365007", "SCH_POP": 0.0 }, "geometry": { "type": "MultiPolygon", "coordinates": [ [ [ [ 129.001167558896327, 35.29250700256042 ], [ 129.001184205312256, 35.29340839264507 ], [ 129.002283637180284, 35.293394739473349 ], [ 129.002266978584117, 35.292493349841443 ], [ 129.001167558896327, 35.29250700256042 ] ] ] ] } },
{ "type": "Feature", "properties": { "GRID_CD_x": "마마365008", "SCH_POP": 0.0 }, "geometry": { "type": "MultiPolygon", "coordinates": [ [ [ [ 129.001184205312256, 35.29340839264507 ], [ 129.001200852467235, 35.294309782588293 ], [ 129.002300296516097, 35.294296128963786 ], [ 129.002283637180284, 35.293394739473349 ], [ 129.001184205312256, 35.29340839264507 ] ] ] ] } },
{ "type": "Feature", "properties": { "GRID_CD_x": "마마365009", "SCH_POP": 0.0 }, "geometry": { "type": "MultiPolygon", "coordinates": [ [ [ [ 129.001200852467235, 35.294309782588293 ], [ 129.001217500361321, 35.295211172390054 ], [ 129.002316956591528, 35.295197518312776 ], [ 129.002300296516097, 35.294296128963786 ], [ 129.001200852467235, 35.294309782588293 ] ] ] ] } },
{ "type": "Feature", "properties": { "GRID_CD_x": "마마365010", "SCH_POP": 0.0 }, "geometry": { "type": "MultiPolygon", "coordinates": [ [ [ [ 129.001217500361321, 35.295211172390054 ], [ 129.00123414899457, 35.296112562050389 ], [ 129.002333617406663, 35.296098907520317 ], [ 129.002316956591528, 35.295197518312776 ], [ 129.001217500361321, 35.295211172390054 ] ] ] ] } },
{ "type": "Feature", "properties": { "GRID_CD_x": "마마365011", "SCH_POP": 0.87387862796833804 }, "geometry": { "type": "MultiPolygon", "coordinates": [ [ [ [ 129.00123414899457, 35.296112562050389 ], [ 129.00125079836701, 35.297013951569255 ], [ 129.002350278961529, 35.297000296586383 ], [ 129.002333617406663, 35.296098907520317 ], [ 129.00123414899457, 35.296112562050389 ] ] ] ] } },
{ "type": "Feature", "properties": { "GRID_CD_x": "마마365012", "SCH_POP": 0.68390501319261199 }, "geometry": { "type": "MultiPolygon", "coordinates": [ [ [ [ 129.00125079836701, 35.297013951569255 ], [ 129.001267448478643, 35.297915340946666 ], [ 129.002366941256128, 35.297901685510979 ], [ 129.002350278961529, 35.297000296586383 ], [ 129.00125079836701, 35.297013951569255 ] ] ] ] } },
{ "type": "Feature", "properties": { "GRID_CD_x": "마마365013", "SCH_POP": 0.49393139841688699 }, "geometry": { "type": "MultiPolygon", "coordinates": [ [ [ [ 129.001267448478643, 35.297915340946666 ], [ 129.001284099329553, 35.298816730182629 ], [ 129.002383604290543, 35.298803074294113 ], [ 129.002366941256128, 35.297901685510979 ], [ 129.001267448478643, 35.297915340946666 ] ] ] ] } },
{ "type": "Feature", "properties": { "GRID_CD_x": "마마365014", "SCH_POP": 0.0 }, "geometry": { "type": "MultiPolygon", "coordinates": [ [ [ [ 129.001284099329553, 35.298816730182629 ], [ 129.001300750919683, 35.299718119277124 ], [ 129.002400268064775, 35.299704462935786 ], [ 129.002383604290543, 35.298803074294113 ], [ 129.001284099329553, 35.298816730182629 ] ] ] ] } },
{ "type": "Feature", "properties": { "GRID_CD_x": "마마365015", "SCH_POP": 0.0 }, "geometry": { "type": "MultiPolygon", "coordinates": [ [ [ [ 129.001300750919683, 35.299718119277124 ], [ 129.001317403249175, 35.300619508230184 ], [ 129.002416932578825, 35.300605851436003 ], [ 129.002400268064775, 35.299704462935786 ], [ 129.001300750919683, 35.299718119277124 ] ] ] ] } },
{ "type": "Feature", "properties": { "GRID_CD_x": "마마365016", "SCH_POP": 0.0 }, "geometry": { "type": "MultiPolygon", "coordinates": [ [ [ [ 129.001317403249175, 35.300619508230184 ], [ 129.001334056318001, 35.301520897041762 ], [ 129.002433597832805, 35.301507239794731 ], [ 129.002416932578825, 35.300605851436003 ], [ 129.001317403249175, 35.300619508230184 ] ] ] ] } },
{ "type": "Feature", "properties": { "GRID_CD_x": "마마365017", "SCH_POP": 0.0 }, "geometry": { "type": "MultiPolygon", "coordinates": [ [ [ [ 129.001334056318001, 35.301520897041762 ], [ 129.001350710126189, 35.302422285711891 ], [ 129.00245026382666, 35.302408628011996 ], [ 129.002433597832805, 35.301507239794731 ], [ 129.001334056318001, 35.301520897041762 ] ] ] ] } },
{ "type": "Feature", "properties": { "GRID_CD_x": "마마365018", "SCH_POP": 0.0 }, "geometry": { "type": "MultiPolygon", "coordinates": [ [ [ [ 129.001350710126189, 35.302422285711891 ], [ 129.001367364673797, 35.303323674240545 ], [ 129.002466930560473, 35.303310016087785 ], [ 129.00245026382666, 35.302408628011996 ], [ 129.001350710126189, 35.302422285711891 ] ] ] ] } },
{ "type": "Feature", "properties": { "GRID_CD_x": "마마365019", "SCH_POP": 0.189973614775726 }, "geometry": { "type": "MultiPolygon", "coordinates": [ [ [ [ 129.001367364673797, 35.303323674240545 ], [ 129.001384019960852, 35.304225062627737 ], [ 129.002483598034303, 35.304211404022098 ], [ 129.002466930560473, 35.303310016087785 ], [ 129.001367364673797, 35.303323674240545 ] ] ] ] } },
{ "type": "Feature", "properties": { "GRID_CD_x": "마마365020", "SCH_POP": 2.7864663552581739 }, "geometry": { "type": "MultiPolygon", "coordinates": [ [ [ [ 129.001384019960852, 35.304225062627737 ], [ 129.001400675987384, 35.305126450873466 ], [ 129.00250026624812, 35.305112791814928 ], [ 129.002483598034303, 35.304211404022098 ], [ 129.001384019960852, 35.304225062627737 ] ] ] ] } },
{ "type": "Feature", "properties": { "GRID_CD_x": "마마365021", "SCH_POP": 2.7864663552581739 }, "geometry": { "type": "MultiPolygon", "coordinates": [ [ [ [ 129.001400675987384, 35.305126450873466 ], [ 129.001417332753419, 35.306027838977712 ], [ 129.002516935201982, 35.306014179466288 ], [ 129.00250026624812, 35.305112791814928 ], [ 129.001400675987384, 35.305126450873466 ] ] ] ] } },
{ "type": "Feature", "properties": { "GRID_CD_x": "마마365022", "SCH_POP": 1.2384294912258551 }, "geometry": { "type": "MultiPolygon", "coordinates": [ [ [ [ 129.001417332753419, 35.306027838977712 ], [ 129.001433990258988, 35.306929226940497 ], [ 129.002533604895945, 35.306915566976159 ], [ 129.002516935201982, 35.306014179466288 ], [ 129.001417332753419, 35.306027838977712 ] ] ] ] } },
{ "type": "Feature", "properties": { "GRID_CD_x": "마마365023", "SCH_POP": 1.2384294912258551 }, "geometry": { "type": "MultiPolygon", "coordinates": [ [ [ [ 129.001433990258988, 35.306929226940497 ], [ 129.001450648504147, 35.307830614761819 ], [ 129.002550275330009, 35.307816954344545 ], [ 129.002533604895945, 35.306915566976159 ], [ 129.001433990258988, 35.306929226940497 ] ] ] ] } },
{ "type": "Feature", "properties": { "GRID_CD_x": "마마365024", "SCH_POP": 0.0 }, "geometry": { "type": "MultiPolygon", "coordinates": [ [ [ [ 129.001450648504147, 35.307830614761819 ], [ 129.001467307488923, 35.308732002441658 ], [ 129.002566946504231, 35.308718341571456 ], [ 129.002550275330009, 35.307816954344545 ], [ 129.001450648504147, 35.307830614761819 ] ] ] ] } },
{ "type": "Feature", "properties": { "GRID_CD_x": "마마365025", "SCH_POP": 0.0 }, "geometry": { "type": "MultiPolygon", "coordinates": [ [ [ [ 129.001467307488923, 35.308732002441658 ], [ 129.001483967213289, 35.30963338998 ], [ 129.00258361841864, 35.309619728656877 ], [ 129.002566946504231, 35.308718341571456 ], [ 129.001467307488923, 35.308732002441658 ] ] ] ] } },
{ "type": "Feature", "properties": { "GRID_CD_x": "마마365026", "SCH_POP": 0.0 }, "geometry": { "type": "MultiPolygon", "coordinates": [ [ [ [ 129.001483967213289, 35.30963338998 ], [ 129.001500627677359, 35.31053477737688 ], [ 129.002600291073236, 35.3105211156008 ], [ 129.00258361841864, 35.309619728656877 ], [ 129.001483967213289, 35.30963338998 ] ] ] ] } },
{ "type": "Feature", "properties": { "GRID_CD_x": "마마365027", "SCH_POP": 46.905516980179272 }, "geometry": { "type": "MultiPolygon", "coordinates": [ [ [ [ 129.001500627677359, 35.31053477737688 ], [ 129.001517288881132, 35.311436164632291 ], [ 129.002616964468103, 35.311422502403246 ], [ 129.002600291073236, 35.3105211156008 ], [ 129.001500627677359, 35.31053477737688 ] ] ] ] } },
{ "type": "Feature", "properties": { "GRID_CD_x": "마마365028", "SCH_POP": 51.240020199469761 }, "geometry": { "type": "MultiPolygon", "coordinates": [ [ [ [ 129.001517288881132, 35.311436164632291 ], [ 129.001533950824665, 35.312337551746211 ], [ 129.002633638603214, 35.312323889064196 ], [ 129.002616964468103, 35.311422502403246 ], [ 129.001517288881132, 35.311436164632291 ] ] ] ] } },
{ "type": "Feature", "properties": { "GRID_CD_x": "마마365029", "SCH_POP": 0.0 }, "geometry": { "type": "MultiPolygon", "coordinates": [ [ [ [ 129.001533950824665, 35.312337551746211 ], [ 129.001550613507931, 35.313238938718641 ], [ 129.002650313478654, 35.31322527558364 ], [ 129.002633638603214, 35.312323889064196 ], [ 129.001533950824665, 35.312337551746211 ] ] ] ] } },
{ "type": "Feature", "properties": { "GRID_CD_x": "마마365030", "SCH_POP": 139.84861687050548 }, "geometry": { "type": "MultiPolygon", "coordinates": [ [ [ [ 129.001550613507931, 35.313238938718641 ], [ 129.001567276931013, 35.31414032554958 ], [ 129.00266698909445, 35.314126661961602 ], [ 129.002650313478654, 35.31322527558364 ], [ 129.001550613507931, 35.313238938718641 ] ] ] ] } },
{ "type": "Feature", "properties": { "GRID_CD_x": "마마365031", "SCH_POP": 0.0 }, "geometry": { "type": "MultiPolygon", "coordinates": [ [ [ [ 129.001567276931013, 35.31414032554958 ], [ 129.001583941093941, 35.315041712239044 ], [ 129.002683665450633, 35.315028048198059 ], [ 129.00266698909445, 35.314126661961602 ], [ 129.001567276931013, 35.31414032554958 ] ] ] ] } },
{ "type": "Feature", "properties": { "GRID_CD_x": "마마365032", "SCH_POP": 66.980127027452625 }, "geometry": { "type": "MultiPolygon", "coordinates": [ [ [ [ 129.001583941093941, 35.315041712239044 ], [ 129.001600605996714, 35.315943098787002 ], [ 129.0027003425472, 35.315929434293011 ], [ 129.002683665450633, 35.315028048198059 ], [ 129.001583941093941, 35.315041712239044 ] ] ] ] } },
{ "type": "Feature", "properties": { "GRID_CD_x": "마마365033", "SCH_POP": 0.0 }, "geometry": { "type": "MultiPolygon", "coordinates": [ [ [ [ 129.001600605996714, 35.315943098787002 ], [ 129.00161727163939, 35.316844485193485 ], [ 129.00271702038421, 35.316830820246473 ], [ 129.0027003425472, 35.315929434293011 ], [ 129.001600605996714, 35.315943098787002 ] ] ] ] } },
{ "type": "Feature", "properties": { "GRID_CD_x": "마마365034", "SCH_POP": 0.0 }, "geometry": { "type": "MultiPolygon", "coordinates": [ [ [ [ 129.00161727163939, 35.316844485193485 ], [ 129.001633938022024, 35.317745871458477 ], [ 129.002733698961691, 35.31773220605843 ], [ 129.00271702038421, 35.316830820246473 ], [ 129.00161727163939, 35.316844485193485 ] ] ] ] } },
{ "type": "Feature", "properties": { "GRID_CD_x": "마마365035", "SCH_POP": 0.92005668993753598 }, "geometry": { "type": "MultiPolygon", "coordinates": [ [ [ [ 129.001633938022024, 35.317745871458477 ], [ 129.00165060514459, 35.318647257581958 ], [ 129.002750378279671, 35.318633591728883 ], [ 129.002733698961691, 35.31773220605843 ], [ 129.001633938022024, 35.317745871458477 ] ] ] ] } },
{ "type": "Feature", "properties": { "GRID_CD_x": "마마365036", "SCH_POP": 0.0 }, "geometry": { "type": "MultiPolygon", "coordinates": [ [ [ [ 129.00165060514459, 35.318647257581958 ], [ 129.001667273007172, 35.319548643563955 ], [ 129.002767058338236, 35.319534977257817 ], [ 129.002750378279671, 35.318633591728883 ], [ 129.00165060514459, 35.318647257581958 ] ] ] ] } },
{ "type": "Feature", "properties": { "GRID_CD_x": "마마365037", "SCH_POP": 0.0 }, "geometry": { "type": "MultiPolygon", "coordinates": [ [ [ [ 129.001667273007172, 35.319548643563955 ], [ 129.001683941609798, 35.320450029404434 ], [ 129.002783739137328, 35.320436362645253 ], [ 129.002767058338236, 35.319534977257817 ], [ 129.001667273007172, 35.319548643563955 ] ] ] ] } },
{ "type": "Feature", "properties": { "GRID_CD_x": "마마365038", "SCH_POP": 0.0 }, "geometry": { "type": "MultiPolygon", "coordinates": [ [ [ [ 129.001683941609798, 35.320450029404434 ], [ 129.001700610952497, 35.321351415103422 ], [ 129.002800420677062, 35.321337747891171 ], [ 129.002783739137328, 35.320436362645253 ], [ 129.001683941609798, 35.320450029404434 ] ] ] ] } },
{ "type": "Feature", "properties": { "GRID_CD_x": "마마365039", "SCH_POP": 0.0 }, "geometry": { "type": "MultiPolygon", "coordinates": [ [ [ [ 129.001700610952497, 35.321351415103422 ], [ 129.001717281035269, 35.322252800660927 ], [ 129.002817102957408, 35.322239132995591 ], [ 129.002800420677062, 35.321337747891171 ], [ 129.001700610952497, 35.321351415103422 ] ] ] ] } },
{ "type": "Feature", "properties": { "GRID_CD_x": "마마365040", "SCH_POP": 0.0 }, "geometry": { "type": "MultiPolygon", "coordinates": [ [ [ [ 129.001717281035269, 35.322252800660927 ], [ 129.001733951858199, 35.323154186076906 ], [ 129.002833785978453, 35.323140517958485 ], [ 129.002817102957408, 35.322239132995591 ], [ 129.001717281035269, 35.322252800660927 ] ] ] ] } },
{ "type": "Feature", "properties": { "GRID_CD_x": "마마365041", "SCH_POP": 0.0 }, "geometry": { "type": "MultiPolygon", "coordinates": [ [ [ [ 129.001733951858199, 35.323154186076906 ], [ 129.001750623421259, 35.32405557135138 ], [ 129.002850469740167, 35.324041902779868 ], [ 129.002833785978453, 35.323140517958485 ], [ 129.001733951858199, 35.323154186076906 ] ] ] ] } },
{ "type": "Feature", "properties": { "GRID_CD_x": "마마365042", "SCH_POP": 0.0 }, "geometry": { "type": "MultiPolygon", "coordinates": [ [ [ [ 129.001750623421259, 35.32405557135138 ], [ 129.001767295724534, 35.324956956484336 ], [ 129.002867154242637, 35.324943287459718 ], [ 129.002850469740167, 35.324041902779868 ], [ 129.001750623421259, 35.32405557135138 ] ] ] ] } },
{ "type": "Feature", "properties": { "GRID_CD_x": "마마365043", "SCH_POP": 0.0 }, "geometry": { "type": "MultiPolygon", "coordinates": [ [ [ [ 129.001767295724534, 35.324956956484336 ], [ 129.001783968768024, 35.325858341475808 ], [ 129.002883839485861, 35.325844671998063 ], [ 129.002867154242637, 35.324943287459718 ], [ 129.001767295724534, 35.324956956484336 ] ] ] ] } },
{ "type": "Feature", "properties": { "GRID_CD_x": "마마365044", "SCH_POP": 0.0 }, "geometry": { "type": "MultiPolygon", "coordinates": [ [ [ [ 129.001783968768024, 35.325858341475808 ], [ 129.001800642551785, 35.326759726325747 ], [ 129.002900525469897, 35.326746056394882 ], [ 129.002883839485861, 35.325844671998063 ], [ 129.001783968768024, 35.325858341475808 ] ] ] ] } },
{ "type": "Feature", "properties": { "GRID_CD_x": "마마365045", "SCH_POP": 0.37462568951930703 }, "geometry": { "type": "MultiPolygon", "coordinates": [ [ [ [ 129.001800642551785, 35.326759726325747 ], [ 129.001817317075819, 35.327661111034182 ], [ 129.002917212194774, 35.327647440650168 ], [ 129.002900525469897, 35.326746056394882 ], [ 129.001800642551785, 35.326759726325747 ] ] ] ] } },
{ "type": "Feature", "properties": { "GRID_CD_x": "마마365046", "SCH_POP": 0.37462568951930703 }, "geometry": { "type": "MultiPolygon", "coordinates": [ [ [ [ 129.001817317075819, 35.327661111034182 ], [ 129.00183399234021, 35.328562495601105 ], [ 129.002933899660547, 35.328548824763949 ], [ 129.002917212194774, 35.327647440650168 ], [ 129.001817317075819, 35.327661111034182 ] ] ] ] } },
{ "type": "Feature", "properties": { "GRID_CD_x": "마마365047", "SCH_POP": 25.924097714736018 }, "geometry": { "type": "MultiPolygon", "coordinates": [ [ [ [ 129.00183399234021, 35.328562495601105 ], [ 129.001850668344957, 35.329463880026502 ], [ 129.002950587867161, 35.329450208736183 ], [ 129.002933899660547, 35.328548824763949 ], [ 129.00183399234021, 35.328562495601105 ] ] ] ] } },
{ "type": "Feature", "properties": { "GRID_CD_x": "마마365048", "SCH_POP": 12.437572892040977 }, "geometry": { "type": "MultiPolygon", "coordinates": [ [ [ [ 129.001850668344957, 35.329463880026502 ], [ 129.001867345090091, 35.330365264310373 ], [ 129.002967276814758, 35.330351592566899 ], [ 129.002950587867161, 35.329450208736183 ], [ 129.001850668344957, 35.329463880026502 ] ] ] ] } },
{ "type": "Feature", "properties": { "GRID_CD_x": "마마365049", "SCH_POP": 7.8671394799054379 }, "geometry": { "type": "MultiPolygon", "coordinates": [ [ [ [ 129.001867345090091, 35.330365264310373 ], [ 129.001884022575666, 35.331266648452726 ], [ 129.002983966503308, 35.331252976256089 ], [ 129.002967276814758, 35.330351592566899 ], [ 129.001867345090091, 35.330365264310373 ] ] ] ] } },
{ "type": "Feature", "properties": { "GRID_CD_x": "마마365050", "SCH_POP": 7.4792681505652041 }, "geometry": { "type": "MultiPolygon", "coordinates": [ [ [ [ 129.001884022575666, 35.331266648452726 ], [ 129.001900700801684, 35.332168032453566 ], [ 129.003000656932841, 35.332154359803731 ], [ 129.002983966503308, 35.331252976256089 ], [ 129.001884022575666, 35.331266648452726 ] ] ] ] } },
{ "type": "Feature", "properties": { "GRID_CD_x": "마마365051", "SCH_POP": 12.402330730684071 }, "geometry": { "type": "MultiPolygon", "coordinates": [ [ [ [ 129.001900700801684, 35.332168032453566 ], [ 129.001917379768201, 35.333069416312881 ], [ 129.003017348103441, 35.33305574320984 ], [ 129.003000656932841, 35.332154359803731 ], [ 129.001900700801684, 35.332168032453566 ] ] ] ] } },
{ "type": "Feature", "properties": { "GRID_CD_x": "마마365052", "SCH_POP": 15.810604824612517 }, "geometry": { "type": "MultiPolygon", "coordinates": [ [ [ [ 129.001917379768201, 35.333069416312881 ], [ 129.001934059475218, 35.33397080003067 ], [ 129.003034040015081, 35.333957126474424 ], [ 129.003017348103441, 35.33305574320984 ], [ 129.001917379768201, 35.333069416312881 ] ] ] ] } },
{ "type": "Feature", "properties": { "GRID_CD_x": "마마365053", "SCH_POP": 15.905279104999421 }, "geometry": { "type": "MultiPolygon", "coordinates": [ [ [ [ 129.001934059475218, 35.33397080003067 ], [ 129.001950739922819, 35.334872183606933 ], [ 129.003050732667816, 35.33485850959746 ], [ 129.003034040015081, 35.333957126474424 ], [ 129.001934059475218, 35.33397080003067 ] ] ] ] } },
{ "type": "Feature", "properties": { "GRID_CD_x": "마마365054", "SCH_POP": 10.88754224449365 }, "geometry": { "type": "MultiPolygon", "coordinates": [ [ [ [ 129.001950739922819, 35.334872183606933 ], [ 129.001967421111004, 35.335773567041649 ], [ 129.003067426061705, 35.335759892578963 ], [ 129.003050732667816, 35.33485850959746 ], [ 129.001950739922819, 35.334872183606933 ] ] ] ] } },
{ "type": "Feature", "properties": { "GRID_CD_x": "마마365055", "SCH_POP": 0.0 }, "geometry": { "type": "MultiPolygon", "coordinates": [ [ [ [ 129.001967421111004, 35.335773567041649 ], [ 129.001984103039803, 35.336674950334839 ], [ 129.003084120196718, 35.336661275418926 ], [ 129.003067426061705, 35.335759892578963 ], [ 129.001967421111004, 35.335773567041649 ] ] ] ] } },
{ "type": "Feature", "properties": { "GRID_CD_x": "마마365056", "SCH_POP": 0.0 }, "geometry": { "type": "MultiPolygon", "coordinates": [ [ [ [ 129.001984103039803, 35.336674950334839 ], [ 129.002000785709242, 35.337576333486496 ], [ 129.003100815072969, 35.337562658117335 ], [ 129.003084120196718, 35.336661275418926 ], [ 129.001984103039803, 35.336674950334839 ] ] ] ] } },
{ "type": "Feature", "properties": { "GRID_CD_x": "마마365057", "SCH_POP": 0.0 }, "geometry": { "type": "MultiPolygon", "coordinates": [ [ [ [ 129.002000785709242, 35.337576333486496 ], [ 129.002017469119409, 35.338477716496627 ], [ 129.00311751069043, 35.338464040674189 ], [ 129.003100815072969, 35.337562658117335 ], [ 129.002000785709242, 35.337576333486496 ] ] ] ] } },
{ "type": "Feature", "properties": { "GRID_CD_x": "마마365058", "SCH_POP": 0.0 }, "geometry": { "type": "MultiPolygon", "coordinates": [ [ [ [ 129.002017469119409, 35.338477716496627 ], [ 129.002034153270273, 35.339379099365203 ], [ 129.003134207049158, 35.339365423089518 ], [ 129.00311751069043, 35.338464040674189 ], [ 129.002017469119409, 35.338477716496627 ] ] ] ] } },
{ "type": "Feature", "properties": { "GRID_CD_x": "마마365059", "SCH_POP": 0.0 }, "geometry": { "type": "MultiPolygon", "coordinates": [ [ [ [ 129.002034153270273, 35.339379099365203 ], [ 129.002050838161892, 35.340280482092247 ], [ 129.00315090414918, 35.340266805363285 ], [ 129.003134207049158, 35.339365423089518 ], [ 129.002034153270273, 35.339379099365203 ] ] ] ] } },
{ "type": "Feature", "properties": { "GRID_CD_x": "마마365060", "SCH_POP": 0.0 }, "geometry": { "type": "MultiPolygon", "coordinates": [ [ [ [ 129.002050838161892, 35.340280482092247 ], [ 129.002067523794267, 35.341181864677765 ], [ 129.003167601990526, 35.341168187495505 ], [ 129.00315090414918, 35.340266805363285 ], [ 129.002050838161892, 35.340280482092247 ] ] ] ] } },
{ "type": "Feature", "properties": { "GRID_CD_x": "마마365061", "SCH_POP": 0.0 }, "geometry": { "type": "MultiPolygon", "coordinates": [ [ [ [ 129.002067523794267, 35.341181864677765 ], [ 129.00208421016751, 35.342083247121721 ], [ 129.003184300573253, 35.342069569486164 ], [ 129.003167601990526, 35.341168187495505 ], [ 129.002067523794267, 35.341181864677765 ] ] ] ] } },
{ "type": "Feature", "properties": { "GRID_CD_x": "마마366000", "SCH_POP": 0.0 }, "geometry": { "type": "MultiPolygon", "coordinates": [ [ [ [ 129.002150389117617, 35.286183618457542 ], [ 129.002167042537337, 35.287085009079583 ], [ 129.003266388415454, 35.287071349090546 ], [ 129.003249722819277, 35.286169958921526 ], [ 129.002150389117617, 35.286183618457542 ] ] ] ] } },
{ "type": "Feature", "properties": { "GRID_CD_x": "마마366001", "SCH_POP": 0.0 }, "geometry": { "type": "MultiPolygon", "coordinates": [ [ [ [ 129.002167042537337, 35.287085009079583 ], [ 129.002183696696449, 35.287986399560168 ], [ 129.003283054751563, 35.287972739118096 ], [ 129.003266388415454, 35.287071349090546 ], [ 129.002167042537337, 35.287085009079583 ] ] ] ] } },
{ "type": "Feature", "properties": { "GRID_CD_x": "마마366002", "SCH_POP": 0.0 }, "geometry": { "type": "MultiPolygon", "coordinates": [ [ [ [ 129.002183696696449, 35.287986399560168 ], [ 129.002200351595008, 35.28888778989932 ], [ 129.003299721827659, 35.288874129004206 ], [ 129.003283054751563, 35.287972739118096 ], [ 129.002183696696449, 35.287986399560168 ] ] ] ] } },
{ "type": "Feature", "properties": { "GRID_CD_x": "마마366003", "SCH_POP": 0.0 }, "geometry": { "type": "MultiPolygon", "coordinates": [ [ [ [ 129.002200351595008, 35.28888778989932 ], [ 129.002217007233014, 35.289789180097038 ], [ 129.003316389643715, 35.289775518748854 ], [ 129.003299721827659, 35.288874129004206 ], [ 129.002200351595008, 35.28888778989932 ] ] ] ] } },
{ "type": "Feature", "properties": { "GRID_CD_x": "마마366004", "SCH_POP": 0.0 }, "geometry": { "type": "MultiPolygon", "coordinates": [ [ [ [ 129.002217007233014, 35.289789180097038 ], [ 129.002233663610525, 35.290690570153288 ], [ 129.003333058199843, 35.290676908352054 ], [ 129.003316389643715, 35.289775518748854 ], [ 129.002217007233014, 35.289789180097038 ] ] ] ] } },
{ "type": "Feature", "properties": { "GRID_CD_x": "마마366005", "SCH_POP": 0.0 }, "geometry": { "type": "MultiPolygon", "coordinates": [ [ [ [ 129.002233663610525, 35.290690570153288 ], [ 129.002250320727541, 35.291591960068089 ], [ 129.003349727496044, 35.291578297813786 ], [ 129.003333058199843, 35.290676908352054 ], [ 129.002233663610525, 35.290690570153288 ] ] ] ] } },
{ "type": "Feature", "properties": { "GRID_CD_x": "마마366006", "SCH_POP": 0.0 }, "geometry": { "type": "MultiPolygon", "coordinates": [ [ [ [ 129.002250320727541, 35.291591960068089 ], [ 129.002266978584117, 35.292493349841443 ], [ 129.003366397532318, 35.292479687134048 ], [ 129.003349727496044, 35.291578297813786 ], [ 129.002250320727541, 35.291591960068089 ] ] ] ] } },
{ "type": "Feature", "properties": { "GRID_CD_x": "마마366007", "SCH_POP": 0.0 }, "geometry": { "type": "MultiPolygon", "coordinates": [ [ [ [ 129.002266978584117, 35.292493349841443 ], [ 129.002283637180284, 35.293394739473349 ], [ 129.003383068308693, 35.293381076312862 ], [ 129.003366397532318, 35.292479687134048 ], [ 129.002266978584117, 35.292493349841443 ] ] ] ] } },
{ "type": "Feature", "properties": { "GRID_CD_x": "마마366008", "SCH_POP": 0.0 }, "geometry": { "type": "MultiPolygon", "coordinates": [ [ [ [ 129.002283637180284, 35.293394739473349 ], [ 129.002300296516097, 35.294296128963786 ], [ 129.003399739825284, 35.2942824653502 ], [ 129.003383068308693, 35.293381076312862 ], [ 129.002283637180284, 35.293394739473349 ] ] ] ] } },
{ "type": "Feature", "properties": { "GRID_CD_x": "마마366009", "SCH_POP": 0.0 }, "geometry": { "type": "MultiPolygon", "coordinates": [ [ [ [ 129.002300296516097, 35.294296128963786 ], [ 129.002316956591528, 35.295197518312776 ], [ 129.003416412082032, 35.295183854246069 ], [ 129.003399739825284, 35.2942824653502 ], [ 129.002300296516097, 35.294296128963786 ] ] ] ] } },
{ "type": "Feature", "properties": { "GRID_CD_x": "마마366010", "SCH_POP": 0.189973614775726 }, "geometry": { "type": "MultiPolygon", "coordinates": [ [ [ [ 129.002316956591528, 35.295197518312776 ], [ 129.002333617406663, 35.296098907520317 ], [ 129.003433085079052, 35.296085243000483 ], [ 129.003416412082032, 35.295183854246069 ], [ 129.002316956591528, 35.295197518312776 ] ] ] ] } },
{ "type": "Feature", "properties": { "GRID_CD_x": "마마366011", "SCH_POP": 0.30395778364116099 }, "geometry": { "type": "MultiPolygon", "coordinates": [ [ [ [ 129.002333617406663, 35.296098907520317 ], [ 129.002350278961529, 35.297000296586383 ], [ 129.003449758816288, 35.296986631613422 ], [ 129.003433085079052, 35.296085243000483 ], [ 129.002333617406663, 35.296098907520317 ] ] ] ] } },
{ "type": "Feature", "properties": { "GRID_CD_x": "마마366012", "SCH_POP": 0.0 }, "geometry": { "type": "MultiPolygon", "coordinates": [ [ [ [ 129.002350278961529, 35.297000296586383 ], [ 129.002366941256128, 35.297901685510979 ], [ 129.003466433293852, 35.297888020084876 ], [ 129.003449758816288, 35.296986631613422 ], [ 129.002350278961529, 35.297000296586383 ] ] ] ] } },
{ "type": "Feature", "properties": { "GRID_CD_x": "마마366013", "SCH_POP": 0.0 }, "geometry": { "type": "MultiPolygon", "coordinates": [ [ [ [ 129.002366941256128, 35.297901685510979 ], [ 129.002383604290543, 35.298803074294113 ], [ 129.003483108511716, 35.298789408414869 ], [ 129.003466433293852, 35.297888020084876 ], [ 129.002366941256128, 35.297901685510979 ] ] ] ] } },
{ "type": "Feature", "properties": { "GRID_CD_x": "마마366014", "SCH_POP": 0.0 }, "geometry": { "type": "MultiPolygon", "coordinates": [ [ [ [ 129.002383604290543, 35.298803074294113 ], [ 129.002400268064775, 35.299704462935786 ], [ 129.003499784469966, 35.299690796603386 ], [ 129.003483108511716, 35.298789408414869 ], [ 129.002383604290543, 35.298803074294113 ] ] ] ] } },
{ "type": "Feature", "properties": { "GRID_CD_x": "마마366015", "SCH_POP": 0.0 }, "geometry": { "type": "MultiPolygon", "coordinates": [ [ [ [ 129.002400268064775, 35.299704462935786 ], [ 129.002416932578825, 35.300605851436003 ], [ 129.003516461168601, 35.300592184650412 ], [ 129.003499784469966, 35.299690796603386 ], [ 129.002400268064775, 35.299704462935786 ] ] ] ] } },
{ "type": "Feature", "properties": { "GRID_CD_x": "마마366016", "SCH_POP": 0.0 }, "geometry": { "type": "MultiPolygon", "coordinates": [ [ [ [ 129.002416932578825, 35.300605851436003 ], [ 129.002433597832805, 35.301507239794731 ], [ 129.003533138607651, 35.301493572555962 ], [ 129.003516461168601, 35.300592184650412 ], [ 129.002416932578825, 35.300605851436003 ] ] ] ] } },
{ "type": "Feature", "properties": { "GRID_CD_x": "마마366017", "SCH_POP": 0.0 }, "geometry": { "type": "MultiPolygon", "coordinates": [ [ [ [ 129.002433597832805, 35.301507239794731 ], [ 129.00245026382666, 35.302408628011996 ], [ 129.003549816787171, 35.302394960320036 ], [ 129.003533138607651, 35.301493572555962 ], [ 129.002433597832805, 35.301507239794731 ] ] ] ] } },
{ "type": "Feature", "properties": { "GRID_CD_x": "마마366018", "SCH_POP": 0.0 }, "geometry": { "type": "MultiPolygon", "coordinates": [ [ [ [ 129.00245026382666, 35.302408628011996 ], [ 129.002466930560473, 35.303310016087785 ], [ 129.00356649570719, 35.303296347942613 ], [ 129.003549816787171, 35.302394960320036 ], [ 129.00245026382666, 35.302408628011996 ] ] ] ] } },
{ "type": "Feature", "properties": { "GRID_CD_x": "마마366019", "SCH_POP": 0.0 }, "geometry": { "type": "MultiPolygon", "coordinates": [ [ [ [ 129.002466930560473, 35.303310016087785 ], [ 129.002483598034303, 35.304211404022098 ], [ 129.003583175367709, 35.30419773542372 ], [ 129.00356649570719, 35.303296347942613 ], [ 129.002466930560473, 35.303310016087785 ] ] ] ] } },
{ "type": "Feature", "properties": { "GRID_CD_x": "마마366020", "SCH_POP": 2.0124479232420152 }, "geometry": { "type": "MultiPolygon", "coordinates": [ [ [ [ 129.002483598034303, 35.304211404022098 ], [ 129.00250026624812, 35.305112791814928 ], [ 129.003599855768783, 35.30509912276333 ], [ 129.003583175367709, 35.30419773542372 ], [ 129.002483598034303, 35.304211404022098 ] ] ] ] } },
{ "type": "Feature", "properties": { "GRID_CD_x": "마마366021", "SCH_POP": 6.0373437697260464 }, "geometry": { "type": "MultiPolygon", "coordinates": [ [ [ [ 129.00250026624812, 35.305112791814928 ], [ 129.002516935201982, 35.306014179466288 ], [ 129.003616536910499, 35.30600050996145 ], [ 129.003599855768783, 35.30509912276333 ], [ 129.00250026624812, 35.305112791814928 ] ] ] ] } },
{ "type": "Feature", "properties": { "GRID_CD_x": "마마366022", "SCH_POP": 1.2384294912258551 }, "geometry": { "type": "MultiPolygon", "coordinates": [ [ [ [ 129.002516935201982, 35.306014179466288 ], [ 129.002533604895945, 35.306915566976159 ], [ 129.003633218792771, 35.306901897018086 ], [ 129.003616536910499, 35.30600050996145 ], [ 129.002516935201982, 35.306014179466288 ] ] ] ] } },
{ "type": "Feature", "properties": { "GRID_CD_x": "마마366023", "SCH_POP": 2.0124479232420152 }, "geometry": { "type": "MultiPolygon", "coordinates": [ [ [ [ 129.002533604895945, 35.306915566976159 ], [ 129.002550275330009, 35.307816954344545 ], [ 129.003649901415713, 35.307803283933225 ], [ 129.003633218792771, 35.306901897018086 ], [ 129.002533604895945, 35.306915566976159 ] ] ] ] } },
{ "type": "Feature", "properties": { "GRID_CD_x": "마마366024", "SCH_POP": 0.0 }, "geometry": { "type": "MultiPolygon", "coordinates": [ [ [ [ 129.002550275330009, 35.307816954344545 ], [ 129.002566946504231, 35.308718341571456 ], [ 129.003666584779381, 35.308704670706874 ], [ 129.003649901415713, 35.307803283933225 ], [ 129.002550275330009, 35.307816954344545 ] ] ] ] } },
{ "type": "Feature", "properties": { "GRID_CD_x": "마마366025", "SCH_POP": 0.0 }, "geometry": { "type": "MultiPolygon", "coordinates": [ [ [ [ 129.002566946504231, 35.308718341571456 ], [ 129.00258361841864, 35.309619728656877 ], [ 129.003683268883748, 35.309606057339025 ], [ 129.003666584779381, 35.308704670706874 ], [ 129.002566946504231, 35.308718341571456 ] ] ] ] } },
{ "type": "Feature", "properties": { "GRID_CD_x": "마마366026", "SCH_POP": 0.0 }, "geometry": { "type": "MultiPolygon", "coordinates": [ [ [ [ 129.00258361841864, 35.309619728656877 ], [ 129.002600291073236, 35.3105211156008 ], [ 129.003699953728841, 35.310507443829678 ], [ 129.003683268883748, 35.309606057339025 ], [ 129.00258361841864, 35.309619728656877 ] ] ] ] } },
{ "type": "Feature", "properties": { "GRID_CD_x": "마마366027", "SCH_POP": 43.964246938517867 }, "geometry": { "type": "MultiPolygon", "coordinates": [ [ [ [ 129.002600291073236, 35.3105211156008 ], [ 129.002616964468103, 35.311422502403246 ], [ 129.003716639314746, 35.311408830178827 ], [ 129.003699953728841, 35.310507443829678 ], [ 129.002600291073236, 35.3105211156008 ] ] ] ] } },
{ "type": "Feature", "properties": { "GRID_CD_x": "마마366028", "SCH_POP": 49.382375962630981 }, "geometry": { "type": "MultiPolygon", "coordinates": [ [ [ [ 129.002616964468103, 35.311422502403246 ], [ 129.002633638603214, 35.312323889064196 ], [ 129.003733325641491, 35.312310216386464 ], [ 129.003716639314746, 35.311408830178827 ], [ 129.002616964468103, 35.311422502403246 ] ] ] ] } },
{ "type": "Feature", "properties": { "GRID_CD_x": "마마366029", "SCH_POP": 71.519303118293152 }, "geometry": { "type": "MultiPolygon", "coordinates": [ [ [ [ 129.002633638603214, 35.312323889064196 ], [ 129.002650313478654, 35.31322527558364 ], [ 129.003750012709048, 35.313211602452611 ], [ 129.003733325641491, 35.312310216386464 ], [ 129.002633638603214, 35.312323889064196 ] ] ] ] } },
{ "type": "Feature", "properties": { "GRID_CD_x": "마마366030", "SCH_POP": 64.219956957640022 }, "geometry": { "type": "MultiPolygon", "coordinates": [ [ [ [ 129.002650313478654, 35.31322527558364 ], [ 129.00266698909445, 35.314126661961602 ], [ 129.003766700517531, 35.314112988377239 ], [ 129.003750012709048, 35.313211602452611 ], [ 129.002650313478654, 35.31322527558364 ] ] ] ] } },
{ "type": "Feature", "properties": { "GRID_CD_x": "마마366031", "SCH_POP": 124.9436984935174 }, "geometry": { "type": "MultiPolygon", "coordinates": [ [ [ [ 129.00266698909445, 35.314126661961602 ], [ 129.002683665450633, 35.315028048198059 ], [ 129.003783389066882, 35.315014374160377 ], [ 129.003766700517531, 35.314112988377239 ], [ 129.00266698909445, 35.314126661961602 ] ] ] ] } },
{ "type": "Feature", "properties": { "GRID_CD_x": "마마366032", "SCH_POP": 0.0 }, "geometry": { "type": "MultiPolygon", "coordinates": [ [ [ [ 129.002683665450633, 35.315028048198059 ], [ 129.0027003425472, 35.315929434293011 ], [ 129.003800078357216, 35.315915759801989 ], [ 129.003783389066882, 35.315014374160377 ], [ 129.002683665450633, 35.315028048198059 ] ] ] ] } },
{ "type": "Feature", "properties": { "GRID_CD_x": "마마366033", "SCH_POP": 0.0 }, "geometry": { "type": "MultiPolygon", "coordinates": [ [ [ [ 129.0027003425472, 35.315929434293011 ], [ 129.00271702038421, 35.316830820246473 ], [ 129.003816768388504, 35.316817145302103 ], [ 129.003800078357216, 35.315915759801989 ], [ 129.0027003425472, 35.315929434293011 ] ] ] ] } },
{ "type": "Feature", "properties": { "GRID_CD_x": "마마366034", "SCH_POP": 0.0 }, "geometry": { "type": "MultiPolygon", "coordinates": [ [ [ [ 129.00271702038421, 35.316830820246473 ], [ 129.002733698961691, 35.31773220605843 ], [ 129.003833459160859, 35.317718530660699 ], [ 129.003816768388504, 35.316817145302103 ], [ 129.00271702038421, 35.316830820246473 ] ] ] ] } },
{ "type": "Feature", "properties": { "GRID_CD_x": "마마366035", "SCH_POP": 0.0 }, "geometry": { "type": "MultiPolygon", "coordinates": [ [ [ [ 129.002733698961691, 35.31773220605843 ], [ 129.002750378279671, 35.318633591728883 ], [ 129.003850150674225, 35.318619915877775 ], [ 129.003833459160859, 35.317718530660699 ], [ 129.002733698961691, 35.31773220605843 ] ] ] ] } },
{ "type": "Feature", "properties": { "GRID_CD_x": "마마366036", "SCH_POP": 0.0 }, "geometry": { "type": "MultiPolygon", "coordinates": [ [ [ [ 129.002750378279671, 35.318633591728883 ], [ 129.002767058338236, 35.319534977257817 ], [ 129.003866842928687, 35.31952130095334 ], [ 129.003850150674225, 35.318619915877775 ], [ 129.002750378279671, 35.318633591728883 ] ] ] ] } },
{ "type": "Feature", "properties": { "GRID_CD_x": "마마366037", "SCH_POP": 0.0 }, "geometry": { "type": "MultiPolygon", "coordinates": [ [ [ [ 129.002767058338236, 35.319534977257817 ], [ 129.002783739137328, 35.320436362645253 ], [ 129.003883535924246, 35.32042268588738 ], [ 129.003866842928687, 35.31952130095334 ], [ 129.002767058338236, 35.319534977257817 ] ] ] ] } },
{ "type": "Feature", "properties": { "GRID_CD_x": "마마366038", "SCH_POP": 0.0 }, "geometry": { "type": "MultiPolygon", "coordinates": [ [ [ [ 129.002783739137328, 35.320436362645253 ], [ 129.002800420677062, 35.321337747891171 ], [ 129.003900229660985, 35.3213240706799 ], [ 129.003883535924246, 35.32042268588738 ], [ 129.002783739137328, 35.320436362645253 ] ] ] ] } },
{ "type": "Feature", "properties": { "GRID_CD_x": "마마366039", "SCH_POP": 0.0 }, "geometry": { "type": "MultiPolygon", "coordinates": [ [ [ [ 129.002800420677062, 35.321337747891171 ], [ 129.002817102957408, 35.322239132995591 ], [ 129.003916924138878, 35.322225455330894 ], [ 129.003900229660985, 35.3213240706799 ], [ 129.002800420677062, 35.321337747891171 ] ] ] ] } },
{ "type": "Feature", "properties": { "GRID_CD_x": "마마366040", "SCH_POP": 0.0 }, "geometry": { "type": "MultiPolygon", "coordinates": [ [ [ [ 129.002817102957408, 35.322239132995591 ], [ 129.002833785978453, 35.323140517958485 ], [ 129.00393361935798, 35.323126839840377 ], [ 129.003916924138878, 35.322225455330894 ], [ 129.002817102957408, 35.322239132995591 ] ] ] ] } },
{ "type": "Feature", "properties": { "GRID_CD_x": "마마366041", "SCH_POP": 0.0 }, "geometry": { "type": "MultiPolygon", "coordinates": [ [ [ [ 129.002833785978453, 35.323140517958485 ], [ 129.002850469740167, 35.324041902779868 ], [ 129.00395031531832, 35.324028224208327 ], [ 129.00393361935798, 35.323126839840377 ], [ 129.002833785978453, 35.323140517958485 ] ] ] ] } },
{ "type": "Feature", "properties": { "GRID_CD_x": "마마366042", "SCH_POP": 0.0 }, "geometry": { "type": "MultiPolygon", "coordinates": [ [ [ [ 129.002850469740167, 35.324041902779868 ], [ 129.002867154242637, 35.324943287459718 ], [ 129.003967012019956, 35.324929608434743 ], [ 129.00395031531832, 35.324028224208327 ], [ 129.002850469740167, 35.324041902779868 ] ] ] ] } },
{ "type": "Feature", "properties": { "GRID_CD_x": "마마366043", "SCH_POP": 0.0 }, "geometry": { "type": "MultiPolygon", "coordinates": [ [ [ [ 129.002867154242637, 35.324943287459718 ], [ 129.002883839485861, 35.325844671998063 ], [ 129.003983709462915, 35.325830992519634 ], [ 129.003967012019956, 35.324929608434743 ], [ 129.002867154242637, 35.324943287459718 ] ] ] ] } },
{ "type": "Feature", "properties": { "GRID_CD_x": "마마366044", "SCH_POP": 0.0 }, "geometry": { "type": "MultiPolygon", "coordinates": [ [ [ [ 129.002883839485861, 35.325844671998063 ], [ 129.002900525469897, 35.326746056394882 ], [ 129.004000407647197, 35.326732376462999 ], [ 129.003983709462915, 35.325830992519634 ], [ 129.002883839485861, 35.325844671998063 ] ] ] ] } },
{ "type": "Feature", "properties": { "GRID_CD_x": "마마366045", "SCH_POP": 0.0 }, "geometry": { "type": "MultiPolygon", "coordinates": [ [ [ [ 129.002900525469897, 35.326746056394882 ], [ 129.002917212194774, 35.327647440650168 ], [ 129.00401710657286, 35.327633760264824 ], [ 129.004000407647197, 35.326732376462999 ], [ 129.002900525469897, 35.326746056394882 ] ] ] ] } },
{ "type": "Feature", "properties": { "GRID_CD_x": "마마366046", "SCH_POP": 1.7232781717888099 }, "geometry": { "type": "MultiPolygon", "coordinates": [ [ [ [ 129.002917212194774, 35.327647440650168 ], [ 129.002933899660547, 35.328548824763949 ], [ 129.004033806239931, 35.328535143925116 ], [ 129.00401710657286, 35.327633760264824 ], [ 129.002917212194774, 35.327647440650168 ] ] ] ] } },
{ "type": "Feature", "properties": { "GRID_CD_x": "마마366047", "SCH_POP": 7.4925137903861323 }, "geometry": { "type": "MultiPolygon", "coordinates": [ [ [ [ 129.002933899660547, 35.328548824763949 ], [ 129.002950587867161, 35.329450208736183 ], [ 129.00405050664844, 35.329436527443875 ], [ 129.004033806239931, 35.328535143925116 ], [ 129.002933899660547, 35.328548824763949 ] ] ] ] } },
{ "type": "Feature", "properties": { "GRID_CD_x": "마마366048", "SCH_POP": 14.235776201733648 }, "geometry": { "type": "MultiPolygon", "coordinates": [ [ [ [ 129.002950587867161, 35.329450208736183 ], [ 129.002967276814758, 35.330351592566899 ], [ 129.004067207798442, 35.330337910821086 ], [ 129.00405050664844, 35.329436527443875 ], [ 129.002950587867161, 35.329450208736183 ] ] ] ] } },
{ "type": "Feature", "properties": { "GRID_CD_x": "마마366049", "SCH_POP": 9.21579196217494 }, "geometry": { "type": "MultiPolygon", "coordinates": [ [ [ [ 129.002967276814758, 35.330351592566899 ], [ 129.002983966503308, 35.331252976256089 ], [ 129.004083909689939, 35.331239294056758 ], [ 129.004067207798442, 35.330337910821086 ], [ 129.002967276814758, 35.330351592566899 ] ] ] ] } },
{ "type": "Feature", "properties": { "GRID_CD_x": "마마366050", "SCH_POP": 8.6153595152080182 }, "geometry": { "type": "MultiPolygon", "coordinates": [ [ [ [ 129.002983966503308, 35.331252976256089 ], [ 129.003000656932841, 35.332154359803731 ], [ 129.004100612323015, 35.332140677150896 ], [ 129.004083909689939, 35.331239294056758 ], [ 129.002983966503308, 35.331252976256089 ] ] ] ] } },
{ "type": "Feature", "properties": { "GRID_CD_x": "마마366051", "SCH_POP": 6.4378510663092898 }, "geometry": { "type": "MultiPolygon", "coordinates": [ [ [ [ 129.003000656932841, 35.332154359803731 ], [ 129.003017348103441, 35.33305574320984 ], [ 129.004117315697613, 35.333042060103473 ], [ 129.004100612323015, 35.332140677150896 ], [ 129.003000656932841, 35.332154359803731 ] ] ] ] } },
{ "type": "Feature", "properties": { "GRID_CD_x": "마마366052", "SCH_POP": 10.035473721011538 }, "geometry": { "type": "MultiPolygon", "coordinates": [ [ [ [ 129.003017348103441, 35.33305574320984 ], [ 129.003034040015081, 35.333957126474424 ], [ 129.004134019813847, 35.333943442914524 ], [ 129.004117315697613, 35.333042060103473 ], [ 129.003017348103441, 35.33305574320984 ] ] ] ] } },
{ "type": "Feature", "properties": { "GRID_CD_x": "마마366053", "SCH_POP": 8.5206852348211175 }, "geometry": { "type": "MultiPolygon", "coordinates": [ [ [ [ 129.003034040015081, 35.333957126474424 ], [ 129.003050732667816, 35.33485850959746 ], [ 129.004150724671689, 35.334844825584007 ], [ 129.004134019813847, 35.333943442914524 ], [ 129.003034040015081, 35.333957126474424 ] ] ] ] } },
{ "type": "Feature", "properties": { "GRID_CD_x": "마마366054", "SCH_POP": 2.650879850833237 }, "geometry": { "type": "MultiPolygon", "coordinates": [ [ [ [ 129.003050732667816, 35.33485850959746 ], [ 129.003067426061705, 35.335759892578963 ], [ 129.004167430271252, 35.335746208111949 ], [ 129.004150724671689, 35.334844825584007 ], [ 129.003050732667816, 35.33485850959746 ] ] ] ] } },
{ "type": "Feature", "properties": { "GRID_CD_x": "마마366055", "SCH_POP": 0.0 }, "geometry": { "type": "MultiPolygon", "coordinates": [ [ [ [ 129.003067426061705, 35.335759892578963 ], [ 129.003084120196718, 35.336661275418926 ], [ 129.00418413661248, 35.336647590498352 ], [ 129.004167430271252, 35.335746208111949 ], [ 129.003067426061705, 35.335759892578963 ] ] ] ] } },
{ "type": "Feature", "properties": { "GRID_CD_x": "마마366056", "SCH_POP": 0.0 }, "geometry": { "type": "MultiPolygon", "coordinates": [ [ [ [ 129.003084120196718, 35.336661275418926 ], [ 129.003100815072969, 35.337562658117335 ], [ 129.004200843695457, 35.337548972743171 ], [ 129.00418413661248, 35.336647590498352 ], [ 129.003084120196718, 35.336661275418926 ] ] ] ] } },
{ "type": "Feature", "properties": { "GRID_CD_x": "마마366057", "SCH_POP": 0.0 }, "geometry": { "type": "MultiPolygon", "coordinates": [ [ [ [ 129.003100815072969, 35.337562658117335 ], [ 129.00311751069043, 35.338464040674189 ], [ 129.004217551520213, 35.338450354846451 ], [ 129.004200843695457, 35.337548972743171 ], [ 129.003100815072969, 35.337562658117335 ] ] ] ] } },
{ "type": "Feature", "properties": { "GRID_CD_x": "마마366058", "SCH_POP": 0.0 }, "geometry": { "type": "MultiPolygon", "coordinates": [ [ [ [ 129.00311751069043, 35.338464040674189 ], [ 129.003134207049158, 35.339365423089518 ], [ 129.004234260086776, 35.339351736808176 ], [ 129.004217551520213, 35.338450354846451 ], [ 129.00311751069043, 35.338464040674189 ] ] ] ] } },
{ "type": "Feature", "properties": { "GRID_CD_x": "마마366059", "SCH_POP": 0.0 }, "geometry": { "type": "MultiPolygon", "coordinates": [ [ [ [ 129.003134207049158, 35.339365423089518 ], [ 129.00315090414918, 35.340266805363285 ], [ 129.004250969395144, 35.340253118628347 ], [ 129.004234260086776, 35.339351736808176 ], [ 129.003134207049158, 35.339365423089518 ] ] ] ] } },
{ "type": "Feature", "properties": { "GRID_CD_x": "마마366060", "SCH_POP": 0.0 }, "geometry": { "type": "MultiPolygon", "coordinates": [ [ [ [ 129.00315090414918, 35.340266805363285 ], [ 129.003167601990526, 35.341168187495505 ], [ 129.004267679445405, 35.341154500306942 ], [ 129.004250969395144, 35.340253118628347 ], [ 129.00315090414918, 35.340266805363285 ] ] ] ] } },
{ "type": "Feature", "properties": { "GRID_CD_x": "마마366061", "SCH_POP": 0.0 }, "geometry": { "type": "MultiPolygon", "coordinates": [ [ [ [ 129.003167601990526, 35.341168187495505 ], [ 129.003184300573253, 35.342069569486164 ], [ 129.004284390237586, 35.342055881843983 ], [ 129.004267679445405, 35.341154500306942 ], [ 129.003167601990526, 35.341168187495505 ] ] ] ] } },
{ "type": "Feature", "properties": { "GRID_CD_x": "마마367000", "SCH_POP": 0.0 }, "geometry": { "type": "MultiPolygon", "coordinates": [ [ [ [ 129.003249722819277, 35.286169958921526 ], [ 129.003266388415454, 35.287071349090546 ], [ 129.004365733553641, 35.287057679115087 ], [ 129.004349055781034, 35.286156289399422 ], [ 129.003249722819277, 35.286169958921526 ] ] ] ] } },
{ "type": "Feature", "properties": { "GRID_CD_x": "마마367001", "SCH_POP": 0.0 }, "geometry": { "type": "MultiPolygon", "coordinates": [ [ [ [ 129.003266388415454, 35.287071349090546 ], [ 129.003283054751563, 35.287972739118096 ], [ 129.004382412066718, 35.287959068689275 ], [ 129.004365733553641, 35.287057679115087 ], [ 129.003266388415454, 35.287071349090546 ] ] ] ] } },
{ "type": "Feature", "properties": { "GRID_CD_x": "마마367002", "SCH_POP": 0.0 }, "geometry": { "type": "MultiPolygon", "coordinates": [ [ [ [ 129.003283054751563, 35.287972739118096 ], [ 129.003299721827659, 35.288874129004206 ], [ 129.004399091320295, 35.288860458122009 ], [ 129.004382412066718, 35.287959068689275 ], [ 129.003283054751563, 35.287972739118096 ] ] ] ] } },
{ "type": "Feature", "properties": { "GRID_CD_x": "마마367003", "SCH_POP": 0.0 }, "geometry": { "type": "MultiPolygon", "coordinates": [ [ [ [ 129.003299721827659, 35.288874129004206 ], [ 129.003316389643715, 35.289775518748854 ], [ 129.004415771314427, 35.289761847413281 ], [ 129.004399091320295, 35.288860458122009 ], [ 129.003299721827659, 35.288874129004206 ] ] ] ] } },
{ "type": "Feature", "properties": { "GRID_CD_x": "마마367004", "SCH_POP": 0.0 }, "geometry": { "type": "MultiPolygon", "coordinates": [ [ [ [ 129.003316389643715, 35.289775518748854 ], [ 129.003333058199843, 35.290676908352054 ], [ 129.004432452049116, 35.290663236563077 ], [ 129.004415771314427, 35.289761847413281 ], [ 129.003316389643715, 35.289775518748854 ] ] ] ] } },
{ "type": "Feature", "properties": { "GRID_CD_x": "마마367005", "SCH_POP": 0.0 }, "geometry": { "type": "MultiPolygon", "coordinates": [ [ [ [ 129.003333058199843, 35.290676908352054 ], [ 129.003349727496044, 35.291578297813786 ], [ 129.004449133524417, 35.291564625571404 ], [ 129.004432452049116, 35.290663236563077 ], [ 129.003333058199843, 35.290676908352054 ] ] ] ] } },
{ "type": "Feature", "properties": { "GRID_CD_x": "마마367006", "SCH_POP": 0.0 }, "geometry": { "type": "MultiPolygon", "coordinates": [ [ [ [ 129.003349727496044, 35.291578297813786 ], [ 129.003366397532318, 35.292479687134048 ], [ 129.00446581574036, 35.292466014438268 ], [ 129.004449133524417, 35.291564625571404 ], [ 129.003349727496044, 35.291578297813786 ] ] ] ] } },
{ "type": "Feature", "properties": { "GRID_CD_x": "마마367007", "SCH_POP": 0.0 }, "geometry": { "type": "MultiPolygon", "coordinates": [ [ [ [ 129.003366397532318, 35.292479687134048 ], [ 129.003383068308693, 35.293381076312862 ], [ 129.004482498696945, 35.29336740316365 ], [ 129.00446581574036, 35.292466014438268 ], [ 129.003366397532318, 35.292479687134048 ] ] ] ] } },
{ "type": "Feature", "properties": { "GRID_CD_x": "마마367008", "SCH_POP": 0.0 }, "geometry": { "type": "MultiPolygon", "coordinates": [ [ [ [ 129.003383068308693, 35.293381076312862 ], [ 129.003399739825284, 35.2942824653502 ], [ 129.004499182394284, 35.294268791747548 ], [ 129.004482498696945, 35.29336740316365 ], [ 129.003383068308693, 35.293381076312862 ] ] ] ] } },
{ "type": "Feature", "properties": { "GRID_CD_x": "마마367009", "SCH_POP": 0.0 }, "geometry": { "type": "MultiPolygon", "coordinates": [ [ [ [ 129.003399739825284, 35.2942824653502 ], [ 129.003416412082032, 35.295183854246069 ], [ 129.004515866832321, 35.295170180189977 ], [ 129.004499182394284, 35.294268791747548 ], [ 129.003399739825284, 35.2942824653502 ] ] ] ] } },
{ "type": "Feature", "properties": { "GRID_CD_x": "마마367010", "SCH_POP": 0.0 }, "geometry": { "type": "MultiPolygon", "coordinates": [ [ [ [ 129.003416412082032, 35.295183854246069 ], [ 129.003433085079052, 35.296085243000483 ], [ 129.00453255201117, 35.296071568490937 ], [ 129.004515866832321, 35.295170180189977 ], [ 129.003416412082032, 35.295183854246069 ] ] ] ] } },
{ "type": "Feature", "properties": { "GRID_CD_x": "마마367011", "SCH_POP": 0.0 }, "geometry": { "type": "MultiPolygon", "coordinates": [ [ [ [ 129.003433085079052, 35.296085243000483 ], [ 129.003449758816288, 35.296986631613422 ], [ 129.004549237930775, 35.2969729566504 ], [ 129.00453255201117, 35.296071568490937 ], [ 129.003433085079052, 35.296085243000483 ] ] ] ] } },
{ "type": "Feature", "properties": { "GRID_CD_x": "마마367012", "SCH_POP": 0.0 }, "geometry": { "type": "MultiPolygon", "coordinates": [ [ [ [ 129.003449758816288, 35.296986631613422 ], [ 129.003466433293852, 35.297888020084876 ], [ 129.004565924591247, 35.297874344668386 ], [ 129.004549237930775, 35.2969729566504 ], [ 129.003449758816288, 35.296986631613422 ] ] ] ] } },
{ "type": "Feature", "properties": { "GRID_CD_x": "마마367013", "SCH_POP": 0.0 }, "geometry": { "type": "MultiPolygon", "coordinates": [ [ [ [ 129.003466433293852, 35.297888020084876 ], [ 129.003483108511716, 35.298789408414869 ], [ 129.004582611992561, 35.298775732544883 ], [ 129.004565924591247, 35.297874344668386 ], [ 129.003466433293852, 35.297888020084876 ] ] ] ] } },
{ "type": "Feature", "properties": { "GRID_CD_x": "마마367014", "SCH_POP": 0.0 }, "geometry": { "type": "MultiPolygon", "coordinates": [ [ [ [ 129.003483108511716, 35.298789408414869 ], [ 129.003499784469966, 35.299690796603386 ], [ 129.004599300134771, 35.299677120279917 ], [ 129.004582611992561, 35.298775732544883 ], [ 129.003483108511716, 35.298789408414869 ] ] ] ] } },
{ "type": "Feature", "properties": { "GRID_CD_x": "마마367015", "SCH_POP": 0.0 }, "geometry": { "type": "MultiPolygon", "coordinates": [ [ [ [ 129.003499784469966, 35.299690796603386 ], [ 129.003516461168601, 35.300592184650412 ], [ 129.004615989017964, 35.300578507873446 ], [ 129.004599300134771, 35.299677120279917 ], [ 129.003499784469966, 35.299690796603386 ] ] ] ] } },
{ "type": "Feature", "properties": { "GRID_CD_x": "마마367016", "SCH_POP": 0.0 }, "geometry": { "type": "MultiPolygon", "coordinates": [ [ [ [ 129.003516461168601, 35.300592184650412 ], [ 129.003533138607651, 35.301493572555962 ], [ 129.004632678642054, 35.301479895325485 ], [ 129.004615989017964, 35.300578507873446 ], [ 129.003516461168601, 35.300592184650412 ] ] ] ] } },
{ "type": "Feature", "properties": { "GRID_CD_x": "마마367017", "SCH_POP": 0.0 }, "geometry": { "type": "MultiPolygon", "coordinates": [ [ [ [ 129.003533138607651, 35.301493572555962 ], [ 129.003549816787171, 35.302394960320036 ], [ 129.004649369007183, 35.302381282636034 ], [ 129.004632678642054, 35.301479895325485 ], [ 129.003533138607651, 35.301493572555962 ] ] ] ] } },
{ "type": "Feature", "properties": { "GRID_CD_x": "마마367018", "SCH_POP": 0.0 }, "geometry": { "type": "MultiPolygon", "coordinates": [ [ [ [ 129.003549816787171, 35.302394960320036 ], [ 129.00356649570719, 35.303296347942613 ], [ 129.004666060113379, 35.303282669805078 ], [ 129.004649369007183, 35.302381282636034 ], [ 129.003549816787171, 35.302394960320036 ] ] ] ] } },
{ "type": "Feature", "properties": { "GRID_CD_x": "마마367019", "SCH_POP": 0.0 }, "geometry": { "type": "MultiPolygon", "coordinates": [ [ [ [ 129.00356649570719, 35.303296347942613 ], [ 129.003583175367709, 35.30419773542372 ], [ 129.004682751960587, 35.304184056832632 ], [ 129.004666060113379, 35.303282669805078 ], [ 129.00356649570719, 35.303296347942613 ] ] ] ] } },
{ "type": "Feature", "properties": { "GRID_CD_x": "마마367020", "SCH_POP": 5.1085216513066536 }, "geometry": { "type": "MultiPolygon", "coordinates": [ [ [ [ 129.003583175367709, 35.30419773542372 ], [ 129.003599855768783, 35.30509912276333 ], [ 129.004699444548891, 35.305085443718696 ], [ 129.004682751960587, 35.304184056832632 ], [ 129.003583175367709, 35.30419773542372 ] ] ] ] } },
{ "type": "Feature", "properties": { "GRID_CD_x": "마마367021", "SCH_POP": 8.9786138113874525 }, "geometry": { "type": "MultiPolygon", "coordinates": [ [ [ [ 129.003599855768783, 35.30509912276333 ], [ 129.003616536910499, 35.30600050996145 ], [ 129.004716137878347, 35.305986830463254 ], [ 129.004699444548891, 35.305085443718696 ], [ 129.003599855768783, 35.30509912276333 ] ] ] ] } },
{ "type": "Feature", "properties": { "GRID_CD_x": "마마367022", "SCH_POP": 0.0 }, "geometry": { "type": "MultiPolygon", "coordinates": [ [ [ [ 129.003616536910499, 35.30600050996145 ], [ 129.003633218792771, 35.306901897018086 ], [ 129.004732831948957, 35.306888217066323 ], [ 129.004716137878347, 35.305986830463254 ], [ 129.003616536910499, 35.30600050996145 ] ] ] ] } },
{ "type": "Feature", "properties": { "GRID_CD_x": "마마367023", "SCH_POP": 3.5604847872743339 }, "geometry": { "type": "MultiPolygon", "coordinates": [ [ [ [ 129.003633218792771, 35.306901897018086 ], [ 129.003649901415713, 35.307803283933225 ], [ 129.004749526760747, 35.30778960352788 ], [ 129.004732831948957, 35.306888217066323 ], [ 129.003633218792771, 35.306901897018086 ] ] ] ] } },
{ "type": "Feature", "properties": { "GRID_CD_x": "마마367024", "SCH_POP": 5.8825400833228141 }, "geometry": { "type": "MultiPolygon", "coordinates": [ [ [ [ 129.003649901415713, 35.307803283933225 ], [ 129.003666584779381, 35.308704670706874 ], [ 129.004766222313805, 35.308690989847925 ], [ 129.004749526760747, 35.30778960352788 ], [ 129.003649901415713, 35.307803283933225 ] ] ] ] } },
{ "type": "Feature", "properties": { "GRID_CD_x": "마마367025", "SCH_POP": 4.334503219290494 }, "geometry": { "type": "MultiPolygon", "coordinates": [ [ [ [ 129.003666584779381, 35.308704670706874 ], [ 129.003683268883748, 35.309606057339025 ], [ 129.0047829186081, 35.309592376026472 ], [ 129.004766222313805, 35.308690989847925 ], [ 129.003666584779381, 35.308704670706874 ] ] ] ] } },
{ "type": "Feature", "properties": { "GRID_CD_x": "마마367026", "SCH_POP": 0.0 }, "geometry": { "type": "MultiPolygon", "coordinates": [ [ [ [ 129.003683268883748, 35.309606057339025 ], [ 129.003699953728841, 35.310507443829678 ], [ 129.004799615643691, 35.310493762063516 ], [ 129.0047829186081, 35.309592376026472 ], [ 129.003683268883748, 35.309606057339025 ] ] ] ] } },
{ "type": "Feature", "properties": { "GRID_CD_x": "마마367027", "SCH_POP": 40.248958464840292 }, "geometry": { "type": "MultiPolygon", "coordinates": [ [ [ [ 129.003699953728841, 35.310507443829678 ], [ 129.003716639314746, 35.311408830178827 ], [ 129.004816313420605, 35.31139514795904 ], [ 129.004799615643691, 35.310493762063516 ], [ 129.003699953728841, 35.310507443829678 ] ] ] ] } },
{ "type": "Feature", "properties": { "GRID_CD_x": "마마367028", "SCH_POP": 51.085216513066534 }, "geometry": { "type": "MultiPolygon", "coordinates": [ [ [ [ 129.003716639314746, 35.311408830178827 ], [ 129.003733325641491, 35.312310216386464 ], [ 129.004833011938899, 35.312296533713052 ], [ 129.004816313420605, 35.31139514795904 ], [ 129.003716639314746, 35.311408830178827 ] ] ] ] } },
{ "type": "Feature", "properties": { "GRID_CD_x": "마마367029", "SCH_POP": 47.369928039388967 }, "geometry": { "type": "MultiPolygon", "coordinates": [ [ [ [ 129.003733325641491, 35.312310216386464 ], [ 129.003750012709048, 35.313211602452611 ], [ 129.004849711198574, 35.31319791932556 ], [ 129.004833011938899, 35.312296533713052 ], [ 129.003733325641491, 35.312310216386464 ] ] ] ] } },
{ "type": "Feature", "properties": { "GRID_CD_x": "마마367030", "SCH_POP": 105.99053068080416 }, "geometry": { "type": "MultiPolygon", "coordinates": [ [ [ [ 129.003750012709048, 35.313211602452611 ], [ 129.003766700517531, 35.314112988377239 ], [ 129.004866411199657, 35.314099304796535 ], [ 129.004849711198574, 35.31319791932556 ], [ 129.003750012709048, 35.313211602452611 ] ] ] ] } },
{ "type": "Feature", "properties": { "GRID_CD_x": "마마367031", "SCH_POP": 0.0 }, "geometry": { "type": "MultiPolygon", "coordinates": [ [ [ [ 129.003766700517531, 35.314112988377239 ], [ 129.003783389066882, 35.315014374160377 ], [ 129.004883111942235, 35.315000690125999 ], [ 129.004866411199657, 35.314099304796535 ], [ 129.003766700517531, 35.314112988377239 ] ] ] ] } },
{ "type": "Feature", "properties": { "GRID_CD_x": "마마367032", "SCH_POP": 0.0 }, "geometry": { "type": "MultiPolygon", "coordinates": [ [ [ [ 129.003783389066882, 35.315014374160377 ], [ 129.003800078357216, 35.315915759801989 ], [ 129.004899813426277, 35.31590207531395 ], [ 129.004883111942235, 35.315000690125999 ], [ 129.003783389066882, 35.315014374160377 ] ] ] ] } },
{ "type": "Feature", "properties": { "GRID_CD_x": "마마367033", "SCH_POP": 31.833961471838748 }, "geometry": { "type": "MultiPolygon", "coordinates": [ [ [ [ 129.003800078357216, 35.315915759801989 ], [ 129.003816768388504, 35.316817145302103 ], [ 129.004916515651843, 35.316803460360383 ], [ 129.004899813426277, 35.31590207531395 ], [ 129.003800078357216, 35.315915759801989 ] ] ] ] } },
{ "type": "Feature", "properties": { "GRID_CD_x": "마마367034", "SCH_POP": 122.5515510996798 }, "geometry": { "type": "MultiPolygon", "coordinates": [ [ [ [ 129.003816768388504, 35.316817145302103 ], [ 129.003833459160859, 35.317718530660699 ], [ 129.004933218618959, 35.31770484526529 ], [ 129.004916515651843, 35.316803460360383 ], [ 129.003816768388504, 35.316817145302103 ] ] ] ] } },
{ "type": "Feature", "properties": { "GRID_CD_x": "마마367035", "SCH_POP": 0.0 }, "geometry": { "type": "MultiPolygon", "coordinates": [ [ [ [ 129.003833459160859, 35.317718530660699 ], [ 129.003850150674225, 35.318619915877775 ], [ 129.004949922327683, 35.318606230028671 ], [ 129.004933218618959, 35.31770484526529 ], [ 129.003833459160859, 35.317718530660699 ] ] ] ] } },
{ "type": "Feature", "properties": { "GRID_CD_x": "마마367036", "SCH_POP": 0.0 }, "geometry": { "type": "MultiPolygon", "coordinates": [ [ [ [ 129.003850150674225, 35.318619915877775 ], [ 129.003866842928687, 35.31952130095334 ], [ 129.004966626778014, 35.319507614650512 ], [ 129.004949922327683, 35.318606230028671 ], [ 129.003850150674225, 35.318619915877775 ] ] ] ] } },
{ "type": "Feature", "properties": { "GRID_CD_x": "마마367037", "SCH_POP": 0.0 }, "geometry": { "type": "MultiPolygon", "coordinates": [ [ [ [ 129.003866842928687, 35.31952130095334 ], [ 129.003883535924246, 35.32042268588738 ], [ 129.00498333197001, 35.320408999130827 ], [ 129.004966626778014, 35.319507614650512 ], [ 129.003866842928687, 35.31952130095334 ] ] ] ] } },
{ "type": "Feature", "properties": { "GRID_CD_x": "마마367038", "SCH_POP": 0.0 }, "geometry": { "type": "MultiPolygon", "coordinates": [ [ [ [ 129.003883535924246, 35.32042268588738 ], [ 129.003900229660985, 35.3213240706799 ], [ 129.005000037903699, 35.321310383469623 ], [ 129.00498333197001, 35.320408999130827 ], [ 129.003883535924246, 35.32042268588738 ] ] ] ] } },
{ "type": "Feature", "properties": { "GRID_CD_x": "마마367039", "SCH_POP": 0.0 }, "geometry": { "type": "MultiPolygon", "coordinates": [ [ [ [ 129.003900229660985, 35.3213240706799 ], [ 129.003916924138878, 35.322225455330894 ], [ 129.005016744579109, 35.322211767666893 ], [ 129.005000037903699, 35.321310383469623 ], [ 129.003900229660985, 35.3213240706799 ] ] ] ] } },
{ "type": "Feature", "properties": { "GRID_CD_x": "마마367040", "SCH_POP": 0.0 }, "geometry": { "type": "MultiPolygon", "coordinates": [ [ [ [ 129.003916924138878, 35.322225455330894 ], [ 129.00393361935798, 35.323126839840377 ], [ 129.005033451996269, 35.323113151722609 ], [ 129.005016744579109, 35.322211767666893 ], [ 129.003916924138878, 35.322225455330894 ] ] ] ] } },
{ "type": "Feature", "properties": { "GRID_CD_x": "마마367041", "SCH_POP": 0.0 }, "geometry": { "type": "MultiPolygon", "coordinates": [ [ [ [ 129.00393361935798, 35.323126839840377 ], [ 129.00395031531832, 35.324028224208327 ], [ 129.005050160155207, 35.324014535636792 ], [ 129.005033451996269, 35.323113151722609 ], [ 129.00393361935798, 35.323126839840377 ] ] ] ] } },
{ "type": "Feature", "properties": { "GRID_CD_x": "마마367042", "SCH_POP": 0.0 }, "geometry": { "type": "MultiPolygon", "coordinates": [ [ [ [ 129.00395031531832, 35.324028224208327 ], [ 129.003967012019956, 35.324929608434743 ], [ 129.00506686905598, 35.324915919409456 ], [ 129.005050160155207, 35.324014535636792 ], [ 129.00395031531832, 35.324028224208327 ] ] ] ] } },
{ "type": "Feature", "properties": { "GRID_CD_x": "마마367043", "SCH_POP": 0.0 }, "geometry": { "type": "MultiPolygon", "coordinates": [ [ [ [ 129.003967012019956, 35.324929608434743 ], [ 129.003983709462915, 35.325830992519634 ], [ 129.005083578698617, 35.325817303040559 ], [ 129.00506686905598, 35.324915919409456 ], [ 129.003967012019956, 35.324929608434743 ] ] ] ] } },
{ "type": "Feature", "properties": { "GRID_CD_x": "마마367044", "SCH_POP": 0.0 }, "geometry": { "type": "MultiPolygon", "coordinates": [ [ [ [ 129.003983709462915, 35.325830992519634 ], [ 129.004000407647197, 35.326732376462999 ], [ 129.005100289083117, 35.326718686530128 ], [ 129.005083578698617, 35.325817303040559 ], [ 129.003983709462915, 35.325830992519634 ] ] ] ] } },
{ "type": "Feature", "properties": { "GRID_CD_x": "마마367045", "SCH_POP": 0.0 }, "geometry": { "type": "MultiPolygon", "coordinates": [ [ [ [ 129.004000407647197, 35.326732376462999 ], [ 129.00401710657286, 35.327633760264824 ], [ 129.005117000209538, 35.327620069878158 ], [ 129.005100289083117, 35.326718686530128 ], [ 129.004000407647197, 35.326732376462999 ] ] ] ] } },
{ "type": "Feature", "properties": { "GRID_CD_x": "마마367046", "SCH_POP": 0.0 }, "geometry": { "type": "MultiPolygon", "coordinates": [ [ [ [ 129.00401710657286, 35.327633760264824 ], [ 129.004033806239931, 35.328535143925116 ], [ 129.005133712077907, 35.328521453084647 ], [ 129.005117000209538, 35.327620069878158 ], [ 129.00401710657286, 35.327633760264824 ] ] ] ] } },
{ "type": "Feature", "properties": { "GRID_CD_x": "마마367047", "SCH_POP": 0.0 }, "geometry": { "type": "MultiPolygon", "coordinates": [ [ [ [ 129.004033806239931, 35.328535143925116 ], [ 129.00405050664844, 35.329436527443875 ], [ 129.005150424688281, 35.329422836149568 ], [ 129.005133712077907, 35.328521453084647 ], [ 129.004033806239931, 35.328535143925116 ] ] ] ] } },
{ "type": "Feature", "properties": { "GRID_CD_x": "마마367048", "SCH_POP": 6.1438613081166276 }, "geometry": { "type": "MultiPolygon", "coordinates": [ [ [ [ 129.00405050664844, 35.329436527443875 ], [ 129.004067207798442, 35.330337910821086 ], [ 129.005167138040633, 35.330324219072956 ], [ 129.005150424688281, 35.329422836149568 ], [ 129.00405050664844, 35.329436527443875 ] ] ] ] } },
{ "type": "Feature", "properties": { "GRID_CD_x": "마마367049", "SCH_POP": 2.097903861308116 }, "geometry": { "type": "MultiPolygon", "coordinates": [ [ [ [ 129.004067207798442, 35.330337910821086 ], [ 129.004083909689939, 35.331239294056758 ], [ 129.005183852135048, 35.33122560185479 ], [ 129.005167138040633, 35.330324219072956 ], [ 129.004067207798442, 35.330337910821086 ] ] ] ] } },
{ "type": "Feature", "properties": { "GRID_CD_x": "마마367050", "SCH_POP": 8.6153595152080182 }, "geometry": { "type": "MultiPolygon", "coordinates": [ [ [ [ 129.004083909689939, 35.331239294056758 ], [ 129.004100612323015, 35.332140677150896 ], [ 129.005200566971581, 35.332126984495076 ], [ 129.005183852135048, 35.33122560185479 ], [ 129.004083909689939, 35.331239294056758 ] ] ] ] } },
{ "type": "Feature", "properties": { "GRID_CD_x": "마마367051", "SCH_POP": 22.343130171308708 }, "geometry": { "type": "MultiPolygon", "coordinates": [ [ [ [ 129.004100612323015, 35.332140677150896 ], [ 129.004117315697613, 35.333042060103473 ], [ 129.005217282550177, 35.333028366993801 ], [ 129.005200566971581, 35.332126984495076 ], [ 129.004100612323015, 35.332140677150896 ] ] ] ] } },
{ "type": "Feature", "properties": { "GRID_CD_x": "마마367052", "SCH_POP": 10.035473721011538 }, "geometry": { "type": "MultiPolygon", "coordinates": [ [ [ [ 129.004117315697613, 35.333042060103473 ], [ 129.004134019813847, 35.333943442914524 ], [ 129.005233998870949, 35.333929749350979 ], [ 129.005217282550177, 35.333028366993801 ], [ 129.004117315697613, 35.333042060103473 ] ] ] ] } },
{ "type": "Feature", "properties": { "GRID_CD_x": "마마367053", "SCH_POP": 0.75739424309520997 }, "geometry": { "type": "MultiPolygon", "coordinates": [ [ [ [ 129.004134019813847, 35.333943442914524 ], [ 129.004150724671689, 35.334844825584007 ], [ 129.005250715933926, 35.334831131566588 ], [ 129.005233998870949, 35.333929749350979 ], [ 129.004134019813847, 35.333943442914524 ] ] ] ] } },
{ "type": "Feature", "properties": { "GRID_CD_x": "마마367054", "SCH_POP": 13.917119216874491 }, "geometry": { "type": "MultiPolygon", "coordinates": [ [ [ [ 129.004150724671689, 35.334844825584007 ], [ 129.004167430271252, 35.335746208111949 ], [ 129.005267433739078, 35.335732513640636 ], [ 129.005250715933926, 35.334831131566588 ], [ 129.004150724671689, 35.334844825584007 ] ] ] ] } },
{ "type": "Feature", "properties": { "GRID_CD_x": "마마367055", "SCH_POP": 18.650833236219562 }, "geometry": { "type": "MultiPolygon", "coordinates": [ [ [ [ 129.004167430271252, 35.335746208111949 ], [ 129.00418413661248, 35.336647590498352 ], [ 129.005284152286492, 35.336633895573129 ], [ 129.005267433739078, 35.335732513640636 ], [ 129.004167430271252, 35.335746208111949 ] ] ] ] } },
{ "type": "Feature", "properties": { "GRID_CD_x": "마마367056", "SCH_POP": 0.0 }, "geometry": { "type": "MultiPolygon", "coordinates": [ [ [ [ 129.00418413661248, 35.336647590498352 ], [ 129.004200843695457, 35.337548972743171 ], [ 129.005300871576196, 35.337535277364054 ], [ 129.005284152286492, 35.336633895573129 ], [ 129.00418413661248, 35.336647590498352 ] ] ] ] } },
{ "type": "Feature", "properties": { "GRID_CD_x": "마마367057", "SCH_POP": 0.0 }, "geometry": { "type": "MultiPolygon", "coordinates": [ [ [ [ 129.004200843695457, 35.337548972743171 ], [ 129.004217551520213, 35.338450354846451 ], [ 129.00531759160819, 35.338436659013411 ], [ 129.005300871576196, 35.337535277364054 ], [ 129.004200843695457, 35.337548972743171 ] ] ] ] } },
{ "type": "Feature", "properties": { "GRID_CD_x": "마마367058", "SCH_POP": 0.0 }, "geometry": { "type": "MultiPolygon", "coordinates": [ [ [ [ 129.004217551520213, 35.338450354846451 ], [ 129.004234260086776, 35.339351736808176 ], [ 129.00533431238253, 35.339338040521206 ], [ 129.00531759160819, 35.338436659013411 ], [ 129.004217551520213, 35.338450354846451 ] ] ] ] } },
{ "type": "Feature", "properties": { "GRID_CD_x": "마마367059", "SCH_POP": 0.0 }, "geometry": { "type": "MultiPolygon", "coordinates": [ [ [ [ 129.004234260086776, 35.339351736808176 ], [ 129.004250969395144, 35.340253118628347 ], [ 129.005351033899245, 35.340239421887432 ], [ 129.00533431238253, 35.339338040521206 ], [ 129.004234260086776, 35.339351736808176 ] ] ] ] } },
{ "type": "Feature", "properties": { "GRID_CD_x": "마마367060", "SCH_POP": 0.0 }, "geometry": { "type": "MultiPolygon", "coordinates": [ [ [ [ 129.004250969395144, 35.340253118628347 ], [ 129.004267679445405, 35.341154500306942 ], [ 129.005367756158392, 35.341140803112083 ], [ 129.005351033899245, 35.340239421887432 ], [ 129.004250969395144, 35.340253118628347 ] ] ] ] } },
{ "type": "Feature", "properties": { "GRID_CD_x": "마마367061", "SCH_POP": 0.0 }, "geometry": { "type": "MultiPolygon", "coordinates": [ [ [ [ 129.004267679445405, 35.341154500306942 ], [ 129.004284390237586, 35.342055881843983 ], [ 129.005384479159972, 35.342042184195172 ], [ 129.005367756158392, 35.341140803112083 ], [ 129.004267679445405, 35.341154500306942 ] ] ] ] } },
{ "type": "Feature", "properties": { "GRID_CD_x": "마마367062", "SCH_POP": 0.0 }, "geometry": { "type": "MultiPolygon", "coordinates": [ [ [ [ 129.004284390237586, 35.342055881843983 ], [ 129.004301101771659, 35.342957263239455 ], [ 129.005401202904039, 35.342943565136672 ], [ 129.005384479159972, 35.342042184195172 ], [ 129.004284390237586, 35.342055881843983 ] ] ] ] } },
{ "type": "Feature", "properties": { "GRID_CD_x": "마마367063", "SCH_POP": 0.0 }, "geometry": { "type": "MultiPolygon", "coordinates": [ [ [ [ 129.004301101771659, 35.342957263239455 ], [ 129.004317814047738, 35.343858644493359 ], [ 129.005417927390624, 35.343844945936603 ], [ 129.005401202904039, 35.342943565136672 ], [ 129.004301101771659, 35.342957263239455 ] ] ] ] } },
{ "type": "Feature", "properties": { "GRID_CD_x": "마마368000", "SCH_POP": 0.0 }, "geometry": { "type": "MultiPolygon", "coordinates": [ [ [ [ 129.004349055781034, 35.286156289399422 ], [ 129.004365733553641, 35.287057679115087 ], [ 129.005465077951357, 35.287043999153234 ], [ 129.00544838800235, 35.286142609891264 ], [ 129.004349055781034, 35.286156289399422 ] ] ] ] } },
{ "type": "Feature", "properties": { "GRID_CD_x": "마마368001", "SCH_POP": 0.0 }, "geometry": { "type": "MultiPolygon", "coordinates": [ [ [ [ 129.004365733553641, 35.287057679115087 ], [ 129.004382412066718, 35.287959068689275 ], [ 129.005481768641346, 35.287945388273727 ], [ 129.005465077951357, 35.287043999153234 ], [ 129.004365733553641, 35.287057679115087 ] ] ] ] } },
{ "type": "Feature", "properties": { "GRID_CD_x": "마마368002", "SCH_POP": 0.0 }, "geometry": { "type": "MultiPolygon", "coordinates": [ [ [ [ 129.004382412066718, 35.287959068689275 ], [ 129.004399091320295, 35.288860458122009 ], [ 129.005498460072403, 35.288846777252758 ], [ 129.005481768641346, 35.287945388273727 ], [ 129.004382412066718, 35.287959068689275 ] ] ] ] } },
{ "type": "Feature", "properties": { "GRID_CD_x": "마마368003", "SCH_POP": 0.0 }, "geometry": { "type": "MultiPolygon", "coordinates": [ [ [ [ 129.004399091320295, 35.288860458122009 ], [ 129.004415771314427, 35.289761847413281 ], [ 129.005515152244556, 35.289748166090313 ], [ 129.005498460072403, 35.288846777252758 ], [ 129.004399091320295, 35.288860458122009 ] ] ] ] } },
{ "type": "Feature", "properties": { "GRID_CD_x": "마마368004", "SCH_POP": 0.0 }, "geometry": { "type": "MultiPolygon", "coordinates": [ [ [ [ 129.004415771314427, 35.289761847413281 ], [ 129.004432452049116, 35.290663236563077 ], [ 129.005531845157776, 35.290649554786384 ], [ 129.005515152244556, 35.289748166090313 ], [ 129.004415771314427, 35.289761847413281 ] ] ] ] } },
{ "type": "Feature", "properties": { "GRID_CD_x": "마마368005", "SCH_POP": 0.0 }, "geometry": { "type": "MultiPolygon", "coordinates": [ [ [ [ 129.004432452049116, 35.290663236563077 ], [ 129.004449133524417, 35.291564625571404 ], [ 129.005548538812178, 35.291550943340972 ], [ 129.005531845157776, 35.290649554786384 ], [ 129.004432452049116, 35.290663236563077 ] ] ] ] } },
{ "type": "Feature", "properties": { "GRID_CD_x": "마마368006", "SCH_POP": 0.0 }, "geometry": { "type": "MultiPolygon", "coordinates": [ [ [ [ 129.004449133524417, 35.291564625571404 ], [ 129.00446581574036, 35.292466014438268 ], [ 129.005565233207733, 35.292452331754085 ], [ 129.005548538812178, 35.291550943340972 ], [ 129.004449133524417, 35.291564625571404 ] ] ] ] } },
{ "type": "Feature", "properties": { "GRID_CD_x": "마마368007", "SCH_POP": 0.0 }, "geometry": { "type": "MultiPolygon", "coordinates": [ [ [ [ 129.00446581574036, 35.292466014438268 ], [ 129.004482498696945, 35.29336740316365 ], [ 129.005581928344526, 35.293353720025713 ], [ 129.005565233207733, 35.292452331754085 ], [ 129.00446581574036, 35.292466014438268 ] ] ] ] } },
{ "type": "Feature", "properties": { "GRID_CD_x": "마마368008", "SCH_POP": 0.0 }, "geometry": { "type": "MultiPolygon", "coordinates": [ [ [ [ 129.004482498696945, 35.29336740316365 ], [ 129.004499182394284, 35.294268791747548 ], [ 129.005598624222557, 35.294255108155852 ], [ 129.005581928344526, 35.293353720025713 ], [ 129.004482498696945, 35.29336740316365 ] ] ] ] } },
{ "type": "Feature", "properties": { "GRID_CD_x": "마마368009", "SCH_POP": 0.0 }, "geometry": { "type": "MultiPolygon", "coordinates": [ [ [ [ 129.004499182394284, 35.294268791747548 ], [ 129.004515866832321, 35.295170180189977 ], [ 129.005615320841855, 35.295156496144507 ], [ 129.005598624222557, 35.294255108155852 ], [ 129.004499182394284, 35.294268791747548 ] ] ] ] } },
{ "type": "Feature", "properties": { "GRID_CD_x": "마마368010", "SCH_POP": 0.0 }, "geometry": { "type": "MultiPolygon", "coordinates": [ [ [ [ 129.004515866832321, 35.295170180189977 ], [ 129.00453255201117, 35.296071568490937 ], [ 129.005632018202476, 35.296057883991679 ], [ 129.005615320841855, 35.295156496144507 ], [ 129.004515866832321, 35.295170180189977 ] ] ] ] } },
{ "type": "Feature", "properties": { "GRID_CD_x": "마마368011", "SCH_POP": 0.0 }, "geometry": { "type": "MultiPolygon", "coordinates": [ [ [ [ 129.00453255201117, 35.296071568490937 ], [ 129.004549237930775, 35.2969729566504 ], [ 129.005648716304421, 35.296959271697354 ], [ 129.005632018202476, 35.296057883991679 ], [ 129.00453255201117, 35.296071568490937 ] ] ] ] } },
{ "type": "Feature", "properties": { "GRID_CD_x": "마마368012", "SCH_POP": 0.0 }, "geometry": { "type": "MultiPolygon", "coordinates": [ [ [ [ 129.004549237930775, 35.2969729566504 ], [ 129.004565924591247, 35.297874344668386 ], [ 129.005665415147746, 35.297860659261531 ], [ 129.005648716304421, 35.296959271697354 ], [ 129.004549237930775, 35.2969729566504 ] ] ] ] } },
{ "type": "Feature", "properties": { "GRID_CD_x": "마마368013", "SCH_POP": 0.0 }, "geometry": { "type": "MultiPolygon", "coordinates": [ [ [ [ 129.004565924591247, 35.297874344668386 ], [ 129.004582611992561, 35.298775732544883 ], [ 129.005682114732508, 35.298762046684224 ], [ 129.005665415147746, 35.297860659261531 ], [ 129.004565924591247, 35.297874344668386 ] ] ] ] } },
{ "type": "Feature", "properties": { "GRID_CD_x": "마마368014", "SCH_POP": 0.0 }, "geometry": { "type": "MultiPolygon", "coordinates": [ [ [ [ 129.004582611992561, 35.298775732544883 ], [ 129.004599300134771, 35.299677120279917 ], [ 129.005698815058679, 35.299663433965421 ], [ 129.005682114732508, 35.298762046684224 ], [ 129.004582611992561, 35.298775732544883 ] ] ] ] } },
{ "type": "Feature", "properties": { "GRID_CD_x": "마마368015", "SCH_POP": 0.0 }, "geometry": { "type": "MultiPolygon", "coordinates": [ [ [ [ 129.004599300134771, 35.299677120279917 ], [ 129.004615989017964, 35.300578507873446 ], [ 129.005715516126344, 35.300564821105112 ], [ 129.005698815058679, 35.299663433965421 ], [ 129.004599300134771, 35.299677120279917 ] ] ] ] } },
{ "type": "Feature", "properties": { "GRID_CD_x": "마마368016", "SCH_POP": 0.0 }, "geometry": { "type": "MultiPolygon", "coordinates": [ [ [ [ 129.004615989017964, 35.300578507873446 ], [ 129.004632678642054, 35.301479895325485 ], [ 129.005732217935474, 35.301466208103307 ], [ 129.005715516126344, 35.300564821105112 ], [ 129.004615989017964, 35.300578507873446 ] ] ] ] } },
{ "type": "Feature", "properties": { "GRID_CD_x": "마마368017", "SCH_POP": 0.0 }, "geometry": { "type": "MultiPolygon", "coordinates": [ [ [ [ 129.004632678642054, 35.301479895325485 ], [ 129.004649369007183, 35.302381282636034 ], [ 129.005748920486184, 35.302367594959996 ], [ 129.005732217935474, 35.301466208103307 ], [ 129.004632678642054, 35.301479895325485 ] ] ] ] } },
{ "type": "Feature", "properties": { "GRID_CD_x": "마마368018", "SCH_POP": 0.0 }, "geometry": { "type": "MultiPolygon", "coordinates": [ [ [ [ 129.004649369007183, 35.302381282636034 ], [ 129.004666060113379, 35.303282669805078 ], [ 129.005765623778473, 35.303268981675181 ], [ 129.005748920486184, 35.302367594959996 ], [ 129.004649369007183, 35.302381282636034 ] ] ] ] } },
{ "type": "Feature", "properties": { "GRID_CD_x": "마마368019", "SCH_POP": 0.0 }, "geometry": { "type": "MultiPolygon", "coordinates": [ [ [ [ 129.004666060113379, 35.303282669805078 ], [ 129.004682751960587, 35.304184056832632 ], [ 129.005782327812341, 35.304170368248869 ], [ 129.005765623778473, 35.303268981675181 ], [ 129.004666060113379, 35.303282669805078 ] ] ] ] } },
{ "type": "Feature", "properties": { "GRID_CD_x": "마마368020", "SCH_POP": 2.0124479232420152 }, "geometry": { "type": "MultiPolygon", "coordinates": [ [ [ [ 129.004682751960587, 35.304184056832632 ], [ 129.004699444548891, 35.305085443718696 ], [ 129.005799032587845, 35.305071754681038 ], [ 129.005782327812341, 35.304170368248869 ], [ 129.004682751960587, 35.304184056832632 ] ] ] ] } },
{ "type": "Feature", "properties": { "GRID_CD_x": "마마368021", "SCH_POP": 8.9786138113874525 }, "geometry": { "type": "MultiPolygon", "coordinates": [ [ [ [ 129.004699444548891, 35.305085443718696 ], [ 129.004716137878347, 35.305986830463254 ], [ 129.005815738105042, 35.305973140971716 ], [ 129.005799032587845, 35.305071754681038 ], [ 129.004699444548891, 35.305085443718696 ] ] ] ] } },
{ "type": "Feature", "properties": { "GRID_CD_x": "마마368022", "SCH_POP": 5.1085216513066536 }, "geometry": { "type": "MultiPolygon", "coordinates": [ [ [ [ 129.004716137878347, 35.305986830463254 ], [ 129.004732831948957, 35.306888217066323 ], [ 129.005832444363932, 35.306874527120868 ], [ 129.005815738105042, 35.305973140971716 ], [ 129.004716137878347, 35.305986830463254 ] ] ] ] } },
{ "type": "Feature", "properties": { "GRID_CD_x": "마마368023", "SCH_POP": 2.7864663552581739 }, "geometry": { "type": "MultiPolygon", "coordinates": [ [ [ [ 129.004732831948957, 35.306888217066323 ], [ 129.004749526760747, 35.30778960352788 ], [ 129.005849151364572, 35.307775913128516 ], [ 129.005832444363932, 35.306874527120868 ], [ 129.004732831948957, 35.306888217066323 ] ] ] ] } },
{ "type": "Feature", "properties": { "GRID_CD_x": "마마368024", "SCH_POP": 6.6565585153389737 }, "geometry": { "type": "MultiPolygon", "coordinates": [ [ [ [ 129.004749526760747, 35.30778960352788 ], [ 129.004766222313805, 35.308690989847925 ], [ 129.00586585910699, 35.308677298994638 ], [ 129.005849151364572, 35.307775913128516 ], [ 129.004749526760747, 35.30778960352788 ] ] ] ] } },
{ "type": "Feature", "properties": { "GRID_CD_x": "마마368025", "SCH_POP": 3.5604847872743339 }, "geometry": { "type": "MultiPolygon", "coordinates": [ [ [ [ 129.004766222313805, 35.308690989847925 ], [ 129.0047829186081, 35.309592376026472 ], [ 129.005882567591158, 35.309578684719263 ], [ 129.00586585910699, 35.308677298994638 ], [ 129.004766222313805, 35.308690989847925 ] ] ] ] } },
{ "type": "Feature", "properties": { "GRID_CD_x": "마마368026", "SCH_POP": 0.77401843201616005 }, "geometry": { "type": "MultiPolygon", "coordinates": [ [ [ [ 129.0047829186081, 35.309592376026472 ], [ 129.004799615643691, 35.310493762063516 ], [ 129.005899276817189, 35.310480070302347 ], [ 129.005882567591158, 35.309578684719263 ], [ 129.0047829186081, 35.309592376026472 ] ] ] ] } },
{ "type": "Feature", "properties": { "GRID_CD_x": "마마368027", "SCH_POP": 0.0 }, "geometry": { "type": "MultiPolygon", "coordinates": [ [ [ [ 129.004799615643691, 35.310493762063516 ], [ 129.004816313420605, 35.31139514795904 ], [ 129.005915986785112, 35.311381455743927 ], [ 129.005899276817189, 35.310480070302347 ], [ 129.004799615643691, 35.310493762063516 ] ] ] ] } },
{ "type": "Feature", "properties": { "GRID_CD_x": "마마368028", "SCH_POP": 111.61345789673021 }, "geometry": { "type": "MultiPolygon", "coordinates": [ [ [ [ 129.004816313420605, 35.31139514795904 ], [ 129.004833011938899, 35.312296533713052 ], [ 129.005932697494927, 35.312282841043974 ], [ 129.005915986785112, 35.311381455743927 ], [ 129.004816313420605, 35.31139514795904 ] ] ] ] } },
{ "type": "Feature", "properties": { "GRID_CD_x": "마마368029", "SCH_POP": 31.889559399065774 }, "geometry": { "type": "MultiPolygon", "coordinates": [ [ [ [ 129.004833011938899, 35.312296533713052 ], [ 129.004849711198574, 35.31319791932556 ], [ 129.005949408946634, 35.313184226202502 ], [ 129.005932697494927, 35.312282841043974 ], [ 129.004833011938899, 35.312296533713052 ] ] ] ] } },
{ "type": "Feature", "properties": { "GRID_CD_x": "마마368030", "SCH_POP": 51.707185974489526 }, "geometry": { "type": "MultiPolygon", "coordinates": [ [ [ [ 129.004849711198574, 35.31319791932556 ], [ 129.004866411199657, 35.314099304796535 ], [ 129.005966121140347, 35.314085611219504 ], [ 129.005949408946634, 35.313184226202502 ], [ 129.004849711198574, 35.31319791932556 ] ] ] ] } },
{ "type": "Feature", "properties": { "GRID_CD_x": "마마368031", "SCH_POP": 104.7024513148916 }, "geometry": { "type": "MultiPolygon", "coordinates": [ [ [ [ 129.004866411199657, 35.314099304796535 ], [ 129.004883111942235, 35.315000690125999 ], [ 129.005982834076036, 35.314986996094973 ], [ 129.005966121140347, 35.314085611219504 ], [ 129.004866411199657, 35.314099304796535 ] ] ] ] } },
{ "type": "Feature", "properties": { "GRID_CD_x": "마마368032", "SCH_POP": 0.0 }, "geometry": { "type": "MultiPolygon", "coordinates": [ [ [ [ 129.004883111942235, 35.315000690125999 ], [ 129.004899813426277, 35.31590207531395 ], [ 129.005999547753788, 35.315888380828916 ], [ 129.005982834076036, 35.314986996094973 ], [ 129.004883111942235, 35.315000690125999 ] ] ] ] } },
{ "type": "Feature", "properties": { "GRID_CD_x": "마마368033", "SCH_POP": 97.710020471366335 }, "geometry": { "type": "MultiPolygon", "coordinates": [ [ [ [ 129.004899813426277, 35.31590207531395 ], [ 129.004916515651843, 35.316803460360383 ], [ 129.006016262173603, 35.316789765421341 ], [ 129.005999547753788, 35.315888380828916 ], [ 129.004899813426277, 35.31590207531395 ] ] ] ] } },
{ "type": "Feature", "properties": { "GRID_CD_x": "마마368034", "SCH_POP": 103.78239462495407 }, "geometry": { "type": "MultiPolygon", "coordinates": [ [ [ [ 129.004916515651843, 35.316803460360383 ], [ 129.004933218618959, 35.31770484526529 ], [ 129.006032977335508, 35.317691149872232 ], [ 129.006016262173603, 35.316789765421341 ], [ 129.004916515651843, 35.316803460360383 ] ] ] ] } },
{ "type": "Feature", "properties": { "GRID_CD_x": "마마368035", "SCH_POP": 110.77482546847932 }, "geometry": { "type": "MultiPolygon", "coordinates": [ [ [ [ 129.004933218618959, 35.31770484526529 ], [ 129.004949922327683, 35.318606230028671 ], [ 129.006049693239504, 35.318592534181569 ], [ 129.006032977335508, 35.317691149872232 ], [ 129.004933218618959, 35.31770484526529 ] ] ] ] } },
{ "type": "Feature", "properties": { "GRID_CD_x": "마마368036", "SCH_POP": 0.0 }, "geometry": { "type": "MultiPolygon", "coordinates": [ [ [ [ 129.004949922327683, 35.318606230028671 ], [ 129.004966626778014, 35.319507614650512 ], [ 129.006066409885733, 35.319493918349373 ], [ 129.006049693239504, 35.318592534181569 ], [ 129.004949922327683, 35.318606230028671 ] ] ] ] } },
{ "type": "Feature", "properties": { "GRID_CD_x": "마마368037", "SCH_POP": 0.0 }, "geometry": { "type": "MultiPolygon", "coordinates": [ [ [ [ 129.004966626778014, 35.319507614650512 ], [ 129.00498333197001, 35.320408999130827 ], [ 129.006083127274081, 35.320395302375644 ], [ 129.006066409885733, 35.319493918349373 ], [ 129.004966626778014, 35.319507614650512 ] ] ] ] } },
{ "type": "Feature", "properties": { "GRID_CD_x": "마마368038", "SCH_POP": 0.0 }, "geometry": { "type": "MultiPolygon", "coordinates": [ [ [ [ 129.00498333197001, 35.320408999130827 ], [ 129.005000037903699, 35.321310383469623 ], [ 129.006099845404719, 35.321296686260375 ], [ 129.006083127274081, 35.320395302375644 ], [ 129.00498333197001, 35.320408999130827 ] ] ] ] } },
{ "type": "Feature", "properties": { "GRID_CD_x": "마마368039", "SCH_POP": 0.0 }, "geometry": { "type": "MultiPolygon", "coordinates": [ [ [ [ 129.005000037903699, 35.321310383469623 ], [ 129.005016744579109, 35.322211767666893 ], [ 129.00611656427759, 35.322198070003566 ], [ 129.006099845404719, 35.321296686260375 ], [ 129.005000037903699, 35.321310383469623 ] ] ] ] } },
{ "type": "Feature", "properties": { "GRID_CD_x": "마마368040", "SCH_POP": 0.0 }, "geometry": { "type": "MultiPolygon", "coordinates": [ [ [ [ 129.005016744579109, 35.322211767666893 ], [ 129.005033451996269, 35.323113151722609 ], [ 129.00613328389278, 35.323099453605209 ], [ 129.00611656427759, 35.322198070003566 ], [ 129.005016744579109, 35.322211767666893 ] ] ] ] } },
{ "type": "Feature", "properties": { "GRID_CD_x": "마마368041", "SCH_POP": 0.0 }, "geometry": { "type": "MultiPolygon", "coordinates": [ [ [ [ 129.005033451996269, 35.323113151722609 ], [ 129.005050160155207, 35.324014535636792 ], [ 129.006150004250287, 35.324000837065299 ], [ 129.00613328389278, 35.323099453605209 ], [ 129.005033451996269, 35.323113151722609 ] ] ] ] } },
{ "type": "Feature", "properties": { "GRID_CD_x": "마마368042", "SCH_POP": 0.0 }, "geometry": { "type": "MultiPolygon", "coordinates": [ [ [ [ 129.005050160155207, 35.324014535636792 ], [ 129.00506686905598, 35.324915919409456 ], [ 129.006166725350141, 35.324902220383841 ], [ 129.006150004250287, 35.324000837065299 ], [ 129.005050160155207, 35.324014535636792 ] ] ] ] } },
{ "type": "Feature", "properties": { "GRID_CD_x": "마마368043", "SCH_POP": 0.0 }, "geometry": { "type": "MultiPolygon", "coordinates": [ [ [ [ 129.00506686905598, 35.324915919409456 ], [ 129.005083578698617, 35.325817303040559 ], [ 129.006183447192399, 35.32580360356085 ], [ 129.006166725350141, 35.324902220383841 ], [ 129.00506686905598, 35.324915919409456 ] ] ] ] } },
{ "type": "Feature", "properties": { "GRID_CD_x": "마마368044", "SCH_POP": 0.0 }, "geometry": { "type": "MultiPolygon", "coordinates": [ [ [ [ 129.005083578698617, 35.325817303040559 ], [ 129.005100289083117, 35.326718686530128 ], [ 129.006200169777088, 35.326704986596297 ], [ 129.006183447192399, 35.32580360356085 ], [ 129.005083578698617, 35.325817303040559 ] ] ] ] } },
{ "type": "Feature", "properties": { "GRID_CD_x": "마마368045", "SCH_POP": 0.0 }, "geometry": { "type": "MultiPolygon", "coordinates": [ [ [ [ 129.005100289083117, 35.326718686530128 ], [ 129.005117000209538, 35.327620069878158 ], [ 129.006216893104238, 35.327606369490191 ], [ 129.006200169777088, 35.326704986596297 ], [ 129.005100289083117, 35.326718686530128 ] ] ] ] } },
{ "type": "Feature", "properties": { "GRID_CD_x": "마마368046", "SCH_POP": 0.0 }, "geometry": { "type": "MultiPolygon", "coordinates": [ [ [ [ 129.005117000209538, 35.327620069878158 ], [ 129.005133712077907, 35.328521453084647 ], [ 129.006233617173876, 35.32850775224253 ], [ 129.006216893104238, 35.327606369490191 ], [ 129.005117000209538, 35.327620069878158 ] ] ] ] } },
{ "type": "Feature", "properties": { "GRID_CD_x": "마마368047", "SCH_POP": 0.0 }, "geometry": { "type": "MultiPolygon", "coordinates": [ [ [ [ 129.005133712077907, 35.328521453084647 ], [ 129.005150424688281, 35.329422836149568 ], [ 129.006250341986032, 35.329409134853321 ], [ 129.006233617173876, 35.32850775224253 ], [ 129.005133712077907, 35.328521453084647 ] ] ] ] } },
{ "type": "Feature", "properties": { "GRID_CD_x": "마마368048", "SCH_POP": 1.8731284475965331 }, "geometry": { "type": "MultiPolygon", "coordinates": [ [ [ [ 129.005150424688281, 35.329422836149568 ], [ 129.005167138040633, 35.330324219072956 ], [ 129.006267067540762, 35.33031051732253 ], [ 129.006250341986032, 35.329409134853321 ], [ 129.005150424688281, 35.329422836149568 ] ] ] ] } },
{ "type": "Feature", "properties": { "GRID_CD_x": "마마368049", "SCH_POP": 4.945059101654846 }, "geometry": { "type": "MultiPolygon", "coordinates": [ [ [ [ 129.005167138040633, 35.330324219072956 ], [ 129.005183852135048, 35.33122560185479 ], [ 129.006283793838065, 35.331211899650199 ], [ 129.006267067540762, 35.33031051732253 ], [ 129.005167138040633, 35.330324219072956 ] ] ] ] } },
{ "type": "Feature", "properties": { "GRID_CD_x": "마마368050", "SCH_POP": 16.662673348094629 }, "geometry": { "type": "MultiPolygon", "coordinates": [ [ [ [ 129.005183852135048, 35.33122560185479 ], [ 129.005200566971581, 35.332126984495076 ], [ 129.006300520878, 35.332113281836307 ], [ 129.006283793838065, 35.331211899650199 ], [ 129.005183852135048, 35.33122560185479 ] ] ] ] } },
{ "type": "Feature", "properties": { "GRID_CD_x": "마마368051", "SCH_POP": 37.869712154760521 }, "geometry": { "type": "MultiPolygon", "coordinates": [ [ [ [ 129.005200566971581, 35.332126984495076 ], [ 129.005217282550177, 35.333028366993801 ], [ 129.006317248660594, 35.333014663880832 ], [ 129.006300520878, 35.332113281836307 ], [ 129.005200566971581, 35.332126984495076 ] ] ] ] } },
{ "type": "Feature", "properties": { "GRID_CD_x": "마마368052", "SCH_POP": 65.325253466961897 }, "geometry": { "type": "MultiPolygon", "coordinates": [ [ [ [ 129.005217282550177, 35.333028366993801 ], [ 129.005233998870949, 35.333929749350979 ], [ 129.006333977185875, 35.333916045783816 ], [ 129.006317248660594, 35.333014663880832 ], [ 129.005217282550177, 35.333028366993801 ] ] ] ] } },
{ "type": "Feature", "properties": { "GRID_CD_x": "마마368053", "SCH_POP": 80.757161170026805 }, "geometry": { "type": "MultiPolygon", "coordinates": [ [ [ [ 129.005233998870949, 35.333929749350979 ], [ 129.005250715933926, 35.334831131566588 ], [ 129.006350706453901, 35.334817427545218 ], [ 129.006333977185875, 35.333916045783816 ], [ 129.005233998870949, 35.333929749350979 ] ] ] ] } },
{ "type": "Feature", "properties": { "GRID_CD_x": "마마368054", "SCH_POP": 47.810511595385158 }, "geometry": { "type": "MultiPolygon", "coordinates": [ [ [ [ 129.005250715933926, 35.334831131566588 ], [ 129.005267433739078, 35.335732513640636 ], [ 129.006367436464643, 35.335718809165037 ], [ 129.006350706453901, 35.334817427545218 ], [ 129.005250715933926, 35.334831131566588 ] ] ] ] } },
{ "type": "Feature", "properties": { "GRID_CD_x": "마마368055", "SCH_POP": 40.141894884046152 }, "geometry": { "type": "MultiPolygon", "coordinates": [ [ [ [ 129.005267433739078, 35.335732513640636 ], [ 129.005284152286492, 35.336633895573129 ], [ 129.006384167218215, 35.336620190643302 ], [ 129.006367436464643, 35.335718809165037 ], [ 129.005267433739078, 35.335732513640636 ] ] ] ] } },
{ "type": "Feature", "properties": { "GRID_CD_x": "마마368056", "SCH_POP": 0.0 }, "geometry": { "type": "MultiPolygon", "coordinates": [ [ [ [ 129.005284152286492, 35.336633895573129 ], [ 129.005300871576196, 35.337535277364054 ], [ 129.006400898714588, 35.337521571979984 ], [ 129.006384167218215, 35.336620190643302 ], [ 129.005284152286492, 35.336633895573129 ] ] ] ] } },
{ "type": "Feature", "properties": { "GRID_CD_x": "마마368057", "SCH_POP": 0.0 }, "geometry": { "type": "MultiPolygon", "coordinates": [ [ [ [ 129.005300871576196, 35.337535277364054 ], [ 129.00531759160819, 35.338436659013411 ], [ 129.006417630953791, 35.33842295317509 ], [ 129.006400898714588, 35.337521571979984 ], [ 129.005300871576196, 35.337535277364054 ] ] ] ] } },
{ "type": "Feature", "properties": { "GRID_CD_x": "마마368058", "SCH_POP": 0.0 }, "geometry": { "type": "MultiPolygon", "coordinates": [ [ [ [ 129.00531759160819, 35.338436659013411 ], [ 129.00533431238253, 35.339338040521206 ], [ 129.006434363935909, 35.339324334228642 ], [ 129.006417630953791, 35.33842295317509 ], [ 129.00531759160819, 35.338436659013411 ] ] ] ] } },
{ "type": "Feature", "properties": { "GRID_CD_x": "마마368059", "SCH_POP": 0.0 }, "geometry": { "type": "MultiPolygon", "coordinates": [ [ [ [ 129.00533431238253, 35.339338040521206 ], [ 129.005351033899245, 35.340239421887432 ], [ 129.006451097660943, 35.340225715140591 ], [ 129.006434363935909, 35.339324334228642 ], [ 129.00533431238253, 35.339338040521206 ] ] ] ] } },
{ "type": "Feature", "properties": { "GRID_CD_x": "마마368060", "SCH_POP": 0.0 }, "geometry": { "type": "MultiPolygon", "coordinates": [ [ [ [ 129.005351033899245, 35.340239421887432 ], [ 129.005367756158392, 35.341140803112083 ], [ 129.006467832128948, 35.341127095910956 ], [ 129.006451097660943, 35.340225715140591 ], [ 129.005351033899245, 35.340239421887432 ] ] ] ] } },
{ "type": "Feature", "properties": { "GRID_CD_x": "마마368061", "SCH_POP": 0.0 }, "geometry": { "type": "MultiPolygon", "coordinates": [ [ [ [ 129.005367756158392, 35.341140803112083 ], [ 129.005384479159972, 35.342042184195172 ], [ 129.006484567339925, 35.342028476539738 ], [ 129.006467832128948, 35.341127095910956 ], [ 129.005367756158392, 35.341140803112083 ] ] ] ] } },
{ "type": "Feature", "properties": { "GRID_CD_x": "마마368062", "SCH_POP": 0.0 }, "geometry": { "type": "MultiPolygon", "coordinates": [ [ [ [ 129.005384479159972, 35.342042184195172 ], [ 129.005401202904039, 35.342943565136672 ], [ 129.006501303293902, 35.342929857026952 ], [ 129.006484567339925, 35.342028476539738 ], [ 129.005384479159972, 35.342042184195172 ] ] ] ] } },
{ "type": "Feature", "properties": { "GRID_CD_x": "마마368063", "SCH_POP": 0.0 }, "geometry": { "type": "MultiPolygon", "coordinates": [ [ [ [ 129.005401202904039, 35.342943565136672 ], [ 129.005417927390624, 35.343844945936603 ], [ 129.006518039990937, 35.343831237372569 ], [ 129.006501303293902, 35.342929857026952 ], [ 129.005401202904039, 35.342943565136672 ] ] ] ] } },
{ "type": "Feature", "properties": { "GRID_CD_x": "마마368064", "SCH_POP": 0.0 }, "geometry": { "type": "MultiPolygon", "coordinates": [ [ [ [ 129.005417927390624, 35.343844945936603 ], [ 129.005434652619726, 35.344746326594958 ], [ 129.006534777431085, 35.344732617576611 ], [ 129.006518039990937, 35.343831237372569 ], [ 129.005417927390624, 35.343844945936603 ] ] ] ] } },
{ "type": "Feature", "properties": { "GRID_CD_x": "마마368065", "SCH_POP": 0.0 }, "geometry": { "type": "MultiPolygon", "coordinates": [ [ [ [ 129.005434652619726, 35.344746326594958 ], [ 129.005451378591403, 35.345647707111723 ], [ 129.006551515614319, 35.345633997639055 ], [ 129.006534777431085, 35.344732617576611 ], [ 129.005434652619726, 35.344746326594958 ] ] ] ] } },
{ "type": "Feature", "properties": { "GRID_CD_x": "마마368066", "SCH_POP": 0.0 }, "geometry": { "type": "MultiPolygon", "coordinates": [ [ [ [ 129.005451378591403, 35.345647707111723 ], [ 129.005468105305738, 35.346549087486913 ], [ 129.006568254540724, 35.346535377559889 ], [ 129.006551515614319, 35.345633997639055 ], [ 129.005451378591403, 35.345647707111723 ] ] ] ] } },
{ "type": "Feature", "properties": { "GRID_CD_x": "마마369000", "SCH_POP": 0.0 }, "geometry": { "type": "MultiPolygon", "coordinates": [ [ [ [ 129.00544838800235, 35.286142609891264 ], [ 129.005465077951357, 35.287043999153234 ], [ 129.006564421608033, 35.287030309205015 ], [ 129.006547719482683, 35.286128920397061 ], [ 129.00544838800235, 35.286142609891264 ] ] ] ] } },
{ "type": "Feature", "properties": { "GRID_CD_x": "마마369001", "SCH_POP": 0.0 }, "geometry": { "type": "MultiPolygon", "coordinates": [ [ [ [ 129.005465077951357, 35.287043999153234 ], [ 129.005481768641346, 35.287945388273727 ], [ 129.006581124474934, 35.287931697871478 ], [ 129.006564421608033, 35.287030309205015 ], [ 129.005465077951357, 35.287043999153234 ] ] ] ] } },
{ "type": "Feature", "properties": { "GRID_CD_x": "마마369002", "SCH_POP": 0.0 }, "geometry": { "type": "MultiPolygon", "coordinates": [ [ [ [ 129.005481768641346, 35.287945388273727 ], [ 129.005498460072403, 35.288846777252758 ], [ 129.006597828083414, 35.288833086396473 ], [ 129.006581124474934, 35.287931697871478 ], [ 129.005481768641346, 35.287945388273727 ] ] ] ] } },
{ "type": "Feature", "properties": { "GRID_CD_x": "마마369003", "SCH_POP": 0.0 }, "geometry": { "type": "MultiPolygon", "coordinates": [ [ [ [ 129.005498460072403, 35.288846777252758 ], [ 129.005515152244556, 35.289748166090313 ], [ 129.006614532433531, 35.289734474779976 ], [ 129.006597828083414, 35.288833086396473 ], [ 129.005498460072403, 35.288846777252758 ] ] ] ] } },
{ "type": "Feature", "properties": { "GRID_CD_x": "마마369004", "SCH_POP": 0.0 }, "geometry": { "type": "MultiPolygon", "coordinates": [ [ [ [ 129.005515152244556, 35.289748166090313 ], [ 129.005531845157776, 35.290649554786384 ], [ 129.006631237525312, 35.290635863021983 ], [ 129.006614532433531, 35.289734474779976 ], [ 129.005515152244556, 35.289748166090313 ] ] ] ] } },
{ "type": "Feature", "properties": { "GRID_CD_x": "마마369005", "SCH_POP": 0.0 }, "geometry": { "type": "MultiPolygon", "coordinates": [ [ [ [ 129.005531845157776, 35.290649554786384 ], [ 129.005548538812178, 35.291550943340972 ], [ 129.006647943358729, 35.291537251122513 ], [ 129.006631237525312, 35.290635863021983 ], [ 129.005531845157776, 35.290649554786384 ] ] ] ] } },
{ "type": "Feature", "properties": { "GRID_CD_x": "마마369006", "SCH_POP": 0.0 }, "geometry": { "type": "MultiPolygon", "coordinates": [ [ [ [ 129.005548538812178, 35.291550943340972 ], [ 129.005565233207733, 35.292452331754085 ], [ 129.006664649933924, 35.292438639081553 ], [ 129.006647943358729, 35.291537251122513 ], [ 129.005548538812178, 35.291550943340972 ] ] ] ] } },
{ "type": "Feature", "properties": { "GRID_CD_x": "마마369007", "SCH_POP": 0.0 }, "geometry": { "type": "MultiPolygon", "coordinates": [ [ [ [ 129.005565233207733, 35.292452331754085 ], [ 129.005581928344526, 35.293353720025713 ], [ 129.006681357250841, 35.293340026899095 ], [ 129.006664649933924, 35.292438639081553 ], [ 129.005565233207733, 35.292452331754085 ] ] ] ] } },
{ "type": "Feature", "properties": { "GRID_CD_x": "마마369008", "SCH_POP": 0.0 }, "geometry": { "type": "MultiPolygon", "coordinates": [ [ [ [ 129.005581928344526, 35.293353720025713 ], [ 129.005598624222557, 35.294255108155852 ], [ 129.006698065309536, 35.294241414575133 ], [ 129.006681357250841, 35.293340026899095 ], [ 129.005581928344526, 35.293353720025713 ] ] ] ] } },
{ "type": "Feature", "properties": { "GRID_CD_x": "마마369009", "SCH_POP": 0.0 }, "geometry": { "type": "MultiPolygon", "coordinates": [ [ [ [ 129.005598624222557, 35.294255108155852 ], [ 129.005615320841855, 35.295156496144507 ], [ 129.006714774110065, 35.29514280210968 ], [ 129.006698065309536, 35.294241414575133 ], [ 129.005598624222557, 35.294255108155852 ] ] ] ] } },
{ "type": "Feature", "properties": { "GRID_CD_x": "마마369010", "SCH_POP": 0.0 }, "geometry": { "type": "MultiPolygon", "coordinates": [ [ [ [ 129.005615320841855, 35.295156496144507 ], [ 129.005632018202476, 35.296057883991679 ], [ 129.00673148365243, 35.296044189502737 ], [ 129.006714774110065, 35.29514280210968 ], [ 129.005615320841855, 35.295156496144507 ] ] ] ] } },
{ "type": "Feature", "properties": { "GRID_CD_x": "마마369011", "SCH_POP": 0.0 }, "geometry": { "type": "MultiPolygon", "coordinates": [ [ [ [ 129.005632018202476, 35.296057883991679 ], [ 129.005648716304421, 35.296959271697354 ], [ 129.006748193936687, 35.296945576754283 ], [ 129.00673148365243, 35.296044189502737 ], [ 129.005632018202476, 35.296057883991679 ] ] ] ] } },
{ "type": "Feature", "properties": { "GRID_CD_x": "마마369012", "SCH_POP": 0.0 }, "geometry": { "type": "MultiPolygon", "coordinates": [ [ [ [ 129.005648716304421, 35.296959271697354 ], [ 129.005665415147746, 35.297860659261531 ], [ 129.006764904962864, 35.29784696386433 ], [ 129.006748193936687, 35.296945576754283 ], [ 129.005648716304421, 35.296959271697354 ] ] ] ] } },
{ "type": "Feature", "properties": { "GRID_CD_x": "마마369013", "SCH_POP": 0.0 }, "geometry": { "type": "MultiPolygon", "coordinates": [ [ [ [ 129.005665415147746, 35.297860659261531 ], [ 129.005682114732508, 35.298762046684224 ], [ 129.00678161673099, 35.298748350832874 ], [ 129.006764904962864, 35.29784696386433 ], [ 129.005665415147746, 35.297860659261531 ] ] ] ] } },
{ "type": "Feature", "properties": { "GRID_CD_x": "마마369014", "SCH_POP": 0.0 }, "geometry": { "type": "MultiPolygon", "coordinates": [ [ [ [ 129.005682114732508, 35.298762046684224 ], [ 129.005698815058679, 35.299663433965421 ], [ 129.006798329241064, 35.299649737659905 ], [ 129.00678161673099, 35.298748350832874 ], [ 129.005682114732508, 35.298762046684224 ] ] ] ] } },
{ "type": "Feature", "properties": { "GRID_CD_x": "마마369015", "SCH_POP": 0.0 }, "geometry": { "type": "MultiPolygon", "coordinates": [ [ [ [ 129.005698815058679, 35.299663433965421 ], [ 129.005715516126344, 35.300564821105112 ], [ 129.006815042493201, 35.300551124345439 ], [ 129.006798329241064, 35.299649737659905 ], [ 129.005698815058679, 35.299663433965421 ] ] ] ] } },
{ "type": "Feature", "properties": { "GRID_CD_x": "마마369016", "SCH_POP": 0.0 }, "geometry": { "type": "MultiPolygon", "coordinates": [ [ [ [ 129.005715516126344, 35.300564821105112 ], [ 129.005732217935474, 35.301466208103307 ], [ 129.006831756487344, 35.301452510889469 ], [ 129.006815042493201, 35.300551124345439 ], [ 129.005715516126344, 35.300564821105112 ] ] ] ] } },
{ "type": "Feature", "properties": { "GRID_CD_x": "마마369017", "SCH_POP": 0.0 }, "geometry": { "type": "MultiPolygon", "coordinates": [ [ [ [ 129.005732217935474, 35.301466208103307 ], [ 129.005748920486184, 35.302367594959996 ], [ 129.006848471223606, 35.302353897291972 ], [ 129.006831756487344, 35.301452510889469 ], [ 129.005732217935474, 35.301466208103307 ] ] ] ] } },
{ "type": "Feature", "properties": { "GRID_CD_x": "마마369018", "SCH_POP": 0.0 }, "geometry": { "type": "MultiPolygon", "coordinates": [ [ [ [ 129.005748920486184, 35.302367594959996 ], [ 129.005765623778473, 35.303268981675181 ], [ 129.006865186701958, 35.303255283552964 ], [ 129.006848471223606, 35.302353897291972 ], [ 129.005748920486184, 35.302367594959996 ] ] ] ] } },
{ "type": "Feature", "properties": { "GRID_CD_x": "마마369019", "SCH_POP": 0.189973614775726 }, "geometry": { "type": "MultiPolygon", "coordinates": [ [ [ [ 129.005765623778473, 35.303268981675181 ], [ 129.005782327812341, 35.304170368248869 ], [ 129.006881902922487, 35.304156669672444 ], [ 129.006865186701958, 35.303255283552964 ], [ 129.005765623778473, 35.303268981675181 ] ] ] ] } },
{ "type": "Feature", "properties": { "GRID_CD_x": "마마369020", "SCH_POP": 5.8825400833228141 }, "geometry": { "type": "MultiPolygon", "coordinates": [ [ [ [ 129.005782327812341, 35.304170368248869 ], [ 129.005799032587845, 35.305071754681038 ], [ 129.006898619885163, 35.305058055650399 ], [ 129.006881902922487, 35.304156669672444 ], [ 129.005782327812341, 35.304170368248869 ] ] ] ] } },
{ "type": "Feature", "properties": { "GRID_CD_x": "마마369021", "SCH_POP": 8.9786138113874525 }, "geometry": { "type": "MultiPolygon", "coordinates": [ [ [ [ 129.005799032587845, 35.305071754681038 ], [ 129.005815738105042, 35.305973140971716 ], [ 129.006915337590073, 35.305959441486834 ], [ 129.006898619885163, 35.305058055650399 ], [ 129.005799032587845, 35.305071754681038 ] ] ] ] } },
{ "type": "Feature", "properties": { "GRID_CD_x": "마마369022", "SCH_POP": 5.1085216513066536 }, "geometry": { "type": "MultiPolygon", "coordinates": [ [ [ [ 129.005815738105042, 35.305973140971716 ], [ 129.005832444363932, 35.306874527120868 ], [ 129.006932056037186, 35.306860827181751 ], [ 129.006915337590073, 35.305959441486834 ], [ 129.005815738105042, 35.305973140971716 ] ] ] ] } },
{ "type": "Feature", "properties": { "GRID_CD_x": "마마369023", "SCH_POP": 5.1085216513066536 }, "geometry": { "type": "MultiPolygon", "coordinates": [ [ [ [ 129.005832444363932, 35.306874527120868 ], [ 129.005849151364572, 35.307775913128516 ], [ 129.00694877522659, 35.307762212735156 ], [ 129.006932056037186, 35.306860827181751 ], [ 129.005832444363932, 35.306874527120868 ] ] ] ] } },
{ "type": "Feature", "properties": { "GRID_CD_x": "마마369024", "SCH_POP": 4.334503219290494 }, "geometry": { "type": "MultiPolygon", "coordinates": [ [ [ [ 129.005849151364572, 35.307775913128516 ], [ 129.00586585910699, 35.308677298994638 ], [ 129.006965495158312, 35.308663598147042 ], [ 129.00694877522659, 35.307762212735156 ], [ 129.005849151364572, 35.307775913128516 ] ] ] ] } },
{ "type": "Feature", "properties": { "GRID_CD_x": "마마369025", "SCH_POP": 0.0 }, "geometry": { "type": "MultiPolygon", "coordinates": [ [ [ [ 129.00586585910699, 35.308677298994638 ], [ 129.005882567591158, 35.309578684719263 ], [ 129.006982215832409, 35.309564983417388 ], [ 129.006965495158312, 35.308663598147042 ], [ 129.00586585910699, 35.308677298994638 ] ] ] ] } },
{ "type": "Feature", "properties": { "GRID_CD_x": "마마369026", "SCH_POP": 0.0 }, "geometry": { "type": "MultiPolygon", "coordinates": [ [ [ [ 129.005882567591158, 35.309578684719263 ], [ 129.005899276817189, 35.310480070302347 ], [ 129.006998937248824, 35.310466368546201 ], [ 129.006982215832409, 35.309564983417388 ], [ 129.005882567591158, 35.309578684719263 ] ] ] ] } },
{ "type": "Feature", "properties": { "GRID_CD_x": "마마369027", "SCH_POP": 0.0 }, "geometry": { "type": "MultiPolygon", "coordinates": [ [ [ [ 129.005899276817189, 35.310480070302347 ], [ 129.005915986785112, 35.311381455743927 ], [ 129.007015659407699, 35.311367753533489 ], [ 129.006998937248824, 35.310466368546201 ], [ 129.005899276817189, 35.310480070302347 ] ] ] ] } },
{ "type": "Feature", "properties": { "GRID_CD_x": "마마369028", "SCH_POP": 28.948289357404374 }, "geometry": { "type": "MultiPolygon", "coordinates": [ [ [ [ 129.005915986785112, 35.311381455743927 ], [ 129.005932697494927, 35.312282841043974 ], [ 129.007032382309006, 35.31226913837925 ], [ 129.007015659407699, 35.311367753533489 ], [ 129.005915986785112, 35.311381455743927 ] ] ] ] } },
{ "type": "Feature", "properties": { "GRID_CD_x": "마마369029", "SCH_POP": 22.136927155662164 }, "geometry": { "type": "MultiPolygon", "coordinates": [ [ [ [ 129.005932697494927, 35.312282841043974 ], [ 129.005949408946634, 35.313184226202502 ], [ 129.007049105952774, 35.313170523083478 ], [ 129.007032382309006, 35.31226913837925 ], [ 129.005932697494927, 35.312282841043974 ] ] ] ] } },
{ "type": "Feature", "properties": { "GRID_CD_x": "마마369030", "SCH_POP": 87.589396882053435 }, "geometry": { "type": "MultiPolygon", "coordinates": [ [ [ [ 129.005949408946634, 35.313184226202502 ], [ 129.005966121140347, 35.314085611219504 ], [ 129.007065830339059, 35.314071907646159 ], [ 129.007049105952774, 35.313170523083478 ], [ 129.005949408946634, 35.313184226202502 ] ] ] ] } },
{ "type": "Feature", "properties": { "GRID_CD_x": "마마369031", "SCH_POP": 27.969723374101097 }, "geometry": { "type": "MultiPolygon", "coordinates": [ [ [ [ 129.005966121140347, 35.314085611219504 ], [ 129.005982834076036, 35.314986996094973 ], [ 129.007082555467861, 35.314973292067307 ], [ 129.007065830339059, 35.314071907646159 ], [ 129.005966121140347, 35.314085611219504 ] ] ] ] } },
{ "type": "Feature", "properties": { "GRID_CD_x": "마마369032", "SCH_POP": 0.0 }, "geometry": { "type": "MultiPolygon", "coordinates": [ [ [ [ 129.005982834076036, 35.314986996094973 ], [ 129.005999547753788, 35.315888380828916 ], [ 129.007099281339237, 35.315874676346908 ], [ 129.007082555467861, 35.314973292067307 ], [ 129.005982834076036, 35.314986996094973 ] ] ] ] } },
{ "type": "Feature", "properties": { "GRID_CD_x": "마마369033", "SCH_POP": 101.75826990709149 }, "geometry": { "type": "MultiPolygon", "coordinates": [ [ [ [ 129.005999547753788, 35.315888380828916 ], [ 129.006016262173603, 35.316789765421341 ], [ 129.007116007953243, 35.316776060484997 ], [ 129.007099281339237, 35.315874676346908 ], [ 129.005999547753788, 35.315888380828916 ] ] ] ] } },
{ "type": "Feature", "properties": { "GRID_CD_x": "마마369034", "SCH_POP": 43.610687103039211 }, "geometry": { "type": "MultiPolygon", "coordinates": [ [ [ [ 129.006016262173603, 35.316789765421341 ], [ 129.006032977335508, 35.317691149872232 ], [ 129.007132735309881, 35.317677444481525 ], [ 129.007116007953243, 35.316776060484997 ], [ 129.006016262173603, 35.316789765421341 ] ] ] ] } },
{ "type": "Feature", "properties": { "GRID_CD_x": "마마369035", "SCH_POP": 41.402551047189121 }, "geometry": { "type": "MultiPolygon", "coordinates": [ [ [ [ 129.006032977335508, 35.317691149872232 ], [ 129.006049693239504, 35.318592534181569 ], [ 129.007149463409206, 35.318578828336506 ], [ 129.007132735309881, 35.317677444481525 ], [ 129.006032977335508, 35.317691149872232 ] ] ] ] } },
{ "type": "Feature", "properties": { "GRID_CD_x": "마마369036", "SCH_POP": 60.539730197889874 }, "geometry": { "type": "MultiPolygon", "coordinates": [ [ [ [ 129.006049693239504, 35.318592534181569 ], [ 129.006066409885733, 35.319493918349373 ], [ 129.007166192251191, 35.319480212049932 ], [ 129.007149463409206, 35.318578828336506 ], [ 129.006049693239504, 35.318592534181569 ] ] ] ] } },
{ "type": "Feature", "properties": { "GRID_CD_x": "마마369037", "SCH_POP": 0.0 }, "geometry": { "type": "MultiPolygon", "coordinates": [ [ [ [ 129.006066409885733, 35.319493918349373 ], [ 129.006083127274081, 35.320395302375644 ], [ 129.007182921835948, 35.320381595621825 ], [ 129.007166192251191, 35.319480212049932 ], [ 129.006066409885733, 35.319493918349373 ] ] ] ] } },
{ "type": "Feature", "properties": { "GRID_CD_x": "마마369038", "SCH_POP": 0.0 }, "geometry": { "type": "MultiPolygon", "coordinates": [ [ [ [ 129.006083127274081, 35.320395302375644 ], [ 129.006099845404719, 35.321296686260375 ], [ 129.007199652163479, 35.321282979052157 ], [ 129.007182921835948, 35.320381595621825 ], [ 129.006083127274081, 35.320395302375644 ] ] ] ] } },
{ "type": "Feature", "properties": { "GRID_CD_x": "마마369039", "SCH_POP": 120.52742638181722 }, "geometry": { "type": "MultiPolygon", "coordinates": [ [ [ [ 129.006099845404719, 35.321296686260375 ], [ 129.00611656427759, 35.322198070003566 ], [ 129.007216383233811, 35.322184362340948 ], [ 129.007199652163479, 35.321282979052157 ], [ 129.006099845404719, 35.321296686260375 ] ] ] ] } },
{ "type": "Feature", "properties": { "GRID_CD_x": "마마369040", "SCH_POP": 0.0 }, "geometry": { "type": "MultiPolygon", "coordinates": [ [ [ [ 129.00611656427759, 35.322198070003566 ], [ 129.00613328389278, 35.323099453605209 ], [ 129.007233115046972, 35.323085745488171 ], [ 129.007216383233811, 35.322184362340948 ], [ 129.00611656427759, 35.322198070003566 ] ] ] ] } },
{ "type": "Feature", "properties": { "GRID_CD_x": "마마369041", "SCH_POP": 0.0 }, "geometry": { "type": "MultiPolygon", "coordinates": [ [ [ [ 129.00613328389278, 35.323099453605209 ], [ 129.006150004250287, 35.324000837065299 ], [ 129.007249847602992, 35.323987128493854 ], [ 129.007233115046972, 35.323085745488171 ], [ 129.00613328389278, 35.323099453605209 ] ] ] ] } },
{ "type": "Feature", "properties": { "GRID_CD_x": "마마369042", "SCH_POP": 0.0 }, "geometry": { "type": "MultiPolygon", "coordinates": [ [ [ [ 129.006150004250287, 35.324000837065299 ], [ 129.006166725350141, 35.324902220383841 ], [ 129.007266580901927, 35.324888511357962 ], [ 129.007249847602992, 35.323987128493854 ], [ 129.006150004250287, 35.324000837065299 ] ] ] ] } },
{ "type": "Feature", "properties": { "GRID_CD_x": "마마369043", "SCH_POP": 0.0 }, "geometry": { "type": "MultiPolygon", "coordinates": [ [ [ [ 129.006166725350141, 35.324902220383841 ], [ 129.006183447192399, 35.32580360356085 ], [ 129.007283314943805, 35.325789894080522 ], [ 129.007266580901927, 35.324888511357962 ], [ 129.006166725350141, 35.324902220383841 ] ] ] ] } },
{ "type": "Feature", "properties": { "GRID_CD_x": "마마369044", "SCH_POP": 9.21579196217494 }, "geometry": { "type": "MultiPolygon", "coordinates": [ [ [ [ 129.006183447192399, 35.32580360356085 ], [ 129.006200169777088, 35.326704986596297 ], [ 129.007300049728627, 35.326691276661514 ], [ 129.007283314943805, 35.325789894080522 ], [ 129.006183447192399, 35.32580360356085 ] ] ] ] } },
{ "type": "Feature", "properties": { "GRID_CD_x": "마마369045", "SCH_POP": 0.0 }, "geometry": { "type": "MultiPolygon", "coordinates": [ [ [ [ 129.006200169777088, 35.326704986596297 ], [ 129.006216893104238, 35.327606369490191 ], [ 129.007316785256478, 35.327592659100951 ], [ 129.007300049728627, 35.326691276661514 ], [ 129.006200169777088, 35.326704986596297 ] ] ] ] } },
{ "type": "Feature", "properties": { "GRID_CD_x": "마마369046", "SCH_POP": 0.0 }, "geometry": { "type": "MultiPolygon", "coordinates": [ [ [ [ 129.006216893104238, 35.327606369490191 ], [ 129.006233617173876, 35.32850775224253 ], [ 129.007333521527329, 35.328494041398812 ], [ 129.007316785256478, 35.327592659100951 ], [ 129.006216893104238, 35.327606369490191 ] ] ] ] } },
{ "type": "Feature", "properties": { "GRID_CD_x": "마마369047", "SCH_POP": 0.0 }, "geometry": { "type": "MultiPolygon", "coordinates": [ [ [ [ 129.006233617173876, 35.32850775224253 ], [ 129.006250341986032, 35.329409134853321 ], [ 129.007350258541294, 35.329395423555113 ], [ 129.007333521527329, 35.328494041398812 ], [ 129.006233617173876, 35.32850775224253 ] ] ] ] } },
{ "type": "Feature", "properties": { "GRID_CD_x": "마마369048", "SCH_POP": 0.59940110323089002 }, "geometry": { "type": "MultiPolygon", "coordinates": [ [ [ [ 129.006250341986032, 35.329409134853321 ], [ 129.006267067540762, 35.33031051732253 ], [ 129.007366996298316, 35.330296805569851 ], [ 129.007350258541294, 35.329395423555113 ], [ 129.006250341986032, 35.329409134853321 ] ] ] ] } },
{ "type": "Feature", "properties": { "GRID_CD_x": "마마369049", "SCH_POP": 0.59940110323089002 }, "geometry": { "type": "MultiPolygon", "coordinates": [ [ [ [ 129.006267067540762, 35.33031051732253 ], [ 129.006283793838065, 35.331211899650199 ], [ 129.007383734798481, 35.331198187443 ], [ 129.007366996298316, 35.330296805569851 ], [ 129.006267067540762, 35.33031051732253 ] ] ] ] } },
{ "type": "Feature", "properties": { "GRID_CD_x": "마마369050", "SCH_POP": 62.674373616128662 }, "geometry": { "type": "MultiPolygon", "coordinates": [ [ [ [ 129.006283793838065, 35.331211899650199 ], [ 129.006300520878, 35.332113281836307 ], [ 129.007400474041816, 35.332099569174595 ], [ 129.007383734798481, 35.331198187443 ], [ 129.006283793838065, 35.331211899650199 ] ] ] ] } },
{ "type": "Feature", "properties": { "GRID_CD_x": "마마369051", "SCH_POP": 64.567859223866691 }, "geometry": { "type": "MultiPolygon", "coordinates": [ [ [ [ 129.006300520878, 35.332113281836307 ], [ 129.006317248660594, 35.333014663880832 ], [ 129.007417214028322, 35.3330009507646 ], [ 129.007400474041816, 35.332099569174595 ], [ 129.006300520878, 35.332113281836307 ] ] ] ] } },
{ "type": "Feature", "properties": { "GRID_CD_x": "마마369052", "SCH_POP": 21.017690245892091 }, "geometry": { "type": "MultiPolygon", "coordinates": [ [ [ [ 129.006317248660594, 35.333014663880832 ], [ 129.006333977185875, 35.333916045783816 ], [ 129.007433954758113, 35.33390233221305 ], [ 129.007417214028322, 35.3330009507646 ], [ 129.006317248660594, 35.333014663880832 ] ] ] ] } },
{ "type": "Feature", "properties": { "GRID_CD_x": "마마369053", "SCH_POP": 21.396387367439694 }, "geometry": { "type": "MultiPolygon", "coordinates": [ [ [ [ 129.006333977185875, 35.333916045783816 ], [ 129.006350706453901, 35.334817427545218 ], [ 129.007450696231132, 35.334803713519904 ], [ 129.007433954758113, 35.33390233221305 ], [ 129.006333977185875, 35.333916045783816 ] ] ] ] } },
{ "type": "Feature", "properties": { "GRID_CD_x": "마마369054", "SCH_POP": 55.857825428271767 }, "geometry": { "type": "MultiPolygon", "coordinates": [ [ [ [ 129.006350706453901, 35.334817427545218 ], [ 129.006367436464643, 35.335718809165037 ], [ 129.007467438447463, 35.335705094685188 ], [ 129.007450696231132, 35.334803713519904 ], [ 129.006350706453901, 35.334817427545218 ] ] ] ] } },
{ "type": "Feature", "properties": { "GRID_CD_x": "마마369055", "SCH_POP": 24.425964339820535 }, "geometry": { "type": "MultiPolygon", "coordinates": [ [ [ [ 129.006367436464643, 35.335718809165037 ], [ 129.006384167218215, 35.336620190643302 ], [ 129.007484181407108, 35.336606475708891 ], [ 129.007467438447463, 35.335705094685188 ], [ 129.006367436464643, 35.335718809165037 ] ] ] ] } },
{ "type": "Feature", "properties": { "GRID_CD_x": "마마369056", "SCH_POP": 0.0 }, "geometry": { "type": "MultiPolygon", "coordinates": [ [ [ [ 129.006384167218215, 35.336620190643302 ], [ 129.006400898714588, 35.337521571979984 ], [ 129.007500925110122, 35.337507856590996 ], [ 129.007484181407108, 35.336606475708891 ], [ 129.006384167218215, 35.336620190643302 ] ] ] ] } },
{ "type": "Feature", "properties": { "GRID_CD_x": "마마369057", "SCH_POP": 0.0 }, "geometry": { "type": "MultiPolygon", "coordinates": [ [ [ [ 129.006400898714588, 35.337521571979984 ], [ 129.006417630953791, 35.33842295317509 ], [ 129.007517669556563, 35.338409237331533 ], [ 129.007500925110122, 35.337507856590996 ], [ 129.006400898714588, 35.337521571979984 ] ] ] ] } },
{ "type": "Feature", "properties": { "GRID_CD_x": "마마369058", "SCH_POP": 0.0 }, "geometry": { "type": "MultiPolygon", "coordinates": [ [ [ [ 129.006417630953791, 35.33842295317509 ], [ 129.006434363935909, 35.339324334228642 ], [ 129.007534414746374, 35.339310617930472 ], [ 129.007517669556563, 35.338409237331533 ], [ 129.006417630953791, 35.33842295317509 ] ] ] ] } },
{ "type": "Feature", "properties": { "GRID_CD_x": "마마369059", "SCH_POP": 0.0 }, "geometry": { "type": "MultiPolygon", "coordinates": [ [ [ [ 129.006434363935909, 35.339324334228642 ], [ 129.006451097660943, 35.340225715140591 ], [ 129.007551160679697, 35.340211998387822 ], [ 129.007534414746374, 35.339310617930472 ], [ 129.006434363935909, 35.339324334228642 ] ] ] ] } },
{ "type": "Feature", "properties": { "GRID_CD_x": "마마369060", "SCH_POP": 0.0 }, "geometry": { "type": "MultiPolygon", "coordinates": [ [ [ [ 129.006451097660943, 35.340225715140591 ], [ 129.006467832128948, 35.341127095910956 ], [ 129.007567907356503, 35.341113378703575 ], [ 129.007551160679697, 35.340211998387822 ], [ 129.006451097660943, 35.340225715140591 ] ] ] ] } },
{ "type": "Feature", "properties": { "GRID_CD_x": "마마369061", "SCH_POP": 0.0 }, "geometry": { "type": "MultiPolygon", "coordinates": [ [ [ [ 129.006467832128948, 35.341127095910956 ], [ 129.006484567339925, 35.342028476539738 ], [ 129.007584654776821, 35.342014758877752 ], [ 129.007567907356503, 35.341113378703575 ], [ 129.006467832128948, 35.341127095910956 ] ] ] ] } },
{ "type": "Feature", "properties": { "GRID_CD_x": "마마369062", "SCH_POP": 0.0 }, "geometry": { "type": "MultiPolygon", "coordinates": [ [ [ [ 129.006484567339925, 35.342028476539738 ], [ 129.006501303293902, 35.342929857026952 ], [ 129.007601402940708, 35.342916138910326 ], [ 129.007584654776821, 35.342014758877752 ], [ 129.006484567339925, 35.342028476539738 ] ] ] ] } },
{ "type": "Feature", "properties": { "GRID_CD_x": "마마369063", "SCH_POP": 0.0 }, "geometry": { "type": "MultiPolygon", "coordinates": [ [ [ [ 129.006501303293902, 35.342929857026952 ], [ 129.006518039990937, 35.343831237372569 ], [ 129.007618151848192, 35.343817518801309 ], [ 129.007601402940708, 35.342916138910326 ], [ 129.006501303293902, 35.342929857026952 ] ] ] ] } },
{ "type": "Feature", "properties": { "GRID_CD_x": "마마369064", "SCH_POP": 0.0 }, "geometry": { "type": "MultiPolygon", "coordinates": [ [ [ [ 129.006518039990937, 35.343831237372569 ], [ 129.006534777431085, 35.344732617576611 ], [ 129.007634901499301, 35.344718898550688 ], [ 129.007618151848192, 35.343817518801309 ], [ 129.006518039990937, 35.343831237372569 ] ] ] ] } },
{ "type": "Feature", "properties": { "GRID_CD_x": "마마369065", "SCH_POP": 0.0 }, "geometry": { "type": "MultiPolygon", "coordinates": [ [ [ [ 129.006534777431085, 35.344732617576611 ], [ 129.006551515614319, 35.345633997639055 ], [ 129.007651651894065, 35.345620278158471 ], [ 129.007634901499301, 35.344718898550688 ], [ 129.006534777431085, 35.344732617576611 ] ] ] ] } },
{ "type": "Feature", "properties": { "GRID_CD_x": "마마369066", "SCH_POP": 0.0 }, "geometry": { "type": "MultiPolygon", "coordinates": [ [ [ [ 129.006551515614319, 35.345633997639055 ], [ 129.006568254540724, 35.346535377559889 ], [ 129.007668403032511, 35.346521657624642 ], [ 129.007651651894065, 35.345620278158471 ], [ 129.006551515614319, 35.345633997639055 ] ] ] ] } },
{ "type": "Feature", "properties": { "GRID_CD_x": "마마370000", "SCH_POP": 0.0 }, "geometry": { "type": "MultiPolygon", "coordinates": [ [ [ [ 129.006547719482683, 35.286128920397061 ], [ 129.006564421608033, 35.287030309205015 ], [ 129.007663764523159, 35.287016609270431 ], [ 129.007647050221493, 35.286115220916827 ], [ 129.006547719482683, 35.286128920397061 ] ] ] ] } },
{ "type": "Feature", "properties": { "GRID_CD_x": "마마370001", "SCH_POP": 0.0 }, "geometry": { "type": "MultiPolygon", "coordinates": [ [ [ [ 129.006564421608033, 35.287030309205015 ], [ 129.006581124474934, 35.287931697871478 ], [ 129.007680479566943, 35.287917997482545 ], [ 129.007663764523159, 35.287016609270431 ], [ 129.006564421608033, 35.287030309205015 ] ] ] ] } },
{ "type": "Feature", "properties": { "GRID_CD_x": "마마370002", "SCH_POP": 0.0 }, "geometry": { "type": "MultiPolygon", "coordinates": [ [ [ [ 129.006581124474934, 35.287931697871478 ], [ 129.006597828083414, 35.288833086396473 ], [ 129.007697195352819, 35.288819385553175 ], [ 129.007680479566943, 35.287917997482545 ], [ 129.006581124474934, 35.287931697871478 ] ] ] ] } },
{ "type": "Feature", "properties": { "GRID_CD_x": "마마370003", "SCH_POP": 0.0 }, "geometry": { "type": "MultiPolygon", "coordinates": [ [ [ [ 129.006597828083414, 35.288833086396473 ], [ 129.006614532433531, 35.289734474779976 ], [ 129.007713911880899, 35.289720773482294 ], [ 129.007697195352819, 35.288819385553175 ], [ 129.006597828083414, 35.288833086396473 ] ] ] ] } },
{ "type": "Feature", "properties": { "GRID_CD_x": "마마370004", "SCH_POP": 0.0 }, "geometry": { "type": "MultiPolygon", "coordinates": [ [ [ [ 129.006614532433531, 35.289734474779976 ], [ 129.006631237525312, 35.290635863021983 ], [ 129.007730629151126, 35.29062216126993 ], [ 129.007713911880899, 35.289720773482294 ], [ 129.006614532433531, 35.289734474779976 ] ] ] ] } },
{ "type": "Feature", "properties": { "GRID_CD_x": "마마370005", "SCH_POP": 0.0 }, "geometry": { "type": "MultiPolygon", "coordinates": [ [ [ [ 129.006631237525312, 35.290635863021983 ], [ 129.006647943358729, 35.291537251122513 ], [ 129.007747347163587, 35.291523548916061 ], [ 129.007730629151126, 35.29062216126993 ], [ 129.006631237525312, 35.290635863021983 ] ] ] ] } },
{ "type": "Feature", "properties": { "GRID_CD_x": "마마370006", "SCH_POP": 0.0 }, "geometry": { "type": "MultiPolygon", "coordinates": [ [ [ [ 129.006647943358729, 35.291537251122513 ], [ 129.006664649933924, 35.292438639081553 ], [ 129.007764065918309, 35.29242493642068 ], [ 129.007747347163587, 35.291523548916061 ], [ 129.006647943358729, 35.291537251122513 ] ] ] ] } },
{ "type": "Feature", "properties": { "GRID_CD_x": "마마370007", "SCH_POP": 0.0 }, "geometry": { "type": "MultiPolygon", "coordinates": [ [ [ [ 129.006664649933924, 35.292438639081553 ], [ 129.006681357250841, 35.293340026899095 ], [ 129.007780785415349, 35.293326323783802 ], [ 129.007764065918309, 35.29242493642068 ], [ 129.006664649933924, 35.292438639081553 ] ] ] ] } },
{ "type": "Feature", "properties": { "GRID_CD_x": "마마370008", "SCH_POP": 0.0 }, "geometry": { "type": "MultiPolygon", "coordinates": [ [ [ [ 129.006681357250841, 35.293340026899095 ], [ 129.006698065309536, 35.294241414575133 ], [ 129.007797505654707, 35.294227711005412 ], [ 129.007780785415349, 35.293326323783802 ], [ 129.006681357250841, 35.293340026899095 ] ] ] ] } },
{ "type": "Feature", "properties": { "GRID_CD_x": "마마370009", "SCH_POP": 0.0 }, "geometry": { "type": "MultiPolygon", "coordinates": [ [ [ [ 129.006698065309536, 35.294241414575133 ], [ 129.006714774110065, 35.29514280210968 ], [ 129.007814226636413, 35.295129098085525 ], [ 129.007797505654707, 35.294227711005412 ], [ 129.006698065309536, 35.294241414575133 ] ] ] ] } },
{ "type": "Feature", "properties": { "GRID_CD_x": "마마370010", "SCH_POP": 0.0 }, "geometry": { "type": "MultiPolygon", "coordinates": [ [ [ [ 129.006714774110065, 35.29514280210968 ], [ 129.00673148365243, 35.296044189502737 ], [ 129.007830948360493, 35.296030485024126 ], [ 129.007814226636413, 35.295129098085525 ], [ 129.006714774110065, 35.29514280210968 ] ] ] ] } },
{ "type": "Feature", "properties": { "GRID_CD_x": "마마370011", "SCH_POP": 0.0 }, "geometry": { "type": "MultiPolygon", "coordinates": [ [ [ [ 129.00673148365243, 35.296044189502737 ], [ 129.006748193936687, 35.296945576754283 ], [ 129.007847670827061, 35.296931871821229 ], [ 129.007830948360493, 35.296030485024126 ], [ 129.00673148365243, 35.296044189502737 ] ] ] ] } },
{ "type": "Feature", "properties": { "GRID_CD_x": "마마370012", "SCH_POP": 0.0 }, "geometry": { "type": "MultiPolygon", "coordinates": [ [ [ [ 129.006748193936687, 35.296945576754283 ], [ 129.006764904962864, 35.29784696386433 ], [ 129.007864394036005, 35.297833258476793 ], [ 129.007847670827061, 35.296931871821229 ], [ 129.006748193936687, 35.296945576754283 ] ] ] ] } },
{ "type": "Feature", "properties": { "GRID_CD_x": "마마370013", "SCH_POP": 0.0 }, "geometry": { "type": "MultiPolygon", "coordinates": [ [ [ [ 129.006764904962864, 35.29784696386433 ], [ 129.00678161673099, 35.298748350832874 ], [ 129.007881117987495, 35.298734644990873 ], [ 129.007864394036005, 35.297833258476793 ], [ 129.006764904962864, 35.29784696386433 ] ] ] ] } },
{ "type": "Feature", "properties": { "GRID_CD_x": "마마370014", "SCH_POP": 0.0 }, "geometry": { "type": "MultiPolygon", "coordinates": [ [ [ [ 129.00678161673099, 35.298748350832874 ], [ 129.006798329241064, 35.299649737659905 ], [ 129.007897842681473, 35.29963603136342 ], [ 129.007881117987495, 35.298734644990873 ], [ 129.00678161673099, 35.298748350832874 ] ] ] ] } },
{ "type": "Feature", "properties": { "GRID_CD_x": "마마370015", "SCH_POP": 0.0 }, "geometry": { "type": "MultiPolygon", "coordinates": [ [ [ [ 129.006798329241064, 35.299649737659905 ], [ 129.006815042493201, 35.300551124345439 ], [ 129.007914568118025, 35.300537417594455 ], [ 129.007897842681473, 35.29963603136342 ], [ 129.006798329241064, 35.299649737659905 ] ] ] ] } },
{ "type": "Feature", "properties": { "GRID_CD_x": "마마370016", "SCH_POP": 0.0 }, "geometry": { "type": "MultiPolygon", "coordinates": [ [ [ [ 129.006815042493201, 35.300551124345439 ], [ 129.006831756487344, 35.301452510889469 ], [ 129.007931294297151, 35.301438803683958 ], [ 129.007914568118025, 35.300537417594455 ], [ 129.006815042493201, 35.300551124345439 ] ] ] ] } },
{ "type": "Feature", "properties": { "GRID_CD_x": "마마370017", "SCH_POP": 0.0 }, "geometry": { "type": "MultiPolygon", "coordinates": [ [ [ [ 129.006831756487344, 35.301452510889469 ], [ 129.006848471223606, 35.302353897291972 ], [ 129.007948021218937, 35.302340189631956 ], [ 129.007931294297151, 35.301438803683958 ], [ 129.006831756487344, 35.301452510889469 ] ] ] ] } },
{ "type": "Feature", "properties": { "GRID_CD_x": "마마370018", "SCH_POP": 0.0 }, "geometry": { "type": "MultiPolygon", "coordinates": [ [ [ [ 129.006848471223606, 35.302353897291972 ], [ 129.006865186701958, 35.303255283552964 ], [ 129.007964748883325, 35.30324157543842 ], [ 129.007948021218937, 35.302340189631956 ], [ 129.006848471223606, 35.302353897291972 ] ] ] ] } },
{ "type": "Feature", "properties": { "GRID_CD_x": "마마370019", "SCH_POP": 3.354166666666667 }, "geometry": { "type": "MultiPolygon", "coordinates": [ [ [ [ 129.006865186701958, 35.303255283552964 ], [ 129.006881902922487, 35.304156669672444 ], [ 129.007981477290429, 35.304142961103359 ], [ 129.007964748883325, 35.30324157543842 ], [ 129.006865186701958, 35.303255283552964 ] ] ] ] } },
{ "type": "Feature", "properties": { "GRID_CD_x": "마마370020", "SCH_POP": 7.7451084887704624 }, "geometry": { "type": "MultiPolygon", "coordinates": [ [ [ [ 129.006881902922487, 35.304156669672444 ], [ 129.006898619885163, 35.305058055650399 ], [ 129.00799820644022, 35.305044346626779 ], [ 129.007981477290429, 35.304142961103359 ], [ 129.006881902922487, 35.304156669672444 ] ] ] ] } },
{ "type": "Feature", "properties": { "GRID_CD_x": "마마370021", "SCH_POP": 3.7390178911305672 }, "geometry": { "type": "MultiPolygon", "coordinates": [ [ [ [ 129.006898619885163, 35.305058055650399 ], [ 129.006915337590073, 35.305959441486834 ], [ 129.008014936332813, 35.305945732008659 ], [ 129.00799820644022, 35.305044346626779 ], [ 129.006898619885163, 35.305058055650399 ] ] ] ] } },
{ "type": "Feature", "properties": { "GRID_CD_x": "마마370022", "SCH_POP": 4.406699657403883 }, "geometry": { "type": "MultiPolygon", "coordinates": [ [ [ [ 129.006915337590073, 35.305959441486834 ], [ 129.006932056037186, 35.306860827181751 ], [ 129.008031666968151, 35.306847117249013 ], [ 129.008014936332813, 35.305945732008659 ], [ 129.006915337590073, 35.305959441486834 ] ] ] ] } },
{ "type": "Feature", "properties": { "GRID_CD_x": "마마370023", "SCH_POP": 5.0743814236771998 }, "geometry": { "type": "MultiPolygon", "coordinates": [ [ [ [ 129.006932056037186, 35.306860827181751 ], [ 129.00694877522659, 35.307762212735156 ], [ 129.008048398346318, 35.307748502347835 ], [ 129.008031666968151, 35.306847117249013 ], [ 129.006932056037186, 35.306860827181751 ] ] ] ] } },
{ "type": "Feature", "properties": { "GRID_CD_x": "마마370024", "SCH_POP": 2.4036543585839358 }, "geometry": { "type": "MultiPolygon", "coordinates": [ [ [ [ 129.00694877522659, 35.307762212735156 ], [ 129.006965495158312, 35.308663598147042 ], [ 129.008065130467344, 35.308649887305137 ], [ 129.008048398346318, 35.307748502347835 ], [ 129.00694877522659, 35.307762212735156 ] ] ] ] } },
{ "type": "Feature", "properties": { "GRID_CD_x": "마마370025", "SCH_POP": 0.0 }, "geometry": { "type": "MultiPolygon", "coordinates": [ [ [ [ 129.006965495158312, 35.308663598147042 ], [ 129.006982215832409, 35.309564983417388 ], [ 129.008081863331256, 35.309551272120885 ], [ 129.008065130467344, 35.308649887305137 ], [ 129.006965495158312, 35.308663598147042 ] ] ] ] } },
{ "type": "Feature", "properties": { "GRID_CD_x": "마마370026", "SCH_POP": 0.0 }, "geometry": { "type": "MultiPolygon", "coordinates": [ [ [ [ 129.006982215832409, 35.309564983417388 ], [ 129.006998937248824, 35.310466368546201 ], [ 129.008098596938083, 35.3104526567951 ], [ 129.008081863331256, 35.309551272120885 ], [ 129.006982215832409, 35.309564983417388 ] ] ] ] } },
{ "type": "Feature", "properties": { "GRID_CD_x": "마마370027", "SCH_POP": 0.66768176627331599 }, "geometry": { "type": "MultiPolygon", "coordinates": [ [ [ [ 129.006998937248824, 35.310466368546201 ], [ 129.007015659407699, 35.311367753533489 ], [ 129.008115331287854, 35.311354041327775 ], [ 129.008098596938083, 35.3104526567951 ], [ 129.006998937248824, 35.310466368546201 ] ] ] ] } },
{ "type": "Feature", "properties": { "GRID_CD_x": "마마370028", "SCH_POP": 39.660296916634955 }, "geometry": { "type": "MultiPolygon", "coordinates": [ [ [ [ 129.007015659407699, 35.311367753533489 ], [ 129.007032382309006, 35.31226913837925 ], [ 129.008132066380597, 35.312255425718902 ], [ 129.008115331287854, 35.311354041327775 ], [ 129.007015659407699, 35.311367753533489 ] ] ] ] } },
{ "type": "Feature", "properties": { "GRID_CD_x": "마마370029", "SCH_POP": 25.104834411876666 }, "geometry": { "type": "MultiPolygon", "coordinates": [ [ [ [ 129.007032382309006, 35.31226913837925 ], [ 129.007049105952774, 35.313170523083478 ], [ 129.008148802216368, 35.31315680996849 ], [ 129.008132066380597, 35.312255425718902 ], [ 129.007032382309006, 35.31226913837925 ] ] ] ] } },
{ "type": "Feature", "properties": { "GRID_CD_x": "마마370030", "SCH_POP": 48.379098067287032 }, "geometry": { "type": "MultiPolygon", "coordinates": [ [ [ [ 129.007049105952774, 35.313170523083478 ], [ 129.007065830339059, 35.314071907646159 ], [ 129.008165538795197, 35.31405819407653 ], [ 129.008148802216368, 35.31315680996849 ], [ 129.007049105952774, 35.313170523083478 ] ] ] ] } },
{ "type": "Feature", "properties": { "GRID_CD_x": "마마370031", "SCH_POP": 27.612598425196847 }, "geometry": { "type": "MultiPolygon", "coordinates": [ [ [ [ 129.007065830339059, 35.314071907646159 ], [ 129.007082555467861, 35.314973292067307 ], [ 129.008182276117083, 35.314959578043023 ], [ 129.008165538795197, 35.31405819407653 ], [ 129.007065830339059, 35.314071907646159 ] ] ] ] } },
{ "type": "Feature", "properties": { "GRID_CD_x": "마마370032", "SCH_POP": 0.0 }, "geometry": { "type": "MultiPolygon", "coordinates": [ [ [ [ 129.007082555467861, 35.314973292067307 ], [ 129.007099281339237, 35.315874676346908 ], [ 129.008199014182111, 35.315860961867969 ], [ 129.008182276117083, 35.314959578043023 ], [ 129.007082555467861, 35.314973292067307 ] ] ] ] } },
{ "type": "Feature", "properties": { "GRID_CD_x": "마마370033", "SCH_POP": 4.4499642090193259 }, "geometry": { "type": "MultiPolygon", "coordinates": [ [ [ [ 129.007099281339237, 35.315874676346908 ], [ 129.007116007953243, 35.316776060484997 ], [ 129.008215752990282, 35.316762345551368 ], [ 129.008199014182111, 35.315860961867969 ], [ 129.007099281339237, 35.315874676346908 ] ] ] ] } },
{ "type": "Feature", "properties": { "GRID_CD_x": "마마370034", "SCH_POP": 22.363922691481743 }, "geometry": { "type": "MultiPolygon", "coordinates": [ [ [ [ 129.007116007953243, 35.316776060484997 ], [ 129.007132735309881, 35.317677444481525 ], [ 129.008232492541623, 35.317663729093212 ], [ 129.008215752990282, 35.316762345551368 ], [ 129.007116007953243, 35.316776060484997 ] ] ] ] } },
{ "type": "Feature", "properties": { "GRID_CD_x": "마마370035", "SCH_POP": 23.504939155332853 }, "geometry": { "type": "MultiPolygon", "coordinates": [ [ [ [ 129.007132735309881, 35.317677444481525 ], [ 129.007149463409206, 35.318578828336506 ], [ 129.008249232836164, 35.318565112493502 ], [ 129.008232492541623, 35.317663729093212 ], [ 129.007132735309881, 35.317677444481525 ] ] ] ] } },
{ "type": "Feature", "properties": { "GRID_CD_x": "마마370036", "SCH_POP": 0.0 }, "geometry": { "type": "MultiPolygon", "coordinates": [ [ [ [ 129.007149463409206, 35.318578828336506 ], [ 129.007166192251191, 35.319480212049932 ], [ 129.008265973873961, 35.319466495752231 ], [ 129.008249232836164, 35.318565112493502 ], [ 129.007149463409206, 35.318578828336506 ] ] ] ] } },
{ "type": "Feature", "properties": { "GRID_CD_x": "마마370037", "SCH_POP": 0.0 }, "geometry": { "type": "MultiPolygon", "coordinates": [ [ [ [ 129.007166192251191, 35.319480212049932 ], [ 129.007182921835948, 35.320381595621825 ], [ 129.008282715655042, 35.320367878869405 ], [ 129.008265973873961, 35.319466495752231 ], [ 129.007166192251191, 35.319480212049932 ] ] ] ] } },
{ "type": "Feature", "properties": { "GRID_CD_x": "마마370038", "SCH_POP": 0.0 }, "geometry": { "type": "MultiPolygon", "coordinates": [ [ [ [ 129.007182921835948, 35.320381595621825 ], [ 129.007199652163479, 35.321282979052157 ], [ 129.008299458179437, 35.321269261845003 ], [ 129.008282715655042, 35.320367878869405 ], [ 129.007182921835948, 35.320381595621825 ] ] ] ] } },
{ "type": "Feature", "properties": { "GRID_CD_x": "마마370039", "SCH_POP": 0.0 }, "geometry": { "type": "MultiPolygon", "coordinates": [ [ [ [ 129.007199652163479, 35.321282979052157 ], [ 129.007216383233811, 35.322184362340948 ], [ 129.008316201447172, 35.322170644679062 ], [ 129.008299458179437, 35.321269261845003 ], [ 129.007199652163479, 35.321282979052157 ] ] ] ] } },
{ "type": "Feature", "properties": { "GRID_CD_x": "마마370040", "SCH_POP": 0.0 }, "geometry": { "type": "MultiPolygon", "coordinates": [ [ [ [ 129.007216383233811, 35.322184362340948 ], [ 129.007233115046972, 35.323085745488171 ], [ 129.008332945458278, 35.323072027371552 ], [ 129.008316201447172, 35.322170644679062 ], [ 129.007216383233811, 35.322184362340948 ] ] ] ] } },
{ "type": "Feature", "properties": { "GRID_CD_x": "마마370041", "SCH_POP": 0.0 }, "geometry": { "type": "MultiPolygon", "coordinates": [ [ [ [ 129.007233115046972, 35.323085745488171 ], [ 129.007249847602992, 35.323987128493854 ], [ 129.00834969021281, 35.323973409922466 ], [ 129.008332945458278, 35.323072027371552 ], [ 129.007233115046972, 35.323085745488171 ] ] ] ] } },
{ "type": "Feature", "properties": { "GRID_CD_x": "마마370042", "SCH_POP": 0.0 }, "geometry": { "type": "MultiPolygon", "coordinates": [ [ [ [ 129.007249847602992, 35.323987128493854 ], [ 129.007266580901927, 35.324888511357962 ], [ 129.008366435710769, 35.324874792331812 ], [ 129.00834969021281, 35.323973409922466 ], [ 129.007249847602992, 35.323987128493854 ] ] ] ] } },
{ "type": "Feature", "properties": { "GRID_CD_x": "마마370043", "SCH_POP": 0.0 }, "geometry": { "type": "MultiPolygon", "coordinates": [ [ [ [ 129.007266580901927, 35.324888511357962 ], [ 129.007283314943805, 35.325789894080522 ], [ 129.008383181952212, 35.325776174599604 ], [ 129.008366435710769, 35.324874792331812 ], [ 129.007266580901927, 35.324888511357962 ] ] ] ] } },
{ "type": "Feature", "properties": { "GRID_CD_x": "마마370044", "SCH_POP": 0.0 }, "geometry": { "type": "MultiPolygon", "coordinates": [ [ [ [ 129.007283314943805, 35.325789894080522 ], [ 129.007300049728627, 35.326691276661514 ], [ 129.008399928937166, 35.326677556725812 ], [ 129.008383181952212, 35.325776174599604 ], [ 129.007283314943805, 35.325789894080522 ] ] ] ] } },
{ "type": "Feature", "properties": { "GRID_CD_x": "마마370045", "SCH_POP": 0.0 }, "geometry": { "type": "MultiPolygon", "coordinates": [ [ [ [ 129.007300049728627, 35.326691276661514 ], [ 129.007316785256478, 35.327592659100951 ], [ 129.008416676665632, 35.327578938710445 ], [ 129.008399928937166, 35.326677556725812 ], [ 129.007300049728627, 35.326691276661514 ] ] ] ] } },
{ "type": "Feature", "properties": { "GRID_CD_x": "마마370046", "SCH_POP": 0.0 }, "geometry": { "type": "MultiPolygon", "coordinates": [ [ [ [ 129.007316785256478, 35.327592659100951 ], [ 129.007333521527329, 35.328494041398812 ], [ 129.008433425137724, 35.32848032055351 ], [ 129.008416676665632, 35.327578938710445 ], [ 129.007316785256478, 35.327592659100951 ] ] ] ] } },
{ "type": "Feature", "properties": { "GRID_CD_x": "마마370047", "SCH_POP": 1.8246312966864591 }, "geometry": { "type": "MultiPolygon", "coordinates": [ [ [ [ 129.007333521527329, 35.328494041398812 ], [ 129.007350258541294, 35.329395423555113 ], [ 129.008450174353385, 35.329381702254999 ], [ 129.008433425137724, 35.32848032055351 ], [ 129.007333521527329, 35.328494041398812 ] ] ] ] } },
{ "type": "Feature", "properties": { "GRID_CD_x": "마마370048", "SCH_POP": 19.930588009959781 }, "geometry": { "type": "MultiPolygon", "coordinates": [ [ [ [ 129.007350258541294, 35.329395423555113 ], [ 129.007366996298316, 35.330296805569851 ], [ 129.0084669243127, 35.330283083814898 ], [ 129.008450174353385, 35.329381702254999 ], [ 129.007350258541294, 35.329395423555113 ] ] ] ] } },
{ "type": "Feature", "properties": { "GRID_CD_x": "마마370049", "SCH_POP": 13.333844091170274 }, "geometry": { "type": "MultiPolygon", "coordinates": [ [ [ [ 129.007366996298316, 35.330296805569851 ], [ 129.007383734798481, 35.331198187443 ], [ 129.008483675015697, 35.331184465233228 ], [ 129.0084669243127, 35.330283083814898 ], [ 129.007366996298316, 35.330296805569851 ] ] ] ] } },
{ "type": "Feature", "properties": { "GRID_CD_x": "마마370050", "SCH_POP": 57.11151407557697 }, "geometry": { "type": "MultiPolygon", "coordinates": [ [ [ [ 129.007383734798481, 35.331198187443 ], [ 129.007400474041816, 35.332099569174595 ], [ 129.008500426462405, 35.332085846509976 ], [ 129.008483675015697, 35.331184465233228 ], [ 129.007383734798481, 35.331198187443 ] ] ] ] } },
{ "type": "Feature", "properties": { "GRID_CD_x": "마마370051", "SCH_POP": 111.91728379406544 }, "geometry": { "type": "MultiPolygon", "coordinates": [ [ [ [ 129.007400474041816, 35.332099569174595 ], [ 129.007417214028322, 35.3330009507646 ], [ 129.008517178652852, 35.332987227645127 ], [ 129.008500426462405, 35.332085846509976 ], [ 129.007400474041816, 35.332099569174595 ] ] ] ] } },
{ "type": "Feature", "properties": { "GRID_CD_x": "마마370052", "SCH_POP": 50.726375855947246 }, "geometry": { "type": "MultiPolygon", "coordinates": [ [ [ [ 129.007417214028322, 35.3330009507646 ], [ 129.007433954758113, 35.33390233221305 ], [ 129.008533931587039, 35.333888608638709 ], [ 129.008517178652852, 35.332987227645127 ], [ 129.007417214028322, 35.3330009507646 ] ] ] ] } },
{ "type": "Feature", "properties": { "GRID_CD_x": "마마370053", "SCH_POP": 53.032120213035761 }, "geometry": { "type": "MultiPolygon", "coordinates": [ [ [ [ 129.007433954758113, 35.33390233221305 ], [ 129.007450696231132, 35.334803713519904 ], [ 129.008550685265078, 35.334789989490694 ], [ 129.008533931587039, 35.333888608638709 ], [ 129.007433954758113, 35.33390233221305 ] ] ] ] } },
{ "type": "Feature", "properties": { "GRID_CD_x": "마마370054", "SCH_POP": 32.989880801420242 }, "geometry": { "type": "MultiPolygon", "coordinates": [ [ [ [ 129.007450696231132, 35.334803713519904 ], [ 129.007467438447463, 35.335705094685188 ], [ 129.008567439686914, 35.335691370201097 ], [ 129.008550685265078, 35.334789989490694 ], [ 129.007450696231132, 35.334803713519904 ] ] ] ] } },
{ "type": "Feature", "properties": { "GRID_CD_x": "마마370055", "SCH_POP": 0.0 }, "geometry": { "type": "MultiPolygon", "coordinates": [ [ [ [ 129.007467438447463, 35.335705094685188 ], [ 129.007484181407108, 35.336606475708891 ], [ 129.008584194852659, 35.336592750769896 ], [ 129.008567439686914, 35.335691370201097 ], [ 129.007467438447463, 35.335705094685188 ] ] ] ] } },
{ "type": "Feature", "properties": { "GRID_CD_x": "마마370056", "SCH_POP": 0.0 }, "geometry": { "type": "MultiPolygon", "coordinates": [ [ [ [ 129.007484181407108, 35.336606475708891 ], [ 129.007500925110122, 35.337507856590996 ], [ 129.008600950762286, 35.337494131197097 ], [ 129.008584194852659, 35.336592750769896 ], [ 129.007484181407108, 35.336606475708891 ] ] ] ] } },
{ "type": "Feature", "properties": { "GRID_CD_x": "마마370057", "SCH_POP": 0.0 }, "geometry": { "type": "MultiPolygon", "coordinates": [ [ [ [ 129.007500925110122, 35.337507856590996 ], [ 129.007517669556563, 35.338409237331533 ], [ 129.008617707415851, 35.338395511482716 ], [ 129.008600950762286, 35.337494131197097 ], [ 129.007500925110122, 35.337507856590996 ] ] ] ] } },
{ "type": "Feature", "properties": { "GRID_CD_x": "마마370058", "SCH_POP": 0.0 }, "geometry": { "type": "MultiPolygon", "coordinates": [ [ [ [ 129.007517669556563, 35.338409237331533 ], [ 129.007534414746374, 35.339310617930472 ], [ 129.008634464813383, 35.339296891626738 ], [ 129.008617707415851, 35.338395511482716 ], [ 129.007517669556563, 35.338409237331533 ] ] ] ] } },
{ "type": "Feature", "properties": { "GRID_CD_x": "마마370059", "SCH_POP": 0.0 }, "geometry": { "type": "MultiPolygon", "coordinates": [ [ [ [ 129.007534414746374, 35.339310617930472 ], [ 129.007551160679697, 35.340211998387822 ], [ 129.00865122295491, 35.340198271629156 ], [ 129.008634464813383, 35.339296891626738 ], [ 129.007534414746374, 35.339310617930472 ] ] ] ] } },
{ "type": "Feature", "properties": { "GRID_CD_x": "마마370060", "SCH_POP": 0.0 }, "geometry": { "type": "MultiPolygon", "coordinates": [ [ [ [ 129.007551160679697, 35.340211998387822 ], [ 129.007567907356503, 35.341113378703575 ], [ 129.008667981840517, 35.341099651489976 ], [ 129.00865122295491, 35.340198271629156 ], [ 129.007551160679697, 35.340211998387822 ] ] ] ] } },
{ "type": "Feature", "properties": { "GRID_CD_x": "마마370061", "SCH_POP": 0.0 }, "geometry": { "type": "MultiPolygon", "coordinates": [ [ [ [ 129.007567907356503, 35.341113378703575 ], [ 129.007584654776821, 35.342014758877752 ], [ 129.008684741470177, 35.342001031209193 ], [ 129.008667981840517, 35.341099651489976 ], [ 129.007567907356503, 35.341113378703575 ] ] ] ] } },
{ "type": "Feature", "properties": { "GRID_CD_x": "마마370062", "SCH_POP": 0.0 }, "geometry": { "type": "MultiPolygon", "coordinates": [ [ [ [ 129.007584654776821, 35.342014758877752 ], [ 129.007601402940708, 35.342916138910326 ], [ 129.008701501843916, 35.342902410786806 ], [ 129.008684741470177, 35.342001031209193 ], [ 129.007584654776821, 35.342014758877752 ] ] ] ] } },
{ "type": "Feature", "properties": { "GRID_CD_x": "마마370063", "SCH_POP": 0.0 }, "geometry": { "type": "MultiPolygon", "coordinates": [ [ [ [ 129.007601402940708, 35.342916138910326 ], [ 129.007618151848192, 35.343817518801309 ], [ 129.008718262961821, 35.343803790222815 ], [ 129.008701501843916, 35.342902410786806 ], [ 129.007601402940708, 35.342916138910326 ] ] ] ] } },
{ "type": "Feature", "properties": { "GRID_CD_x": "마마370064", "SCH_POP": 0.0 }, "geometry": { "type": "MultiPolygon", "coordinates": [ [ [ [ 129.007618151848192, 35.343817518801309 ], [ 129.007634901499301, 35.344718898550688 ], [ 129.008735024823835, 35.344705169517212 ], [ 129.008718262961821, 35.343803790222815 ], [ 129.007618151848192, 35.343817518801309 ] ] ] ] } },
{ "type": "Feature", "properties": { "GRID_CD_x": "마마370065", "SCH_POP": 0.0 }, "geometry": { "type": "MultiPolygon", "coordinates": [ [ [ [ 129.007634901499301, 35.344718898550688 ], [ 129.007651651894065, 35.345620278158471 ], [ 129.0087517874301, 35.345606548669998 ], [ 129.008735024823835, 35.344705169517212 ], [ 129.007634901499301, 35.344718898550688 ] ] ] ] } },
{ "type": "Feature", "properties": { "GRID_CD_x": "마마370066", "SCH_POP": 0.0 }, "geometry": { "type": "MultiPolygon", "coordinates": [ [ [ [ 129.007651651894065, 35.345620278158471 ], [ 129.007668403032511, 35.346521657624642 ], [ 129.008768550780616, 35.346507927681174 ], [ 129.0087517874301, 35.345606548669998 ], [ 129.007651651894065, 35.345620278158471 ] ] ] ] } },
{ "type": "Feature", "properties": { "GRID_CD_x": "마마371000", "SCH_POP": 0.0 }, "geometry": { "type": "MultiPolygon", "coordinates": [ [ [ [ 129.007647050221493, 35.286115220916827 ], [ 129.007663764523159, 35.287016609270431 ], [ 129.008763106696222, 35.287002899349531 ], [ 129.00874638021827, 35.286101511450603 ], [ 129.007647050221493, 35.286115220916827 ] ] ] ] } },
{ "type": "Feature", "properties": { "GRID_CD_x": "마마371001", "SCH_POP": 0.0 }, "geometry": { "type": "MultiPolygon", "coordinates": [ [ [ [ 129.007663764523159, 35.287016609270431 ], [ 129.007680479566943, 35.287917997482545 ], [ 129.008779833916805, 35.287904287106954 ], [ 129.008763106696222, 35.287002899349531 ], [ 129.007663764523159, 35.287016609270431 ] ] ] ] } },
{ "type": "Feature", "properties": { "GRID_CD_x": "마마371002", "SCH_POP": 0.0 }, "geometry": { "type": "MultiPolygon", "coordinates": [ [ [ [ 129.007680479566943, 35.287917997482545 ], [ 129.007697195352819, 35.288819385553175 ], [ 129.008796561880047, 35.288805674722873 ], [ 129.008779833916805, 35.287904287106954 ], [ 129.007680479566943, 35.287917997482545 ] ] ] ] } },
{ "type": "Feature", "properties": { "GRID_CD_x": "마마371003", "SCH_POP": 0.0 }, "geometry": { "type": "MultiPolygon", "coordinates": [ [ [ [ 129.007697195352819, 35.288819385553175 ], [ 129.007713911880899, 35.289720773482294 ], [ 129.008813290586033, 35.289707062197294 ], [ 129.008796561880047, 35.288805674722873 ], [ 129.007697195352819, 35.288819385553175 ] ] ] ] } },
{ "type": "Feature", "properties": { "GRID_CD_x": "마마371004", "SCH_POP": 0.0 }, "geometry": { "type": "MultiPolygon", "coordinates": [ [ [ [ 129.007713911880899, 35.289720773482294 ], [ 129.007730629151126, 35.29062216126993 ], [ 129.008830020034736, 35.290608449530197 ], [ 129.008813290586033, 35.289707062197294 ], [ 129.007713911880899, 35.289720773482294 ] ] ] ] } },
{ "type": "Feature", "properties": { "GRID_CD_x": "마마371005", "SCH_POP": 0.0 }, "geometry": { "type": "MultiPolygon", "coordinates": [ [ [ [ 129.007730629151126, 35.29062216126993 ], [ 129.007747347163587, 35.291523548916061 ], [ 129.008846750226184, 35.291509836721595 ], [ 129.008830020034736, 35.290608449530197 ], [ 129.007730629151126, 35.29062216126993 ] ] ] ] } },
{ "type": "Feature", "properties": { "GRID_CD_x": "마마371006", "SCH_POP": 0.0 }, "geometry": { "type": "MultiPolygon", "coordinates": [ [ [ [ 129.007747347163587, 35.291523548916061 ], [ 129.007764065918309, 35.29242493642068 ], [ 129.008863481160461, 35.292411223771495 ], [ 129.008846750226184, 35.291509836721595 ], [ 129.007747347163587, 35.291523548916061 ] ] ] ] } },
{ "type": "Feature", "properties": { "GRID_CD_x": "마마371007", "SCH_POP": 0.0 }, "geometry": { "type": "MultiPolygon", "coordinates": [ [ [ [ 129.007764065918309, 35.29242493642068 ], [ 129.007780785415349, 35.293326323783802 ], [ 129.008880212837568, 35.293312610679862 ], [ 129.008863481160461, 35.292411223771495 ], [ 129.007764065918309, 35.29242493642068 ] ] ] ] } },
{ "type": "Feature", "properties": { "GRID_CD_x": "마마371008", "SCH_POP": 0.0 }, "geometry": { "type": "MultiPolygon", "coordinates": [ [ [ [ 129.007780785415349, 35.293326323783802 ], [ 129.007797505654707, 35.294227711005412 ], [ 129.008896945257533, 35.294213997446725 ], [ 129.008880212837568, 35.293312610679862 ], [ 129.007780785415349, 35.293326323783802 ] ] ] ] } },
{ "type": "Feature", "properties": { "GRID_CD_x": "마마371009", "SCH_POP": 0.0 }, "geometry": { "type": "MultiPolygon", "coordinates": [ [ [ [ 129.007797505654707, 35.294227711005412 ], [ 129.007814226636413, 35.295129098085525 ], [ 129.008913678420384, 35.295115384072055 ], [ 129.008896945257533, 35.294213997446725 ], [ 129.007797505654707, 35.294227711005412 ] ] ] ] } },
{ "type": "Feature", "properties": { "GRID_CD_x": "마마371010", "SCH_POP": 0.0 }, "geometry": { "type": "MultiPolygon", "coordinates": [ [ [ [ 129.007814226636413, 35.295129098085525 ], [ 129.007830948360493, 35.296030485024126 ], [ 129.00893041232618, 35.296016770555887 ], [ 129.008913678420384, 35.295115384072055 ], [ 129.007814226636413, 35.295129098085525 ] ] ] ] } },
{ "type": "Feature", "properties": { "GRID_CD_x": "마마371011", "SCH_POP": 0.0 }, "geometry": { "type": "MultiPolygon", "coordinates": [ [ [ [ 129.007830948360493, 35.296030485024126 ], [ 129.007847670827061, 35.296931871821229 ], [ 129.008947146974947, 35.296918156898194 ], [ 129.00893041232618, 35.296016770555887 ], [ 129.007830948360493, 35.296030485024126 ] ] ] ] } },
{ "type": "Feature", "properties": { "GRID_CD_x": "마마371012", "SCH_POP": 0.0 }, "geometry": { "type": "MultiPolygon", "coordinates": [ [ [ [ 129.007847670827061, 35.296931871821229 ], [ 129.007864394036005, 35.297833258476793 ], [ 129.008963882366686, 35.297819543098974 ], [ 129.008947146974947, 35.296918156898194 ], [ 129.007847670827061, 35.296931871821229 ] ] ] ] } },
{ "type": "Feature", "properties": { "GRID_CD_x": "마마371013", "SCH_POP": 0.0 }, "geometry": { "type": "MultiPolygon", "coordinates": [ [ [ [ 129.007864394036005, 35.297833258476793 ], [ 129.007881117987495, 35.298734644990873 ], [ 129.008980618501482, 35.298720929158229 ], [ 129.008963882366686, 35.297819543098974 ], [ 129.007864394036005, 35.297833258476793 ] ] ] ] } },
{ "type": "Feature", "properties": { "GRID_CD_x": "마마371014", "SCH_POP": 0.0 }, "geometry": { "type": "MultiPolygon", "coordinates": [ [ [ [ 129.007881117987495, 35.298734644990873 ], [ 129.007897842681473, 35.29963603136342 ], [ 129.008997355379336, 35.299622315075965 ], [ 129.008980618501482, 35.298720929158229 ], [ 129.007881117987495, 35.298734644990873 ] ] ] ] } },
{ "type": "Feature", "properties": { "GRID_CD_x": "마마371015", "SCH_POP": 0.0 }, "geometry": { "type": "MultiPolygon", "coordinates": [ [ [ [ 129.007897842681473, 35.29963603136342 ], [ 129.007914568118025, 35.300537417594455 ], [ 129.009014093000275, 35.300523700852168 ], [ 129.008997355379336, 35.299622315075965 ], [ 129.007897842681473, 35.29963603136342 ] ] ] ] } },
{ "type": "Feature", "properties": { "GRID_CD_x": "마마371016", "SCH_POP": 0.0 }, "geometry": { "type": "MultiPolygon", "coordinates": [ [ [ [ 129.007914568118025, 35.300537417594455 ], [ 129.007931294297151, 35.301438803683958 ], [ 129.009030831364328, 35.301425086486852 ], [ 129.009014093000275, 35.300523700852168 ], [ 129.007914568118025, 35.300537417594455 ] ] ] ] } },
{ "type": "Feature", "properties": { "GRID_CD_x": "마마371017", "SCH_POP": 0.0 }, "geometry": { "type": "MultiPolygon", "coordinates": [ [ [ [ 129.007931294297151, 35.301438803683958 ], [ 129.007948021218937, 35.302340189631956 ], [ 129.009047570471552, 35.302326471979995 ], [ 129.009030831364328, 35.301425086486852 ], [ 129.007931294297151, 35.301438803683958 ] ] ] ] } },
{ "type": "Feature", "properties": { "GRID_CD_x": "마마371018", "SCH_POP": 0.0 }, "geometry": { "type": "MultiPolygon", "coordinates": [ [ [ [ 129.007948021218937, 35.302340189631956 ], [ 129.007964748883325, 35.30324157543842 ], [ 129.009064310322003, 35.303227857331599 ], [ 129.009047570471552, 35.302326471979995 ], [ 129.007948021218937, 35.302340189631956 ] ] ] ] } },
{ "type": "Feature", "properties": { "GRID_CD_x": "마마371019", "SCH_POP": 4.0833333333333339 }, "geometry": { "type": "MultiPolygon", "coordinates": [ [ [ [ 129.007964748883325, 35.30324157543842 ], [ 129.007981477290429, 35.304142961103359 ], [ 129.009081050915626, 35.30412924254167 ], [ 129.009064310322003, 35.303227857331599 ], [ 129.007964748883325, 35.30324157543842 ] ] ] ] } },
{ "type": "Feature", "properties": { "GRID_CD_x": "마마371020", "SCH_POP": 3.7390178911305672 }, "geometry": { "type": "MultiPolygon", "coordinates": [ [ [ [ 129.007981477290429, 35.304142961103359 ], [ 129.00799820644022, 35.305044346626779 ], [ 129.009097792252561, 35.305030627610201 ], [ 129.009081050915626, 35.30412924254167 ], [ 129.007981477290429, 35.304142961103359 ] ] ] ] } },
{ "type": "Feature", "properties": { "GRID_CD_x": "마마371021", "SCH_POP": 3.0713361248572522 }, "geometry": { "type": "MultiPolygon", "coordinates": [ [ [ [ 129.00799820644022, 35.305044346626779 ], [ 129.008014936332813, 35.305945732008659 ], [ 129.009114534332781, 35.305932012537198 ], [ 129.009097792252561, 35.305030627610201 ], [ 129.00799820644022, 35.305044346626779 ] ] ] ] } },
{ "type": "Feature", "properties": { "GRID_CD_x": "마마371022", "SCH_POP": 5.7420631899505139 }, "geometry": { "type": "MultiPolygon", "coordinates": [ [ [ [ 129.008014936332813, 35.305945732008659 ], [ 129.008031666968151, 35.306847117249013 ], [ 129.009131277156285, 35.306833397322663 ], [ 129.009114534332781, 35.305932012537198 ], [ 129.008014936332813, 35.305945732008659 ] ] ] ] } },
{ "type": "Feature", "properties": { "GRID_CD_x": "마마371023", "SCH_POP": 5.0743814236771998 }, "geometry": { "type": "MultiPolygon", "coordinates": [ [ [ [ 129.008031666968151, 35.306847117249013 ], [ 129.008048398346318, 35.307748502347835 ], [ 129.009148020723188, 35.307734781966573 ], [ 129.009131277156285, 35.306833397322663 ], [ 129.008031666968151, 35.306847117249013 ] ] ] ] } },
{ "type": "Feature", "properties": { "GRID_CD_x": "마마371024", "SCH_POP": 1.068290826037305 }, "geometry": { "type": "MultiPolygon", "coordinates": [ [ [ [ 129.008048398346318, 35.307748502347835 ], [ 129.008065130467344, 35.308649887305137 ], [ 129.009164765033489, 35.308636166468943 ], [ 129.009148020723188, 35.307734781966573 ], [ 129.008048398346318, 35.307748502347835 ] ] ] ] } },
{ "type": "Feature", "properties": { "GRID_CD_x": "마마371025", "SCH_POP": 0.0 }, "geometry": { "type": "MultiPolygon", "coordinates": [ [ [ [ 129.008065130467344, 35.308649887305137 ], [ 129.008081863331256, 35.309551272120885 ], [ 129.009181510087188, 35.309537550829774 ], [ 129.009164765033489, 35.308636166468943 ], [ 129.008065130467344, 35.308649887305137 ] ] ] ] } },
{ "type": "Feature", "properties": { "GRID_CD_x": "마마371026", "SCH_POP": 0.0 }, "geometry": { "type": "MultiPolygon", "coordinates": [ [ [ [ 129.008081863331256, 35.309551272120885 ], [ 129.008098596938083, 35.3104526567951 ], [ 129.009198255884343, 35.310438935049042 ], [ 129.009181510087188, 35.309537550829774 ], [ 129.008081863331256, 35.309551272120885 ] ] ] ] } },
{ "type": "Feature", "properties": { "GRID_CD_x": "마마371027", "SCH_POP": 1.068290826037305 }, "geometry": { "type": "MultiPolygon", "coordinates": [ [ [ [ 129.008098596938083, 35.3104526567951 ], [ 129.008115331287854, 35.311354041327775 ], [ 129.009215002425037, 35.311340319126778 ], [ 129.009198255884343, 35.310438935049042 ], [ 129.008098596938083, 35.3104526567951 ] ] ] ] } },
{ "type": "Feature", "properties": { "GRID_CD_x": "마마371028", "SCH_POP": 72.376703464027415 }, "geometry": { "type": "MultiPolygon", "coordinates": [ [ [ [ 129.008115331287854, 35.311354041327775 ], [ 129.008132066380597, 35.312255425718902 ], [ 129.009231749709187, 35.312241703062952 ], [ 129.009215002425037, 35.311340319126778 ], [ 129.008115331287854, 35.311354041327775 ] ] ] ] } },
{ "type": "Feature", "properties": { "GRID_CD_x": "마마371029", "SCH_POP": 36.989569851541681 }, "geometry": { "type": "MultiPolygon", "coordinates": [ [ [ [ 129.008132066380597, 35.312255425718902 ], [ 129.008148802216368, 35.31315680996849 ], [ 129.009248497736934, 35.313143086857579 ], [ 129.009231749709187, 35.312241703062952 ], [ 129.008132066380597, 35.312255425718902 ] ] ] ] } },
{ "type": "Feature", "properties": { "GRID_CD_x": "마마371030", "SCH_POP": 10.269148174659984 }, "geometry": { "type": "MultiPolygon", "coordinates": [ [ [ [ 129.008148802216368, 35.31315680996849 ], [ 129.008165538795197, 35.31405819407653 ], [ 129.009265246508278, 35.314044470510638 ], [ 129.009248497736934, 35.313143086857579 ], [ 129.008148802216368, 35.31315680996849 ] ] ] ] } },
{ "type": "Feature", "properties": { "GRID_CD_x": "마마371031", "SCH_POP": 69.145597709377228 }, "geometry": { "type": "MultiPolygon", "coordinates": [ [ [ [ 129.008165538795197, 35.31405819407653 ], [ 129.008182276117083, 35.314959578043023 ], [ 129.009281996023219, 35.314945854022149 ], [ 129.009265246508278, 35.314044470510638 ], [ 129.008165538795197, 35.31405819407653 ] ] ] ] } },
{ "type": "Feature", "properties": { "GRID_CD_x": "마마371032", "SCH_POP": 41.076592698639935 }, "geometry": { "type": "MultiPolygon", "coordinates": [ [ [ [ 129.008182276117083, 35.314959578043023 ], [ 129.008199014182111, 35.315860961867969 ], [ 129.009298746281814, 35.315847237392092 ], [ 129.009281996023219, 35.314945854022149 ], [ 129.008182276117083, 35.314959578043023 ] ] ] ] } },
{ "type": "Feature", "properties": { "GRID_CD_x": "마마371033", "SCH_POP": 18.48446671438797 }, "geometry": { "type": "MultiPolygon", "coordinates": [ [ [ [ 129.008199014182111, 35.315860961867969 ], [ 129.008215752990282, 35.316762345551368 ], [ 129.009315497284092, 35.316748620620494 ], [ 129.009298746281814, 35.315847237392092 ], [ 129.008199014182111, 35.315860961867969 ] ] ] ] } },
{ "type": "Feature", "properties": { "GRID_CD_x": "마마371034", "SCH_POP": 19.967788117394413 }, "geometry": { "type": "MultiPolygon", "coordinates": [ [ [ [ 129.008215752990282, 35.316762345551368 ], [ 129.008232492541623, 35.317663729093212 ], [ 129.009332249030138, 35.317650003707314 ], [ 129.009315497284092, 35.316748620620494 ], [ 129.008215752990282, 35.316762345551368 ] ] ] ] } },
{ "type": "Feature", "properties": { "GRID_CD_x": "마마371035", "SCH_POP": 0.912813171080887 }, "geometry": { "type": "MultiPolygon", "coordinates": [ [ [ [ 129.008232492541623, 35.317663729093212 ], [ 129.008249232836164, 35.318565112493502 ], [ 129.009349001519894, 35.318551386652572 ], [ 129.009332249030138, 35.317650003707314 ], [ 129.008232492541623, 35.317663729093212 ] ] ] ] } },
{ "type": "Feature", "properties": { "GRID_CD_x": "마마371036", "SCH_POP": 0.0 }, "geometry": { "type": "MultiPolygon", "coordinates": [ [ [ [ 129.008249232836164, 35.318565112493502 ], [ 129.008265973873961, 35.319466495752231 ], [ 129.009365754753446, 35.319452769456269 ], [ 129.009349001519894, 35.318551386652572 ], [ 129.008249232836164, 35.318565112493502 ] ] ] ] } },
{ "type": "Feature", "properties": { "GRID_CD_x": "마마371037", "SCH_POP": 0.0 }, "geometry": { "type": "MultiPolygon", "coordinates": [ [ [ [ 129.008265973873961, 35.319466495752231 ], [ 129.008282715655042, 35.320367878869405 ], [ 129.009382508730795, 35.320354152118391 ], [ 129.009365754753446, 35.319452769456269 ], [ 129.008265973873961, 35.319466495752231 ] ] ] ] } },
{ "type": "Feature", "properties": { "GRID_CD_x": "마마371038", "SCH_POP": 0.0 }, "geometry": { "type": "MultiPolygon", "coordinates": [ [ [ [ 129.008282715655042, 35.320367878869405 ], [ 129.008299458179437, 35.321269261845003 ], [ 129.009399263452053, 35.321255534638944 ], [ 129.009382508730795, 35.320354152118391 ], [ 129.008282715655042, 35.320367878869405 ] ] ] ] } },
{ "type": "Feature", "properties": { "GRID_CD_x": "마마371039", "SCH_POP": 0.0 }, "geometry": { "type": "MultiPolygon", "coordinates": [ [ [ [ 129.008299458179437, 35.321269261845003 ], [ 129.008316201447172, 35.322170644679062 ], [ 129.009416018917136, 35.322156917017928 ], [ 129.009399263452053, 35.321255534638944 ], [ 129.008299458179437, 35.321269261845003 ] ] ] ] } },
{ "type": "Feature", "properties": { "GRID_CD_x": "마마371040", "SCH_POP": 0.0 }, "geometry": { "type": "MultiPolygon", "coordinates": [ [ [ [ 129.008316201447172, 35.322170644679062 ], [ 129.008332945458278, 35.323072027371552 ], [ 129.009432775126157, 35.323058299255337 ], [ 129.009416018917136, 35.322156917017928 ], [ 129.008316201447172, 35.322170644679062 ] ] ] ] } },
{ "type": "Feature", "properties": { "GRID_CD_x": "마마371041", "SCH_POP": 0.0 }, "geometry": { "type": "MultiPolygon", "coordinates": [ [ [ [ 129.008332945458278, 35.323072027371552 ], [ 129.00834969021281, 35.323973409922466 ], [ 129.009449532079174, 35.32395968135117 ], [ 129.009432775126157, 35.323058299255337 ], [ 129.008332945458278, 35.323072027371552 ] ] ] ] } },
{ "type": "Feature", "properties": { "GRID_CD_x": "마마371042", "SCH_POP": 0.0 }, "geometry": { "type": "MultiPolygon", "coordinates": [ [ [ [ 129.00834969021281, 35.323973409922466 ], [ 129.008366435710769, 35.324874792331812 ], [ 129.009466289776128, 35.324861063305427 ], [ 129.009449532079174, 35.32395968135117 ], [ 129.00834969021281, 35.323973409922466 ] ] ] ] } },
{ "type": "Feature", "properties": { "GRID_CD_x": "마마371043", "SCH_POP": 0.0 }, "geometry": { "type": "MultiPolygon", "coordinates": [ [ [ [ 129.008366435710769, 35.324874792331812 ], [ 129.008383181952212, 35.325776174599604 ], [ 129.009483048217106, 35.325762445118109 ], [ 129.009466289776128, 35.324861063305427 ], [ 129.008366435710769, 35.324874792331812 ] ] ] ] } },
{ "type": "Feature", "properties": { "GRID_CD_x": "마마371044", "SCH_POP": 0.0 }, "geometry": { "type": "MultiPolygon", "coordinates": [ [ [ [ 129.008383181952212, 35.325776174599604 ], [ 129.008399928937166, 35.326677556725812 ], [ 129.009499807402136, 35.326663826789208 ], [ 129.009483048217106, 35.325762445118109 ], [ 129.008383181952212, 35.325776174599604 ] ] ] ] } },
{ "type": "Feature", "properties": { "GRID_CD_x": "마마371045", "SCH_POP": 0.0 }, "geometry": { "type": "MultiPolygon", "coordinates": [ [ [ [ 129.008399928937166, 35.326677556725812 ], [ 129.008416676665632, 35.327578938710445 ], [ 129.009516567331275, 35.32756520831871 ], [ 129.009499807402136, 35.326663826789208 ], [ 129.008399928937166, 35.326677556725812 ] ] ] ] } },
{ "type": "Feature", "properties": { "GRID_CD_x": "마마371046", "SCH_POP": 2.5264125646427891 }, "geometry": { "type": "MultiPolygon", "coordinates": [ [ [ [ 129.008416676665632, 35.327578938710445 ], [ 129.008433425137724, 35.32848032055351 ], [ 129.009533328004494, 35.328466589706643 ], [ 129.009516567331275, 35.32756520831871 ], [ 129.008416676665632, 35.327578938710445 ] ] ] ] } },
{ "type": "Feature", "properties": { "GRID_CD_x": "마마371047", "SCH_POP": 17.263819191725723 }, "geometry": { "type": "MultiPolygon", "coordinates": [ [ [ [ 129.008433425137724, 35.32848032055351 ], [ 129.008450174353385, 35.329381702254999 ], [ 129.009550089421907, 35.329367970952987 ], [ 129.009533328004494, 35.328466589706643 ], [ 129.008433425137724, 35.32848032055351 ] ] ] ] } },
{ "type": "Feature", "properties": { "GRID_CD_x": "마마371048", "SCH_POP": 23.860563110515226 }, "geometry": { "type": "MultiPolygon", "coordinates": [ [ [ [ 129.008450174353385, 35.329381702254999 ], [ 129.0084669243127, 35.330283083814898 ], [ 129.009566851583457, 35.330269352057734 ], [ 129.009550089421907, 35.329367970952987 ], [ 129.008450174353385, 35.329381702254999 ] ] ] ] } },
{ "type": "Feature", "properties": { "GRID_CD_x": "마마371049", "SCH_POP": 10.807431526527486 }, "geometry": { "type": "MultiPolygon", "coordinates": [ [ [ [ 129.0084669243127, 35.330283083814898 ], [ 129.008483675015697, 35.331184465233228 ], [ 129.00958361448923, 35.331170733020883 ], [ 129.009566851583457, 35.330269352057734 ], [ 129.0084669243127, 35.330283083814898 ] ] ] ] } },
{ "type": "Feature", "properties": { "GRID_CD_x": "마마371050", "SCH_POP": 0.0 }, "geometry": { "type": "MultiPolygon", "coordinates": [ [ [ [ 129.008483675015697, 35.331184465233228 ], [ 129.008500426462405, 35.332085846509976 ], [ 129.009600378139254, 35.332072113842464 ], [ 129.00958361448923, 35.331170733020883 ], [ 129.008483675015697, 35.331184465233228 ] ] ] ] } },
{ "type": "Feature", "properties": { "GRID_CD_x": "마마371051", "SCH_POP": 24.653728125792544 }, "geometry": { "type": "MultiPolygon", "coordinates": [ [ [ [ 129.008500426462405, 35.332085846509976 ], [ 129.008517178652852, 35.332987227645127 ], [ 129.009617142533585, 35.332973494522442 ], [ 129.009600378139254, 35.332072113842464 ], [ 129.008500426462405, 35.332085846509976 ] ] ] ] } },
{ "type": "Feature", "properties": { "GRID_CD_x": "마마371052", "SCH_POP": 70.945980218108033 }, "geometry": { "type": "MultiPolygon", "coordinates": [ [ [ [ 129.008517178652852, 35.332987227645127 ], [ 129.008533931587039, 35.333888608638709 ], [ 129.009633907672196, 35.333874875060822 ], [ 129.009617142533585, 35.332973494522442 ], [ 129.008517178652852, 35.332987227645127 ] ] ] ] } },
{ "type": "Feature", "properties": { "GRID_CD_x": "마마371053", "SCH_POP": 10.641897032716207 }, "geometry": { "type": "MultiPolygon", "coordinates": [ [ [ [ 129.008533931587039, 35.333888608638709 ], [ 129.008550685265078, 35.334789989490694 ], [ 129.009650673555171, 35.334776255457598 ], [ 129.009633907672196, 35.333874875060822 ], [ 129.008533931587039, 35.333888608638709 ] ] ] ] } },
{ "type": "Feature", "properties": { "GRID_CD_x": "마마371054", "SCH_POP": 0.88682475272635097 }, "geometry": { "type": "MultiPolygon", "coordinates": [ [ [ [ 129.008550685265078, 35.334789989490694 ], [ 129.008567439686914, 35.335691370201097 ], [ 129.00966744018254, 35.335677635712784 ], [ 129.009650673555171, 35.334776255457598 ], [ 129.008550685265078, 35.334789989490694 ] ] ] ] } },
{ "type": "Feature", "properties": { "GRID_CD_x": "마마371055", "SCH_POP": 0.0 }, "geometry": { "type": "MultiPolygon", "coordinates": [ [ [ [ 129.008567439686914, 35.335691370201097 ], [ 129.008584194852659, 35.336592750769896 ], [ 129.009684207554272, 35.336579015826366 ], [ 129.00966744018254, 35.335677635712784 ], [ 129.008567439686914, 35.335691370201097 ] ] ] ] } },
{ "type": "Feature", "properties": { "GRID_CD_x": "마마371056", "SCH_POP": 0.0 }, "geometry": { "type": "MultiPolygon", "coordinates": [ [ [ [ 129.008584194852659, 35.336592750769896 ], [ 129.008600950762286, 35.337494131197097 ], [ 129.009700975670484, 35.33748039579833 ], [ 129.009684207554272, 35.336579015826366 ], [ 129.008584194852659, 35.336592750769896 ] ] ] ] } },
{ "type": "Feature", "properties": { "GRID_CD_x": "마마371057", "SCH_POP": 0.0 }, "geometry": { "type": "MultiPolygon", "coordinates": [ [ [ [ 129.008600950762286, 35.337494131197097 ], [ 129.008617707415851, 35.338395511482716 ], [ 129.009717744531201, 35.338381775628697 ], [ 129.009700975670484, 35.33748039579833 ], [ 129.008600950762286, 35.337494131197097 ] ] ] ] } },
{ "type": "Feature", "properties": { "GRID_CD_x": "마마371058", "SCH_POP": 0.0 }, "geometry": { "type": "MultiPolygon", "coordinates": [ [ [ [ 129.008617707415851, 35.338395511482716 ], [ 129.008634464813383, 35.339296891626738 ], [ 129.009734514136397, 35.339283155317467 ], [ 129.009717744531201, 35.338381775628697 ], [ 129.008617707415851, 35.338395511482716 ] ] ] ] } },
{ "type": "Feature", "properties": { "GRID_CD_x": "마마371059", "SCH_POP": 0.0 }, "geometry": { "type": "MultiPolygon", "coordinates": [ [ [ [ 129.008634464813383, 35.339296891626738 ], [ 129.00865122295491, 35.340198271629156 ], [ 129.009751284486128, 35.340184534864633 ], [ 129.009734514136397, 35.339283155317467 ], [ 129.008634464813383, 35.339296891626738 ] ] ] ] } },
{ "type": "Feature", "properties": { "GRID_CD_x": "마마371060", "SCH_POP": 0.0 }, "geometry": { "type": "MultiPolygon", "coordinates": [ [ [ [ 129.00865122295491, 35.340198271629156 ], [ 129.008667981840517, 35.341099651489976 ], [ 129.009768055580452, 35.341085914270167 ], [ 129.009751284486128, 35.340184534864633 ], [ 129.00865122295491, 35.340198271629156 ] ] ] ] } },
{ "type": "Feature", "properties": { "GRID_CD_x": "마마371061", "SCH_POP": 0.0 }, "geometry": { "type": "MultiPolygon", "coordinates": [ [ [ [ 129.008667981840517, 35.341099651489976 ], [ 129.008684741470177, 35.342001031209193 ], [ 129.009784827419395, 35.34198729353411 ], [ 129.009768055580452, 35.341085914270167 ], [ 129.008667981840517, 35.341099651489976 ] ] ] ] } },
{ "type": "Feature", "properties": { "GRID_CD_x": "마마371062", "SCH_POP": 0.0 }, "geometry": { "type": "MultiPolygon", "coordinates": [ [ [ [ 129.008684741470177, 35.342001031209193 ], [ 129.008701501843916, 35.342902410786806 ], [ 129.009801600002987, 35.342888672656422 ], [ 129.009784827419395, 35.34198729353411 ], [ 129.008684741470177, 35.342001031209193 ] ] ] ] } },
{ "type": "Feature", "properties": { "GRID_CD_x": "마마371063", "SCH_POP": 0.0 }, "geometry": { "type": "MultiPolygon", "coordinates": [ [ [ [ 129.008701501843916, 35.342902410786806 ], [ 129.008718262961821, 35.343803790222815 ], [ 129.009818373331257, 35.343790051637122 ], [ 129.009801600002987, 35.342888672656422 ], [ 129.008701501843916, 35.342902410786806 ] ] ] ] } },
{ "type": "Feature", "properties": { "GRID_CD_x": "마마371064", "SCH_POP": 0.0 }, "geometry": { "type": "MultiPolygon", "coordinates": [ [ [ [ 129.008718262961821, 35.343803790222815 ], [ 129.008735024823835, 35.344705169517212 ], [ 129.009835147404203, 35.34469143047621 ], [ 129.009818373331257, 35.343790051637122 ], [ 129.008718262961821, 35.343803790222815 ] ] ] ] } },
{ "type": "Feature", "properties": { "GRID_CD_x": "마마371065", "SCH_POP": 0.0 }, "geometry": { "type": "MultiPolygon", "coordinates": [ [ [ [ 129.008735024823835, 35.344705169517212 ], [ 129.0087517874301, 35.345606548669998 ], [ 129.009851922221912, 35.345592809173674 ], [ 129.009835147404203, 35.34469143047621 ], [ 129.008735024823835, 35.344705169517212 ] ] ] ] } },
{ "type": "Feature", "properties": { "GRID_CD_x": "마마371066", "SCH_POP": 0.0 }, "geometry": { "type": "MultiPolygon", "coordinates": [ [ [ [ 129.0087517874301, 35.345606548669998 ], [ 129.008768550780616, 35.346507927681174 ], [ 129.009868697784412, 35.346494187729512 ], [ 129.009851922221912, 35.345592809173674 ], [ 129.0087517874301, 35.345606548669998 ] ] ] ] } },
{ "type": "Feature", "properties": { "GRID_CD_x": "마마371067", "SCH_POP": 0.0 }, "geometry": { "type": "MultiPolygon", "coordinates": [ [ [ [ 129.008768550780616, 35.346507927681174 ], [ 129.008785314875354, 35.347409306550738 ], [ 129.009885474091703, 35.347395566143724 ], [ 129.009868697784412, 35.346494187729512 ], [ 129.008768550780616, 35.346507927681174 ] ] ] ] } },
{ "type": "Feature", "properties": { "GRID_CD_x": "마마372000", "SCH_POP": 0.0 }, "geometry": { "type": "MultiPolygon", "coordinates": [ [ [ [ 129.00874638021827, 35.286101511450603 ], [ 129.008763106696222, 35.287002899349531 ], [ 129.009862448126626, 35.286989179442308 ], [ 129.009845709472415, 35.286087791998405 ], [ 129.00874638021827, 35.286101511450603 ] ] ] ] } },
{ "type": "Feature", "properties": { "GRID_CD_x": "마마372001", "SCH_POP": 0.0 }, "geometry": { "type": "MultiPolygon", "coordinates": [ [ [ [ 129.008763106696222, 35.287002899349531 ], [ 129.008779833916805, 35.287904287106954 ], [ 129.009879187524007, 35.287890566744728 ], [ 129.009862448126626, 35.286989179442308 ], [ 129.008763106696222, 35.287002899349531 ] ] ] ] } },
{ "type": "Feature", "properties": { "GRID_CD_x": "마마372002", "SCH_POP": 0.0 }, "geometry": { "type": "MultiPolygon", "coordinates": [ [ [ [ 129.008779833916805, 35.287904287106954 ], [ 129.008796561880047, 35.288805674722873 ], [ 129.009895927664616, 35.288791953905609 ], [ 129.009879187524007, 35.287890566744728 ], [ 129.008779833916805, 35.287904287106954 ] ] ] ] } },
{ "type": "Feature", "properties": { "GRID_CD_x": "마마372003", "SCH_POP": 0.0 }, "geometry": { "type": "MultiPolygon", "coordinates": [ [ [ [ 129.008796561880047, 35.288805674722873 ], [ 129.008813290586033, 35.289707062197294 ], [ 129.009912668548452, 35.289693340924984 ], [ 129.009895927664616, 35.288791953905609 ], [ 129.008796561880047, 35.288805674722873 ] ] ] ] } },
{ "type": "Feature", "properties": { "GRID_CD_x": "마마372004", "SCH_POP": 0.0 }, "geometry": { "type": "MultiPolygon", "coordinates": [ [ [ [ 129.008813290586033, 35.289707062197294 ], [ 129.008830020034736, 35.290608449530197 ], [ 129.009929410175573, 35.290594727802841 ], [ 129.009912668548452, 35.289693340924984 ], [ 129.008813290586033, 35.289707062197294 ] ] ] ] } },
{ "type": "Feature", "properties": { "GRID_CD_x": "마마372005", "SCH_POP": 0.0 }, "geometry": { "type": "MultiPolygon", "coordinates": [ [ [ [ 129.008830020034736, 35.290608449530197 ], [ 129.008846750226184, 35.291509836721595 ], [ 129.009946152546007, 35.291496114539193 ], [ 129.009929410175573, 35.290594727802841 ], [ 129.008830020034736, 35.290608449530197 ] ] ] ] } },
{ "type": "Feature", "properties": { "GRID_CD_x": "마마372006", "SCH_POP": 0.0 }, "geometry": { "type": "MultiPolygon", "coordinates": [ [ [ [ 129.008846750226184, 35.291509836721595 ], [ 129.008863481160461, 35.292411223771495 ], [ 129.009962895659754, 35.292397501134012 ], [ 129.009946152546007, 35.291496114539193 ], [ 129.008846750226184, 35.291509836721595 ] ] ] ] } },
{ "type": "Feature", "properties": { "GRID_CD_x": "마마372007", "SCH_POP": 0.0 }, "geometry": { "type": "MultiPolygon", "coordinates": [ [ [ [ 129.008863481160461, 35.292411223771495 ], [ 129.008880212837568, 35.293312610679862 ], [ 129.009979639516899, 35.293298887587298 ], [ 129.009962895659754, 35.292397501134012 ], [ 129.008863481160461, 35.292411223771495 ] ] ] ] } },
{ "type": "Feature", "properties": { "GRID_CD_x": "마마372008", "SCH_POP": 0.0 }, "geometry": { "type": "MultiPolygon", "coordinates": [ [ [ [ 129.008880212837568, 35.293312610679862 ], [ 129.008896945257533, 35.294213997446725 ], [ 129.009996384117443, 35.294200273899065 ], [ 129.009979639516899, 35.293298887587298 ], [ 129.008880212837568, 35.293312610679862 ] ] ] ] } },
{ "type": "Feature", "properties": { "GRID_CD_x": "마마372009", "SCH_POP": 0.0 }, "geometry": { "type": "MultiPolygon", "coordinates": [ [ [ [ 129.008896945257533, 35.294213997446725 ], [ 129.008913678420384, 35.295115384072055 ], [ 129.010013129461413, 35.295101660069307 ], [ 129.009996384117443, 35.294200273899065 ], [ 129.008896945257533, 35.294213997446725 ] ] ] ] } },
{ "type": "Feature", "properties": { "GRID_CD_x": "마마372010", "SCH_POP": 0.0 }, "geometry": { "type": "MultiPolygon", "coordinates": [ [ [ [ 129.008913678420384, 35.295115384072055 ], [ 129.00893041232618, 35.296016770555887 ], [ 129.010029875548867, 35.296003046098029 ], [ 129.010013129461413, 35.295101660069307 ], [ 129.008913678420384, 35.295115384072055 ] ] ] ] } },
{ "type": "Feature", "properties": { "GRID_CD_x": "마마372011", "SCH_POP": 0.0 }, "geometry": { "type": "MultiPolygon", "coordinates": [ [ [ [ 129.00893041232618, 35.296016770555887 ], [ 129.008947146974947, 35.296918156898194 ], [ 129.010046622379832, 35.296904431985212 ], [ 129.010029875548867, 35.296003046098029 ], [ 129.00893041232618, 35.296016770555887 ] ] ] ] } },
{ "type": "Feature", "properties": { "GRID_CD_x": "마마372012", "SCH_POP": 0.0 }, "geometry": { "type": "MultiPolygon", "coordinates": [ [ [ [ 129.008947146974947, 35.296918156898194 ], [ 129.008963882366686, 35.297819543098974 ], [ 129.01006336995431, 35.297805817730861 ], [ 129.010046622379832, 35.296904431985212 ], [ 129.008947146974947, 35.296918156898194 ] ] ] ] } },
{ "type": "Feature", "properties": { "GRID_CD_x": "마마372013", "SCH_POP": 0.0 }, "geometry": { "type": "MultiPolygon", "coordinates": [ [ [ [ 129.008963882366686, 35.297819543098974 ], [ 129.008980618501482, 35.298720929158229 ], [ 129.010080118272384, 35.29870720333497 ], [ 129.01006336995431, 35.297805817730861 ], [ 129.008963882366686, 35.297819543098974 ] ] ] ] } },
{ "type": "Feature", "properties": { "GRID_CD_x": "마마372014", "SCH_POP": 0.0 }, "geometry": { "type": "MultiPolygon", "coordinates": [ [ [ [ 129.008980618501482, 35.298720929158229 ], [ 129.008997355379336, 35.299622315075965 ], [ 129.010096867334056, 35.299608588797568 ], [ 129.010080118272384, 35.29870720333497 ], [ 129.008980618501482, 35.298720929158229 ] ] ] ] } },
{ "type": "Feature", "properties": { "GRID_CD_x": "마마372015", "SCH_POP": 0.0 }, "geometry": { "type": "MultiPolygon", "coordinates": [ [ [ [ 129.008997355379336, 35.299622315075965 ], [ 129.009014093000275, 35.300523700852168 ], [ 129.010113617139353, 35.300509974118619 ], [ 129.010096867334056, 35.299608588797568 ], [ 129.008997355379336, 35.299622315075965 ] ] ] ] } },
{ "type": "Feature", "properties": { "GRID_CD_x": "마마372016", "SCH_POP": 0.0 }, "geometry": { "type": "MultiPolygon", "coordinates": [ [ [ [ 129.009014093000275, 35.300523700852168 ], [ 129.009030831364328, 35.301425086486852 ], [ 129.010130367688362, 35.301411359298122 ], [ 129.010113617139353, 35.300509974118619 ], [ 129.009014093000275, 35.300523700852168 ] ] ] ] } },
{ "type": "Feature", "properties": { "GRID_CD_x": "마마372017", "SCH_POP": 0.0 }, "geometry": { "type": "MultiPolygon", "coordinates": [ [ [ [ 129.009030831364328, 35.301425086486852 ], [ 129.009047570471552, 35.302326471979995 ], [ 129.010147118981024, 35.302312744336092 ], [ 129.010130367688362, 35.301411359298122 ], [ 129.009030831364328, 35.301425086486852 ] ] ] ] } },
{ "type": "Feature", "properties": { "GRID_CD_x": "마마372018", "SCH_POP": 0.0 }, "geometry": { "type": "MultiPolygon", "coordinates": [ [ [ [ 129.009047570471552, 35.302326471979995 ], [ 129.009064310322003, 35.303227857331599 ], [ 129.010163871017454, 35.303214129232494 ], [ 129.010147118981024, 35.302312744336092 ], [ 129.009047570471552, 35.302326471979995 ] ] ] ] } },
{ "type": "Feature", "properties": { "GRID_CD_x": "마마372019", "SCH_POP": 0.0 }, "geometry": { "type": "MultiPolygon", "coordinates": [ [ [ [ 129.009064310322003, 35.303227857331599 ], [ 129.009081050915626, 35.30412924254167 ], [ 129.010180623797623, 35.304115513987377 ], [ 129.010163871017454, 35.303214129232494 ], [ 129.009064310322003, 35.303227857331599 ] ] ] ] } },
{ "type": "Feature", "properties": { "GRID_CD_x": "마마372020", "SCH_POP": 0.0 }, "geometry": { "type": "MultiPolygon", "coordinates": [ [ [ [ 129.009081050915626, 35.30412924254167 ], [ 129.009097792252561, 35.305030627610201 ], [ 129.010197377321589, 35.305016898600698 ], [ 129.010180623797623, 35.304115513987377 ], [ 129.009081050915626, 35.30412924254167 ] ] ] ] } },
{ "type": "Feature", "properties": { "GRID_CD_x": "마마372021", "SCH_POP": 0.0 }, "geometry": { "type": "MultiPolygon", "coordinates": [ [ [ [ 129.009097792252561, 35.305030627610201 ], [ 129.009114534332781, 35.305932012537198 ], [ 129.010214131589407, 35.305918283072479 ], [ 129.010197377321589, 35.305016898600698 ], [ 129.009097792252561, 35.305030627610201 ] ] ] ] } },
{ "type": "Feature", "properties": { "GRID_CD_x": "마마372022", "SCH_POP": 0.0 }, "geometry": { "type": "MultiPolygon", "coordinates": [ [ [ [ 129.009114534332781, 35.305932012537198 ], [ 129.009131277156285, 35.306833397322663 ], [ 129.010230886601107, 35.306819667402713 ], [ 129.010214131589407, 35.305918283072479 ], [ 129.009114534332781, 35.305932012537198 ] ] ] ] } },
{ "type": "Feature", "properties": { "GRID_CD_x": "마마372023", "SCH_POP": 0.0 }, "geometry": { "type": "MultiPolygon", "coordinates": [ [ [ [ 129.009131277156285, 35.306833397322663 ], [ 129.009148020723188, 35.307734781966573 ], [ 129.010247642356688, 35.307721051591393 ], [ 129.010230886601107, 35.306819667402713 ], [ 129.009131277156285, 35.306833397322663 ] ] ] ] } },
{ "type": "Feature", "properties": { "GRID_CD_x": "마마372024", "SCH_POP": 0.0 }, "geometry": { "type": "MultiPolygon", "coordinates": [ [ [ [ 129.009148020723188, 35.307734781966573 ], [ 129.009164765033489, 35.308636166468943 ], [ 129.010264398856179, 35.308622435638512 ], [ 129.010247642356688, 35.307721051591393 ], [ 129.009148020723188, 35.307734781966573 ] ] ] ] } },
{ "type": "Feature", "properties": { "GRID_CD_x": "마마372025", "SCH_POP": 0.0 }, "geometry": { "type": "MultiPolygon", "coordinates": [ [ [ [ 129.009164765033489, 35.308636166468943 ], [ 129.009181510087188, 35.309537550829774 ], [ 129.010281156099666, 35.309523819544083 ], [ 129.010264398856179, 35.308622435638512 ], [ 129.009164765033489, 35.308636166468943 ] ] ] ] } },
{ "type": "Feature", "properties": { "GRID_CD_x": "마마372026", "SCH_POP": 0.0 }, "geometry": { "type": "MultiPolygon", "coordinates": [ [ [ [ 129.009181510087188, 35.309537550829774 ], [ 129.009198255884343, 35.310438935049042 ], [ 129.010297914087147, 35.310425203308078 ], [ 129.010281156099666, 35.309523819544083 ], [ 129.009181510087188, 35.309537550829774 ] ] ] ] } },
{ "type": "Feature", "properties": { "GRID_CD_x": "마마372027", "SCH_POP": 0.66768176627331599 }, "geometry": { "type": "MultiPolygon", "coordinates": [ [ [ [ 129.009198255884343, 35.310438935049042 ], [ 129.009215002425037, 35.311340319126778 ], [ 129.01031467281868, 35.311326586930548 ], [ 129.010297914087147, 35.310425203308078 ], [ 129.009198255884343, 35.310438935049042 ] ] ] ] } },
{ "type": "Feature", "properties": { "GRID_CD_x": "마마372028", "SCH_POP": 0.0 }, "geometry": { "type": "MultiPolygon", "coordinates": [ [ [ [ 129.009215002425037, 35.311340319126778 ], [ 129.009231749709187, 35.312241703062952 ], [ 129.010331432294237, 35.312227970411428 ], [ 129.01031467281868, 35.311326586930548 ], [ 129.009215002425037, 35.311340319126778 ] ] ] ] } },
{ "type": "Feature", "properties": { "GRID_CD_x": "마마372029", "SCH_POP": 41.396269508945565 }, "geometry": { "type": "MultiPolygon", "coordinates": [ [ [ [ 129.009231749709187, 35.312241703062952 ], [ 129.009248497736934, 35.313143086857579 ], [ 129.010348192513902, 35.313129353750746 ], [ 129.010331432294237, 35.312227970411428 ], [ 129.009231749709187, 35.312241703062952 ] ] ] ] } },
{ "type": "Feature", "properties": { "GRID_CD_x": "마마372030", "SCH_POP": 84.891624910522538 }, "geometry": { "type": "MultiPolygon", "coordinates": [ [ [ [ 129.009248497736934, 35.313143086857579 ], [ 129.009265246508278, 35.314044470510638 ], [ 129.010364953477705, 35.314030736948503 ], [ 129.010348192513902, 35.313129353750746 ], [ 129.009248497736934, 35.313143086857579 ] ] ] ] } },
{ "type": "Feature", "properties": { "GRID_CD_x": "마마372031", "SCH_POP": 9.2422333571939852 }, "geometry": { "type": "MultiPolygon", "coordinates": [ [ [ [ 129.009265246508278, 35.314044470510638 ], [ 129.009281996023219, 35.314945854022149 ], [ 129.010381715185673, 35.314932120004684 ], [ 129.010364953477705, 35.314030736948503 ], [ 129.009265246508278, 35.314044470510638 ] ] ] ] } },
{ "type": "Feature", "properties": { "GRID_CD_x": "마마372032", "SCH_POP": 23.39083750894774 }, "geometry": { "type": "MultiPolygon", "coordinates": [ [ [ [ 129.009281996023219, 35.314945854022149 ], [ 129.009298746281814, 35.315847237392092 ], [ 129.010398477637835, 35.315833502919311 ], [ 129.010381715185673, 35.314932120004684 ], [ 129.009281996023219, 35.314945854022149 ] ] ] ] } },
{ "type": "Feature", "properties": { "GRID_CD_x": "마마372033", "SCH_POP": 26.015175375805292 }, "geometry": { "type": "MultiPolygon", "coordinates": [ [ [ [ 129.009298746281814, 35.315847237392092 ], [ 129.009315497284092, 35.316748620620494 ], [ 129.01041524083422, 35.31673488569237 ], [ 129.010398477637835, 35.315833502919311 ], [ 129.009298746281814, 35.315847237392092 ] ] ] ] } },
{ "type": "Feature", "properties": { "GRID_CD_x": "마마372034", "SCH_POP": 0.0 }, "geometry": { "type": "MultiPolygon", "coordinates": [ [ [ [ 129.009315497284092, 35.316748620620494 ], [ 129.009332249030138, 35.317650003707314 ], [ 129.010432004774884, 35.317636268323845 ], [ 129.01041524083422, 35.31673488569237 ], [ 129.009315497284092, 35.316748620620494 ] ] ] ] } },
{ "type": "Feature", "properties": { "GRID_CD_x": "마마372035", "SCH_POP": 0.0 }, "geometry": { "type": "MultiPolygon", "coordinates": [ [ [ [ 129.009332249030138, 35.317650003707314 ], [ 129.009349001519894, 35.318551386652572 ], [ 129.010448769459828, 35.318537650813752 ], [ 129.010432004774884, 35.317636268323845 ], [ 129.009332249030138, 35.317650003707314 ] ] ] ] } },
{ "type": "Feature", "properties": { "GRID_CD_x": "마마372036", "SCH_POP": 0.0 }, "geometry": { "type": "MultiPolygon", "coordinates": [ [ [ [ 129.009349001519894, 35.318551386652572 ], [ 129.009365754753446, 35.319452769456269 ], [ 129.010465534889107, 35.319439033162077 ], [ 129.010448769459828, 35.318537650813752 ], [ 129.009349001519894, 35.318551386652572 ] ] ] ] } },
{ "type": "Feature", "properties": { "GRID_CD_x": "마마372037", "SCH_POP": 0.0 }, "geometry": { "type": "MultiPolygon", "coordinates": [ [ [ [ 129.009365754753446, 35.319452769456269 ], [ 129.009382508730795, 35.320354152118391 ], [ 129.010482301062723, 35.320340415368818 ], [ 129.010465534889107, 35.319439033162077 ], [ 129.009365754753446, 35.319452769456269 ] ] ] ] } },
{ "type": "Feature", "properties": { "GRID_CD_x": "마마372038", "SCH_POP": 0.0 }, "geometry": { "type": "MultiPolygon", "coordinates": [ [ [ [ 129.009382508730795, 35.320354152118391 ], [ 129.009399263452053, 35.321255534638944 ], [ 129.01049906798076, 35.321241797433991 ], [ 129.010482301062723, 35.320340415368818 ], [ 129.009382508730795, 35.320354152118391 ] ] ] ] } },
{ "type": "Feature", "properties": { "GRID_CD_x": "마마372039", "SCH_POP": 0.0 }, "geometry": { "type": "MultiPolygon", "coordinates": [ [ [ [ 129.009399263452053, 35.321255534638944 ], [ 129.009416018917136, 35.322156917017928 ], [ 129.01051583564319, 35.322143179357582 ], [ 129.01049906798076, 35.321241797433991 ], [ 129.009399263452053, 35.321255534638944 ] ] ] ] } },
{ "type": "Feature", "properties": { "GRID_CD_x": "마마372040", "SCH_POP": 0.0 }, "geometry": { "type": "MultiPolygon", "coordinates": [ [ [ [ 129.009416018917136, 35.322156917017928 ], [ 129.009432775126157, 35.323058299255337 ], [ 129.010532604050127, 35.323044561139568 ], [ 129.01051583564319, 35.322143179357582 ], [ 129.009416018917136, 35.322156917017928 ] ] ] ] } },
{ "type": "Feature", "properties": { "GRID_CD_x": "마마372041", "SCH_POP": 0.0 }, "geometry": { "type": "MultiPolygon", "coordinates": [ [ [ [ 129.009432775126157, 35.323058299255337 ], [ 129.009449532079174, 35.32395968135117 ], [ 129.010549373201542, 35.32394594278 ], [ 129.010532604050127, 35.323044561139568 ], [ 129.009432775126157, 35.323058299255337 ] ] ] ] } },
{ "type": "Feature", "properties": { "GRID_CD_x": "마마372042", "SCH_POP": 0.0 }, "geometry": { "type": "MultiPolygon", "coordinates": [ [ [ [ 129.009449532079174, 35.32395968135117 ], [ 129.009466289776128, 35.324861063305427 ], [ 129.010566143097464, 35.324847324278821 ], [ 129.010549373201542, 35.32394594278 ], [ 129.009449532079174, 35.32395968135117 ] ] ] ] } },
{ "type": "Feature", "properties": { "GRID_CD_x": "마마372043", "SCH_POP": 0.0 }, "geometry": { "type": "MultiPolygon", "coordinates": [ [ [ [ 129.009466289776128, 35.324861063305427 ], [ 129.009483048217106, 35.325762445118109 ], [ 129.010582913737977, 35.325748705636066 ], [ 129.010566143097464, 35.324847324278821 ], [ 129.009466289776128, 35.324861063305427 ] ] ] ] } },
{ "type": "Feature", "properties": { "GRID_CD_x": "마마372044", "SCH_POP": 0.0 }, "geometry": { "type": "MultiPolygon", "coordinates": [ [ [ [ 129.009483048217106, 35.325762445118109 ], [ 129.009499807402136, 35.326663826789208 ], [ 129.010599685123054, 35.326650086851714 ], [ 129.010582913737977, 35.325748705636066 ], [ 129.009483048217106, 35.325762445118109 ] ] ] ] } },
{ "type": "Feature", "properties": { "GRID_CD_x": "마마372045", "SCH_POP": 0.0 }, "geometry": { "type": "MultiPolygon", "coordinates": [ [ [ [ 129.009499807402136, 35.326663826789208 ], [ 129.009516567331275, 35.32756520831871 ], [ 129.010616457252752, 35.327551467925772 ], [ 129.010599685123054, 35.326650086851714 ], [ 129.009499807402136, 35.326663826789208 ] ] ] ] } },
{ "type": "Feature", "properties": { "GRID_CD_x": "마마372046", "SCH_POP": 21.614863053054972 }, "geometry": { "type": "MultiPolygon", "coordinates": [ [ [ [ 129.009516567331275, 35.32756520831871 ], [ 129.009533328004494, 35.328466589706643 ], [ 129.010633230127127, 35.328452848858227 ], [ 129.010616457252752, 35.327551467925772 ], [ 129.009516567331275, 35.32756520831871 ] ] ] ] } },
{ "type": "Feature", "properties": { "GRID_CD_x": "마마372047", "SCH_POP": 25.404481900019157 }, "geometry": { "type": "MultiPolygon", "coordinates": [ [ [ [ 129.009533328004494, 35.328466589706643 ], [ 129.009550089421907, 35.329367970952987 ], [ 129.010650003746207, 35.329354229649091 ], [ 129.010633230127127, 35.328452848858227 ], [ 129.009533328004494, 35.328466589706643 ] ] ] ] } },
{ "type": "Feature", "properties": { "GRID_CD_x": "마마372048", "SCH_POP": 22.176288067420035 }, "geometry": { "type": "MultiPolygon", "coordinates": [ [ [ [ 129.009550089421907, 35.329367970952987 ], [ 129.009566851583457, 35.330269352057734 ], [ 129.010666778109993, 35.330255610298359 ], [ 129.010650003746207, 35.329354229649091 ], [ 129.009550089421907, 35.329367970952987 ] ] ] ] } },
{ "type": "Feature", "properties": { "GRID_CD_x": "마마372049", "SCH_POP": 1.8246312966864591 }, "geometry": { "type": "MultiPolygon", "coordinates": [ [ [ [ 129.009566851583457, 35.330269352057734 ], [ 129.00958361448923, 35.331170733020883 ], [ 129.010683553218513, 35.331156990806029 ], [ 129.010666778109993, 35.330255610298359 ], [ 129.009566851583457, 35.330269352057734 ] ] ] ] } },
{ "type": "Feature", "properties": { "GRID_CD_x": "마마372050", "SCH_POP": 0.0 }, "geometry": { "type": "MultiPolygon", "coordinates": [ [ [ [ 129.00958361448923, 35.331170733020883 ], [ 129.009600378139254, 35.332072113842464 ], [ 129.010700329071852, 35.332058371172081 ], [ 129.010683553218513, 35.331156990806029 ], [ 129.00958361448923, 35.331170733020883 ] ] ] ] } },
{ "type": "Feature", "properties": { "GRID_CD_x": "마마372051", "SCH_POP": 9.5777073294445856 }, "geometry": { "type": "MultiPolygon", "coordinates": [ [ [ [ 129.009600378139254, 35.332072113842464 ], [ 129.009617142533585, 35.332973494522442 ], [ 129.010717105669983, 35.33295975139653 ], [ 129.010700329071852, 35.332058371172081 ], [ 129.009600378139254, 35.332072113842464 ] ] ] ] } },
{ "type": "Feature", "properties": { "GRID_CD_x": "마마372052", "SCH_POP": 11.706086735987826 }, "geometry": { "type": "MultiPolygon", "coordinates": [ [ [ [ 129.009617142533585, 35.332973494522442 ], [ 129.009633907672196, 35.333874875060822 ], [ 129.010733883013017, 35.333861131479402 ], [ 129.010717105669983, 35.33295975139653 ], [ 129.009617142533585, 35.332973494522442 ] ] ] ] } },
{ "type": "Feature", "properties": { "GRID_CD_x": "마마372053", "SCH_POP": 9.4003423788993157 }, "geometry": { "type": "MultiPolygon", "coordinates": [ [ [ [ 129.009633907672196, 35.333874875060822 ], [ 129.009650673555171, 35.334776255457598 ], [ 129.0107506611009, 35.334762511420642 ], [ 129.010733883013017, 35.333861131479402 ], [ 129.009633907672196, 35.333874875060822 ] ] ] ] } },
{ "type": "Feature", "properties": { "GRID_CD_x": "마마372054", "SCH_POP": 1.418919604362161 }, "geometry": { "type": "MultiPolygon", "coordinates": [ [ [ [ 129.009650673555171, 35.334776255457598 ], [ 129.00966744018254, 35.335677635712784 ], [ 129.010767439933716, 35.335663891220278 ], [ 129.0107506611009, 35.334762511420642 ], [ 129.009650673555171, 35.334776255457598 ] ] ] ] } },
{ "type": "Feature", "properties": { "GRID_CD_x": "마마372055", "SCH_POP": 0.0 }, "geometry": { "type": "MultiPolygon", "coordinates": [ [ [ [ 129.00966744018254, 35.335677635712784 ], [ 129.009684207554272, 35.336579015826366 ], [ 129.010784219511493, 35.336565270878296 ], [ 129.010767439933716, 35.335663891220278 ], [ 129.00966744018254, 35.335677635712784 ] ] ] ] } },
{ "type": "Feature", "properties": { "GRID_CD_x": "마마372056", "SCH_POP": 0.0 }, "geometry": { "type": "MultiPolygon", "coordinates": [ [ [ [ 129.009684207554272, 35.336579015826366 ], [ 129.009700975670484, 35.33748039579833 ], [ 129.010800999834231, 35.33746665039471 ], [ 129.010784219511493, 35.336565270878296 ], [ 129.009684207554272, 35.336579015826366 ] ] ] ] } },
{ "type": "Feature", "properties": { "GRID_CD_x": "마마372057", "SCH_POP": 0.0 }, "geometry": { "type": "MultiPolygon", "coordinates": [ [ [ [ 129.009700975670484, 35.33748039579833 ], [ 129.009717744531201, 35.338381775628697 ], [ 129.010817780902016, 35.338368029769505 ], [ 129.010800999834231, 35.33746665039471 ], [ 129.009700975670484, 35.33748039579833 ] ] ] ] } },
{ "type": "Feature", "properties": { "GRID_CD_x": "마마372058", "SCH_POP": 0.0 }, "geometry": { "type": "MultiPolygon", "coordinates": [ [ [ [ 129.009717744531201, 35.338381775628697 ], [ 129.009734514136397, 35.339283155317467 ], [ 129.010834562714848, 35.339269409002682 ], [ 129.010817780902016, 35.338368029769505 ], [ 129.009717744531201, 35.338381775628697 ] ] ] ] } },
{ "type": "Feature", "properties": { "GRID_CD_x": "마마372059", "SCH_POP": 0.0 }, "geometry": { "type": "MultiPolygon", "coordinates": [ [ [ [ 129.009734514136397, 35.339283155317467 ], [ 129.009751284486128, 35.340184534864633 ], [ 129.010851345272755, 35.340170788094248 ], [ 129.010834562714848, 35.339269409002682 ], [ 129.009734514136397, 35.339283155317467 ] ] ] ] } },
{ "type": "Feature", "properties": { "GRID_CD_x": "마마372060", "SCH_POP": 0.0 }, "geometry": { "type": "MultiPolygon", "coordinates": [ [ [ [ 129.009751284486128, 35.340184534864633 ], [ 129.009768055580452, 35.341085914270167 ], [ 129.010868128575822, 35.341072167044175 ], [ 129.010851345272755, 35.340170788094248 ], [ 129.009751284486128, 35.340184534864633 ] ] ] ] } },
{ "type": "Feature", "properties": { "GRID_CD_x": "마마372061", "SCH_POP": 0.0 }, "geometry": { "type": "MultiPolygon", "coordinates": [ [ [ [ 129.009768055580452, 35.341085914270167 ], [ 129.009784827419395, 35.34198729353411 ], [ 129.010884912624022, 35.34197354585249 ], [ 129.010868128575822, 35.341072167044175 ], [ 129.009768055580452, 35.341085914270167 ] ] ] ] } },
{ "type": "Feature", "properties": { "GRID_CD_x": "마마372062", "SCH_POP": 0.0 }, "geometry": { "type": "MultiPolygon", "coordinates": [ [ [ [ 129.009784827419395, 35.34198729353411 ], [ 129.009801600002987, 35.342888672656422 ], [ 129.010901697417381, 35.342874924519194 ], [ 129.010884912624022, 35.34197354585249 ], [ 129.009784827419395, 35.34198729353411 ] ] ] ] } },
{ "type": "Feature", "properties": { "GRID_CD_x": "마마372063", "SCH_POP": 0.0 }, "geometry": { "type": "MultiPolygon", "coordinates": [ [ [ [ 129.009801600002987, 35.342888672656422 ], [ 129.009818373331257, 35.343790051637122 ], [ 129.010918482955987, 35.343776303044251 ], [ 129.010901697417381, 35.342874924519194 ], [ 129.009801600002987, 35.342888672656422 ] ] ] ] } },
{ "type": "Feature", "properties": { "GRID_CD_x": "마마372064", "SCH_POP": 0.0 }, "geometry": { "type": "MultiPolygon", "coordinates": [ [ [ [ 129.009818373331257, 35.343790051637122 ], [ 129.009835147404203, 35.34469143047621 ], [ 129.010935269239837, 35.344677681427697 ], [ 129.010918482955987, 35.343776303044251 ], [ 129.009818373331257, 35.343790051637122 ] ] ] ] } },
{ "type": "Feature", "properties": { "GRID_CD_x": "마마372065", "SCH_POP": 0.0 }, "geometry": { "type": "MultiPolygon", "coordinates": [ [ [ [ 129.009835147404203, 35.34469143047621 ], [ 129.009851922221912, 35.345592809173674 ], [ 129.010952056268962, 35.345579059669504 ], [ 129.010935269239837, 35.344677681427697 ], [ 129.009835147404203, 35.34469143047621 ] ] ] ] } },
{ "type": "Feature", "properties": { "GRID_CD_x": "마마372066", "SCH_POP": 0.0 }, "geometry": { "type": "MultiPolygon", "coordinates": [ [ [ [ 129.009851922221912, 35.345592809173674 ], [ 129.009868697784412, 35.346494187729512 ], [ 129.010968844043418, 35.346480437769678 ], [ 129.010952056268962, 35.345579059669504 ], [ 129.009851922221912, 35.345592809173674 ] ] ] ] } },
{ "type": "Feature", "properties": { "GRID_CD_x": "마마373000", "SCH_POP": 0.0 }, "geometry": { "type": "MultiPolygon", "coordinates": [ [ [ [ 129.009845709472415, 35.286087791998405 ], [ 129.009862448126626, 35.286989179442308 ], [ 129.01096178881383, 35.286975449548819 ], [ 129.01094503798339, 35.286074062560239 ], [ 129.009845709472415, 35.286087791998405 ] ] ] ] } },
{ "type": "Feature", "properties": { "GRID_CD_x": "마마373001", "SCH_POP": 0.0 }, "geometry": { "type": "MultiPolygon", "coordinates": [ [ [ [ 129.009862448126626, 35.286989179442308 ], [ 129.009879187524007, 35.287890566744728 ], [ 129.01097854038801, 35.287876836395867 ], [ 129.01096178881383, 35.286975449548819 ], [ 129.009862448126626, 35.286989179442308 ] ] ] ] } },
{ "type": "Feature", "properties": { "GRID_CD_x": "마마373002", "SCH_POP": 0.0 }, "geometry": { "type": "MultiPolygon", "coordinates": [ [ [ [ 129.009879187524007, 35.287890566744728 ], [ 129.009895927664616, 35.288791953905609 ], [ 129.0109952927059, 35.288778223101389 ], [ 129.01097854038801, 35.287876836395867 ], [ 129.009879187524007, 35.287890566744728 ] ] ] ] } },
{ "type": "Feature", "properties": { "GRID_CD_x": "마마373003", "SCH_POP": 0.0 }, "geometry": { "type": "MultiPolygon", "coordinates": [ [ [ [ 129.009895927664616, 35.288791953905609 ], [ 129.009912668548452, 35.289693340924984 ], [ 129.011012045767586, 35.289679609665406 ], [ 129.0109952927059, 35.288778223101389 ], [ 129.009895927664616, 35.288791953905609 ] ] ] ] } },
{ "type": "Feature", "properties": { "GRID_CD_x": "마마373004", "SCH_POP": 0.0 }, "geometry": { "type": "MultiPolygon", "coordinates": [ [ [ [ 129.009912668548452, 35.289693340924984 ], [ 129.009929410175573, 35.290594727802841 ], [ 129.011028799573097, 35.29058099608789 ], [ 129.011012045767586, 35.289679609665406 ], [ 129.009912668548452, 35.289693340924984 ] ] ] ] } },
{ "type": "Feature", "properties": { "GRID_CD_x": "마마373005", "SCH_POP": 0.0 }, "geometry": { "type": "MultiPolygon", "coordinates": [ [ [ [ 129.009929410175573, 35.290594727802841 ], [ 129.009946152546007, 35.291496114539193 ], [ 129.011045554122433, 35.291482382368834 ], [ 129.011028799573097, 35.29058099608789 ], [ 129.009929410175573, 35.290594727802841 ] ] ] ] } },
{ "type": "Feature", "properties": { "GRID_CD_x": "마마373006", "SCH_POP": 0.0 }, "geometry": { "type": "MultiPolygon", "coordinates": [ [ [ [ 129.009946152546007, 35.291496114539193 ], [ 129.009962895659754, 35.292397501134012 ], [ 129.011062309415678, 35.292383768508252 ], [ 129.011045554122433, 35.291482382368834 ], [ 129.009946152546007, 35.291496114539193 ] ] ] ] } },
{ "type": "Feature", "properties": { "GRID_CD_x": "마마373007", "SCH_POP": 0.0 }, "geometry": { "type": "MultiPolygon", "coordinates": [ [ [ [ 129.009962895659754, 35.292397501134012 ], [ 129.009979639516899, 35.293298887587298 ], [ 129.011079065452833, 35.29328515450613 ], [ 129.011062309415678, 35.292383768508252 ], [ 129.009962895659754, 35.292397501134012 ] ] ] ] } },
{ "type": "Feature", "properties": { "GRID_CD_x": "마마373008", "SCH_POP": 0.0 }, "geometry": { "type": "MultiPolygon", "coordinates": [ [ [ [ 129.009979639516899, 35.293298887587298 ], [ 129.009996384117443, 35.294200273899065 ], [ 129.011095822233898, 35.294186540362475 ], [ 129.011079065452833, 35.29328515450613 ], [ 129.009979639516899, 35.293298887587298 ] ] ] ] } },
{ "type": "Feature", "properties": { "GRID_CD_x": "마마373009", "SCH_POP": 0.0 }, "geometry": { "type": "MultiPolygon", "coordinates": [ [ [ [ 129.009996384117443, 35.294200273899065 ], [ 129.010013129461413, 35.295101660069307 ], [ 129.011112579758986, 35.295087926077279 ], [ 129.011095822233898, 35.294186540362475 ], [ 129.009996384117443, 35.294200273899065 ] ] ] ] } },
{ "type": "Feature", "properties": { "GRID_CD_x": "마마373010", "SCH_POP": 0.0 }, "geometry": { "type": "MultiPolygon", "coordinates": [ [ [ [ 129.010013129461413, 35.295101660069307 ], [ 129.010029875548867, 35.296003046098029 ], [ 129.011129338028042, 35.295989311650565 ], [ 129.011112579758986, 35.295087926077279 ], [ 129.010013129461413, 35.295101660069307 ] ] ] ] } },
{ "type": "Feature", "properties": { "GRID_CD_x": "마마373011", "SCH_POP": 0.0 }, "geometry": { "type": "MultiPolygon", "coordinates": [ [ [ [ 129.010029875548867, 35.296003046098029 ], [ 129.010046622379832, 35.296904431985212 ], [ 129.011146097041177, 35.296890697082304 ], [ 129.011129338028042, 35.295989311650565 ], [ 129.010029875548867, 35.296003046098029 ] ] ] ] } },
{ "type": "Feature", "properties": { "GRID_CD_x": "마마373012", "SCH_POP": 0.0 }, "geometry": { "type": "MultiPolygon", "coordinates": [ [ [ [ 129.010046622379832, 35.296904431985212 ], [ 129.01006336995431, 35.297805817730861 ], [ 129.011162856798393, 35.297792082372496 ], [ 129.011146097041177, 35.296890697082304 ], [ 129.010046622379832, 35.296904431985212 ] ] ] ] } },
{ "type": "Feature", "properties": { "GRID_CD_x": "마마373013", "SCH_POP": 0.0 }, "geometry": { "type": "MultiPolygon", "coordinates": [ [ [ [ 129.01006336995431, 35.297805817730861 ], [ 129.010080118272384, 35.29870720333497 ], [ 129.011179617299717, 35.298693467521133 ], [ 129.011162856798393, 35.297792082372496 ], [ 129.01006336995431, 35.297805817730861 ] ] ] ] } },
{ "type": "Feature", "properties": { "GRID_CD_x": "마마373014", "SCH_POP": 0.0 }, "geometry": { "type": "MultiPolygon", "coordinates": [ [ [ [ 129.010080118272384, 35.29870720333497 ], [ 129.010096867334056, 35.299608588797568 ], [ 129.011196378545179, 35.299594852528237 ], [ 129.011179617299717, 35.298693467521133 ], [ 129.010080118272384, 35.29870720333497 ] ] ] ] } },
{ "type": "Feature", "properties": { "GRID_CD_x": "마마373015", "SCH_POP": 0.0 }, "geometry": { "type": "MultiPolygon", "coordinates": [ [ [ [ 129.010096867334056, 35.299608588797568 ], [ 129.010113617139353, 35.300509974118619 ], [ 129.011213140534807, 35.300496237393801 ], [ 129.011196378545179, 35.299594852528237 ], [ 129.010096867334056, 35.299608588797568 ] ] ] ] } },
{ "type": "Feature", "properties": { "GRID_CD_x": "마마373016", "SCH_POP": 0.0 }, "geometry": { "type": "MultiPolygon", "coordinates": [ [ [ [ 129.010113617139353, 35.300509974118619 ], [ 129.010130367688362, 35.301411359298122 ], [ 129.011229903268656, 35.301397622117804 ], [ 129.011213140534807, 35.300496237393801 ], [ 129.010113617139353, 35.300509974118619 ] ] ] ] } },
{ "type": "Feature", "properties": { "GRID_CD_x": "마마373017", "SCH_POP": 0.0 }, "geometry": { "type": "MultiPolygon", "coordinates": [ [ [ [ 129.010130367688362, 35.301411359298122 ], [ 129.010147118981024, 35.302312744336092 ], [ 129.011246666746729, 35.302299006700267 ], [ 129.011229903268656, 35.301397622117804 ], [ 129.010130367688362, 35.301411359298122 ] ] ] ] } },
{ "type": "Feature", "properties": { "GRID_CD_x": "마마373018", "SCH_POP": 0.0 }, "geometry": { "type": "MultiPolygon", "coordinates": [ [ [ [ 129.010147118981024, 35.302312744336092 ], [ 129.010163871017454, 35.303214129232494 ], [ 129.011263430969109, 35.303200391141161 ], [ 129.011246666746729, 35.302299006700267 ], [ 129.010147118981024, 35.302312744336092 ] ] ] ] } },
{ "type": "Feature", "properties": { "GRID_CD_x": "마마373019", "SCH_POP": 0.0 }, "geometry": { "type": "MultiPolygon", "coordinates": [ [ [ [ 129.010163871017454, 35.303214129232494 ], [ 129.010180623797623, 35.304115513987377 ], [ 129.011280195935797, 35.3041017754405 ], [ 129.011263430969109, 35.303200391141161 ], [ 129.010163871017454, 35.303214129232494 ] ] ] ] } },
{ "type": "Feature", "properties": { "GRID_CD_x": "마마373020", "SCH_POP": 0.0 }, "geometry": { "type": "MultiPolygon", "coordinates": [ [ [ [ 129.010180623797623, 35.304115513987377 ], [ 129.010197377321589, 35.305016898600698 ], [ 129.011296961646792, 35.305003159598293 ], [ 129.011280195935797, 35.3041017754405 ], [ 129.010180623797623, 35.304115513987377 ] ] ] ] } },
{ "type": "Feature", "properties": { "GRID_CD_x": "마마373021", "SCH_POP": 0.0 }, "geometry": { "type": "MultiPolygon", "coordinates": [ [ [ [ 129.010197377321589, 35.305016898600698 ], [ 129.010214131589407, 35.305918283072479 ], [ 129.011313728102181, 35.305904543614517 ], [ 129.011296961646792, 35.305003159598293 ], [ 129.010197377321589, 35.305016898600698 ] ] ] ] } },
{ "type": "Feature", "properties": { "GRID_CD_x": "마마373022", "SCH_POP": 0.0 }, "geometry": { "type": "MultiPolygon", "coordinates": [ [ [ [ 129.010214131589407, 35.305918283072479 ], [ 129.010230886601107, 35.306819667402713 ], [ 129.011330495301991, 35.306805927489187 ], [ 129.011313728102181, 35.305904543614517 ], [ 129.010214131589407, 35.305918283072479 ] ] ] ] } },
{ "type": "Feature", "properties": { "GRID_CD_x": "마마373023", "SCH_POP": 0.0 }, "geometry": { "type": "MultiPolygon", "coordinates": [ [ [ [ 129.010230886601107, 35.306819667402713 ], [ 129.010247642356688, 35.307721051591393 ], [ 129.011347263246222, 35.307707311222302 ], [ 129.011330495301991, 35.306805927489187 ], [ 129.010230886601107, 35.306819667402713 ] ] ] ] } },
{ "type": "Feature", "properties": { "GRID_CD_x": "마마373024", "SCH_POP": 0.0 }, "geometry": { "type": "MultiPolygon", "coordinates": [ [ [ [ 129.010247642356688, 35.307721051591393 ], [ 129.010264398856179, 35.308622435638512 ], [ 129.011364031934932, 35.308608694813849 ], [ 129.011347263246222, 35.307707311222302 ], [ 129.010247642356688, 35.307721051591393 ] ] ] ] } },
{ "type": "Feature", "properties": { "GRID_CD_x": "마마373025", "SCH_POP": 0.0 }, "geometry": { "type": "MultiPolygon", "coordinates": [ [ [ [ 129.010264398856179, 35.308622435638512 ], [ 129.010281156099666, 35.309523819544083 ], [ 129.011380801368148, 35.30951007826382 ], [ 129.011364031934932, 35.308608694813849 ], [ 129.010264398856179, 35.308622435638512 ] ] ] ] } },
{ "type": "Feature", "properties": { "GRID_CD_x": "마마373026", "SCH_POP": 0.0 }, "geometry": { "type": "MultiPolygon", "coordinates": [ [ [ [ 129.010281156099666, 35.309523819544083 ], [ 129.010297914087147, 35.310425203308078 ], [ 129.011397571545899, 35.31041146157223 ], [ 129.011380801368148, 35.30951007826382 ], [ 129.010281156099666, 35.309523819544083 ] ] ] ] } },
{ "type": "Feature", "properties": { "GRID_CD_x": "마마373027", "SCH_POP": 46.203578226113443 }, "geometry": { "type": "MultiPolygon", "coordinates": [ [ [ [ 129.010297914087147, 35.310425203308078 ], [ 129.01031467281868, 35.311326586930548 ], [ 129.011414342468242, 35.311312844739071 ], [ 129.011397571545899, 35.31041146157223 ], [ 129.010297914087147, 35.310425203308078 ] ] ] ] } },
{ "type": "Feature", "properties": { "GRID_CD_x": "마마373028", "SCH_POP": 33.384088313665778 }, "geometry": { "type": "MultiPolygon", "coordinates": [ [ [ [ 129.01031467281868, 35.311326586930548 ], [ 129.010331432294237, 35.312227970411428 ], [ 129.011431114135178, 35.312214227764329 ], [ 129.011414342468242, 35.311312844739071 ], [ 129.01031467281868, 35.311326586930548 ] ] ] ] } },
{ "type": "Feature", "properties": { "GRID_CD_x": "마마373029", "SCH_POP": 12.418880852683669 }, "geometry": { "type": "MultiPolygon", "coordinates": [ [ [ [ 129.010331432294237, 35.312227970411428 ], [ 129.010348192513902, 35.313129353750746 ], [ 129.011447886546762, 35.313115610648026 ], [ 129.011431114135178, 35.312214227764329 ], [ 129.010331432294237, 35.312227970411428 ] ] ] ] } },
{ "type": "Feature", "properties": { "GRID_CD_x": "마마373030", "SCH_POP": 0.0 }, "geometry": { "type": "MultiPolygon", "coordinates": [ [ [ [ 129.010348192513902, 35.313129353750746 ], [ 129.010364953477705, 35.314030736948503 ], [ 129.011464659702995, 35.31401699339014 ], [ 129.011447886546762, 35.313115610648026 ], [ 129.010348192513902, 35.313129353750746 ] ] ] ] } },
{ "type": "Feature", "properties": { "GRID_CD_x": "마마373031", "SCH_POP": 0.570508231925555 }, "geometry": { "type": "MultiPolygon", "coordinates": [ [ [ [ 129.010364953477705, 35.314030736948503 ], [ 129.010381715185673, 35.314932120004684 ], [ 129.011481433603933, 35.314918375990679 ], [ 129.011464659702995, 35.31401699339014 ], [ 129.010364953477705, 35.314030736948503 ] ] ] ] } },
{ "type": "Feature", "properties": { "GRID_CD_x": "마마373032", "SCH_POP": 0.570508231925555 }, "geometry": { "type": "MultiPolygon", "coordinates": [ [ [ [ 129.010381715185673, 35.314932120004684 ], [ 129.010398477637835, 35.315833502919311 ], [ 129.011498208249634, 35.315819758449642 ], [ 129.011481433603933, 35.314918375990679 ], [ 129.010381715185673, 35.314932120004684 ] ] ] ] } },
{ "type": "Feature", "properties": { "GRID_CD_x": "마마373033", "SCH_POP": 47.352183249821039 }, "geometry": { "type": "MultiPolygon", "coordinates": [ [ [ [ 129.010398477637835, 35.315833502919311 ], [ 129.01041524083422, 35.31673488569237 ], [ 129.011514983640069, 35.316721140767037 ], [ 129.011498208249634, 35.315819758449642 ], [ 129.010398477637835, 35.315833502919311 ] ] ] ] } },
{ "type": "Feature", "properties": { "GRID_CD_x": "마마373034", "SCH_POP": 0.0 }, "geometry": { "type": "MultiPolygon", "coordinates": [ [ [ [ 129.01041524083422, 35.31673488569237 ], [ 129.010432004774884, 35.317636268323845 ], [ 129.011531759775352, 35.317622522942827 ], [ 129.011514983640069, 35.316721140767037 ], [ 129.01041524083422, 35.31673488569237 ] ] ] ] } },
{ "type": "Feature", "properties": { "GRID_CD_x": "마마373035", "SCH_POP": 0.0 }, "geometry": { "type": "MultiPolygon", "coordinates": [ [ [ [ 129.010432004774884, 35.317636268323845 ], [ 129.010448769459828, 35.318537650813752 ], [ 129.011548536655425, 35.318523904977042 ], [ 129.011531759775352, 35.317622522942827 ], [ 129.010432004774884, 35.317636268323845 ] ] ] ] } },
{ "type": "Feature", "properties": { "GRID_CD_x": "마마373036", "SCH_POP": 0.0 }, "geometry": { "type": "MultiPolygon", "coordinates": [ [ [ [ 129.010448769459828, 35.318537650813752 ], [ 129.010465534889107, 35.319439033162077 ], [ 129.011565314280404, 35.319425286869667 ], [ 129.011548536655425, 35.318523904977042 ], [ 129.010448769459828, 35.318537650813752 ] ] ] ] } },
{ "type": "Feature", "properties": { "GRID_CD_x": "마마373037", "SCH_POP": 0.0 }, "geometry": { "type": "MultiPolygon", "coordinates": [ [ [ [ 129.010465534889107, 35.319439033162077 ], [ 129.010482301062723, 35.320340415368818 ], [ 129.011582092650258, 35.320326668620702 ], [ 129.011565314280404, 35.319425286869667 ], [ 129.010465534889107, 35.319439033162077 ] ] ] ] } },
{ "type": "Feature", "properties": { "GRID_CD_x": "마마373038", "SCH_POP": 0.0 }, "geometry": { "type": "MultiPolygon", "coordinates": [ [ [ [ 129.010482301062723, 35.320340415368818 ], [ 129.01049906798076, 35.321241797433991 ], [ 129.011598871765045, 35.321228050230154 ], [ 129.011582092650258, 35.320326668620702 ], [ 129.010482301062723, 35.320340415368818 ] ] ] ] } },
{ "type": "Feature", "properties": { "GRID_CD_x": "마마373039", "SCH_POP": 0.0 }, "geometry": { "type": "MultiPolygon", "coordinates": [ [ [ [ 129.01049906798076, 35.321241797433991 ], [ 129.01051583564319, 35.322143179357582 ], [ 129.011615651624822, 35.322129431698023 ], [ 129.011598871765045, 35.321228050230154 ], [ 129.01049906798076, 35.321241797433991 ] ] ] ] } },
{ "type": "Feature", "properties": { "GRID_CD_x": "마마373040", "SCH_POP": 0.0 }, "geometry": { "type": "MultiPolygon", "coordinates": [ [ [ [ 129.01051583564319, 35.322143179357582 ], [ 129.010532604050127, 35.323044561139568 ], [ 129.01163243222959, 35.323030813024282 ], [ 129.011615651624822, 35.322129431698023 ], [ 129.01051583564319, 35.322143179357582 ] ] ] ] } },
{ "type": "Feature", "properties": { "GRID_CD_x": "마마373041", "SCH_POP": 0.0 }, "geometry": { "type": "MultiPolygon", "coordinates": [ [ [ [ 129.010532604050127, 35.323044561139568 ], [ 129.010549373201542, 35.32394594278 ], [ 129.011649213579375, 35.32393219420895 ], [ 129.01163243222959, 35.323030813024282 ], [ 129.010532604050127, 35.323044561139568 ] ] ] ] } },
{ "type": "Feature", "properties": { "GRID_CD_x": "마마373042", "SCH_POP": 0.0 }, "geometry": { "type": "MultiPolygon", "coordinates": [ [ [ [ 129.010549373201542, 35.32394594278 ], [ 129.010566143097464, 35.324847324278821 ], [ 129.011665995674264, 35.324833575252022 ], [ 129.011649213579375, 35.32393219420895 ], [ 129.010549373201542, 35.32394594278 ] ] ] ] } },
{ "type": "Feature", "properties": { "GRID_CD_x": "마마373043", "SCH_POP": 0.0 }, "geometry": { "type": "MultiPolygon", "coordinates": [ [ [ [ 129.010566143097464, 35.324847324278821 ], [ 129.010582913737977, 35.325748705636066 ], [ 129.011682778514228, 35.325734956153497 ], [ 129.011665995674264, 35.324833575252022 ], [ 129.010566143097464, 35.324847324278821 ] ] ] ] } },
{ "type": "Feature", "properties": { "GRID_CD_x": "마마373044", "SCH_POP": 0.0 }, "geometry": { "type": "MultiPolygon", "coordinates": [ [ [ [ 129.010582913737977, 35.325748705636066 ], [ 129.010599685123054, 35.326650086851714 ], [ 129.011699562099352, 35.326636336913367 ], [ 129.011682778514228, 35.325734956153497 ], [ 129.010582913737977, 35.325748705636066 ] ] ] ] } },
{ "type": "Feature", "properties": { "GRID_CD_x": "마마373045", "SCH_POP": 59.651407776288075 }, "geometry": { "type": "MultiPolygon", "coordinates": [ [ [ [ 129.010599685123054, 35.326650086851714 ], [ 129.010616457252752, 35.327551467925772 ], [ 129.011716346429608, 35.327537717531641 ], [ 129.011699562099352, 35.326636336913367 ], [ 129.010599685123054, 35.326650086851714 ] ] ] ] } },
{ "type": "Feature", "properties": { "GRID_CD_x": "마마373046", "SCH_POP": 3.2281938325991191 }, "geometry": { "type": "MultiPolygon", "coordinates": [ [ [ [ 129.010616457252752, 35.327551467925772 ], [ 129.010633230127127, 35.328452848858227 ], [ 129.011733131505082, 35.328439098008296 ], [ 129.011716346429608, 35.327537717531641 ], [ 129.010616457252752, 35.327551467925772 ] ] ] ] } },
{ "type": "Feature", "properties": { "GRID_CD_x": "마마373047", "SCH_POP": 19.649875502777245 }, "geometry": { "type": "MultiPolygon", "coordinates": [ [ [ [ 129.010633230127127, 35.328452848858227 ], [ 129.010650003746207, 35.329354229649091 ], [ 129.011749917325773, 35.329340478343347 ], [ 129.011733131505082, 35.328439098008296 ], [ 129.010633230127127, 35.328452848858227 ] ] ] ] } },
{ "type": "Feature", "properties": { "GRID_CD_x": "마마373048", "SCH_POP": 22.176288067420035 }, "geometry": { "type": "MultiPolygon", "coordinates": [ [ [ [ 129.010650003746207, 35.329354229649091 ], [ 129.010666778109993, 35.330255610298359 ], [ 129.011766703891738, 35.330241858536802 ], [ 129.011749917325773, 35.329340478343347 ], [ 129.010650003746207, 35.329354229649091 ] ] ] ] } },
{ "type": "Feature", "properties": { "GRID_CD_x": "마마373049", "SCH_POP": 16.842750430951927 }, "geometry": { "type": "MultiPolygon", "coordinates": [ [ [ [ 129.010666778109993, 35.330255610298359 ], [ 129.010683553218513, 35.331156990806029 ], [ 129.011783491203005, 35.331143238588631 ], [ 129.011766703891738, 35.330241858536802 ], [ 129.010666778109993, 35.330255610298359 ] ] ] ] } },
{ "type": "Feature", "properties": { "GRID_CD_x": "마마373050", "SCH_POP": 29.974676642150648 }, "geometry": { "type": "MultiPolygon", "coordinates": [ [ [ [ 129.010683553218513, 35.331156990806029 ], [ 129.010700329071852, 35.332058371172081 ], [ 129.011800279259603, 35.332044618498855 ], [ 129.011783491203005, 35.331143238588631 ], [ 129.010683553218513, 35.331156990806029 ] ] ] ] } },
{ "type": "Feature", "properties": { "GRID_CD_x": "마마373051", "SCH_POP": 23.234808521430384 }, "geometry": { "type": "MultiPolygon", "coordinates": [ [ [ [ 129.010700329071852, 35.332058371172081 ], [ 129.010717105669983, 35.33295975139653 ], [ 129.011817068061561, 35.332945998267469 ], [ 129.011800279259603, 35.332044618498855 ], [ 129.010700329071852, 35.332058371172081 ] ] ] ] } },
{ "type": "Feature", "properties": { "GRID_CD_x": "마마373052", "SCH_POP": 71.65544002028912 }, "geometry": { "type": "MultiPolygon", "coordinates": [ [ [ [ 129.010717105669983, 35.33295975139653 ], [ 129.010733883013017, 35.333861131479402 ], [ 129.011833857608906, 35.333847377894472 ], [ 129.011817068061561, 35.332945998267469 ], [ 129.010717105669983, 35.33295975139653 ] ] ] ] } },
{ "type": "Feature", "properties": { "GRID_CD_x": "마마373053", "SCH_POP": 0.0 }, "geometry": { "type": "MultiPolygon", "coordinates": [ [ [ [ 129.010733883013017, 35.333861131479402 ], [ 129.0107506611009, 35.334762511420642 ], [ 129.011850647901696, 35.334748757379842 ], [ 129.011833857608906, 35.333847377894472 ], [ 129.010733883013017, 35.333861131479402 ] ] ] ] } },
{ "type": "Feature", "properties": { "GRID_CD_x": "마마373054", "SCH_POP": 0.88682475272635097 }, "geometry": { "type": "MultiPolygon", "coordinates": [ [ [ [ 129.0107506611009, 35.334762511420642 ], [ 129.010767439933716, 35.335663891220278 ], [ 129.011867438939959, 35.335650136723594 ], [ 129.011850647901696, 35.334748757379842 ], [ 129.0107506611009, 35.334762511420642 ] ] ] ] } },
{ "type": "Feature", "properties": { "GRID_CD_x": "마마373055", "SCH_POP": 0.0 }, "geometry": { "type": "MultiPolygon", "coordinates": [ [ [ [ 129.010767439933716, 35.335663891220278 ], [ 129.010784219511493, 35.336565270878296 ], [ 129.011884230723695, 35.336551515925734 ], [ 129.011867438939959, 35.335650136723594 ], [ 129.010767439933716, 35.335663891220278 ] ] ] ] } },
{ "type": "Feature", "properties": { "GRID_CD_x": "마마373056", "SCH_POP": 2.305744357088511 }, "geometry": { "type": "MultiPolygon", "coordinates": [ [ [ [ 129.010784219511493, 35.336565270878296 ], [ 129.010800999834231, 35.33746665039471 ], [ 129.01190102325296, 35.337452894986249 ], [ 129.011884230723695, 35.336551515925734 ], [ 129.010784219511493, 35.336565270878296 ] ] ] ] } },
{ "type": "Feature", "properties": { "GRID_CD_x": "마마373057", "SCH_POP": 0.0 }, "geometry": { "type": "MultiPolygon", "coordinates": [ [ [ [ 129.010800999834231, 35.33746665039471 ], [ 129.010817780902016, 35.338368029769505 ], [ 129.011917816527784, 35.338354273905125 ], [ 129.01190102325296, 35.337452894986249 ], [ 129.010800999834231, 35.33746665039471 ] ] ] ] } },
{ "type": "Feature", "properties": { "GRID_CD_x": "마마373058", "SCH_POP": 0.0 }, "geometry": { "type": "MultiPolygon", "coordinates": [ [ [ [ 129.010817780902016, 35.338368029769505 ], [ 129.010834562714848, 35.339269409002682 ], [ 129.011934610548224, 35.33925565268239 ], [ 129.011917816527784, 35.338354273905125 ], [ 129.010817780902016, 35.338368029769505 ] ] ] ] } },
{ "type": "Feature", "properties": { "GRID_CD_x": "마마373059", "SCH_POP": 0.0 }, "geometry": { "type": "MultiPolygon", "coordinates": [ [ [ [ 129.010834562714848, 35.339269409002682 ], [ 129.010851345272755, 35.340170788094248 ], [ 129.011951405314278, 35.340157031318029 ], [ 129.011934610548224, 35.33925565268239 ], [ 129.010834562714848, 35.339269409002682 ] ] ] ] } },
{ "type": "Feature", "properties": { "GRID_CD_x": "마마373060", "SCH_POP": 0.0 }, "geometry": { "type": "MultiPolygon", "coordinates": [ [ [ [ 129.010851345272755, 35.340170788094248 ], [ 129.010868128575822, 35.341072167044175 ], [ 129.011968200826004, 35.341058409812028 ], [ 129.011951405314278, 35.340157031318029 ], [ 129.010851345272755, 35.340170788094248 ] ] ] ] } },
{ "type": "Feature", "properties": { "GRID_CD_x": "마마373061", "SCH_POP": 0.0 }, "geometry": { "type": "MultiPolygon", "coordinates": [ [ [ [ 129.010868128575822, 35.341072167044175 ], [ 129.010884912624022, 35.34197354585249 ], [ 129.011984997083403, 35.341959788164395 ], [ 129.011968200826004, 35.341058409812028 ], [ 129.010868128575822, 35.341072167044175 ] ] ] ] } },
{ "type": "Feature", "properties": { "GRID_CD_x": "마마373062", "SCH_POP": 0.0 }, "geometry": { "type": "MultiPolygon", "coordinates": [ [ [ [ 129.010884912624022, 35.34197354585249 ], [ 129.010901697417381, 35.342874924519194 ], [ 129.012001794086558, 35.342861166375123 ], [ 129.011984997083403, 35.341959788164395 ], [ 129.010884912624022, 35.34197354585249 ] ] ] ] } },
{ "type": "Feature", "properties": { "GRID_CD_x": "마마373063", "SCH_POP": 0.0 }, "geometry": { "type": "MultiPolygon", "coordinates": [ [ [ [ 129.010901697417381, 35.342874924519194 ], [ 129.010918482955987, 35.343776303044251 ], [ 129.012018591835471, 35.343762544444232 ], [ 129.012001794086558, 35.342861166375123 ], [ 129.010901697417381, 35.342874924519194 ] ] ] ] } },
{ "type": "Feature", "properties": { "GRID_CD_x": "마마373064", "SCH_POP": 0.0 }, "geometry": { "type": "MultiPolygon", "coordinates": [ [ [ [ 129.010918482955987, 35.343776303044251 ], [ 129.010935269239837, 35.344677681427697 ], [ 129.012035390330169, 35.344663922371694 ], [ 129.012018591835471, 35.343762544444232 ], [ 129.010918482955987, 35.343776303044251 ] ] ] ] } },
{ "type": "Feature", "properties": { "GRID_CD_x": "마마374000", "SCH_POP": 0.0 }, "geometry": { "type": "MultiPolygon", "coordinates": [ [ [ [ 129.01094503798339, 35.286074062560239 ], [ 129.01096178881383, 35.286975449548819 ], [ 129.012061128757352, 35.286961709669058 ], [ 129.012044365750711, 35.286060323136155 ], [ 129.01094503798339, 35.286074062560239 ] ] ] ] } },
{ "type": "Feature", "properties": { "GRID_CD_x": "마마374001", "SCH_POP": 0.0 }, "geometry": { "type": "MultiPolygon", "coordinates": [ [ [ [ 129.01096178881383, 35.286975449548819 ], [ 129.01097854038801, 35.287876836395867 ], [ 129.012077892508245, 35.28786309606042 ], [ 129.012061128757352, 35.286961709669058 ], [ 129.01096178881383, 35.286975449548819 ] ] ] ] } },
{ "type": "Feature", "properties": { "GRID_CD_x": "마마374002", "SCH_POP": 0.0 }, "geometry": { "type": "MultiPolygon", "coordinates": [ [ [ [ 129.01097854038801, 35.287876836395867 ], [ 129.0109952927059, 35.288778223101389 ], [ 129.012094657003416, 35.288764482310263 ], [ 129.012077892508245, 35.28786309606042 ], [ 129.01097854038801, 35.287876836395867 ] ] ] ] } },
{ "type": "Feature", "properties": { "GRID_CD_x": "마마374003", "SCH_POP": 0.0 }, "geometry": { "type": "MultiPolygon", "coordinates": [ [ [ [ 129.0109952927059, 35.288778223101389 ], [ 129.011012045767586, 35.289679609665406 ], [ 129.012111422242924, 35.289665868418567 ], [ 129.012094657003416, 35.288764482310263 ], [ 129.0109952927059, 35.288778223101389 ] ] ] ] } },
{ "type": "Feature", "properties": { "GRID_CD_x": "마마374004", "SCH_POP": 0.0 }, "geometry": { "type": "MultiPolygon", "coordinates": [ [ [ [ 129.011012045767586, 35.289679609665406 ], [ 129.011028799573097, 35.29058099608789 ], [ 129.012128188226797, 35.29056725438533 ], [ 129.012111422242924, 35.289665868418567 ], [ 129.011012045767586, 35.289679609665406 ] ] ] ] } },
{ "type": "Feature", "properties": { "GRID_CD_x": "마마374005", "SCH_POP": 0.0 }, "geometry": { "type": "MultiPolygon", "coordinates": [ [ [ [ 129.011028799573097, 35.29058099608789 ], [ 129.011045554122433, 35.291482382368834 ], [ 129.012144954955033, 35.29146864021056 ], [ 129.012128188226797, 35.29056725438533 ], [ 129.011028799573097, 35.29058099608789 ] ] ] ] } },
{ "type": "Feature", "properties": { "GRID_CD_x": "마마374006", "SCH_POP": 0.0 }, "geometry": { "type": "MultiPolygon", "coordinates": [ [ [ [ 129.011045554122433, 35.291482382368834 ], [ 129.011062309415678, 35.292383768508252 ], [ 129.012161722427692, 35.292370025894236 ], [ 129.012144954955033, 35.29146864021056 ], [ 129.011045554122433, 35.291482382368834 ] ] ] ] } },
{ "type": "Feature", "properties": { "GRID_CD_x": "마마374007", "SCH_POP": 0.0 }, "geometry": { "type": "MultiPolygon", "coordinates": [ [ [ [ 129.011062309415678, 35.292383768508252 ], [ 129.011079065452833, 35.29328515450613 ], [ 129.0121784906448, 35.293271411436386 ], [ 129.012161722427692, 35.292370025894236 ], [ 129.011062309415678, 35.292383768508252 ] ] ] ] } },
{ "type": "Feature", "properties": { "GRID_CD_x": "마마374008", "SCH_POP": 0.0 }, "geometry": { "type": "MultiPolygon", "coordinates": [ [ [ [ 129.011079065452833, 35.29328515450613 ], [ 129.011095822233898, 35.294186540362475 ], [ 129.012195259606415, 35.294172796836989 ], [ 129.0121784906448, 35.293271411436386 ], [ 129.011079065452833, 35.29328515450613 ] ] ] ] } },
{ "type": "Feature", "properties": { "GRID_CD_x": "마마374009", "SCH_POP": 0.0 }, "geometry": { "type": "MultiPolygon", "coordinates": [ [ [ [ 129.011095822233898, 35.294186540362475 ], [ 129.011112579758986, 35.295087926077279 ], [ 129.012212029312536, 35.29507418209603 ], [ 129.012195259606415, 35.294172796836989 ], [ 129.011095822233898, 35.294186540362475 ] ] ] ] } },
{ "type": "Feature", "properties": { "GRID_CD_x": "마마374010", "SCH_POP": 0.0 }, "geometry": { "type": "MultiPolygon", "coordinates": [ [ [ [ 129.011112579758986, 35.295087926077279 ], [ 129.011129338028042, 35.295989311650565 ], [ 129.012228799763221, 35.295975567213539 ], [ 129.012212029312536, 35.29507418209603 ], [ 129.011112579758986, 35.295087926077279 ] ] ] ] } },
{ "type": "Feature", "properties": { "GRID_CD_x": "마마374011", "SCH_POP": 0.0 }, "geometry": { "type": "MultiPolygon", "coordinates": [ [ [ [ 129.011129338028042, 35.295989311650565 ], [ 129.011146097041177, 35.296890697082304 ], [ 129.01224557095847, 35.296876952189486 ], [ 129.012228799763221, 35.295975567213539 ], [ 129.011129338028042, 35.295989311650565 ] ] ] ] } },
{ "type": "Feature", "properties": { "GRID_CD_x": "마마374012", "SCH_POP": 0.0 }, "geometry": { "type": "MultiPolygon", "coordinates": [ [ [ [ 129.011146097041177, 35.296890697082304 ], [ 129.011162856798393, 35.297792082372496 ], [ 129.012262342898339, 35.297778337023878 ], [ 129.01224557095847, 35.296876952189486 ], [ 129.011146097041177, 35.296890697082304 ] ] ] ] } },
{ "type": "Feature", "properties": { "GRID_CD_x": "마마374013", "SCH_POP": 0.0 }, "geometry": { "type": "MultiPolygon", "coordinates": [ [ [ [ 129.011162856798393, 35.297792082372496 ], [ 129.011179617299717, 35.298693467521133 ], [ 129.012279115582885, 35.298679721716731 ], [ 129.012262342898339, 35.297778337023878 ], [ 129.011162856798393, 35.297792082372496 ] ] ] ] } },
{ "type": "Feature", "properties": { "GRID_CD_x": "마마374014", "SCH_POP": 0.0 }, "geometry": { "type": "MultiPolygon", "coordinates": [ [ [ [ 129.011179617299717, 35.298693467521133 ], [ 129.011196378545179, 35.299594852528237 ], [ 129.012295889012108, 35.299581106268036 ], [ 129.012279115582885, 35.298679721716731 ], [ 129.011179617299717, 35.298693467521133 ] ] ] ] } },
{ "type": "Feature", "properties": { "GRID_CD_x": "마마374015", "SCH_POP": 0.0 }, "geometry": { "type": "MultiPolygon", "coordinates": [ [ [ [ 129.011196378545179, 35.299594852528237 ], [ 129.011213140534807, 35.300496237393801 ], [ 129.012312663186037, 35.300482490677759 ], [ 129.012295889012108, 35.299581106268036 ], [ 129.011196378545179, 35.299594852528237 ] ] ] ] } },
{ "type": "Feature", "properties": { "GRID_CD_x": "마마374016", "SCH_POP": 0.0 }, "geometry": { "type": "MultiPolygon", "coordinates": [ [ [ [ 129.011213140534807, 35.300496237393801 ], [ 129.011229903268656, 35.301397622117804 ], [ 129.012329438104729, 35.301383874945934 ], [ 129.012312663186037, 35.300482490677759 ], [ 129.011213140534807, 35.300496237393801 ] ] ] ] } },
{ "type": "Feature", "properties": { "GRID_CD_x": "마마374017", "SCH_POP": 0.0 }, "geometry": { "type": "MultiPolygon", "coordinates": [ [ [ [ 129.011229903268656, 35.301397622117804 ], [ 129.011246666746729, 35.302299006700267 ], [ 129.012346213768183, 35.302285259072548 ], [ 129.012329438104729, 35.301383874945934 ], [ 129.011229903268656, 35.301397622117804 ] ] ] ] } },
{ "type": "Feature", "properties": { "GRID_CD_x": "마마374018", "SCH_POP": 0.0 }, "geometry": { "type": "MultiPolygon", "coordinates": [ [ [ [ 129.011246666746729, 35.302299006700267 ], [ 129.011263430969109, 35.303200391141161 ], [ 129.012362990176484, 35.303186643057586 ], [ 129.012346213768183, 35.302285259072548 ], [ 129.011246666746729, 35.302299006700267 ] ] ] ] } },
{ "type": "Feature", "properties": { "GRID_CD_x": "마마374019", "SCH_POP": 0.0 }, "geometry": { "type": "MultiPolygon", "coordinates": [ [ [ [ 129.011263430969109, 35.303200391141161 ], [ 129.011280195935797, 35.3041017754405 ], [ 129.012379767329605, 35.30408802690107 ], [ 129.012362990176484, 35.303186643057586 ], [ 129.011263430969109, 35.303200391141161 ] ] ] ] } },
{ "type": "Feature", "properties": { "GRID_CD_x": "마마374020", "SCH_POP": 0.0 }, "geometry": { "type": "MultiPolygon", "coordinates": [ [ [ [ 129.011280195935797, 35.3041017754405 ], [ 129.011296961646792, 35.305003159598293 ], [ 129.012396545227631, 35.304989410602992 ], [ 129.012379767329605, 35.30408802690107 ], [ 129.011280195935797, 35.3041017754405 ] ] ] ] } },
{ "type": "Feature", "properties": { "GRID_CD_x": "마마374021", "SCH_POP": 0.0 }, "geometry": { "type": "MultiPolygon", "coordinates": [ [ [ [ 129.011296961646792, 35.305003159598293 ], [ 129.011313728102181, 35.305904543614517 ], [ 129.012413323870561, 35.305890794163339 ], [ 129.012396545227631, 35.304989410602992 ], [ 129.011296961646792, 35.305003159598293 ] ] ] ] } },
{ "type": "Feature", "properties": { "GRID_CD_x": "마마374022", "SCH_POP": 0.0 }, "geometry": { "type": "MultiPolygon", "coordinates": [ [ [ [ 129.011313728102181, 35.305904543614517 ], [ 129.011330495301991, 35.306805927489187 ], [ 129.012430103258453, 35.306792177582118 ], [ 129.012413323870561, 35.305890794163339 ], [ 129.011313728102181, 35.305904543614517 ] ] ] ] } },
{ "type": "Feature", "properties": { "GRID_CD_x": "마마374023", "SCH_POP": 0.0 }, "geometry": { "type": "MultiPolygon", "coordinates": [ [ [ [ 129.011330495301991, 35.306805927489187 ], [ 129.011347263246222, 35.307707311222302 ], [ 129.012446883391306, 35.30769356085932 ], [ 129.012430103258453, 35.306792177582118 ], [ 129.011330495301991, 35.306805927489187 ] ] ] ] } },
{ "type": "Feature", "properties": { "GRID_CD_x": "마마374024", "SCH_POP": 0.0 }, "geometry": { "type": "MultiPolygon", "coordinates": [ [ [ [ 129.011347263246222, 35.307707311222302 ], [ 129.011364031934932, 35.308608694813849 ], [ 129.012463664269148, 35.308594943994954 ], [ 129.012446883391306, 35.30769356085932 ], [ 129.011347263246222, 35.307707311222302 ] ] ] ] } },
{ "type": "Feature", "properties": { "GRID_CD_x": "마마374025", "SCH_POP": 0.0 }, "geometry": { "type": "MultiPolygon", "coordinates": [ [ [ [ 129.011364031934932, 35.308608694813849 ], [ 129.011380801368148, 35.30951007826382 ], [ 129.012480445892095, 35.309496326989013 ], [ 129.012463664269148, 35.308594943994954 ], [ 129.011364031934932, 35.308608694813849 ] ] ] ] } },
{ "type": "Feature", "properties": { "GRID_CD_x": "마마374026", "SCH_POP": 0.0 }, "geometry": { "type": "MultiPolygon", "coordinates": [ [ [ [ 129.011380801368148, 35.30951007826382 ], [ 129.011397571545899, 35.31041146157223 ], [ 129.012497228260116, 35.310397709841496 ], [ 129.012480445892095, 35.309496326989013 ], [ 129.011380801368148, 35.30951007826382 ] ] ] ] } },
{ "type": "Feature", "properties": { "GRID_CD_x": "마마374027", "SCH_POP": 0.0 }, "geometry": { "type": "MultiPolygon", "coordinates": [ [ [ [ 129.011397571545899, 35.31041146157223 ], [ 129.011414342468242, 35.311312844739071 ], [ 129.012514011373213, 35.311299092552396 ], [ 129.012497228260116, 35.310397709841496 ], [ 129.011397571545899, 35.31041146157223 ] ] ] ] } },
{ "type": "Feature", "properties": { "GRID_CD_x": "마마374028", "SCH_POP": 0.0 }, "geometry": { "type": "MultiPolygon", "coordinates": [ [ [ [ 129.011414342468242, 35.311312844739071 ], [ 129.011431114135178, 35.312214227764329 ], [ 129.01253079523147, 35.31220047512172 ], [ 129.012514011373213, 35.311299092552396 ], [ 129.011414342468242, 35.311312844739071 ] ] ] ] } },
{ "type": "Feature", "properties": { "GRID_CD_x": "마마374029", "SCH_POP": 0.0 }, "geometry": { "type": "MultiPolygon", "coordinates": [ [ [ [ 129.011431114135178, 35.312214227764329 ], [ 129.011447886546762, 35.313115610648026 ], [ 129.012547579834916, 35.313101857549441 ], [ 129.01253079523147, 35.31220047512172 ], [ 129.011431114135178, 35.312214227764329 ] ] ] ] } },
{ "type": "Feature", "properties": { "GRID_CD_x": "마마374030", "SCH_POP": 0.0 }, "geometry": { "type": "MultiPolygon", "coordinates": [ [ [ [ 129.011447886546762, 35.313115610648026 ], [ 129.011464659702995, 35.31401699339014 ], [ 129.01256436518355, 35.314003239835593 ], [ 129.012547579834916, 35.313101857549441 ], [ 129.011447886546762, 35.313115610648026 ] ] ] ] } },
{ "type": "Feature", "properties": { "GRID_CD_x": "마마374031", "SCH_POP": 0.0 }, "geometry": { "type": "MultiPolygon", "coordinates": [ [ [ [ 129.011464659702995, 35.31401699339014 ], [ 129.011481433603933, 35.314918375990679 ], [ 129.012581151277459, 35.314904621980155 ], [ 129.01256436518355, 35.314003239835593 ], [ 129.011464659702995, 35.31401699339014 ] ] ] ] } },
{ "type": "Feature", "properties": { "GRID_CD_x": "마마374032", "SCH_POP": 0.570508231925555 }, "geometry": { "type": "MultiPolygon", "coordinates": [ [ [ [ 129.011481433603933, 35.314918375990679 ], [ 129.011498208249634, 35.315819758449642 ], [ 129.012597938116642, 35.31580600398312 ], [ 129.012581151277459, 35.314904621980155 ], [ 129.011481433603933, 35.314918375990679 ] ] ] ] } },
{ "type": "Feature", "properties": { "GRID_CD_x": "마마374033", "SCH_POP": 0.0 }, "geometry": { "type": "MultiPolygon", "coordinates": [ [ [ [ 129.011498208249634, 35.315819758449642 ], [ 129.011514983640069, 35.316721140767037 ], [ 129.012614725701127, 35.316707385844509 ], [ 129.012597938116642, 35.31580600398312 ], [ 129.011498208249634, 35.315819758449642 ] ] ] ] } },
{ "type": "Feature", "properties": { "GRID_CD_x": "마마374034", "SCH_POP": 0.0 }, "geometry": { "type": "MultiPolygon", "coordinates": [ [ [ [ 129.011514983640069, 35.316721140767037 ], [ 129.011531759775352, 35.317622522942827 ], [ 129.012631514030943, 35.317608767564295 ], [ 129.012614725701127, 35.316707385844509 ], [ 129.011514983640069, 35.316721140767037 ] ] ] ] } },
{ "type": "Feature", "properties": { "GRID_CD_x": "마마374035", "SCH_POP": 0.0 }, "geometry": { "type": "MultiPolygon", "coordinates": [ [ [ [ 129.011531759775352, 35.317622522942827 ], [ 129.011548536655425, 35.318523904977042 ], [ 129.012648303106147, 35.318510149142497 ], [ 129.012631514030943, 35.317608767564295 ], [ 129.011531759775352, 35.317622522942827 ] ] ] ] } },
{ "type": "Feature", "properties": { "GRID_CD_x": "마마374036", "SCH_POP": 0.0 }, "geometry": { "type": "MultiPolygon", "coordinates": [ [ [ [ 129.011548536655425, 35.318523904977042 ], [ 129.011565314280404, 35.319425286869667 ], [ 129.012665092926795, 35.319411530579089 ], [ 129.012648303106147, 35.318510149142497 ], [ 129.011548536655425, 35.318523904977042 ] ] ] ] } },
{ "type": "Feature", "properties": { "GRID_CD_x": "마마374037", "SCH_POP": 0.0 }, "geometry": { "type": "MultiPolygon", "coordinates": [ [ [ [ 129.011565314280404, 35.319425286869667 ], [ 129.011582092650258, 35.320326668620702 ], [ 129.012681883492832, 35.320312911874083 ], [ 129.012665092926795, 35.319411530579089 ], [ 129.011565314280404, 35.319425286869667 ] ] ] ] } },
{ "type": "Feature", "properties": { "GRID_CD_x": "마마374038", "SCH_POP": 0.0 }, "geometry": { "type": "MultiPolygon", "coordinates": [ [ [ [ 129.011582092650258, 35.320326668620702 ], [ 129.011598871765045, 35.321228050230154 ], [ 129.012698674804398, 35.321214293027481 ], [ 129.012681883492832, 35.320312911874083 ], [ 129.011582092650258, 35.320326668620702 ] ] ] ] } },
{ "type": "Feature", "properties": { "GRID_CD_x": "마마374039", "SCH_POP": 0.0 }, "geometry": { "type": "MultiPolygon", "coordinates": [ [ [ [ 129.011598871765045, 35.321228050230154 ], [ 129.011615651624822, 35.322129431698023 ], [ 129.012715466861408, 35.322115674039289 ], [ 129.012698674804398, 35.321214293027481 ], [ 129.011598871765045, 35.321228050230154 ] ] ] ] } },
{ "type": "Feature", "properties": { "GRID_CD_x": "마마374040", "SCH_POP": 0.0 }, "geometry": { "type": "MultiPolygon", "coordinates": [ [ [ [ 129.011615651624822, 35.322129431698023 ], [ 129.01163243222959, 35.323030813024282 ], [ 129.012732259664034, 35.323017054909478 ], [ 129.012715466861408, 35.322115674039289 ], [ 129.011615651624822, 35.322129431698023 ] ] ] ] } },
{ "type": "Feature", "properties": { "GRID_CD_x": "마마374041", "SCH_POP": 0.0 }, "geometry": { "type": "MultiPolygon", "coordinates": [ [ [ [ 129.01163243222959, 35.323030813024282 ], [ 129.011649213579375, 35.32393219420895 ], [ 129.01274905321219, 35.32391843563807 ], [ 129.012732259664034, 35.323017054909478 ], [ 129.01163243222959, 35.323030813024282 ] ] ] ] } },
{ "type": "Feature", "properties": { "GRID_CD_x": "마마374042", "SCH_POP": 0.0 }, "geometry": { "type": "MultiPolygon", "coordinates": [ [ [ [ 129.011649213579375, 35.32393219420895 ], [ 129.011665995674264, 35.324833575252022 ], [ 129.01276584750596, 35.324819816225045 ], [ 129.01274905321219, 35.32391843563807 ], [ 129.011649213579375, 35.32393219420895 ] ] ] ] } },
{ "type": "Feature", "properties": { "GRID_CD_x": "마마374043", "SCH_POP": 0.0 }, "geometry": { "type": "MultiPolygon", "coordinates": [ [ [ [ 129.011665995674264, 35.324833575252022 ], [ 129.011682778514228, 35.325734956153497 ], [ 129.012782642545375, 35.325721196670415 ], [ 129.01276584750596, 35.324819816225045 ], [ 129.011665995674264, 35.324833575252022 ] ] ] ] } },
{ "type": "Feature", "properties": { "GRID_CD_x": "마마374044", "SCH_POP": 51.089676307220842 }, "geometry": { "type": "MultiPolygon", "coordinates": [ [ [ [ 129.011682778514228, 35.325734956153497 ], [ 129.011699562099352, 35.326636336913367 ], [ 129.012799438330461, 35.326622576974188 ], [ 129.012782642545375, 35.325721196670415 ], [ 129.011682778514228, 35.325734956153497 ] ] ] ] } },
{ "type": "Feature", "properties": { "GRID_CD_x": "마마374045", "SCH_POP": 72.143114345910746 }, "geometry": { "type": "MultiPolygon", "coordinates": [ [ [ [ 129.011699562099352, 35.326636336913367 ], [ 129.011716346429608, 35.327537717531641 ], [ 129.012816234861248, 35.327523957136329 ], [ 129.012799438330461, 35.326622576974188 ], [ 129.011699562099352, 35.326636336913367 ] ] ] ] } },
{ "type": "Feature", "properties": { "GRID_CD_x": "마마374046", "SCH_POP": 55.300363914958822 }, "geometry": { "type": "MultiPolygon", "coordinates": [ [ [ [ 129.011716346429608, 35.327537717531641 ], [ 129.011733131505082, 35.328439098008296 ], [ 129.012833032137763, 35.328425337156865 ], [ 129.012816234861248, 35.327523957136329 ], [ 129.011716346429608, 35.327537717531641 ] ] ] ] } },
{ "type": "Feature", "properties": { "GRID_CD_x": "마마374047", "SCH_POP": 5.0528251292855781 }, "geometry": { "type": "MultiPolygon", "coordinates": [ [ [ [ 129.011733131505082, 35.328439098008296 ], [ 129.011749917325773, 35.329340478343347 ], [ 129.012849830160093, 35.329326717035777 ], [ 129.012833032137763, 35.328425337156865 ], [ 129.011733131505082, 35.328439098008296 ] ] ] ] } },
{ "type": "Feature", "properties": { "GRID_CD_x": "마마374048", "SCH_POP": 23.299138096150163 }, "geometry": { "type": "MultiPolygon", "coordinates": [ [ [ [ 129.011749917325773, 35.329340478343347 ], [ 129.011766703891738, 35.330241858536802 ], [ 129.012866628928208, 35.330228096773077 ], [ 129.012849830160093, 35.329326717035777 ], [ 129.011749917325773, 35.329340478343347 ] ] ] ] } },
{ "type": "Feature", "properties": { "GRID_CD_x": "마마374049", "SCH_POP": 31.439800804443596 }, "geometry": { "type": "MultiPolygon", "coordinates": [ [ [ [ 129.011766703891738, 35.330241858536802 ], [ 129.011783491203005, 35.331143238588631 ], [ 129.012883428442166, 35.331129476368744 ], [ 129.012866628928208, 35.330228096773077 ], [ 129.011766703891738, 35.330241858536802 ] ] ] ] } },
{ "type": "Feature", "properties": { "GRID_CD_x": "마마374050", "SCH_POP": 70.236520415926961 }, "geometry": { "type": "MultiPolygon", "coordinates": [ [ [ [ 129.011783491203005, 35.331143238588631 ], [ 129.011800279259603, 35.332044618498855 ], [ 129.012900228701994, 35.332030855822801 ], [ 129.012883428442166, 35.331129476368744 ], [ 129.011783491203005, 35.331143238588631 ] ] ] ] } },
{ "type": "Feature", "properties": { "GRID_CD_x": "마마374051", "SCH_POP": 98.969642404260711 }, "geometry": { "type": "MultiPolygon", "coordinates": [ [ [ [ 129.011800279259603, 35.332044618498855 ], [ 129.011817068061561, 35.332945998267469 ], [ 129.012917029707722, 35.332932235135232 ], [ 129.012900228701994, 35.332030855822801 ], [ 129.011800279259603, 35.332044618498855 ] ] ] ] } },
{ "type": "Feature", "properties": { "GRID_CD_x": "마마374052", "SCH_POP": 99.856467156987065 }, "geometry": { "type": "MultiPolygon", "coordinates": [ [ [ [ 129.011817068061561, 35.332945998267469 ], [ 129.011833857608906, 35.333847377894472 ], [ 129.012933831459407, 35.333833614306052 ], [ 129.012917029707722, 35.332932235135232 ], [ 129.011817068061561, 35.332945998267469 ] ] ] ] } },
{ "type": "Feature", "properties": { "GRID_CD_x": "마마374053", "SCH_POP": 78.572673091554663 }, "geometry": { "type": "MultiPolygon", "coordinates": [ [ [ [ 129.011833857608906, 35.333847377894472 ], [ 129.011850647901696, 35.334748757379842 ], [ 129.012950633957047, 35.334734993335225 ], [ 129.012933831459407, 35.333833614306052 ], [ 129.011833857608906, 35.333847377894472 ] ] ] ] } },
{ "type": "Feature", "properties": { "GRID_CD_x": "마마374054", "SCH_POP": 0.0 }, "geometry": { "type": "MultiPolygon", "coordinates": [ [ [ [ 129.011850647901696, 35.334748757379842 ], [ 129.011867438939959, 35.335650136723594 ], [ 129.012967437200672, 35.335636372222773 ], [ 129.012950633957047, 35.334734993335225 ], [ 129.011850647901696, 35.334748757379842 ] ] ] ] } },
{ "type": "Feature", "properties": { "GRID_CD_x": "마마374055", "SCH_POP": 10.819261983261477 }, "geometry": { "type": "MultiPolygon", "coordinates": [ [ [ [ 129.011867438939959, 35.335650136723594 ], [ 129.011884230723695, 35.336551515925734 ], [ 129.012984241190338, 35.336537750968688 ], [ 129.012967437200672, 35.335636372222773 ], [ 129.011867438939959, 35.335650136723594 ] ] ] ] } },
{ "type": "Feature", "properties": { "GRID_CD_x": "마마374056", "SCH_POP": 30.506771493786456 }, "geometry": { "type": "MultiPolygon", "coordinates": [ [ [ [ 129.011884230723695, 35.336551515925734 ], [ 129.01190102325296, 35.337452894986249 ], [ 129.013001045926103, 35.337439129572971 ], [ 129.012984241190338, 35.336537750968688 ], [ 129.011884230723695, 35.336551515925734 ] ] ] ] } },
{ "type": "Feature", "properties": { "GRID_CD_x": "마마374057", "SCH_POP": 0.0 }, "geometry": { "type": "MultiPolygon", "coordinates": [ [ [ [ 129.01190102325296, 35.337452894986249 ], [ 129.011917816527784, 35.338354273905125 ], [ 129.013017851407966, 35.338340508035614 ], [ 129.013001045926103, 35.337439129572971 ], [ 129.01190102325296, 35.337452894986249 ] ] ] ] } },
{ "type": "Feature", "properties": { "GRID_CD_x": "마마374058", "SCH_POP": 0.0 }, "geometry": { "type": "MultiPolygon", "coordinates": [ [ [ [ 129.011917816527784, 35.338354273905125 ], [ 129.011934610548224, 35.33925565268239 ], [ 129.013034657635956, 35.339241886356639 ], [ 129.013017851407966, 35.338340508035614 ], [ 129.011917816527784, 35.338354273905125 ] ] ] ] } },
{ "type": "Feature", "properties": { "GRID_CD_x": "마마374059", "SCH_POP": 0.0 }, "geometry": { "type": "MultiPolygon", "coordinates": [ [ [ [ 129.011934610548224, 35.33925565268239 ], [ 129.011951405314278, 35.340157031318029 ], [ 129.013051464610129, 35.340143264536003 ], [ 129.013034657635956, 35.339241886356639 ], [ 129.011934610548224, 35.33925565268239 ] ] ] ] } },
{ "type": "Feature", "properties": { "GRID_CD_x": "마마374060", "SCH_POP": 0.0 }, "geometry": { "type": "MultiPolygon", "coordinates": [ [ [ [ 129.011951405314278, 35.340157031318029 ], [ 129.011968200826004, 35.341058409812028 ], [ 129.013068272330514, 35.341044642573735 ], [ 129.013051464610129, 35.340143264536003 ], [ 129.011951405314278, 35.340157031318029 ] ] ] ] } },
{ "type": "Feature", "properties": { "GRID_CD_x": "마마374061", "SCH_POP": 0.0 }, "geometry": { "type": "MultiPolygon", "coordinates": [ [ [ [ 129.011968200826004, 35.341058409812028 ], [ 129.011984997083403, 35.341959788164395 ], [ 129.013085080797111, 35.341946020469827 ], [ 129.013068272330514, 35.341044642573735 ], [ 129.011968200826004, 35.341058409812028 ] ] ] ] } },
{ "type": "Feature", "properties": { "GRID_CD_x": "마마374062", "SCH_POP": 0.0 }, "geometry": { "type": "MultiPolygon", "coordinates": [ [ [ [ 129.011984997083403, 35.341959788164395 ], [ 129.012001794086558, 35.342861166375123 ], [ 129.013101890009978, 35.342847398224272 ], [ 129.013085080797111, 35.341946020469827 ], [ 129.011984997083403, 35.341959788164395 ] ] ] ] } },
{ "type": "Feature", "properties": { "GRID_CD_x": "마마374063", "SCH_POP": 0.0 }, "geometry": { "type": "MultiPolygon", "coordinates": [ [ [ [ 129.012001794086558, 35.342861166375123 ], [ 129.012018591835471, 35.343762544444232 ], [ 129.013118699969141, 35.343748775837078 ], [ 129.013101890009978, 35.342847398224272 ], [ 129.012001794086558, 35.342861166375123 ] ] ] ] } },
{ "type": "Feature", "properties": { "GRID_CD_x": "마마374064", "SCH_POP": 0.0 }, "geometry": { "type": "MultiPolygon", "coordinates": [ [ [ [ 129.012018591835471, 35.343762544444232 ], [ 129.012035390330169, 35.344663922371694 ], [ 129.013135510674658, 35.344650153308223 ], [ 129.013118699969141, 35.343748775837078 ], [ 129.012018591835471, 35.343762544444232 ] ] ] ] } },
{ "type": "Feature", "properties": { "GRID_CD_x": "마마375001", "SCH_POP": 0.0 }, "geometry": { "type": "MultiPolygon", "coordinates": [ [ [ [ 129.012061128757352, 35.286961709669058 ], [ 129.012077892508245, 35.28786309606042 ], [ 129.013177243884201, 35.287849345738408 ], [ 129.013160467956595, 35.286947959803058 ], [ 129.012061128757352, 35.286961709669058 ] ] ] ] } },
{ "type": "Feature", "properties": { "GRID_CD_x": "마마375002", "SCH_POP": 0.0 }, "geometry": { "type": "MultiPolygon", "coordinates": [ [ [ [ 129.012077892508245, 35.28786309606042 ], [ 129.012094657003416, 35.288764482310263 ], [ 129.013194020556597, 35.288750731532218 ], [ 129.013177243884201, 35.287849345738408 ], [ 129.012077892508245, 35.28786309606042 ] ] ] ] } },
{ "type": "Feature", "properties": { "GRID_CD_x": "마마375003", "SCH_POP": 0.0 }, "geometry": { "type": "MultiPolygon", "coordinates": [ [ [ [ 129.012094657003416, 35.288764482310263 ], [ 129.012111422242924, 35.289665868418567 ], [ 129.013210797973898, 35.289652117184495 ], [ 129.013194020556597, 35.288750731532218 ], [ 129.012094657003416, 35.288764482310263 ] ] ] ] } },
{ "type": "Feature", "properties": { "GRID_CD_x": "마마375004", "SCH_POP": 0.0 }, "geometry": { "type": "MultiPolygon", "coordinates": [ [ [ [ 129.012111422242924, 35.289665868418567 ], [ 129.012128188226797, 35.29056725438533 ], [ 129.013227576136075, 35.290553502695218 ], [ 129.013210797973898, 35.289652117184495 ], [ 129.012111422242924, 35.289665868418567 ] ] ] ] } },
{ "type": "Feature", "properties": { "GRID_CD_x": "마마375005", "SCH_POP": 0.0 }, "geometry": { "type": "MultiPolygon", "coordinates": [ [ [ [ 129.012128188226797, 35.29056725438533 ], [ 129.012144954955033, 35.29146864021056 ], [ 129.013244355043184, 35.291454888064386 ], [ 129.013227576136075, 35.290553502695218 ], [ 129.012128188226797, 35.29056725438533 ] ] ] ] } },
{ "type": "Feature", "properties": { "GRID_CD_x": "마마375006", "SCH_POP": 0.0 }, "geometry": { "type": "MultiPolygon", "coordinates": [ [ [ [ 129.012144954955033, 35.29146864021056 ], [ 129.012161722427692, 35.292370025894236 ], [ 129.013261134695227, 35.292356273292008 ], [ 129.013244355043184, 35.291454888064386 ], [ 129.012144954955033, 35.29146864021056 ] ] ] ] } },
{ "type": "Feature", "properties": { "GRID_CD_x": "마마375007", "SCH_POP": 0.0 }, "geometry": { "type": "MultiPolygon", "coordinates": [ [ [ [ 129.012161722427692, 35.292370025894236 ], [ 129.0121784906448, 35.293271411436386 ], [ 129.013277915092289, 35.293257658378081 ], [ 129.013261134695227, 35.292356273292008 ], [ 129.012161722427692, 35.292370025894236 ] ] ] ] } },
{ "type": "Feature", "properties": { "GRID_CD_x": "마마375008", "SCH_POP": 0.0 }, "geometry": { "type": "MultiPolygon", "coordinates": [ [ [ [ 129.0121784906448, 35.293271411436386 ], [ 129.012195259606415, 35.294172796836989 ], [ 129.013294696234368, 35.294159043322587 ], [ 129.013277915092289, 35.293257658378081 ], [ 129.0121784906448, 35.293271411436386 ] ] ] ] } },
{ "type": "Feature", "properties": { "GRID_CD_x": "마마375009", "SCH_POP": 0.0 }, "geometry": { "type": "MultiPolygon", "coordinates": [ [ [ [ 129.012195259606415, 35.294172796836989 ], [ 129.012212029312536, 35.29507418209603 ], [ 129.013311478121551, 35.295060428125545 ], [ 129.013294696234368, 35.294159043322587 ], [ 129.012195259606415, 35.294172796836989 ] ] ] ] } },
{ "type": "Feature", "properties": { "GRID_CD_x": "마마375010", "SCH_POP": 0.0 }, "geometry": { "type": "MultiPolygon", "coordinates": [ [ [ [ 129.012212029312536, 35.29507418209603 ], [ 129.012228799763221, 35.295975567213539 ], [ 129.013328260753781, 35.295961812786949 ], [ 129.013311478121551, 35.295060428125545 ], [ 129.012212029312536, 35.29507418209603 ] ] ] ] } },
{ "type": "Feature", "properties": { "GRID_CD_x": "마마375011", "SCH_POP": 0.0 }, "geometry": { "type": "MultiPolygon", "coordinates": [ [ [ [ 129.012228799763221, 35.295975567213539 ], [ 129.01224557095847, 35.296876952189486 ], [ 129.013345044131114, 35.296863197306777 ], [ 129.013328260753781, 35.295961812786949 ], [ 129.012228799763221, 35.295975567213539 ] ] ] ] } },
{ "type": "Feature", "properties": { "GRID_CD_x": "마마375012", "SCH_POP": 0.0 }, "geometry": { "type": "MultiPolygon", "coordinates": [ [ [ [ 129.01224557095847, 35.296876952189486 ], [ 129.012262342898339, 35.297778337023878 ], [ 129.013361828253664, 35.297764581685058 ], [ 129.013345044131114, 35.296863197306777 ], [ 129.01224557095847, 35.296876952189486 ] ] ] ] } },
{ "type": "Feature", "properties": { "GRID_CD_x": "마마375013", "SCH_POP": 0.0 }, "geometry": { "type": "MultiPolygon", "coordinates": [ [ [ [ 129.012262342898339, 35.297778337023878 ], [ 129.012279115582885, 35.298679721716731 ], [ 129.013378613121375, 35.298665965921778 ], [ 129.013361828253664, 35.297764581685058 ], [ 129.012262342898339, 35.297778337023878 ] ] ] ] } },
{ "type": "Feature", "properties": { "GRID_CD_x": "마마375014", "SCH_POP": 0.0 }, "geometry": { "type": "MultiPolygon", "coordinates": [ [ [ [ 129.012279115582885, 35.298679721716731 ], [ 129.012295889012108, 35.299581106268036 ], [ 129.013395398734303, 35.299567350016929 ], [ 129.013378613121375, 35.298665965921778 ], [ 129.012279115582885, 35.298679721716731 ] ] ] ] } },
{ "type": "Feature", "properties": { "GRID_CD_x": "마마375015", "SCH_POP": 0.0 }, "geometry": { "type": "MultiPolygon", "coordinates": [ [ [ [ 129.012295889012108, 35.299581106268036 ], [ 129.012312663186037, 35.300482490677759 ], [ 129.013412185092534, 35.300468733970511 ], [ 129.013395398734303, 35.299567350016929 ], [ 129.012295889012108, 35.299581106268036 ] ] ] ] } },
{ "type": "Feature", "properties": { "GRID_CD_x": "마마375016", "SCH_POP": 0.0 }, "geometry": { "type": "MultiPolygon", "coordinates": [ [ [ [ 129.012312663186037, 35.300482490677759 ], [ 129.012329438104729, 35.301383874945934 ], [ 129.01342897219601, 35.301370117782518 ], [ 129.013412185092534, 35.300468733970511 ], [ 129.012312663186037, 35.300482490677759 ] ] ] ] } },
{ "type": "Feature", "properties": { "GRID_CD_x": "마마375017", "SCH_POP": 0.0 }, "geometry": { "type": "MultiPolygon", "coordinates": [ [ [ [ 129.012329438104729, 35.301383874945934 ], [ 129.012346213768183, 35.302285259072548 ], [ 129.013445760044817, 35.302271501452957 ], [ 129.01342897219601, 35.301370117782518 ], [ 129.012329438104729, 35.301383874945934 ] ] ] ] } },
{ "type": "Feature", "properties": { "GRID_CD_x": "마마375018", "SCH_POP": 0.0 }, "geometry": { "type": "MultiPolygon", "coordinates": [ [ [ [ 129.012346213768183, 35.302285259072548 ], [ 129.012362990176484, 35.303186643057586 ], [ 129.013462548638984, 35.303172884981834 ], [ 129.013445760044817, 35.302271501452957 ], [ 129.012346213768183, 35.302285259072548 ] ] ] ] } },
{ "type": "Feature", "properties": { "GRID_CD_x": "마마375019", "SCH_POP": 0.0 }, "geometry": { "type": "MultiPolygon", "coordinates": [ [ [ [ 129.012362990176484, 35.303186643057586 ], [ 129.012379767329605, 35.30408802690107 ], [ 129.013479337978538, 35.304074268369121 ], [ 129.013462548638984, 35.303172884981834 ], [ 129.012362990176484, 35.303186643057586 ] ] ] ] } },
{ "type": "Feature", "properties": { "GRID_CD_x": "마마375020", "SCH_POP": 0.0 }, "geometry": { "type": "MultiPolygon", "coordinates": [ [ [ [ 129.012379767329605, 35.30408802690107 ], [ 129.012396545227631, 35.304989410602992 ], [ 129.013496128063537, 35.304975651614832 ], [ 129.013479337978538, 35.304074268369121 ], [ 129.012379767329605, 35.30408802690107 ] ] ] ] } },
{ "type": "Feature", "properties": { "GRID_CD_x": "마마375021", "SCH_POP": 0.0 }, "geometry": { "type": "MultiPolygon", "coordinates": [ [ [ [ 129.012396545227631, 35.304989410602992 ], [ 129.012413323870561, 35.305890794163339 ], [ 129.01351291889398, 35.305877034718968 ], [ 129.013496128063537, 35.304975651614832 ], [ 129.012396545227631, 35.304989410602992 ] ] ] ] } },
{ "type": "Feature", "properties": { "GRID_CD_x": "마마375022", "SCH_POP": 0.0 }, "geometry": { "type": "MultiPolygon", "coordinates": [ [ [ [ 129.012413323870561, 35.305890794163339 ], [ 129.012430103258453, 35.306792177582118 ], [ 129.013529710469925, 35.306778417681528 ], [ 129.01351291889398, 35.305877034718968 ], [ 129.012413323870561, 35.305890794163339 ] ] ] ] } },
{ "type": "Feature", "properties": { "GRID_CD_x": "마마375023", "SCH_POP": 0.0 }, "geometry": { "type": "MultiPolygon", "coordinates": [ [ [ [ 129.012430103258453, 35.306792177582118 ], [ 129.012446883391306, 35.30769356085932 ], [ 129.013546502791371, 35.307679800502491 ], [ 129.013529710469925, 35.306778417681528 ], [ 129.012430103258453, 35.306792177582118 ] ] ] ] } },
{ "type": "Feature", "properties": { "GRID_CD_x": "마마375024", "SCH_POP": 0.0 }, "geometry": { "type": "MultiPolygon", "coordinates": [ [ [ [ 129.012446883391306, 35.30769356085932 ], [ 129.012463664269148, 35.308594943994954 ], [ 129.013563295858347, 35.308581183181886 ], [ 129.013546502791371, 35.307679800502491 ], [ 129.012446883391306, 35.30769356085932 ] ] ] ] } },
{ "type": "Feature", "properties": { "GRID_CD_x": "마마375025", "SCH_POP": 0.0 }, "geometry": { "type": "MultiPolygon", "coordinates": [ [ [ [ 129.012463664269148, 35.308594943994954 ], [ 129.012480445892095, 35.309496326989013 ], [ 129.013580089670967, 35.309482565719698 ], [ 129.013563295858347, 35.308581183181886 ], [ 129.012463664269148, 35.308594943994954 ] ] ] ] } },
{ "type": "Feature", "properties": { "GRID_CD_x": "마마375026", "SCH_POP": 0.0 }, "geometry": { "type": "MultiPolygon", "coordinates": [ [ [ [ 129.012480445892095, 35.309496326989013 ], [ 129.012497228260116, 35.310397709841496 ], [ 129.013596884229173, 35.310383948115913 ], [ 129.013580089670967, 35.309482565719698 ], [ 129.012480445892095, 35.309496326989013 ] ] ] ] } },
{ "type": "Feature", "properties": { "GRID_CD_x": "마마375027", "SCH_POP": 0.0 }, "geometry": { "type": "MultiPolygon", "coordinates": [ [ [ [ 129.012497228260116, 35.310397709841496 ], [ 129.012514011373213, 35.311299092552396 ], [ 129.013613679533051, 35.311285330370545 ], [ 129.013596884229173, 35.310383948115913 ], [ 129.012497228260116, 35.310397709841496 ] ] ] ] } },
{ "type": "Feature", "properties": { "GRID_CD_x": "마마375028", "SCH_POP": 0.0 }, "geometry": { "type": "MultiPolygon", "coordinates": [ [ [ [ 129.012514011373213, 35.311299092552396 ], [ 129.01253079523147, 35.31220047512172 ], [ 129.013630475582573, 35.312186712483573 ], [ 129.013613679533051, 35.311285330370545 ], [ 129.012514011373213, 35.311299092552396 ] ] ] ] } },
{ "type": "Feature", "properties": { "GRID_CD_x": "마마375029", "SCH_POP": 0.0 }, "geometry": { "type": "MultiPolygon", "coordinates": [ [ [ [ 129.01253079523147, 35.31220047512172 ], [ 129.012547579834916, 35.313101857549441 ], [ 129.013647272377881, 35.313088094455011 ], [ 129.013630475582573, 35.312186712483573 ], [ 129.01253079523147, 35.31220047512172 ] ] ] ] } },
{ "type": "Feature", "properties": { "GRID_CD_x": "마마375030", "SCH_POP": 0.0 }, "geometry": { "type": "MultiPolygon", "coordinates": [ [ [ [ 129.012547579834916, 35.313101857549441 ], [ 129.01256436518355, 35.314003239835593 ], [ 129.013664069918889, 35.31398947628486 ], [ 129.013647272377881, 35.313088094455011 ], [ 129.012547579834916, 35.313101857549441 ] ] ] ] } },
{ "type": "Feature", "properties": { "GRID_CD_x": "마마375031", "SCH_POP": 0.0 }, "geometry": { "type": "MultiPolygon", "coordinates": [ [ [ [ 129.01256436518355, 35.314003239835593 ], [ 129.012581151277459, 35.314904621980155 ], [ 129.013680868205711, 35.314890857973104 ], [ 129.013664069918889, 35.31398947628486 ], [ 129.01256436518355, 35.314003239835593 ] ] ] ] } },
{ "type": "Feature", "properties": { "GRID_CD_x": "마마375032", "SCH_POP": 0.0 }, "geometry": { "type": "MultiPolygon", "coordinates": [ [ [ [ 129.012581151277459, 35.314904621980155 ], [ 129.012597938116642, 35.31580600398312 ], [ 129.013697667238347, 35.315792239519752 ], [ 129.013680868205711, 35.314890857973104 ], [ 129.012581151277459, 35.314904621980155 ] ] ] ] } },
{ "type": "Feature", "properties": { "GRID_CD_x": "마마375033", "SCH_POP": 0.0 }, "geometry": { "type": "MultiPolygon", "coordinates": [ [ [ [ 129.012597938116642, 35.31580600398312 ], [ 129.012614725701127, 35.316707385844509 ], [ 129.013714467016854, 35.316693620924809 ], [ 129.013697667238347, 35.315792239519752 ], [ 129.012597938116642, 35.31580600398312 ] ] ] ] } },
{ "type": "Feature", "properties": { "GRID_CD_x": "마마375034", "SCH_POP": 0.0 }, "geometry": { "type": "MultiPolygon", "coordinates": [ [ [ [ 129.012614725701127, 35.316707385844509 ], [ 129.012631514030943, 35.317608767564295 ], [ 129.013731267541203, 35.317595002188256 ], [ 129.013714467016854, 35.316693620924809 ], [ 129.012614725701127, 35.316707385844509 ] ] ] ] } },
{ "type": "Feature", "properties": { "GRID_CD_x": "마마375035", "SCH_POP": 0.0 }, "geometry": { "type": "MultiPolygon", "coordinates": [ [ [ [ 129.012631514030943, 35.317608767564295 ], [ 129.012648303106147, 35.318510149142497 ], [ 129.013748068811509, 35.318496383310105 ], [ 129.013731267541203, 35.317595002188256 ], [ 129.012631514030943, 35.317608767564295 ] ] ] ] } },
{ "type": "Feature", "properties": { "GRID_CD_x": "마마375036", "SCH_POP": 0.0 }, "geometry": { "type": "MultiPolygon", "coordinates": [ [ [ [ 129.012648303106147, 35.318510149142497 ], [ 129.012665092926795, 35.319411530579089 ], [ 129.013764870827742, 35.319397764290343 ], [ 129.013748068811509, 35.318496383310105 ], [ 129.012648303106147, 35.318510149142497 ] ] ] ] } },
{ "type": "Feature", "properties": { "GRID_CD_x": "마마375037", "SCH_POP": 0.0 }, "geometry": { "type": "MultiPolygon", "coordinates": [ [ [ [ 129.012665092926795, 35.319411530579089 ], [ 129.012681883492832, 35.320312911874083 ], [ 129.013781673589961, 35.320299145128963 ], [ 129.013764870827742, 35.319397764290343 ], [ 129.012665092926795, 35.319411530579089 ] ] ] ] } },
{ "type": "Feature", "properties": { "GRID_CD_x": "마마375038", "SCH_POP": 0.0 }, "geometry": { "type": "MultiPolygon", "coordinates": [ [ [ [ 129.012681883492832, 35.320312911874083 ], [ 129.012698674804398, 35.321214293027481 ], [ 129.01379847709822, 35.321200525825986 ], [ 129.013781673589961, 35.320299145128963 ], [ 129.012681883492832, 35.320312911874083 ] ] ] ] } },
{ "type": "Feature", "properties": { "GRID_CD_x": "마마375039", "SCH_POP": 0.0 }, "geometry": { "type": "MultiPolygon", "coordinates": [ [ [ [ 129.012698674804398, 35.321214293027481 ], [ 129.012715466861408, 35.322115674039289 ], [ 129.013815281352493, 35.322101906381391 ], [ 129.01379847709822, 35.321200525825986 ], [ 129.012698674804398, 35.321214293027481 ] ] ] ] } },
{ "type": "Feature", "properties": { "GRID_CD_x": "마마375040", "SCH_POP": 0.0 }, "geometry": { "type": "MultiPolygon", "coordinates": [ [ [ [ 129.012715466861408, 35.322115674039289 ], [ 129.012732259664034, 35.323017054909478 ], [ 129.013832086352863, 35.323003286795185 ], [ 129.013815281352493, 35.322101906381391 ], [ 129.012715466861408, 35.322115674039289 ] ] ] ] } },
{ "type": "Feature", "properties": { "GRID_CD_x": "마마375041", "SCH_POP": 0.0 }, "geometry": { "type": "MultiPolygon", "coordinates": [ [ [ [ 129.012732259664034, 35.323017054909478 ], [ 129.01274905321219, 35.32391843563807 ], [ 129.013848892099332, 35.32390466706736 ], [ 129.013832086352863, 35.323003286795185 ], [ 129.012732259664034, 35.323017054909478 ] ] ] ] } },
{ "type": "Feature", "properties": { "GRID_CD_x": "마마375042", "SCH_POP": 1.122850028730128 }, "geometry": { "type": "MultiPolygon", "coordinates": [ [ [ [ 129.01274905321219, 35.32391843563807 ], [ 129.01276584750596, 35.324819816225045 ], [ 129.013865698591985, 35.324806047197917 ], [ 129.013848892099332, 35.32390466706736 ], [ 129.01274905321219, 35.32391843563807 ] ] ] ] } },
{ "type": "Feature", "properties": { "GRID_CD_x": "마마375043", "SCH_POP": 53.756445125454896 }, "geometry": { "type": "MultiPolygon", "coordinates": [ [ [ [ 129.01276584750596, 35.324819816225045 ], [ 129.012782642545375, 35.325721196670415 ], [ 129.013882505830821, 35.325707427186856 ], [ 129.013865698591985, 35.324806047197917 ], [ 129.01276584750596, 35.324819816225045 ] ] ] ] } },
{ "type": "Feature", "properties": { "GRID_CD_x": "마마375044", "SCH_POP": 0.0 }, "geometry": { "type": "MultiPolygon", "coordinates": [ [ [ [ 129.012782642545375, 35.325721196670415 ], [ 129.012799438330461, 35.326622576974188 ], [ 129.013899313815841, 35.326608807034184 ], [ 129.013882505830821, 35.325707427186856 ], [ 129.012782642545375, 35.325721196670415 ] ] ] ] } },
{ "type": "Feature", "properties": { "GRID_CD_x": "마마375045", "SCH_POP": 55.160007661367558 }, "geometry": { "type": "MultiPolygon", "coordinates": [ [ [ [ 129.012799438330461, 35.326622576974188 ], [ 129.012816234861248, 35.327523957136329 ], [ 129.013916122547158, 35.327510186739872 ], [ 129.013899313815841, 35.326608807034184 ], [ 129.012799438330461, 35.326622576974188 ] ] ] ] } },
{ "type": "Feature", "properties": { "GRID_CD_x": "마마375046", "SCH_POP": 0.70178126795633 }, "geometry": { "type": "MultiPolygon", "coordinates": [ [ [ [ 129.012816234861248, 35.327523957136329 ], [ 129.012833032137763, 35.328425337156865 ], [ 129.013932932024716, 35.328411566303956 ], [ 129.013916122547158, 35.327510186739872 ], [ 129.012816234861248, 35.327523957136329 ] ] ] ] } },
{ "type": "Feature", "properties": { "GRID_CD_x": "마마375047", "SCH_POP": 12.070637808848881 }, "geometry": { "type": "MultiPolygon", "coordinates": [ [ [ [ 129.012833032137763, 35.328425337156865 ], [ 129.012849830160093, 35.329326717035777 ], [ 129.013949742248599, 35.329312945726393 ], [ 129.013932932024716, 35.328411566303956 ], [ 129.012833032137763, 35.328425337156865 ] ] ] ] } },
{ "type": "Feature", "properties": { "GRID_CD_x": "마마375048", "SCH_POP": 2.5264125646427891 }, "geometry": { "type": "MultiPolygon", "coordinates": [ [ [ [ 129.012849830160093, 35.329326717035777 ], [ 129.012866628928208, 35.330228096773077 ], [ 129.013966553218836, 35.330214325007212 ], [ 129.013949742248599, 35.329312945726393 ], [ 129.012849830160093, 35.329326717035777 ] ] ] ] } },
{ "type": "Feature", "properties": { "GRID_CD_x": "마마375049", "SCH_POP": 59.230339015514275 }, "geometry": { "type": "MultiPolygon", "coordinates": [ [ [ [ 129.012866628928208, 35.330228096773077 ], [ 129.012883428442166, 35.331129476368744 ], [ 129.013983364935427, 35.331115704146399 ], [ 129.013966553218836, 35.330214325007212 ], [ 129.012866628928208, 35.330228096773077 ] ] ] ] } },
{ "type": "Feature", "properties": { "GRID_CD_x": "마마375050", "SCH_POP": 158.56426578747147 }, "geometry": { "type": "MultiPolygon", "coordinates": [ [ [ [ 129.012883428442166, 35.331129476368744 ], [ 129.012900228701994, 35.332030855822801 ], [ 129.014000177398458, 35.332017083143953 ], [ 129.013983364935427, 35.331115704146399 ], [ 129.012883428442166, 35.331129476368744 ] ] ] ] } },
{ "type": "Feature", "properties": { "GRID_CD_x": "마마375051", "SCH_POP": 43.809142784681718 }, "geometry": { "type": "MultiPolygon", "coordinates": [ [ [ [ 129.012900228701994, 35.332030855822801 ], [ 129.012917029707722, 35.332932235135232 ], [ 129.014016990607956, 35.332918461999867 ], [ 129.014000177398458, 35.332017083143953 ], [ 129.012900228701994, 35.332030855822801 ] ] ] ] } },
{ "type": "Feature", "properties": { "GRID_CD_x": "마마375052", "SCH_POP": 65.802396652295201 }, "geometry": { "type": "MultiPolygon", "coordinates": [ [ [ [ 129.012917029707722, 35.332932235135232 ], [ 129.012933831459407, 35.333833614306052 ], [ 129.014033804563894, 35.333819840714163 ], [ 129.014016990607956, 35.332918461999867 ], [ 129.012917029707722, 35.332932235135232 ] ] ] ] } },
{ "type": "Feature", "properties": { "GRID_CD_x": "마마375053", "SCH_POP": 67.221316256657374 }, "geometry": { "type": "MultiPolygon", "coordinates": [ [ [ [ 129.012933831459407, 35.333833614306052 ], [ 129.012950633957047, 35.334734993335225 ], [ 129.014050619266357, 35.334721219286813 ], [ 129.014033804563894, 35.333819840714163 ], [ 129.012933831459407, 35.333833614306052 ] ] ] ] } },
{ "type": "Feature", "properties": { "GRID_CD_x": "마마375054", "SCH_POP": 39.19765407050469 }, "geometry": { "type": "MultiPolygon", "coordinates": [ [ [ [ 129.012950633957047, 35.334734993335225 ], [ 129.012967437200672, 35.335636372222773 ], [ 129.014067434715372, 35.335622597717816 ], [ 129.014050619266357, 35.334721219286813 ], [ 129.012950633957047, 35.334734993335225 ] ] ] ] } },
{ "type": "Feature", "properties": { "GRID_CD_x": "마마375055", "SCH_POP": 5.853043367993914 }, "geometry": { "type": "MultiPolygon", "coordinates": [ [ [ [ 129.012967437200672, 35.335636372222773 ], [ 129.012984241190338, 35.336537750968688 ], [ 129.014084250910969, 35.336523976007172 ], [ 129.014067434715372, 35.335622597717816 ], [ 129.012967437200672, 35.335636372222773 ] ] ] ] } },
{ "type": "Feature", "properties": { "GRID_CD_x": "마마375056", "SCH_POP": 0.0 }, "geometry": { "type": "MultiPolygon", "coordinates": [ [ [ [ 129.012984241190338, 35.336537750968688 ], [ 129.013001045926103, 35.337439129572971 ], [ 129.014101067853176, 35.337425354154902 ], [ 129.014084250910969, 35.336523976007172 ], [ 129.012984241190338, 35.336537750968688 ] ] ] ] } },
{ "type": "Feature", "properties": { "GRID_CD_x": "마마375057", "SCH_POP": 0.0 }, "geometry": { "type": "MultiPolygon", "coordinates": [ [ [ [ 129.013001045926103, 35.337439129572971 ], [ 129.013017851407966, 35.338340508035614 ], [ 129.014117885541992, 35.338326732160979 ], [ 129.014101067853176, 35.337425354154902 ], [ 129.013001045926103, 35.337439129572971 ] ] ] ] } },
{ "type": "Feature", "properties": { "GRID_CD_x": "마마375058", "SCH_POP": 0.0 }, "geometry": { "type": "MultiPolygon", "coordinates": [ [ [ [ 129.013017851407966, 35.338340508035614 ], [ 129.013034657635956, 35.339241886356639 ], [ 129.014134703977533, 35.339228110025417 ], [ 129.014117885541992, 35.338326732160979 ], [ 129.013017851407966, 35.338340508035614 ] ] ] ] } },
{ "type": "Feature", "properties": { "GRID_CD_x": "마마375059", "SCH_POP": 0.0 }, "geometry": { "type": "MultiPolygon", "coordinates": [ [ [ [ 129.013034657635956, 35.339241886356639 ], [ 129.013051464610129, 35.340143264536003 ], [ 129.014151523159796, 35.340129487748193 ], [ 129.014134703977533, 35.339228110025417 ], [ 129.013034657635956, 35.339241886356639 ] ] ] ] } },
{ "type": "Feature", "properties": { "GRID_CD_x": "마마375060", "SCH_POP": 0.0 }, "geometry": { "type": "MultiPolygon", "coordinates": [ [ [ [ 129.013051464610129, 35.340143264536003 ], [ 129.013068272330514, 35.341044642573735 ], [ 129.014168343088755, 35.341030865329316 ], [ 129.014151523159796, 35.340129487748193 ], [ 129.013051464610129, 35.340143264536003 ] ] ] ] } },
{ "type": "Feature", "properties": { "GRID_CD_x": "마마375061", "SCH_POP": 0.0 }, "geometry": { "type": "MultiPolygon", "coordinates": [ [ [ [ 129.013068272330514, 35.341044642573735 ], [ 129.013085080797111, 35.341946020469827 ], [ 129.014185163764523, 35.341932242768799 ], [ 129.014168343088755, 35.341030865329316 ], [ 129.013068272330514, 35.341044642573735 ] ] ] ] } },
{ "type": "Feature", "properties": { "GRID_CD_x": "마마375062", "SCH_POP": 0.0 }, "geometry": { "type": "MultiPolygon", "coordinates": [ [ [ [ 129.013085080797111, 35.341946020469827 ], [ 129.013101890009978, 35.342847398224272 ], [ 129.0142019851871, 35.342833620066635 ], [ 129.014185163764523, 35.341932242768799 ], [ 129.013085080797111, 35.341946020469827 ] ] ] ] } },
{ "type": "Feature", "properties": { "GRID_CD_x": "마마375063", "SCH_POP": 0.0 }, "geometry": { "type": "MultiPolygon", "coordinates": [ [ [ [ 129.013101890009978, 35.342847398224272 ], [ 129.013118699969141, 35.343748775837078 ], [ 129.014218807356514, 35.343734997222803 ], [ 129.0142019851871, 35.342833620066635 ], [ 129.013101890009978, 35.342847398224272 ] ] ] ] } },
{ "type": "Feature", "properties": { "GRID_CD_x": "마마375064", "SCH_POP": 0.0 }, "geometry": { "type": "MultiPolygon", "coordinates": [ [ [ [ 129.013118699969141, 35.343748775837078 ], [ 129.013135510674658, 35.344650153308223 ], [ 129.014235630272793, 35.344636374237318 ], [ 129.014218807356514, 35.343734997222803 ], [ 129.013118699969141, 35.343748775837078 ] ] ] ] } },
{ "type": "Feature", "properties": { "GRID_CD_x": "마마376003", "SCH_POP": 0.0 }, "geometry": { "type": "MultiPolygon", "coordinates": [ [ [ [ 129.013194020556597, 35.288750731532218 ], [ 129.013210797973898, 35.289652117184495 ], [ 129.014310172959966, 35.289638355963199 ], [ 129.014293383364958, 35.288736970767296 ], [ 129.013194020556597, 35.288750731532218 ] ] ] ] } },
{ "type": "Feature", "properties": { "GRID_CD_x": "마마376004", "SCH_POP": 0.0 }, "geometry": { "type": "MultiPolygon", "coordinates": [ [ [ [ 129.013210797973898, 35.289652117184495 ], [ 129.013227576136075, 35.290553502695218 ], [ 129.014326963300448, 35.290539741017554 ], [ 129.014310172959966, 35.289638355963199 ], [ 129.013210797973898, 35.289652117184495 ] ] ] ] } },
{ "type": "Feature", "properties": { "GRID_CD_x": "마마376005", "SCH_POP": 0.0 }, "geometry": { "type": "MultiPolygon", "coordinates": [ [ [ [ 129.013227576136075, 35.290553502695218 ], [ 129.013244355043184, 35.291454888064386 ], [ 129.014343754386374, 35.291441125930348 ], [ 129.014326963300448, 35.290539741017554 ], [ 129.013227576136075, 35.290553502695218 ] ] ] ] } },
{ "type": "Feature", "properties": { "GRID_CD_x": "마마376006", "SCH_POP": 0.0 }, "geometry": { "type": "MultiPolygon", "coordinates": [ [ [ [ 129.013244355043184, 35.291454888064386 ], [ 129.013261134695227, 35.292356273292008 ], [ 129.014360546217802, 35.292342510701566 ], [ 129.014343754386374, 35.291441125930348 ], [ 129.013244355043184, 35.291454888064386 ] ] ] ] } },
{ "type": "Feature", "properties": { "GRID_CD_x": "마마376007", "SCH_POP": 0.0 }, "geometry": { "type": "MultiPolygon", "coordinates": [ [ [ [ 129.013261134695227, 35.292356273292008 ], [ 129.013277915092289, 35.293257658378081 ], [ 129.014377338794759, 35.293243895331237 ], [ 129.014360546217802, 35.292342510701566 ], [ 129.013261134695227, 35.292356273292008 ] ] ] ] } },
{ "type": "Feature", "properties": { "GRID_CD_x": "마마376008", "SCH_POP": 0.0 }, "geometry": { "type": "MultiPolygon", "coordinates": [ [ [ [ 129.013277915092289, 35.293257658378081 ], [ 129.013294696234368, 35.294159043322587 ], [ 129.014394132117303, 35.294145279819325 ], [ 129.014377338794759, 35.293243895331237 ], [ 129.013277915092289, 35.293257658378081 ] ] ] ] } },
{ "type": "Feature", "properties": { "GRID_CD_x": "마마376012", "SCH_POP": 0.0 }, "geometry": { "type": "MultiPolygon", "coordinates": [ [ [ [ 129.013345044131114, 35.296863197306777 ], [ 129.013361828253664, 35.297764581685058 ], [ 129.014461312863773, 35.29775081635605 ], [ 129.014444516558655, 35.296849432434222 ], [ 129.013345044131114, 35.296863197306777 ] ] ] ] } },
{ "type": "Feature", "properties": { "GRID_CD_x": "마마376013", "SCH_POP": 0.0 }, "geometry": { "type": "MultiPolygon", "coordinates": [ [ [ [ 129.013361828253664, 35.297764581685058 ], [ 129.013378613121375, 35.298665965921778 ], [ 129.014478109914648, 35.298652200136303 ], [ 129.014461312863773, 35.29775081635605 ], [ 129.013361828253664, 35.297764581685058 ] ] ] ] } },
{ "type": "Feature", "properties": { "GRID_CD_x": "마마376014", "SCH_POP": 0.0 }, "geometry": { "type": "MultiPolygon", "coordinates": [ [ [ [ 129.013378613121375, 35.298665965921778 ], [ 129.013395398734303, 35.299567350016929 ], [ 129.014494907711281, 35.29955358377498 ], [ 129.014478109914648, 35.298652200136303 ], [ 129.013378613121375, 35.298665965921778 ] ] ] ] } },
{ "type": "Feature", "properties": { "GRID_CD_x": "마마376015", "SCH_POP": 0.0 }, "geometry": { "type": "MultiPolygon", "coordinates": [ [ [ [ 129.013395398734303, 35.299567350016929 ], [ 129.013412185092534, 35.300468733970511 ], [ 129.0145117062537, 35.300454967272074 ], [ 129.014494907711281, 35.29955358377498 ], [ 129.013395398734303, 35.299567350016929 ] ] ] ] } },
{ "type": "Feature", "properties": { "GRID_CD_x": "마마376016", "SCH_POP": 0.0 }, "geometry": { "type": "MultiPolygon", "coordinates": [ [ [ [ 129.013412185092534, 35.300468733970511 ], [ 129.01342897219601, 35.301370117782518 ], [ 129.014528505541961, 35.3013563506276 ], [ 129.0145117062537, 35.300454967272074 ], [ 129.013412185092534, 35.300468733970511 ] ] ] ] } },
{ "type": "Feature", "properties": { "GRID_CD_x": "마마376017", "SCH_POP": 0.0 }, "geometry": { "type": "MultiPolygon", "coordinates": [ [ [ [ 129.01342897219601, 35.301370117782518 ], [ 129.013445760044817, 35.302271501452957 ], [ 129.014545305576092, 35.302257733841529 ], [ 129.014528505541961, 35.3013563506276 ], [ 129.01342897219601, 35.301370117782518 ] ] ] ] } },
{ "type": "Feature", "properties": { "GRID_CD_x": "마마376018", "SCH_POP": 0.0 }, "geometry": { "type": "MultiPolygon", "coordinates": [ [ [ [ 129.013445760044817, 35.302271501452957 ], [ 129.013462548638984, 35.303172884981834 ], [ 129.014562106356095, 35.303159116913882 ], [ 129.014545305576092, 35.302257733841529 ], [ 129.013445760044817, 35.302271501452957 ] ] ] ] } },
{ "type": "Feature", "properties": { "GRID_CD_x": "마마376019", "SCH_POP": 0.0 }, "geometry": { "type": "MultiPolygon", "coordinates": [ [ [ [ 129.013462548638984, 35.303172884981834 ], [ 129.013479337978538, 35.304074268369121 ], [ 129.014578907882083, 35.304060499844645 ], [ 129.014562106356095, 35.303159116913882 ], [ 129.013462548638984, 35.303172884981834 ] ] ] ] } },
{ "type": "Feature", "properties": { "GRID_CD_x": "마마376020", "SCH_POP": 0.0 }, "geometry": { "type": "MultiPolygon", "coordinates": [ [ [ [ 129.013479337978538, 35.304074268369121 ], [ 129.013496128063537, 35.304975651614832 ], [ 129.014595710153998, 35.304961882633833 ], [ 129.014578907882083, 35.304060499844645 ], [ 129.013479337978538, 35.304074268369121 ] ] ] ] } },
{ "type": "Feature", "properties": { "GRID_CD_x": "마마376021", "SCH_POP": 0.0 }, "geometry": { "type": "MultiPolygon", "coordinates": [ [ [ [ 129.013496128063537, 35.304975651614832 ], [ 129.01351291889398, 35.305877034718968 ], [ 129.014612513171897, 35.305863265281417 ], [ 129.014595710153998, 35.304961882633833 ], [ 129.013496128063537, 35.304975651614832 ] ] ] ] } },
{ "type": "Feature", "properties": { "GRID_CD_x": "마마376022", "SCH_POP": 0.0 }, "geometry": { "type": "MultiPolygon", "coordinates": [ [ [ [ 129.01351291889398, 35.305877034718968 ], [ 129.013529710469925, 35.306778417681528 ], [ 129.014629316935867, 35.306764647787432 ], [ 129.014612513171897, 35.305863265281417 ], [ 129.01351291889398, 35.305877034718968 ] ] ] ] } },
{ "type": "Feature", "properties": { "GRID_CD_x": "마마376023", "SCH_POP": 0.0 }, "geometry": { "type": "MultiPolygon", "coordinates": [ [ [ [ 129.013529710469925, 35.306778417681528 ], [ 129.013546502791371, 35.307679800502491 ], [ 129.01464612144585, 35.307666030151836 ], [ 129.014629316935867, 35.306764647787432 ], [ 129.013529710469925, 35.306778417681528 ] ] ] ] } },
{ "type": "Feature", "properties": { "GRID_CD_x": "마마376024", "SCH_POP": 0.0 }, "geometry": { "type": "MultiPolygon", "coordinates": [ [ [ [ 129.013546502791371, 35.307679800502491 ], [ 129.013563295858347, 35.308581183181886 ], [ 129.014662926701959, 35.308567412374664 ], [ 129.01464612144585, 35.307666030151836 ], [ 129.013546502791371, 35.307679800502491 ] ] ] ] } },
{ "type": "Feature", "properties": { "GRID_CD_x": "마마376025", "SCH_POP": 0.0 }, "geometry": { "type": "MultiPolygon", "coordinates": [ [ [ [ 129.013563295858347, 35.308581183181886 ], [ 129.013580089670967, 35.309482565719698 ], [ 129.014679732704195, 35.309468794455874 ], [ 129.014662926701959, 35.308567412374664 ], [ 129.013563295858347, 35.308581183181886 ] ] ] ] } },
{ "type": "Feature", "properties": { "GRID_CD_x": "마마376026", "SCH_POP": 0.0 }, "geometry": { "type": "MultiPolygon", "coordinates": [ [ [ [ 129.013580089670967, 35.309482565719698 ], [ 129.013596884229173, 35.310383948115913 ], [ 129.014696539452586, 35.310370176395509 ], [ 129.014679732704195, 35.309468794455874 ], [ 129.013580089670967, 35.309482565719698 ] ] ] ] } },
{ "type": "Feature", "properties": { "GRID_CD_x": "마마376027", "SCH_POP": 0.0 }, "geometry": { "type": "MultiPolygon", "coordinates": [ [ [ [ 129.013596884229173, 35.310383948115913 ], [ 129.013613679533051, 35.311285330370545 ], [ 129.014713346947161, 35.311271558193525 ], [ 129.014696539452586, 35.310370176395509 ], [ 129.013596884229173, 35.310383948115913 ] ] ] ] } },
{ "type": "Feature", "properties": { "GRID_CD_x": "마마376028", "SCH_POP": 0.0 }, "geometry": { "type": "MultiPolygon", "coordinates": [ [ [ [ 129.013613679533051, 35.311285330370545 ], [ 129.013630475582573, 35.312186712483573 ], [ 129.014730155188005, 35.312172939849944 ], [ 129.014713346947161, 35.311271558193525 ], [ 129.013613679533051, 35.311285330370545 ] ] ] ] } },
{ "type": "Feature", "properties": { "GRID_CD_x": "마마376029", "SCH_POP": 0.0 }, "geometry": { "type": "MultiPolygon", "coordinates": [ [ [ [ 129.013630475582573, 35.312186712483573 ], [ 129.013647272377881, 35.313088094455011 ], [ 129.014746964175089, 35.313074321364759 ], [ 129.014730155188005, 35.312172939849944 ], [ 129.013630475582573, 35.312186712483573 ] ] ] ] } },
{ "type": "Feature", "properties": { "GRID_CD_x": "마마376030", "SCH_POP": 0.0 }, "geometry": { "type": "MultiPolygon", "coordinates": [ [ [ [ 129.013647272377881, 35.313088094455011 ], [ 129.013664069918889, 35.31398947628486 ], [ 129.014763773908442, 35.31397570273797 ], [ 129.014746964175089, 35.313074321364759 ], [ 129.013647272377881, 35.313088094455011 ] ] ] ] } },
{ "type": "Feature", "properties": { "GRID_CD_x": "마마376031", "SCH_POP": 0.0 }, "geometry": { "type": "MultiPolygon", "coordinates": [ [ [ [ 129.013664069918889, 35.31398947628486 ], [ 129.013680868205711, 35.314890857973104 ], [ 129.014780584388149, 35.314877083969584 ], [ 129.014763773908442, 35.31397570273797 ], [ 129.013664069918889, 35.31398947628486 ] ] ] ] } },
{ "type": "Feature", "properties": { "GRID_CD_x": "마마376032", "SCH_POP": 0.0 }, "geometry": { "type": "MultiPolygon", "coordinates": [ [ [ [ 129.013680868205711, 35.314890857973104 ], [ 129.013697667238347, 35.315792239519752 ], [ 129.01479739561421, 35.315778465059573 ], [ 129.014780584388149, 35.314877083969584 ], [ 129.013680868205711, 35.314890857973104 ] ] ] ] } },
{ "type": "Feature", "properties": { "GRID_CD_x": "마마376033", "SCH_POP": 0.0 }, "geometry": { "type": "MultiPolygon", "coordinates": [ [ [ [ 129.013697667238347, 35.315792239519752 ], [ 129.013714467016854, 35.316693620924809 ], [ 129.014814207586653, 35.316679846007965 ], [ 129.01479739561421, 35.315778465059573 ], [ 129.013697667238347, 35.315792239519752 ] ] ] ] } },
{ "type": "Feature", "properties": { "GRID_CD_x": "마마376034", "SCH_POP": 0.0 }, "geometry": { "type": "MultiPolygon", "coordinates": [ [ [ [ 129.013714467016854, 35.316693620924809 ], [ 129.013731267541203, 35.317595002188256 ], [ 129.014831020305536, 35.317581226814745 ], [ 129.014814207586653, 35.316679846007965 ], [ 129.013714467016854, 35.316693620924809 ] ] ] ] } },
{ "type": "Feature", "properties": { "GRID_CD_x": "마마376035", "SCH_POP": 0.0 }, "geometry": { "type": "MultiPolygon", "coordinates": [ [ [ [ 129.013731267541203, 35.317595002188256 ], [ 129.013748068811509, 35.318496383310105 ], [ 129.014847833770887, 35.318482607479901 ], [ 129.014831020305536, 35.317581226814745 ], [ 129.013731267541203, 35.317595002188256 ] ] ] ] } },
{ "type": "Feature", "properties": { "GRID_CD_x": "마마376036", "SCH_POP": 0.0 }, "geometry": { "type": "MultiPolygon", "coordinates": [ [ [ [ 129.013748068811509, 35.318496383310105 ], [ 129.013764870827742, 35.319397764290343 ], [ 129.014864647982677, 35.319383988003452 ], [ 129.014847833770887, 35.318482607479901 ], [ 129.013748068811509, 35.318496383310105 ] ] ] ] } },
{ "type": "Feature", "properties": { "GRID_CD_x": "마마376037", "SCH_POP": 0.0 }, "geometry": { "type": "MultiPolygon", "coordinates": [ [ [ [ 129.013764870827742, 35.319397764290343 ], [ 129.013781673589961, 35.320299145128963 ], [ 129.014881462941048, 35.32028536838537 ], [ 129.014864647982677, 35.319383988003452 ], [ 129.013764870827742, 35.319397764290343 ] ] ] ] } },
{ "type": "Feature", "properties": { "GRID_CD_x": "마마376038", "SCH_POP": 0.0 }, "geometry": { "type": "MultiPolygon", "coordinates": [ [ [ [ 129.013781673589961, 35.320299145128963 ], [ 129.01379847709822, 35.321200525825986 ], [ 129.014898278645973, 35.321186748625671 ], [ 129.014881462941048, 35.32028536838537 ], [ 129.013781673589961, 35.320299145128963 ] ] ] ] } },
{ "type": "Feature", "properties": { "GRID_CD_x": "마마376039", "SCH_POP": 0.0 }, "geometry": { "type": "MultiPolygon", "coordinates": [ [ [ [ 129.01379847709822, 35.321200525825986 ], [ 129.013815281352493, 35.322101906381391 ], [ 129.014915095097479, 35.32208812872436 ], [ 129.014898278645973, 35.321186748625671 ], [ 129.01379847709822, 35.321200525825986 ] ] ] ] } },
{ "type": "Feature", "properties": { "GRID_CD_x": "마마376040", "SCH_POP": 0.0 }, "geometry": { "type": "MultiPolygon", "coordinates": [ [ [ [ 129.013815281352493, 35.322101906381391 ], [ 129.013832086352863, 35.323003286795185 ], [ 129.014931912295594, 35.322989508681424 ], [ 129.014915095097479, 35.32208812872436 ], [ 129.013815281352493, 35.322101906381391 ] ] ] ] } },
{ "type": "Feature", "properties": { "GRID_CD_x": "마마376041", "SCH_POP": 1.8246312966864591 }, "geometry": { "type": "MultiPolygon", "coordinates": [ [ [ [ 129.013832086352863, 35.323003286795185 ], [ 129.013848892099332, 35.32390466706736 ], [ 129.014948730240377, 35.323890888496855 ], [ 129.014931912295594, 35.322989508681424 ], [ 129.013832086352863, 35.323003286795185 ] ] ] ] } },
{ "type": "Feature", "properties": { "GRID_CD_x": "마마376042", "SCH_POP": 28.071250718253211 }, "geometry": { "type": "MultiPolygon", "coordinates": [ [ [ [ 129.013848892099332, 35.32390466706736 ], [ 129.013865698591985, 35.324806047197917 ], [ 129.014965548931855, 35.324792268170661 ], [ 129.014948730240377, 35.323890888496855 ], [ 129.013848892099332, 35.32390466706736 ] ] ] ] } },
{ "type": "Feature", "properties": { "GRID_CD_x": "마마376043", "SCH_POP": 12.632062823213944 }, "geometry": { "type": "MultiPolygon", "coordinates": [ [ [ [ 129.013865698591985, 35.324806047197917 ], [ 129.013882505830821, 35.325707427186856 ], [ 129.014982368370056, 35.325693647702842 ], [ 129.014965548931855, 35.324792268170661 ], [ 129.013865698591985, 35.324806047197917 ] ] ] ] } },
{ "type": "Feature", "properties": { "GRID_CD_x": "마마376044", "SCH_POP": 53.195020111089832 }, "geometry": { "type": "MultiPolygon", "coordinates": [ [ [ [ 129.013882505830821, 35.325707427186856 ], [ 129.013899313815841, 35.326608807034184 ], [ 129.014999188555009, 35.32659502709339 ], [ 129.014982368370056, 35.325693647702842 ], [ 129.013882505830821, 35.325707427186856 ] ] ] ] } },
{ "type": "Feature", "properties": { "GRID_CD_x": "마마376045", "SCH_POP": 0.0 }, "geometry": { "type": "MultiPolygon", "coordinates": [ [ [ [ 129.013899313815841, 35.326608807034184 ], [ 129.013916122547158, 35.327510186739872 ], [ 129.015016009486772, 35.327496406342298 ], [ 129.014999188555009, 35.32659502709339 ], [ 129.013899313815841, 35.326608807034184 ] ] ] ] } },
{ "type": "Feature", "properties": { "GRID_CD_x": "마마376046", "SCH_POP": 0.0 }, "geometry": { "type": "MultiPolygon", "coordinates": [ [ [ [ 129.013916122547158, 35.327510186739872 ], [ 129.013932932024716, 35.328411566303956 ], [ 129.015032831165342, 35.328397785449596 ], [ 129.015016009486772, 35.327496406342298 ], [ 129.013916122547158, 35.327510186739872 ] ] ] ] } },
{ "type": "Feature", "properties": { "GRID_CD_x": "마마376047", "SCH_POP": 40.001532273510826 }, "geometry": { "type": "MultiPolygon", "coordinates": [ [ [ [ 129.013932932024716, 35.328411566303956 ], [ 129.013949742248599, 35.329312945726393 ], [ 129.015049653590751, 35.329299164415225 ], [ 129.015032831165342, 35.328397785449596 ], [ 129.013932932024716, 35.328411566303956 ] ] ] ] } },
{ "type": "Feature", "properties": { "GRID_CD_x": "마마376048", "SCH_POP": 77.195939475196326 }, "geometry": { "type": "MultiPolygon", "coordinates": [ [ [ [ 129.013949742248599, 35.329312945726393 ], [ 129.013966553218836, 35.330214325007212 ], [ 129.015066476763081, 35.330200543239236 ], [ 129.015049653590751, 35.329299164415225 ], [ 129.013949742248599, 35.329312945726393 ] ] ] ] } },
{ "type": "Feature", "properties": { "GRID_CD_x": "마마376049", "SCH_POP": 0.0 }, "geometry": { "type": "MultiPolygon", "coordinates": [ [ [ [ 129.013966553218836, 35.330214325007212 ], [ 129.013983364935427, 35.331115704146399 ], [ 129.015083300682335, 35.331101921921594 ], [ 129.015066476763081, 35.330200543239236 ], [ 129.013966553218836, 35.330214325007212 ] ] ] ] } },
{ "type": "Feature", "properties": { "GRID_CD_x": "마마376050", "SCH_POP": 94.535518640628965 }, "geometry": { "type": "MultiPolygon", "coordinates": [ [ [ [ 129.013983364935427, 35.331115704146399 ], [ 129.014000177398458, 35.332017083143953 ], [ 129.015100125348511, 35.332003300462311 ], [ 129.015083300682335, 35.331101921921594 ], [ 129.013983364935427, 35.331115704146399 ] ] ] ] } },
{ "type": "Feature", "properties": { "GRID_CD_x": "마마376051", "SCH_POP": 90.988219629723545 }, "geometry": { "type": "MultiPolygon", "coordinates": [ [ [ [ 129.014000177398458, 35.332017083143953 ], [ 129.014016990607956, 35.332918461999867 ], [ 129.015116950761666, 35.332904678861389 ], [ 129.015100125348511, 35.332003300462311 ], [ 129.014000177398458, 35.332017083143953 ] ] ] ] } },
{ "type": "Feature", "properties": { "GRID_CD_x": "마마376052", "SCH_POP": 83.184161805731677 }, "geometry": { "type": "MultiPolygon", "coordinates": [ [ [ [ 129.014016990607956, 35.332918461999867 ], [ 129.014033804563894, 35.333819840714163 ], [ 129.015133776921886, 35.333806057118835 ], [ 129.015116950761666, 35.332904678861389 ], [ 129.014016990607956, 35.332918461999867 ] ] ] ] } },
{ "type": "Feature", "properties": { "GRID_CD_x": "마마376053", "SCH_POP": 0.0 }, "geometry": { "type": "MultiPolygon", "coordinates": [ [ [ [ 129.014033804563894, 35.333819840714163 ], [ 129.014050619266357, 35.334721219286813 ], [ 129.015150603829142, 35.334707435234627 ], [ 129.015133776921886, 35.333806057118835 ], [ 129.014033804563894, 35.333819840714163 ] ] ] ] } },
{ "type": "Feature", "properties": { "GRID_CD_x": "마마376054", "SCH_POP": 0.0 }, "geometry": { "type": "MultiPolygon", "coordinates": [ [ [ [ 129.014050619266357, 35.334721219286813 ], [ 129.014067434715372, 35.335622597717816 ], [ 129.015167431483491, 35.335608813208744 ], [ 129.015150603829142, 35.334707435234627 ], [ 129.014050619266357, 35.334721219286813 ] ] ] ] } },
{ "type": "Feature", "properties": { "GRID_CD_x": "마마376055", "SCH_POP": 0.0 }, "geometry": { "type": "MultiPolygon", "coordinates": [ [ [ [ 129.014067434715372, 35.335622597717816 ], [ 129.014084250910969, 35.336523976007172 ], [ 129.015184259884961, 35.336510191041235 ], [ 129.015167431483491, 35.335608813208744 ], [ 129.014067434715372, 35.335622597717816 ] ] ] ] } },
{ "type": "Feature", "properties": { "GRID_CD_x": "마마376056", "SCH_POP": 7.626692873446614 }, "geometry": { "type": "MultiPolygon", "coordinates": [ [ [ [ 129.014084250910969, 35.336523976007172 ], [ 129.014101067853176, 35.337425354154902 ], [ 129.015201089033582, 35.337411568732065 ], [ 129.015184259884961, 35.336510191041235 ], [ 129.014084250910969, 35.336523976007172 ] ] ] ] } },
{ "type": "Feature", "properties": { "GRID_CD_x": "마마376057", "SCH_POP": 12.238181587623638 }, "geometry": { "type": "MultiPolygon", "coordinates": [ [ [ [ 129.014101067853176, 35.337425354154902 ], [ 129.014117885541992, 35.338326732160979 ], [ 129.01521791892938, 35.338312946281235 ], [ 129.015201089033582, 35.337411568732065 ], [ 129.014101067853176, 35.337425354154902 ] ] ] ] } },
{ "type": "Feature", "properties": { "GRID_CD_x": "마마376058", "SCH_POP": 4.0793938625412132 }, "geometry": { "type": "MultiPolygon", "coordinates": [ [ [ [ 129.014117885541992, 35.338326732160979 ], [ 129.014134703977533, 35.339228110025417 ], [ 129.015234749572414, 35.339214323688765 ], [ 129.01521791892938, 35.338312946281235 ], [ 129.014117885541992, 35.338326732160979 ] ] ] ] } },
{ "type": "Feature", "properties": { "GRID_CD_x": "마마376059", "SCH_POP": 3.1925691098148619 }, "geometry": { "type": "MultiPolygon", "coordinates": [ [ [ [ 129.014134703977533, 35.339228110025417 ], [ 129.014151523159796, 35.340129487748193 ], [ 129.015251580962683, 35.34011570095462 ], [ 129.015234749572414, 35.339214323688765 ], [ 129.014134703977533, 35.339228110025417 ] ] ] ] } },
{ "type": "Feature", "properties": { "GRID_CD_x": "마마376060", "SCH_POP": 0.0 }, "geometry": { "type": "MultiPolygon", "coordinates": [ [ [ [ 129.014151523159796, 35.340129487748193 ], [ 129.014168343088755, 35.341030865329316 ], [ 129.015268413100245, 35.341017078078821 ], [ 129.015251580962683, 35.34011570095462 ], [ 129.014151523159796, 35.340129487748193 ] ] ] ] } },
{ "type": "Feature", "properties": { "GRID_CD_x": "마마376061", "SCH_POP": 0.0 }, "geometry": { "type": "MultiPolygon", "coordinates": [ [ [ [ 129.014168343088755, 35.341030865329316 ], [ 129.014185163764523, 35.341932242768799 ], [ 129.015285245985126, 35.341918455061354 ], [ 129.015268413100245, 35.341017078078821 ], [ 129.014168343088755, 35.341030865329316 ] ] ] ] } },
{ "type": "Feature", "properties": { "GRID_CD_x": "마마376062", "SCH_POP": 0.0 }, "geometry": { "type": "MultiPolygon", "coordinates": [ [ [ [ 129.014185163764523, 35.341932242768799 ], [ 129.0142019851871, 35.342833620066635 ], [ 129.015302079617356, 35.342819831902226 ], [ 129.015285245985126, 35.341918455061354 ], [ 129.014185163764523, 35.341932242768799 ] ] ] ] } },
{ "type": "Feature", "properties": { "GRID_CD_x": "마마376063", "SCH_POP": 0.0 }, "geometry": { "type": "MultiPolygon", "coordinates": [ [ [ [ 129.0142019851871, 35.342833620066635 ], [ 129.014218807356514, 35.343734997222803 ], [ 129.015318913996992, 35.343721208601437 ], [ 129.015302079617356, 35.342819831902226 ], [ 129.0142019851871, 35.342833620066635 ] ] ] ] } },
{ "type": "Feature", "properties": { "GRID_CD_x": "마마376064", "SCH_POP": 0.0 }, "geometry": { "type": "MultiPolygon", "coordinates": [ [ [ [ 129.014218807356514, 35.343734997222803 ], [ 129.014235630272793, 35.344636374237318 ], [ 129.015335749124034, 35.34462258515898 ], [ 129.015318913996992, 35.343721208601437 ], [ 129.014218807356514, 35.343734997222803 ] ] ] ] } },
{ "type": "Feature", "properties": { "GRID_CD_x": "마마377015", "SCH_POP": 0.0 }, "geometry": { "type": "MultiPolygon", "coordinates": [ [ [ [ 129.014494907711281, 35.29955358377498 ], [ 129.0145117062537, 35.300454967272074 ], [ 129.015611226669051, 35.300441190582475 ], [ 129.015594415942417, 35.299539807542196 ], [ 129.014494907711281, 35.29955358377498 ] ] ] ] } },
{ "type": "Feature", "properties": { "GRID_CD_x": "마마377016", "SCH_POP": 0.0 }, "geometry": { "type": "MultiPolygon", "coordinates": [ [ [ [ 129.0145117062537, 35.300454967272074 ], [ 129.014528505541961, 35.3013563506276 ], [ 129.015628038142069, 35.301342573481165 ], [ 129.015611226669051, 35.300441190582475 ], [ 129.0145117062537, 35.300454967272074 ] ] ] ] } },
{ "type": "Feature", "properties": { "GRID_CD_x": "마마377017", "SCH_POP": 0.0 }, "geometry": { "type": "MultiPolygon", "coordinates": [ [ [ [ 129.014528505541961, 35.3013563506276 ], [ 129.014545305576092, 35.302257733841529 ], [ 129.015644850361468, 35.302243956238271 ], [ 129.015628038142069, 35.301342573481165 ], [ 129.014528505541961, 35.3013563506276 ] ] ] ] } },
{ "type": "Feature", "properties": { "GRID_CD_x": "마마377018", "SCH_POP": 0.0 }, "geometry": { "type": "MultiPolygon", "coordinates": [ [ [ [ 129.014545305576092, 35.302257733841529 ], [ 129.014562106356095, 35.303159116913882 ], [ 129.015661663327307, 35.303145338853774 ], [ 129.015644850361468, 35.302243956238271 ], [ 129.014545305576092, 35.302257733841529 ] ] ] ] } },
{ "type": "Feature", "properties": { "GRID_CD_x": "마마377019", "SCH_POP": 0.0 }, "geometry": { "type": "MultiPolygon", "coordinates": [ [ [ [ 129.014562106356095, 35.303159116913882 ], [ 129.014578907882083, 35.304060499844645 ], [ 129.015678477039643, 35.30404672132768 ], [ 129.015661663327307, 35.303145338853774 ], [ 129.014562106356095, 35.303159116913882 ] ] ] ] } },
{ "type": "Feature", "properties": { "GRID_CD_x": "마마377020", "SCH_POP": 0.0 }, "geometry": { "type": "MultiPolygon", "coordinates": [ [ [ [ 129.014578907882083, 35.304060499844645 ], [ 129.014595710153998, 35.304961882633833 ], [ 129.015695291498474, 35.304948103660003 ], [ 129.015678477039643, 35.30404672132768 ], [ 129.014578907882083, 35.304060499844645 ] ] ] ] } },
{ "type": "Feature", "properties": { "GRID_CD_x": "마마377021", "SCH_POP": 0.0 }, "geometry": { "type": "MultiPolygon", "coordinates": [ [ [ [ 129.014595710153998, 35.304961882633833 ], [ 129.014612513171897, 35.305863265281417 ], [ 129.015712106703802, 35.305849485850715 ], [ 129.015695291498474, 35.304948103660003 ], [ 129.014595710153998, 35.304961882633833 ] ] ] ] } },
{ "type": "Feature", "properties": { "GRID_CD_x": "마마377022", "SCH_POP": 0.0 }, "geometry": { "type": "MultiPolygon", "coordinates": [ [ [ [ 129.014612513171897, 35.305863265281417 ], [ 129.014629316935867, 35.306764647787432 ], [ 129.01572892265574, 35.306750867899851 ], [ 129.015712106703802, 35.305849485850715 ], [ 129.014612513171897, 35.305863265281417 ] ] ] ] } },
{ "type": "Feature", "properties": { "GRID_CD_x": "마마377023", "SCH_POP": 0.0 }, "geometry": { "type": "MultiPolygon", "coordinates": [ [ [ [ 129.014629316935867, 35.306764647787432 ], [ 129.01464612144585, 35.307666030151836 ], [ 129.015745739354259, 35.307652249807354 ], [ 129.01572892265574, 35.306750867899851 ], [ 129.014629316935867, 35.306764647787432 ] ] ] ] } },
{ "type": "Feature", "properties": { "GRID_CD_x": "마마377024", "SCH_POP": 0.0 }, "geometry": { "type": "MultiPolygon", "coordinates": [ [ [ [ 129.01464612144585, 35.307666030151836 ], [ 129.014662926701959, 35.308567412374664 ], [ 129.015762556799416, 35.308553631573282 ], [ 129.015745739354259, 35.307652249807354 ], [ 129.01464612144585, 35.307666030151836 ] ] ] ] } },
{ "type": "Feature", "properties": { "GRID_CD_x": "마마377025", "SCH_POP": 0.0 }, "geometry": { "type": "MultiPolygon", "coordinates": [ [ [ [ 129.014662926701959, 35.308567412374664 ], [ 129.014679732704195, 35.309468794455874 ], [ 129.015779374991268, 35.309455013197578 ], [ 129.015762556799416, 35.308553631573282 ], [ 129.014662926701959, 35.308567412374664 ] ] ] ] } },
{ "type": "Feature", "properties": { "GRID_CD_x": "마마377026", "SCH_POP": 0.0 }, "geometry": { "type": "MultiPolygon", "coordinates": [ [ [ [ 129.014679732704195, 35.309468794455874 ], [ 129.014696539452586, 35.310370176395509 ], [ 129.015796193929816, 35.310356394680269 ], [ 129.015779374991268, 35.309455013197578 ], [ 129.014679732704195, 35.309468794455874 ] ] ] ] } },
{ "type": "Feature", "properties": { "GRID_CD_x": "마마377027", "SCH_POP": 0.0 }, "geometry": { "type": "MultiPolygon", "coordinates": [ [ [ [ 129.014696539452586, 35.310370176395509 ], [ 129.014713346947161, 35.311271558193525 ], [ 129.015813013615087, 35.311257776021371 ], [ 129.015796193929816, 35.310356394680269 ], [ 129.014696539452586, 35.310370176395509 ] ] ] ] } },
{ "type": "Feature", "properties": { "GRID_CD_x": "마마377028", "SCH_POP": 0.0 }, "geometry": { "type": "MultiPolygon", "coordinates": [ [ [ [ 129.014713346947161, 35.311271558193525 ], [ 129.014730155188005, 35.312172939849944 ], [ 129.015829834047139, 35.312159157220847 ], [ 129.015813013615087, 35.311257776021371 ], [ 129.014713346947161, 35.311271558193525 ] ] ] ] } },
{ "type": "Feature", "properties": { "GRID_CD_x": "마마377029", "SCH_POP": 0.0 }, "geometry": { "type": "MultiPolygon", "coordinates": [ [ [ [ 129.014730155188005, 35.312172939849944 ], [ 129.014746964175089, 35.313074321364759 ], [ 129.015846655225999, 35.313060538278705 ], [ 129.015829834047139, 35.312159157220847 ], [ 129.014730155188005, 35.312172939849944 ] ] ] ] } },
{ "type": "Feature", "properties": { "GRID_CD_x": "마마377030", "SCH_POP": 0.0 }, "geometry": { "type": "MultiPolygon", "coordinates": [ [ [ [ 129.014746964175089, 35.313074321364759 ], [ 129.014763773908442, 35.31397570273797 ], [ 129.015863477151669, 35.313961919194959 ], [ 129.015846655225999, 35.313060538278705 ], [ 129.014746964175089, 35.313074321364759 ] ] ] ] } },
{ "type": "Feature", "properties": { "GRID_CD_x": "마마377031", "SCH_POP": 0.0 }, "geometry": { "type": "MultiPolygon", "coordinates": [ [ [ [ 129.014763773908442, 35.31397570273797 ], [ 129.014780584388149, 35.314877083969584 ], [ 129.015880299824204, 35.314863299969588 ], [ 129.015863477151669, 35.313961919194959 ], [ 129.014763773908442, 35.31397570273797 ] ] ] ] } },
{ "type": "Feature", "properties": { "GRID_CD_x": "마마377032", "SCH_POP": 0.0 }, "geometry": { "type": "MultiPolygon", "coordinates": [ [ [ [ 129.014780584388149, 35.314877083969584 ], [ 129.01479739561421, 35.315778465059573 ], [ 129.015897123243661, 35.315764680602598 ], [ 129.015880299824204, 35.314863299969588 ], [ 129.014780584388149, 35.314877083969584 ] ] ] ] } },
{ "type": "Feature", "properties": { "GRID_CD_x": "마마377033", "SCH_POP": 0.0 }, "geometry": { "type": "MultiPolygon", "coordinates": [ [ [ [ 129.01479739561421, 35.315778465059573 ], [ 129.014814207586653, 35.316679846007965 ], [ 129.015913947410041, 35.316666061093997 ], [ 129.015897123243661, 35.315764680602598 ], [ 129.01479739561421, 35.315778465059573 ] ] ] ] } },
{ "type": "Feature", "properties": { "GRID_CD_x": "마마377034", "SCH_POP": 0.0 }, "geometry": { "type": "MultiPolygon", "coordinates": [ [ [ [ 129.014814207586653, 35.316679846007965 ], [ 129.014831020305536, 35.317581226814745 ], [ 129.015930772323401, 35.317567441443778 ], [ 129.015913947410041, 35.316666061093997 ], [ 129.014814207586653, 35.316679846007965 ] ] ] ] } },
{ "type": "Feature", "properties": { "GRID_CD_x": "마마377035", "SCH_POP": 0.0 }, "geometry": { "type": "MultiPolygon", "coordinates": [ [ [ [ 129.014831020305536, 35.317581226814745 ], [ 129.014847833770887, 35.318482607479901 ], [ 129.015947597983768, 35.318468821651919 ], [ 129.015930772323401, 35.317567441443778 ], [ 129.014831020305536, 35.317581226814745 ] ] ] ] } },
{ "type": "Feature", "properties": { "GRID_CD_x": "마마377036", "SCH_POP": 0.0 }, "geometry": { "type": "MultiPolygon", "coordinates": [ [ [ [ 129.014847833770887, 35.318482607479901 ], [ 129.014864647982677, 35.319383988003452 ], [ 129.015964424391143, 35.319370201718435 ], [ 129.015947597983768, 35.318468821651919 ], [ 129.014847833770887, 35.318482607479901 ] ] ] ] } },
{ "type": "Feature", "properties": { "GRID_CD_x": "마마377037", "SCH_POP": 0.0 }, "geometry": { "type": "MultiPolygon", "coordinates": [ [ [ [ 129.014864647982677, 35.319383988003452 ], [ 129.014881462941048, 35.32028536838537 ], [ 129.015981251545583, 35.320271581643325 ], [ 129.015964424391143, 35.319370201718435 ], [ 129.014864647982677, 35.319383988003452 ] ] ] ] } },
{ "type": "Feature", "properties": { "GRID_CD_x": "마마377038", "SCH_POP": 0.0 }, "geometry": { "type": "MultiPolygon", "coordinates": [ [ [ [ 129.014881462941048, 35.32028536838537 ], [ 129.014898278645973, 35.321186748625671 ], [ 129.015998079447144, 35.321172961426591 ], [ 129.015981251545583, 35.320271581643325 ], [ 129.014881462941048, 35.32028536838537 ] ] ] ] } },
{ "type": "Feature", "properties": { "GRID_CD_x": "마마377039", "SCH_POP": 0.0 }, "geometry": { "type": "MultiPolygon", "coordinates": [ [ [ [ 129.014898278645973, 35.321186748625671 ], [ 129.014915095097479, 35.32208812872436 ], [ 129.016014908095826, 35.322074341068216 ], [ 129.015998079447144, 35.321172961426591 ], [ 129.014898278645973, 35.321186748625671 ] ] ] ] } },
{ "type": "Feature", "properties": { "GRID_CD_x": "마마377040", "SCH_POP": 0.0 }, "geometry": { "type": "MultiPolygon", "coordinates": [ [ [ [ 129.014915095097479, 35.32208812872436 ], [ 129.014931912295594, 35.322989508681424 ], [ 129.016031737491659, 35.322975720568216 ], [ 129.016014908095826, 35.322074341068216 ], [ 129.014915095097479, 35.32208812872436 ] ] ] ] } },
{ "type": "Feature", "properties": { "GRID_CD_x": "마마377041", "SCH_POP": 14.175981612717871 }, "geometry": { "type": "MultiPolygon", "coordinates": [ [ [ [ 129.014931912295594, 35.322989508681424 ], [ 129.014948730240377, 35.323890888496855 ], [ 129.016048567634726, 35.323877099926577 ], [ 129.016031737491659, 35.322975720568216 ], [ 129.014931912295594, 35.322989508681424 ] ] ] ] } },
{ "type": "Feature", "properties": { "GRID_CD_x": "마마377042", "SCH_POP": 19.088450488412182 }, "geometry": { "type": "MultiPolygon", "coordinates": [ [ [ [ 129.014948730240377, 35.323890888496855 ], [ 129.014965548931855, 35.324792268170661 ], [ 129.016065398525001, 35.324778479143291 ], [ 129.016048567634726, 35.323877099926577 ], [ 129.014948730240377, 35.323890888496855 ] ] ] ] } },
{ "type": "Feature", "properties": { "GRID_CD_x": "마마377043", "SCH_POP": 38.738325991189427 }, "geometry": { "type": "MultiPolygon", "coordinates": [ [ [ [ 129.014965548931855, 35.324792268170661 ], [ 129.014982368370056, 35.325693647702842 ], [ 129.016082230162539, 35.325679858218379 ], [ 129.016065398525001, 35.324778479143291 ], [ 129.014965548931855, 35.324792268170661 ] ] ] ] } },
{ "type": "Feature", "properties": { "GRID_CD_x": "마마377044", "SCH_POP": 3.92997510055545 }, "geometry": { "type": "MultiPolygon", "coordinates": [ [ [ [ 129.014982368370056, 35.325693647702842 ], [ 129.014999188555009, 35.32659502709339 ], [ 129.016099062547397, 35.326581237151828 ], [ 129.016082230162539, 35.325679858218379 ], [ 129.014982368370056, 35.325693647702842 ] ] ] ] } },
{ "type": "Feature", "properties": { "GRID_CD_x": "마마377045", "SCH_POP": 0.0 }, "geometry": { "type": "MultiPolygon", "coordinates": [ [ [ [ 129.014999188555009, 35.32659502709339 ], [ 129.015016009486772, 35.327496406342298 ], [ 129.016115895679576, 35.327482615943623 ], [ 129.016099062547397, 35.326581237151828 ], [ 129.014999188555009, 35.32659502709339 ] ] ] ] } },
{ "type": "Feature", "properties": { "GRID_CD_x": "마마377046", "SCH_POP": 48.001838728212981 }, "geometry": { "type": "MultiPolygon", "coordinates": [ [ [ [ 129.015016009486772, 35.327496406342298 ], [ 129.015032831165342, 35.328397785449596 ], [ 129.016132729559104, 35.328383994593786 ], [ 129.016115895679576, 35.327482615943623 ], [ 129.015016009486772, 35.327496406342298 ] ] ] ] } },
{ "type": "Feature", "properties": { "GRID_CD_x": "마마377047", "SCH_POP": 30.597663282896001 }, "geometry": { "type": "MultiPolygon", "coordinates": [ [ [ [ 129.015032831165342, 35.328397785449596 ], [ 129.015049653590751, 35.329299164415225 ], [ 129.016149564186037, 35.329285373102294 ], [ 129.016132729559104, 35.328383994593786 ], [ 129.015032831165342, 35.328397785449596 ] ] ] ] } },
{ "type": "Feature", "properties": { "GRID_CD_x": "마마377048", "SCH_POP": 92.915839877418122 }, "geometry": { "type": "MultiPolygon", "coordinates": [ [ [ [ 129.015049653590751, 35.329299164415225 ], [ 129.015066476763081, 35.330200543239236 ], [ 129.016166399560404, 35.330186751469149 ], [ 129.016149564186037, 35.329285373102294 ], [ 129.015049653590751, 35.329299164415225 ] ] ] ] } },
{ "type": "Feature", "properties": { "GRID_CD_x": "마마377049", "SCH_POP": 65.546370427121246 }, "geometry": { "type": "MultiPolygon", "coordinates": [ [ [ [ 129.015066476763081, 35.330200543239236 ], [ 129.015083300682335, 35.331101921921594 ], [ 129.016183235682206, 35.331088129694365 ], [ 129.016166399560404, 35.330186751469149 ], [ 129.015066476763081, 35.330200543239236 ] ] ] ] } },
{ "type": "Feature", "properties": { "GRID_CD_x": "마마377050", "SCH_POP": 0.0 }, "geometry": { "type": "MultiPolygon", "coordinates": [ [ [ [ 129.015083300682335, 35.331101921921594 ], [ 129.015100125348511, 35.332003300462311 ], [ 129.016200072551555, 35.331989507777919 ], [ 129.016183235682206, 35.331088129694365 ], [ 129.015083300682335, 35.331101921921594 ] ] ] ] } },
{ "type": "Feature", "properties": { "GRID_CD_x": "마마377051", "SCH_POP": 97.373357849353283 }, "geometry": { "type": "MultiPolygon", "coordinates": [ [ [ [ 129.015100125348511, 35.332003300462311 ], [ 129.015116950761666, 35.332904678861389 ], [ 129.016216910168396, 35.33289088571982 ], [ 129.016200072551555, 35.331989507777919 ], [ 129.015100125348511, 35.332003300462311 ] ] ] ] } },
{ "type": "Feature", "properties": { "GRID_CD_x": "마마377052", "SCH_POP": 44.341237636317523 }, "geometry": { "type": "MultiPolygon", "coordinates": [ [ [ [ 129.015116950761666, 35.332904678861389 ], [ 129.015133776921886, 35.333806057118835 ], [ 129.016233748532841, 35.333792263520088 ], [ 129.016216910168396, 35.33289088571982 ], [ 129.015116950761666, 35.332904678861389 ] ] ] ] } },
{ "type": "Feature", "properties": { "GRID_CD_x": "마마377053", "SCH_POP": 42.922318031955363 }, "geometry": { "type": "MultiPolygon", "coordinates": [ [ [ [ 129.015133776921886, 35.333806057118835 ], [ 129.015150603829142, 35.334707435234627 ], [ 129.016250587644862, 35.334693641178674 ], [ 129.016233748532841, 35.333792263520088 ], [ 129.015133776921886, 35.333806057118835 ] ] ] ] } },
{ "type": "Feature", "properties": { "GRID_CD_x": "마마377054", "SCH_POP": 0.0 }, "geometry": { "type": "MultiPolygon", "coordinates": [ [ [ [ 129.015150603829142, 35.334707435234627 ], [ 129.015167431483491, 35.335608813208744 ], [ 129.016267427504488, 35.335595018695599 ], [ 129.016250587644862, 35.334693641178674 ], [ 129.015150603829142, 35.334707435234627 ] ] ] ] } },
{ "type": "Feature", "properties": { "GRID_CD_x": "마마377055", "SCH_POP": 0.0 }, "geometry": { "type": "MultiPolygon", "coordinates": [ [ [ [ 129.015167431483491, 35.335608813208744 ], [ 129.015184259884961, 35.336510191041235 ], [ 129.016284268111775, 35.336496396070871 ], [ 129.016267427504488, 35.335595018695599 ], [ 129.015167431483491, 35.335608813208744 ] ] ] ] } },
{ "type": "Feature", "properties": { "GRID_CD_x": "마마377056", "SCH_POP": 1.418919604362161 }, "geometry": { "type": "MultiPolygon", "coordinates": [ [ [ [ 129.015184259884961, 35.336510191041235 ], [ 129.015201089033582, 35.337411568732065 ], [ 129.016301109466809, 35.337397773304474 ], [ 129.016284268111775, 35.336496396070871 ], [ 129.015184259884961, 35.336510191041235 ] ] ] ] } },
{ "type": "Feature", "properties": { "GRID_CD_x": "마마377057", "SCH_POP": 10.464532082170935 }, "geometry": { "type": "MultiPolygon", "coordinates": [ [ [ [ 129.015201089033582, 35.337411568732065 ], [ 129.01521791892938, 35.338312946281235 ], [ 129.016317951569533, 35.338299150396416 ], [ 129.016301109466809, 35.337397773304474 ], [ 129.015201089033582, 35.337411568732065 ] ] ] ] } },
{ "type": "Feature", "properties": { "GRID_CD_x": "마마377058", "SCH_POP": 2.305744357088511 }, "geometry": { "type": "MultiPolygon", "coordinates": [ [ [ [ 129.01521791892938, 35.338312946281235 ], [ 129.015234749572414, 35.339214323688765 ], [ 129.016334794420004, 35.339200527346691 ], [ 129.016317951569533, 35.338299150396416 ], [ 129.01521791892938, 35.338312946281235 ] ] ] ] } },
{ "type": "Feature", "properties": { "GRID_CD_x": "마마377059", "SCH_POP": 3.1925691098148619 }, "geometry": { "type": "MultiPolygon", "coordinates": [ [ [ [ 129.015234749572414, 35.339214323688765 ], [ 129.015251580962683, 35.34011570095462 ], [ 129.016351638018278, 35.340101904155304 ], [ 129.016334794420004, 35.339200527346691 ], [ 129.015234749572414, 35.339214323688765 ] ] ] ] } },
{ "type": "Feature", "properties": { "GRID_CD_x": "마마377060", "SCH_POP": 0.0 }, "geometry": { "type": "MultiPolygon", "coordinates": [ [ [ [ 129.015251580962683, 35.34011570095462 ], [ 129.015268413100245, 35.341017078078821 ], [ 129.016368482364413, 35.341003280822243 ], [ 129.016351638018278, 35.340101904155304 ], [ 129.015251580962683, 35.34011570095462 ] ] ] ] } },
{ "type": "Feature", "properties": { "GRID_CD_x": "마마377061", "SCH_POP": 0.0 }, "geometry": { "type": "MultiPolygon", "coordinates": [ [ [ [ 129.015268413100245, 35.341017078078821 ], [ 129.015285245985126, 35.341918455061354 ], [ 129.01638532745838, 35.341904657347506 ], [ 129.016368482364413, 35.341003280822243 ], [ 129.015268413100245, 35.341017078078821 ] ] ] ] } },
{ "type": "Feature", "properties": { "GRID_CD_x": "마마377062", "SCH_POP": 0.0 }, "geometry": { "type": "MultiPolygon", "coordinates": [ [ [ [ 129.015285245985126, 35.341918455061354 ], [ 129.015302079617356, 35.342819831902226 ], [ 129.016402173300236, 35.342806033731094 ], [ 129.01638532745838, 35.341904657347506 ], [ 129.015285245985126, 35.341918455061354 ] ] ] ] } },
{ "type": "Feature", "properties": { "GRID_CD_x": "마마377063", "SCH_POP": 0.0 }, "geometry": { "type": "MultiPolygon", "coordinates": [ [ [ [ 129.015302079617356, 35.342819831902226 ], [ 129.015318913996992, 35.343721208601437 ], [ 129.016419019890037, 35.343707409973014 ], [ 129.016402173300236, 35.342806033731094 ], [ 129.015302079617356, 35.342819831902226 ] ] ] ] } },
{ "type": "Feature", "properties": { "GRID_CD_x": "마마377064", "SCH_POP": 0.0 }, "geometry": { "type": "MultiPolygon", "coordinates": [ [ [ [ 129.015318913996992, 35.343721208601437 ], [ 129.015335749124034, 35.34462258515898 ], [ 129.016435867227813, 35.344608786073245 ], [ 129.016419019890037, 35.343707409973014 ], [ 129.015318913996992, 35.343721208601437 ] ] ] ] } },
{ "type": "Feature", "properties": { "GRID_CD_x": "마마377065", "SCH_POP": 0.0 }, "geometry": { "type": "MultiPolygon", "coordinates": [ [ [ [ 129.015335749124034, 35.34462258515898 ], [ 129.01535258499851, 35.345523961574855 ], [ 129.016452715313534, 35.3455101620318 ], [ 129.016435867227813, 35.344608786073245 ], [ 129.015335749124034, 35.34462258515898 ] ] ] ] } },
{ "type": "Feature", "properties": { "GRID_CD_x": "마마377066", "SCH_POP": 0.0 }, "geometry": { "type": "MultiPolygon", "coordinates": [ [ [ [ 129.01535258499851, 35.345523961574855 ], [ 129.015369421620505, 35.346425337849041 ], [ 129.016469564147343, 35.346411537848681 ], [ 129.016452715313534, 35.3455101620318 ], [ 129.01535258499851, 35.345523961574855 ] ] ] ] } },
{ "type": "Feature", "properties": { "GRID_CD_x": "마마377067", "SCH_POP": 0.0 }, "geometry": { "type": "MultiPolygon", "coordinates": [ [ [ [ 129.015369421620505, 35.346425337849041 ], [ 129.015386258989992, 35.347326713981566 ], [ 129.016486413729154, 35.347312913523865 ], [ 129.016469564147343, 35.346411537848681 ], [ 129.015369421620505, 35.346425337849041 ] ] ] ] } },
{ "type": "Feature", "properties": { "GRID_CD_x": "마마378019", "SCH_POP": 0.0 }, "geometry": { "type": "MultiPolygon", "coordinates": [ [ [ [ 129.015661663327307, 35.303145338853774 ], [ 129.015678477039643, 35.30404672132768 ], [ 129.016778045450678, 35.304032932818259 ], [ 129.016761219552052, 35.303131550801531 ], [ 129.015661663327307, 35.303145338853774 ] ] ] ] } },
{ "type": "Feature", "properties": { "GRID_CD_x": "마마378020", "SCH_POP": 0.0 }, "geometry": { "type": "MultiPolygon", "coordinates": [ [ [ [ 129.015678477039643, 35.30404672132768 ], [ 129.015695291498474, 35.304948103660003 ], [ 129.016794872096369, 35.304934314693377 ], [ 129.016778045450678, 35.304032932818259 ], [ 129.015678477039643, 35.30404672132768 ] ] ] ] } },
{ "type": "Feature", "properties": { "GRID_CD_x": "마마378021", "SCH_POP": 0.0 }, "geometry": { "type": "MultiPolygon", "coordinates": [ [ [ [ 129.015695291498474, 35.304948103660003 ], [ 129.015712106703802, 35.305849485850715 ], [ 129.016811699489125, 35.305835696426882 ], [ 129.016794872096369, 35.304934314693377 ], [ 129.015695291498474, 35.304948103660003 ] ] ] ] } },
{ "type": "Feature", "properties": { "GRID_CD_x": "마마378022", "SCH_POP": 0.0 }, "geometry": { "type": "MultiPolygon", "coordinates": [ [ [ [ 129.015712106703802, 35.305849485850715 ], [ 129.01572892265574, 35.306750867899851 ], [ 129.016828527629031, 35.306737078018806 ], [ 129.016811699489125, 35.305835696426882 ], [ 129.015712106703802, 35.305849485850715 ] ] ] ] } },
{ "type": "Feature", "properties": { "GRID_CD_x": "마마378023", "SCH_POP": 0.0 }, "geometry": { "type": "MultiPolygon", "coordinates": [ [ [ [ 129.01572892265574, 35.306750867899851 ], [ 129.015745739354259, 35.307652249807354 ], [ 129.016845356516029, 35.307638459469082 ], [ 129.016828527629031, 35.306737078018806 ], [ 129.01572892265574, 35.306750867899851 ] ] ] ] } },
{ "type": "Feature", "properties": { "GRID_CD_x": "마마378024", "SCH_POP": 0.0 }, "geometry": { "type": "MultiPolygon", "coordinates": [ [ [ [ 129.015745739354259, 35.307652249807354 ], [ 129.015762556799416, 35.308553631573282 ], [ 129.016862186150234, 35.308539840777769 ], [ 129.016845356516029, 35.307638459469082 ], [ 129.015745739354259, 35.307652249807354 ] ] ] ] } },
{ "type": "Feature", "properties": { "GRID_CD_x": "마마378025", "SCH_POP": 0.0 }, "geometry": { "type": "MultiPolygon", "coordinates": [ [ [ [ 129.015762556799416, 35.308553631573282 ], [ 129.015779374991268, 35.309455013197578 ], [ 129.016879016531647, 35.30944122194483 ], [ 129.016862186150234, 35.308539840777769 ], [ 129.015762556799416, 35.308553631573282 ] ] ] ] } },
{ "type": "Feature", "properties": { "GRID_CD_x": "마마378026", "SCH_POP": 0.0 }, "geometry": { "type": "MultiPolygon", "coordinates": [ [ [ [ 129.015779374991268, 35.309455013197578 ], [ 129.015796193929816, 35.310356394680269 ], [ 129.016895847660322, 35.310342602970266 ], [ 129.016879016531647, 35.30944122194483 ], [ 129.015779374991268, 35.309455013197578 ] ] ] ] } },
{ "type": "Feature", "properties": { "GRID_CD_x": "마마378027", "SCH_POP": 0.0 }, "geometry": { "type": "MultiPolygon", "coordinates": [ [ [ [ 129.015796193929816, 35.310356394680269 ], [ 129.015813013615087, 35.311257776021371 ], [ 129.016912679536233, 35.311243983854105 ], [ 129.016895847660322, 35.310342602970266 ], [ 129.015796193929816, 35.310356394680269 ] ] ] ] } },
{ "type": "Feature", "properties": { "GRID_CD_x": "마마378028", "SCH_POP": 0.0 }, "geometry": { "type": "MultiPolygon", "coordinates": [ [ [ [ 129.015813013615087, 35.311257776021371 ], [ 129.015829834047139, 35.312159157220847 ], [ 129.016929512159493, 35.312145364596297 ], [ 129.016912679536233, 35.311243983854105 ], [ 129.015813013615087, 35.311257776021371 ] ] ] ] } },
{ "type": "Feature", "properties": { "GRID_CD_x": "마마378029", "SCH_POP": 0.0 }, "geometry": { "type": "MultiPolygon", "coordinates": [ [ [ [ 129.015829834047139, 35.312159157220847 ], [ 129.015846655225999, 35.313060538278705 ], [ 129.016946345530073, 35.313046745196878 ], [ 129.016929512159493, 35.312145364596297 ], [ 129.015829834047139, 35.312159157220847 ] ] ] ] } },
{ "type": "Feature", "properties": { "GRID_CD_x": "마마378030", "SCH_POP": 0.0 }, "geometry": { "type": "MultiPolygon", "coordinates": [ [ [ [ 129.015846655225999, 35.313060538278705 ], [ 129.015863477151669, 35.313961919194959 ], [ 129.01696317964803, 35.313948125655834 ], [ 129.016946345530073, 35.313046745196878 ], [ 129.015846655225999, 35.313060538278705 ] ] ] ] } },
{ "type": "Feature", "properties": { "GRID_CD_x": "마마378031", "SCH_POP": 0.0 }, "geometry": { "type": "MultiPolygon", "coordinates": [ [ [ [ 129.015863477151669, 35.313961919194959 ], [ 129.015880299824204, 35.314863299969588 ], [ 129.016980014513393, 35.31484950597315 ], [ 129.01696317964803, 35.313948125655834 ], [ 129.015863477151669, 35.313961919194959 ] ] ] ] } },
{ "type": "Feature", "properties": { "GRID_CD_x": "마마378032", "SCH_POP": 0.0 }, "geometry": { "type": "MultiPolygon", "coordinates": [ [ [ [ 129.015880299824204, 35.314863299969588 ], [ 129.015897123243661, 35.315764680602598 ], [ 129.016996850126219, 35.315750886148848 ], [ 129.016980014513393, 35.31484950597315 ], [ 129.015880299824204, 35.314863299969588 ] ] ] ] } },
{ "type": "Feature", "properties": { "GRID_CD_x": "마마378033", "SCH_POP": 0.0 }, "geometry": { "type": "MultiPolygon", "coordinates": [ [ [ [ 129.015897123243661, 35.315764680602598 ], [ 129.015913947410041, 35.316666061093997 ], [ 129.017013686486479, 35.316652266182928 ], [ 129.016996850126219, 35.315750886148848 ], [ 129.015897123243661, 35.315764680602598 ] ] ] ] } },
{ "type": "Feature", "properties": { "GRID_CD_x": "마마378034", "SCH_POP": 0.0 }, "geometry": { "type": "MultiPolygon", "coordinates": [ [ [ [ 129.015913947410041, 35.316666061093997 ], [ 129.015930772323401, 35.317567441443778 ], [ 129.017030523594258, 35.317553646075361 ], [ 129.017013686486479, 35.316652266182928 ], [ 129.015913947410041, 35.316666061093997 ] ] ] ] } },
{ "type": "Feature", "properties": { "GRID_CD_x": "마마378035", "SCH_POP": 0.0 }, "geometry": { "type": "MultiPolygon", "coordinates": [ [ [ [ 129.015930772323401, 35.317567441443778 ], [ 129.015947597983768, 35.318468821651919 ], [ 129.017047361449613, 35.318455025826161 ], [ 129.017030523594258, 35.317553646075361 ], [ 129.015930772323401, 35.317567441443778 ] ] ] ] } },
{ "type": "Feature", "properties": { "GRID_CD_x": "마마378036", "SCH_POP": 0.0 }, "geometry": { "type": "MultiPolygon", "coordinates": [ [ [ [ 129.015947597983768, 35.318468821651919 ], [ 129.015964424391143, 35.319370201718435 ], [ 129.017064200052516, 35.319356405435329 ], [ 129.017047361449613, 35.318455025826161 ], [ 129.015947597983768, 35.318468821651919 ] ] ] ] } },
{ "type": "Feature", "properties": { "GRID_CD_x": "마마378037", "SCH_POP": 0.0 }, "geometry": { "type": "MultiPolygon", "coordinates": [ [ [ [ 129.015964424391143, 35.319370201718435 ], [ 129.015981251545583, 35.320271581643325 ], [ 129.017081039403024, 35.320257784902843 ], [ 129.017064200052516, 35.319356405435329 ], [ 129.015964424391143, 35.319370201718435 ] ] ] ] } },
{ "type": "Feature", "properties": { "GRID_CD_x": "마마378038", "SCH_POP": 0.0 }, "geometry": { "type": "MultiPolygon", "coordinates": [ [ [ [ 129.015981251545583, 35.320271581643325 ], [ 129.015998079447144, 35.321172961426591 ], [ 129.017097879501193, 35.321159164228732 ], [ 129.017081039403024, 35.320257784902843 ], [ 129.015981251545583, 35.320271581643325 ] ] ] ] } },
{ "type": "Feature", "properties": { "GRID_CD_x": "마마378039", "SCH_POP": 0.0 }, "geometry": { "type": "MultiPolygon", "coordinates": [ [ [ [ 129.015998079447144, 35.321172961426591 ], [ 129.016014908095826, 35.322074341068216 ], [ 129.017114720347024, 35.322060543412981 ], [ 129.017097879501193, 35.321159164228732 ], [ 129.015998079447144, 35.321172961426591 ] ] ] ] } },
{ "type": "Feature", "properties": { "GRID_CD_x": "마마378040", "SCH_POP": 0.0 }, "geometry": { "type": "MultiPolygon", "coordinates": [ [ [ [ 129.016014908095826, 35.322074341068216 ], [ 129.016031737491659, 35.322975720568216 ], [ 129.017131561940545, 35.322961922455583 ], [ 129.017114720347024, 35.322060543412981 ], [ 129.016014908095826, 35.322074341068216 ] ] ] ] } },
{ "type": "Feature", "properties": { "GRID_CD_x": "마마378041", "SCH_POP": 1.122850028730128 }, "geometry": { "type": "MultiPolygon", "coordinates": [ [ [ [ 129.016031737491659, 35.322975720568216 ], [ 129.016048567634726, 35.323877099926577 ], [ 129.017148404281812, 35.323863301356539 ], [ 129.017131561940545, 35.322961922455583 ], [ 129.016031737491659, 35.322975720568216 ] ] ] ] } },
{ "type": "Feature", "properties": { "GRID_CD_x": "마마378042", "SCH_POP": 15.860256655813064 }, "geometry": { "type": "MultiPolygon", "coordinates": [ [ [ [ 129.016048567634726, 35.323877099926577 ], [ 129.016065398525001, 35.324778479143291 ], [ 129.017165247370883, 35.324764680115834 ], [ 129.017148404281812, 35.323863301356539 ], [ 129.016048567634726, 35.323877099926577 ] ] ] ] } },
{ "type": "Feature", "properties": { "GRID_CD_x": "마마378043", "SCH_POP": 2.5264125646427891 }, "geometry": { "type": "MultiPolygon", "coordinates": [ [ [ [ 129.016065398525001, 35.324778479143291 ], [ 129.016082230162539, 35.325679858218379 ], [ 129.017182091207729, 35.325666058733503 ], [ 129.017165247370883, 35.324764680115834 ], [ 129.016065398525001, 35.324778479143291 ] ] ] ] } },
{ "type": "Feature", "properties": { "GRID_CD_x": "마마378044", "SCH_POP": 0.70178126795633 }, "geometry": { "type": "MultiPolygon", "coordinates": [ [ [ [ 129.016082230162539, 35.325679858218379 ], [ 129.016099062547397, 35.326581237151828 ], [ 129.017198935792408, 35.326567437209512 ], [ 129.017182091207729, 35.325666058733503 ], [ 129.016082230162539, 35.325679858218379 ] ] ] ] } },
{ "type": "Feature", "properties": { "GRID_CD_x": "마마378045", "SCH_POP": 31.299444550852328 }, "geometry": { "type": "MultiPolygon", "coordinates": [ [ [ [ 129.016099062547397, 35.326581237151828 ], [ 129.016115895679576, 35.327482615943623 ], [ 129.017215781125003, 35.327468815543867 ], [ 129.017198935792408, 35.326567437209512 ], [ 129.016099062547397, 35.326581237151828 ] ] ] ] } },
{ "type": "Feature", "properties": { "GRID_CD_x": "마마378046", "SCH_POP": 0.0 }, "geometry": { "type": "MultiPolygon", "coordinates": [ [ [ [ 129.016115895679576, 35.327482615943623 ], [ 129.016132729559104, 35.328383994593786 ], [ 129.017232627205459, 35.328370193736575 ], [ 129.017215781125003, 35.327468815543867 ], [ 129.016115895679576, 35.327482615943623 ] ] ] ] } },
{ "type": "Feature", "properties": { "GRID_CD_x": "마마378047", "SCH_POP": 98.109021260294966 }, "geometry": { "type": "MultiPolygon", "coordinates": [ [ [ [ 129.016132729559104, 35.328383994593786 ], [ 129.016149564186037, 35.329285373102294 ], [ 129.017249474033861, 35.329271571787615 ], [ 129.017232627205459, 35.328370193736575 ], [ 129.016132729559104, 35.328383994593786 ] ] ] ] } },
{ "type": "Feature", "properties": { "GRID_CD_x": "마마378048", "SCH_POP": 0.0 }, "geometry": { "type": "MultiPolygon", "coordinates": [ [ [ [ 129.016149564186037, 35.329285373102294 ], [ 129.016166399560404, 35.330186751469149 ], [ 129.017266321610265, 35.330172949696994 ], [ 129.017249474033861, 35.329271571787615 ], [ 129.016149564186037, 35.329285373102294 ] ] ] ] } },
{ "type": "Feature", "properties": { "GRID_CD_x": "마마378049", "SCH_POP": 37.475119708868029 }, "geometry": { "type": "MultiPolygon", "coordinates": [ [ [ [ 129.016166399560404, 35.330186751469149 ], [ 129.016183235682206, 35.331088129694365 ], [ 129.017283169934643, 35.331074327464719 ], [ 129.017266321610265, 35.330172949696994 ], [ 129.016166399560404, 35.330186751469149 ] ] ] ] } },
{ "type": "Feature", "properties": { "GRID_CD_x": "마마378050", "SCH_POP": 79.991592695916822 }, "geometry": { "type": "MultiPolygon", "coordinates": [ [ [ [ 129.016183235682206, 35.331088129694365 ], [ 129.016200072551555, 35.331989507777919 ], [ 129.017300019007081, 35.331975705090791 ], [ 129.017283169934643, 35.331074327464719 ], [ 129.016183235682206, 35.331088129694365 ] ] ] ] } },
{ "type": "Feature", "properties": { "GRID_CD_x": "마마378051", "SCH_POP": 0.0 }, "geometry": { "type": "MultiPolygon", "coordinates": [ [ [ [ 129.016200072551555, 35.331989507777919 ], [ 129.016216910168396, 35.33289088571982 ], [ 129.017316868827578, 35.332877082575195 ], [ 129.017300019007081, 35.331975705090791 ], [ 129.016200072551555, 35.331989507777919 ] ] ] ] } },
{ "type": "Feature", "properties": { "GRID_CD_x": "마마378052", "SCH_POP": 75.912198833375598 }, "geometry": { "type": "MultiPolygon", "coordinates": [ [ [ [ 129.016216910168396, 35.33289088571982 ], [ 129.016233748532841, 35.333792263520088 ], [ 129.017333719396191, 35.333778459917923 ], [ 129.017316868827578, 35.332877082575195 ], [ 129.016216910168396, 35.33289088571982 ] ] ] ] } },
{ "type": "Feature", "properties": { "GRID_CD_x": "마마378053", "SCH_POP": 92.052409332995182 }, "geometry": { "type": "MultiPolygon", "coordinates": [ [ [ [ 129.016233748532841, 35.333792263520088 ], [ 129.016250587644862, 35.334693641178674 ], [ 129.017350570712892, 35.334679837118998 ], [ 129.017333719396191, 35.333778459917923 ], [ 129.016233748532841, 35.333792263520088 ] ] ] ] } },
{ "type": "Feature", "properties": { "GRID_CD_x": "마마378054", "SCH_POP": 41.680763378138472 }, "geometry": { "type": "MultiPolygon", "coordinates": [ [ [ [ 129.016250587644862, 35.334693641178674 ], [ 129.016267427504488, 35.335595018695599 ], [ 129.017367422777824, 35.33558121417839 ], [ 129.017350570712892, 35.334679837118998 ], [ 129.016250587644862, 35.334693641178674 ] ] ] ] } },
{ "type": "Feature", "properties": { "GRID_CD_x": "마마378055", "SCH_POP": 47.888536647222928 }, "geometry": { "type": "MultiPolygon", "coordinates": [ [ [ [ 129.016267427504488, 35.335595018695599 ], [ 129.016284268111775, 35.336496396070871 ], [ 129.017384275590956, 35.336482591096114 ], [ 129.017367422777824, 35.33558121417839 ], [ 129.016267427504488, 35.335595018695599 ] ] ] ] } },
{ "type": "Feature", "properties": { "GRID_CD_x": "마마378056", "SCH_POP": 0.0 }, "geometry": { "type": "MultiPolygon", "coordinates": [ [ [ [ 129.016284268111775, 35.336496396070871 ], [ 129.016301109466809, 35.337397773304474 ], [ 129.01740112915229, 35.337383967872164 ], [ 129.017384275590956, 35.336482591096114 ], [ 129.016284268111775, 35.336496396070871 ] ] ] ] } },
{ "type": "Feature", "properties": { "GRID_CD_x": "마마378057", "SCH_POP": 1.418919604362161 }, "geometry": { "type": "MultiPolygon", "coordinates": [ [ [ [ 129.016301109466809, 35.337397773304474 ], [ 129.016317951569533, 35.338299150396416 ], [ 129.017417983461911, 35.338285344506545 ], [ 129.01740112915229, 35.337383967872164 ], [ 129.016301109466809, 35.337397773304474 ] ] ] ] } },
{ "type": "Feature", "properties": { "GRID_CD_x": "마마378058", "SCH_POP": 8.5135176261729644 }, "geometry": { "type": "MultiPolygon", "coordinates": [ [ [ [ 129.016317951569533, 35.338299150396416 ], [ 129.016334794420004, 35.339200527346691 ], [ 129.017434838519819, 35.339186720999244 ], [ 129.017417983461911, 35.338285344506545 ], [ 129.016317951569533, 35.338299150396416 ] ] ] ] } },
{ "type": "Feature", "properties": { "GRID_CD_x": "마마378059", "SCH_POP": 0.0 }, "geometry": { "type": "MultiPolygon", "coordinates": [ [ [ [ 129.016334794420004, 35.339200527346691 ], [ 129.016351638018278, 35.340101904155304 ], [ 129.017451694326098, 35.340088097350268 ], [ 129.017434838519819, 35.339186720999244 ], [ 129.016334794420004, 35.339200527346691 ] ] ] ] } },
{ "type": "Feature", "properties": { "GRID_CD_x": "마마378060", "SCH_POP": 0.0 }, "geometry": { "type": "MultiPolygon", "coordinates": [ [ [ [ 129.016351638018278, 35.340101904155304 ], [ 129.016368482364413, 35.341003280822243 ], [ 129.017468550880722, 35.34098947355961 ], [ 129.017451694326098, 35.340088097350268 ], [ 129.016351638018278, 35.340101904155304 ] ] ] ] } },
{ "type": "Feature", "properties": { "GRID_CD_x": "마마378061", "SCH_POP": 0.0 }, "geometry": { "type": "MultiPolygon", "coordinates": [ [ [ [ 129.016368482364413, 35.341003280822243 ], [ 129.01638532745838, 35.341904657347506 ], [ 129.017485408183745, 35.341890849627262 ], [ 129.017468550880722, 35.34098947355961 ], [ 129.016368482364413, 35.341003280822243 ] ] ] ] } },
{ "type": "Feature", "properties": { "GRID_CD_x": "마마378062", "SCH_POP": 0.0 }, "geometry": { "type": "MultiPolygon", "coordinates": [ [ [ [ 129.01638532745838, 35.341904657347506 ], [ 129.016402173300236, 35.342806033731094 ], [ 129.017502266235198, 35.342792225553247 ], [ 129.017485408183745, 35.341890849627262 ], [ 129.01638532745838, 35.341904657347506 ] ] ] ] } },
{ "type": "Feature", "properties": { "GRID_CD_x": "마마378063", "SCH_POP": 0.0 }, "geometry": { "type": "MultiPolygon", "coordinates": [ [ [ [ 129.016402173300236, 35.342806033731094 ], [ 129.016419019890037, 35.343707409973014 ], [ 129.017519125035165, 35.343693601337534 ], [ 129.017502266235198, 35.342792225553247 ], [ 129.016402173300236, 35.342806033731094 ] ] ] ] } },
{ "type": "Feature", "properties": { "GRID_CD_x": "마마378064", "SCH_POP": 0.0 }, "geometry": { "type": "MultiPolygon", "coordinates": [ [ [ [ 129.016419019890037, 35.343707409973014 ], [ 129.016435867227813, 35.344608786073245 ], [ 129.017535984583589, 35.34459497698014 ], [ 129.017519125035165, 35.343693601337534 ], [ 129.016419019890037, 35.343707409973014 ] ] ] ] } },
{ "type": "Feature", "properties": { "GRID_CD_x": "마마378065", "SCH_POP": 0.0 }, "geometry": { "type": "MultiPolygon", "coordinates": [ [ [ [ 129.016435867227813, 35.344608786073245 ], [ 129.016452715313534, 35.3455101620318 ], [ 129.017552844880555, 35.345496352481049 ], [ 129.017535984583589, 35.34459497698014 ], [ 129.016435867227813, 35.344608786073245 ] ] ] ] } },
{ "type": "Feature", "properties": { "GRID_CD_x": "마마378066", "SCH_POP": 0.0 }, "geometry": { "type": "MultiPolygon", "coordinates": [ [ [ [ 129.016452715313534, 35.3455101620318 ], [ 129.016469564147343, 35.346411537848681 ], [ 129.017569705926121, 35.346397727840269 ], [ 129.017552844880555, 35.345496352481049 ], [ 129.016452715313534, 35.3455101620318 ] ] ] ] } },
{ "type": "Feature", "properties": { "GRID_CD_x": "마마379023", "SCH_POP": 0.0 }, "geometry": { "type": "MultiPolygon", "coordinates": [ [ [ [ 129.016828527629031, 35.306737078018806 ], [ 129.016845356516029, 35.307638459469082 ], [ 129.01794497293065, 35.307624659137048 ], [ 129.017928131855143, 35.306723278144311 ], [ 129.016828527629031, 35.306737078018806 ] ] ] ] } },
{ "type": "Feature", "properties": { "GRID_CD_x": "마마379024", "SCH_POP": 0.0 }, "geometry": { "type": "MultiPolygon", "coordinates": [ [ [ [ 129.016845356516029, 35.307638459469082 ], [ 129.016862186150234, 35.308539840777769 ], [ 129.017961814753818, 35.308526039988166 ], [ 129.01794497293065, 35.307624659137048 ], [ 129.016845356516029, 35.307638459469082 ] ] ] ] } },
{ "type": "Feature", "properties": { "GRID_CD_x": "마마379025", "SCH_POP": 0.0 }, "geometry": { "type": "MultiPolygon", "coordinates": [ [ [ [ 129.016862186150234, 35.308539840777769 ], [ 129.016879016531647, 35.30944122194483 ], [ 129.01797865732479, 35.309427420697645 ], [ 129.017961814753818, 35.308526039988166 ], [ 129.016862186150234, 35.308539840777769 ] ] ] ] } },
{ "type": "Feature", "properties": { "GRID_CD_x": "마마379026", "SCH_POP": 0.0 }, "geometry": { "type": "MultiPolygon", "coordinates": [ [ [ [ 129.016879016531647, 35.30944122194483 ], [ 129.016895847660322, 35.310342602970266 ], [ 129.017995500643536, 35.310328801265499 ], [ 129.01797865732479, 35.309427420697645 ], [ 129.016879016531647, 35.30944122194483 ] ] ] ] } },
{ "type": "Feature", "properties": { "GRID_CD_x": "마마379027", "SCH_POP": 0.0 }, "geometry": { "type": "MultiPolygon", "coordinates": [ [ [ [ 129.016895847660322, 35.310342602970266 ], [ 129.016912679536233, 35.311243983854105 ], [ 129.018012344710087, 35.311230181691727 ], [ 129.017995500643536, 35.310328801265499 ], [ 129.016895847660322, 35.310342602970266 ] ] ] ] } },
{ "type": "Feature", "properties": { "GRID_CD_x": "마마379028", "SCH_POP": 0.0 }, "geometry": { "type": "MultiPolygon", "coordinates": [ [ [ [ 129.016912679536233, 35.311243983854105 ], [ 129.016929512159493, 35.312145364596297 ], [ 129.018029189524469, 35.312131561976322 ], [ 129.018012344710087, 35.311230181691727 ], [ 129.016912679536233, 35.311243983854105 ] ] ] ] } },
{ "type": "Feature", "properties": { "GRID_CD_x": "마마379029", "SCH_POP": 0.0 }, "geometry": { "type": "MultiPolygon", "coordinates": [ [ [ [ 129.016929512159493, 35.312145364596297 ], [ 129.016946345530073, 35.313046745196878 ], [ 129.018046035086769, 35.313032942119285 ], [ 129.018029189524469, 35.312131561976322 ], [ 129.016929512159493, 35.312145364596297 ] ] ] ] } },
{ "type": "Feature", "properties": { "GRID_CD_x": "마마379030", "SCH_POP": 0.0 }, "geometry": { "type": "MultiPolygon", "coordinates": [ [ [ [ 129.016946345530073, 35.313046745196878 ], [ 129.01696317964803, 35.313948125655834 ], [ 129.018062881396958, 35.313934322120602 ], [ 129.018046035086769, 35.313032942119285 ], [ 129.016946345530073, 35.313046745196878 ] ] ] ] } },
{ "type": "Feature", "properties": { "GRID_CD_x": "마마379031", "SCH_POP": 0.0 }, "geometry": { "type": "MultiPolygon", "coordinates": [ [ [ [ 129.01696317964803, 35.313948125655834 ], [ 129.016980014513393, 35.31484950597315 ], [ 129.01807972845512, 35.3148357019803 ], [ 129.018062881396958, 35.313934322120602 ], [ 129.01696317964803, 35.313948125655834 ] ] ] ] } },
{ "type": "Feature", "properties": { "GRID_CD_x": "마마379032", "SCH_POP": 0.0 }, "geometry": { "type": "MultiPolygon", "coordinates": [ [ [ [ 129.016980014513393, 35.31484950597315 ], [ 129.016996850126219, 35.315750886148848 ], [ 129.018096576261257, 35.315737081698344 ], [ 129.01807972845512, 35.3148357019803 ], [ 129.016980014513393, 35.31484950597315 ] ] ] ] } },
{ "type": "Feature", "properties": { "GRID_CD_x": "마마379033", "SCH_POP": 0.0 }, "geometry": { "type": "MultiPolygon", "coordinates": [ [ [ [ 129.016996850126219, 35.315750886148848 ], [ 129.017013686486479, 35.316652266182928 ], [ 129.018113424815397, 35.316638461274763 ], [ 129.018096576261257, 35.315737081698344 ], [ 129.016996850126219, 35.315750886148848 ] ] ] ] } },
{ "type": "Feature", "properties": { "GRID_CD_x": "마마379034", "SCH_POP": 0.0 }, "geometry": { "type": "MultiPolygon", "coordinates": [ [ [ [ 129.017013686486479, 35.316652266182928 ], [ 129.017030523594258, 35.317553646075361 ], [ 129.018130274117595, 35.317539840709543 ], [ 129.018113424815397, 35.316638461274763 ], [ 129.017013686486479, 35.316652266182928 ] ] ] ] } },
{ "type": "Feature", "properties": { "GRID_CD_x": "마마379035", "SCH_POP": 0.0 }, "geometry": { "type": "MultiPolygon", "coordinates": [ [ [ [ 129.017030523594258, 35.317553646075361 ], [ 129.017047361449613, 35.318455025826161 ], [ 129.018147124167882, 35.318441220002669 ], [ 129.018130274117595, 35.317539840709543 ], [ 129.017030523594258, 35.317553646075361 ] ] ] ] } },
{ "type": "Feature", "properties": { "GRID_CD_x": "마마379036", "SCH_POP": 0.0 }, "geometry": { "type": "MultiPolygon", "coordinates": [ [ [ [ 129.017047361449613, 35.318455025826161 ], [ 129.017064200052516, 35.319356405435329 ], [ 129.018163974966257, 35.319342599154133 ], [ 129.018147124167882, 35.318441220002669 ], [ 129.017047361449613, 35.318455025826161 ] ] ] ] } },
{ "type": "Feature", "properties": { "GRID_CD_x": "마마379037", "SCH_POP": 0.0 }, "geometry": { "type": "MultiPolygon", "coordinates": [ [ [ [ 129.017064200052516, 35.319356405435329 ], [ 129.017081039403024, 35.320257784902843 ], [ 129.018180826512832, 35.320243978163965 ], [ 129.018163974966257, 35.319342599154133 ], [ 129.017064200052516, 35.319356405435329 ] ] ] ] } },
{ "type": "Feature", "properties": { "GRID_CD_x": "마마379038", "SCH_POP": 0.0 }, "geometry": { "type": "MultiPolygon", "coordinates": [ [ [ [ 129.017081039403024, 35.320257784902843 ], [ 129.017097879501193, 35.321159164228732 ], [ 129.018197678807553, 35.321145357032137 ], [ 129.018180826512832, 35.320243978163965 ], [ 129.017081039403024, 35.320257784902843 ] ] ] ] } },
{ "type": "Feature", "properties": { "GRID_CD_x": "마마379039", "SCH_POP": 0.0 }, "geometry": { "type": "MultiPolygon", "coordinates": [ [ [ [ 129.017097879501193, 35.321159164228732 ], [ 129.017114720347024, 35.322060543412981 ], [ 129.018214531850504, 35.322046735758668 ], [ 129.018197678807553, 35.321145357032137 ], [ 129.017097879501193, 35.321159164228732 ] ] ] ] } },
{ "type": "Feature", "properties": { "GRID_CD_x": "마마379040", "SCH_POP": 0.0 }, "geometry": { "type": "MultiPolygon", "coordinates": [ [ [ [ 129.017114720347024, 35.322060543412981 ], [ 129.017131561940545, 35.322961922455583 ], [ 129.018231385641684, 35.322948114343554 ], [ 129.018214531850504, 35.322046735758668 ], [ 129.017114720347024, 35.322060543412981 ] ] ] ] } },
{ "type": "Feature", "properties": { "GRID_CD_x": "마마379041", "SCH_POP": 0.70178126795633 }, "geometry": { "type": "MultiPolygon", "coordinates": [ [ [ [ 129.017131561940545, 35.322961922455583 ], [ 129.017148404281812, 35.323863301356539 ], [ 129.018248240181151, 35.323849492786763 ], [ 129.018231385641684, 35.322948114343554 ], [ 129.017131561940545, 35.322961922455583 ] ] ] ] } },
{ "type": "Feature", "properties": { "GRID_CD_x": "마마379042", "SCH_POP": 0.0 }, "geometry": { "type": "MultiPolygon", "coordinates": [ [ [ [ 129.017148404281812, 35.323863301356539 ], [ 129.017165247370883, 35.324764680115834 ], [ 129.018265095468962, 35.324750871088327 ], [ 129.018248240181151, 35.323849492786763 ], [ 129.017148404281812, 35.323863301356539 ] ] ] ] } },
{ "type": "Feature", "properties": { "GRID_CD_x": "마마379043", "SCH_POP": 0.0 }, "geometry": { "type": "MultiPolygon", "coordinates": [ [ [ [ 129.017165247370883, 35.324764680115834 ], [ 129.017182091207729, 35.325666058733503 ], [ 129.018281951505088, 35.325652249248229 ], [ 129.018265095468962, 35.324750871088327 ], [ 129.017165247370883, 35.324764680115834 ] ] ] ] } },
{ "type": "Feature", "properties": { "GRID_CD_x": "마마379044", "SCH_POP": 4.7721126221030463 }, "geometry": { "type": "MultiPolygon", "coordinates": [ [ [ [ 129.017182091207729, 35.325666058733503 ], [ 129.017198935792408, 35.326567437209512 ], [ 129.018298808289614, 35.326553627266478 ], [ 129.018281951505088, 35.325652249248229 ], [ 129.017182091207729, 35.325666058733503 ] ] ] ] } },
{ "type": "Feature", "properties": { "GRID_CD_x": "마마379045", "SCH_POP": 0.0 }, "geometry": { "type": "MultiPolygon", "coordinates": [ [ [ [ 129.017198935792408, 35.326567437209512 ], [ 129.017215781125003, 35.327468815543867 ], [ 129.018315665822513, 35.327455005143058 ], [ 129.018298808289614, 35.326553627266478 ], [ 129.017198935792408, 35.326567437209512 ] ] ] ] } },
{ "type": "Feature", "properties": { "GRID_CD_x": "마마379046", "SCH_POP": 0.0 }, "geometry": { "type": "MultiPolygon", "coordinates": [ [ [ [ 129.017215781125003, 35.327468815543867 ], [ 129.017232627205459, 35.328370193736575 ], [ 129.018332524103897, 35.328356382877978 ], [ 129.018315665822513, 35.327455005143058 ], [ 129.017215781125003, 35.327468815543867 ] ] ] ] } },
{ "type": "Feature", "properties": { "GRID_CD_x": "마마379047", "SCH_POP": 42.387588584562344 }, "geometry": { "type": "MultiPolygon", "coordinates": [ [ [ [ 129.017232627205459, 35.328370193736575 ], [ 129.017249474033861, 35.329271571787615 ], [ 129.018349383133739, 35.329257760471222 ], [ 129.018332524103897, 35.328356382877978 ], [ 129.017232627205459, 35.328370193736575 ] ] ] ] } },
{ "type": "Feature", "properties": { "GRID_CD_x": "마마379048", "SCH_POP": 0.0 }, "geometry": { "type": "MultiPolygon", "coordinates": [ [ [ [ 129.017249474033861, 35.329271571787615 ], [ 129.017266321610265, 35.330172949696994 ], [ 129.018366242912094, 35.330159137922799 ], [ 129.018349383133739, 35.329257760471222 ], [ 129.017249474033861, 35.329271571787615 ] ] ] ] } },
{ "type": "Feature", "properties": { "GRID_CD_x": "마마379049", "SCH_POP": 0.0 }, "geometry": { "type": "MultiPolygon", "coordinates": [ [ [ [ 129.017266321610265, 35.330172949696994 ], [ 129.017283169934643, 35.331074327464719 ], [ 129.018383103439021, 35.331060515232714 ], [ 129.018366242912094, 35.330159137922799 ], [ 129.017266321610265, 35.330172949696994 ] ] ] ] } },
{ "type": "Feature", "properties": { "GRID_CD_x": "마마379050", "SCH_POP": 47.711171696677653 }, "geometry": { "type": "MultiPolygon", "coordinates": [ [ [ [ 129.017283169934643, 35.331074327464719 ], [ 129.017300019007081, 35.331975705090791 ], [ 129.018399964714519, 35.33196189240094 ], [ 129.018383103439021, 35.331060515232714 ], [ 129.017283169934643, 35.331074327464719 ] ] ] ] } },
{ "type": "Feature", "properties": { "GRID_CD_x": "마마379051", "SCH_POP": 138.69939132640121 }, "geometry": { "type": "MultiPolygon", "coordinates": [ [ [ [ 129.017300019007081, 35.331975705090791 ], [ 129.017316868827578, 35.332877082575195 ], [ 129.018416826738644, 35.332863269427499 ], [ 129.018399964714519, 35.33196189240094 ], [ 129.017300019007081, 35.331975705090791 ] ] ] ] } },
{ "type": "Feature", "properties": { "GRID_CD_x": "마마379052", "SCH_POP": 18.800684757798631 }, "geometry": { "type": "MultiPolygon", "coordinates": [ [ [ [ 129.017316868827578, 35.332877082575195 ], [ 129.017333719396191, 35.333778459917923 ], [ 129.018433689511369, 35.333764646312403 ], [ 129.018416826738644, 35.332863269427499 ], [ 129.017316868827578, 35.332877082575195 ] ] ] ] } },
{ "type": "Feature", "properties": { "GRID_CD_x": "마마379053", "SCH_POP": 156.96798123256403 }, "geometry": { "type": "MultiPolygon", "coordinates": [ [ [ [ 129.017333719396191, 35.333778459917923 ], [ 129.017350570712892, 35.334679837118998 ], [ 129.018450553032807, 35.334666023055604 ], [ 129.018433689511369, 35.333764646312403 ], [ 129.017333719396191, 35.333778459917923 ] ] ] ] } },
{ "type": "Feature", "properties": { "GRID_CD_x": "마마379054", "SCH_POP": 136.92574182094853 }, "geometry": { "type": "MultiPolygon", "coordinates": [ [ [ [ 129.017350570712892, 35.334679837118998 ], [ 129.017367422777824, 35.33558121417839 ], [ 129.018467417302958, 35.335567399657137 ], [ 129.018450553032807, 35.334666023055604 ], [ 129.017350570712892, 35.334679837118998 ] ] ] ] } },
{ "type": "Feature", "properties": { "GRID_CD_x": "마마379055", "SCH_POP": 71.478075069743852 }, "geometry": { "type": "MultiPolygon", "coordinates": [ [ [ [ 129.017367422777824, 35.33558121417839 ], [ 129.017384275590956, 35.336482591096114 ], [ 129.018484282321822, 35.336468776116995 ], [ 129.018467417302958, 35.335567399657137 ], [ 129.017367422777824, 35.33558121417839 ] ] ] ] } },
{ "type": "Feature", "properties": { "GRID_CD_x": "마마379056", "SCH_POP": 31.925691098148619 }, "geometry": { "type": "MultiPolygon", "coordinates": [ [ [ [ 129.017384275590956, 35.336482591096114 ], [ 129.01740112915229, 35.337383967872164 ], [ 129.018501148089513, 35.337370152435149 ], [ 129.018484282321822, 35.336468776116995 ], [ 129.017384275590956, 35.336482591096114 ] ] ] ] } },
{ "type": "Feature", "properties": { "GRID_CD_x": "마마379057", "SCH_POP": 0.88682475272635097 }, "geometry": { "type": "MultiPolygon", "coordinates": [ [ [ [ 129.01740112915229, 35.337383967872164 ], [ 129.017417983461911, 35.338285344506545 ], [ 129.018518014605974, 35.338271528611635 ], [ 129.018501148089513, 35.337370152435149 ], [ 129.01740112915229, 35.337383967872164 ] ] ] ] } },
{ "type": "Feature", "properties": { "GRID_CD_x": "마마379058", "SCH_POP": 7.626692873446614 }, "geometry": { "type": "MultiPolygon", "coordinates": [ [ [ [ 129.017417983461911, 35.338285344506545 ], [ 129.017434838519819, 35.339186720999244 ], [ 129.01853488187129, 35.339172904646425 ], [ 129.018518014605974, 35.338271528611635 ], [ 129.017417983461911, 35.338285344506545 ] ] ] ] } },
{ "type": "Feature", "properties": { "GRID_CD_x": "마마379059", "SCH_POP": 0.0 }, "geometry": { "type": "MultiPolygon", "coordinates": [ [ [ [ 129.017434838519819, 35.339186720999244 ], [ 129.017451694326098, 35.340088097350268 ], [ 129.018551749885489, 35.340074280539547 ], [ 129.01853488187129, 35.339172904646425 ], [ 129.017434838519819, 35.339186720999244 ] ] ] ] } },
{ "type": "Feature", "properties": { "GRID_CD_x": "마마379060", "SCH_POP": 0.0 }, "geometry": { "type": "MultiPolygon", "coordinates": [ [ [ [ 129.017451694326098, 35.340088097350268 ], [ 129.017468550880722, 35.34098947355961 ], [ 129.018568618648629, 35.340975656290951 ], [ 129.018551749885489, 35.340074280539547 ], [ 129.017451694326098, 35.340088097350268 ] ] ] ] } },
{ "type": "Feature", "properties": { "GRID_CD_x": "마마379061", "SCH_POP": 0.0 }, "geometry": { "type": "MultiPolygon", "coordinates": [ [ [ [ 129.017468550880722, 35.34098947355961 ], [ 129.017485408183745, 35.341890849627262 ], [ 129.018585488160653, 35.341877031900673 ], [ 129.018568618648629, 35.340975656290951 ], [ 129.017468550880722, 35.34098947355961 ] ] ] ] } },
{ "type": "Feature", "properties": { "GRID_CD_x": "마마379062", "SCH_POP": 0.0 }, "geometry": { "type": "MultiPolygon", "coordinates": [ [ [ [ 129.017485408183745, 35.341890849627262 ], [ 129.017502266235198, 35.342792225553247 ], [ 129.018602358421703, 35.342778407368705 ], [ 129.018585488160653, 35.341877031900673 ], [ 129.017485408183745, 35.341890849627262 ] ] ] ] } },
{ "type": "Feature", "properties": { "GRID_CD_x": "마마379063", "SCH_POP": 0.0 }, "geometry": { "type": "MultiPolygon", "coordinates": [ [ [ [ 129.017502266235198, 35.342792225553247 ], [ 129.017519125035165, 35.343693601337534 ], [ 129.018619229431749, 35.343679782695034 ], [ 129.018602358421703, 35.342778407368705 ], [ 129.017502266235198, 35.342792225553247 ] ] ] ] } },
{ "type": "Feature", "properties": { "GRID_CD_x": "마마379064", "SCH_POP": 0.0 }, "geometry": { "type": "MultiPolygon", "coordinates": [ [ [ [ 129.017519125035165, 35.343693601337534 ], [ 129.017535984583589, 35.34459497698014 ], [ 129.01863610119085, 35.344581157879674 ], [ 129.018619229431749, 35.343679782695034 ], [ 129.017519125035165, 35.343693601337534 ] ] ] ] } },
{ "type": "Feature", "properties": { "GRID_CD_x": "마마379065", "SCH_POP": 0.0 }, "geometry": { "type": "MultiPolygon", "coordinates": [ [ [ [ 129.017535984583589, 35.34459497698014 ], [ 129.017552844880555, 35.345496352481049 ], [ 129.018652973699005, 35.34548253292261 ], [ 129.01863610119085, 35.344581157879674 ], [ 129.017535984583589, 35.34459497698014 ] ] ] ] } },
{ "type": "Feature", "properties": { "GRID_CD_x": "마마379066", "SCH_POP": 0.0 }, "geometry": { "type": "MultiPolygon", "coordinates": [ [ [ [ 129.017552844880555, 35.345496352481049 ], [ 129.017569705926121, 35.346397727840269 ], [ 129.0186698469563, 35.346383907823835 ], [ 129.018652973699005, 35.34548253292261 ], [ 129.017552844880555, 35.345496352481049 ] ] ] ] } },
{ "type": "Feature", "properties": { "GRID_CD_x": "마마380032", "SCH_POP": 0.0 }, "geometry": { "type": "MultiPolygon", "coordinates": [ [ [ [ 129.01807972845512, 35.3148357019803 ], [ 129.018096576261257, 35.315737081698344 ], [ 129.019196301648265, 35.315723267251116 ], [ 129.019179441648873, 35.314821887991052 ], [ 129.01807972845512, 35.3148357019803 ] ] ] ] } },
{ "type": "Feature", "properties": { "GRID_CD_x": "마마380033", "SCH_POP": 0.0 }, "geometry": { "type": "MultiPolygon", "coordinates": [ [ [ [ 129.018096576261257, 35.315737081698344 ], [ 129.018113424815397, 35.316638461274763 ], [ 129.019213162396284, 35.31662464636954 ], [ 129.019196301648265, 35.315723267251116 ], [ 129.018096576261257, 35.315737081698344 ] ] ] ] } },
{ "type": "Feature", "properties": { "GRID_CD_x": "마마380034", "SCH_POP": 0.0 }, "geometry": { "type": "MultiPolygon", "coordinates": [ [ [ [ 129.018113424815397, 35.316638461274763 ], [ 129.018130274117595, 35.317539840709543 ], [ 129.019230023892845, 35.317526025346325 ], [ 129.019213162396284, 35.31662464636954 ], [ 129.018113424815397, 35.316638461274763 ] ] ] ] } },
{ "type": "Feature", "properties": { "GRID_CD_x": "마마380035", "SCH_POP": 0.0 }, "geometry": { "type": "MultiPolygon", "coordinates": [ [ [ [ 129.018130274117595, 35.317539840709543 ], [ 129.018147124167882, 35.318441220002669 ], [ 129.019246886138035, 35.318427404181435 ], [ 129.019230023892845, 35.317526025346325 ], [ 129.018130274117595, 35.317539840709543 ] ] ] ] } },
{ "type": "Feature", "properties": { "GRID_CD_x": "마마380036", "SCH_POP": 0.0 }, "geometry": { "type": "MultiPolygon", "coordinates": [ [ [ [ 129.018147124167882, 35.318441220002669 ], [ 129.018163974966257, 35.319342599154133 ], [ 129.019263749131909, 35.319328782874891 ], [ 129.019246886138035, 35.318427404181435 ], [ 129.018147124167882, 35.318441220002669 ] ] ] ] } },
{ "type": "Feature", "properties": { "GRID_CD_x": "마마380037", "SCH_POP": 0.0 }, "geometry": { "type": "MultiPolygon", "coordinates": [ [ [ [ 129.018163974966257, 35.319342599154133 ], [ 129.018180826512832, 35.320243978163965 ], [ 129.019280612874439, 35.3202301614267 ], [ 129.019263749131909, 35.319328782874891 ], [ 129.018163974966257, 35.319342599154133 ] ] ] ] } },
{ "type": "Feature", "properties": { "GRID_CD_x": "마마380038", "SCH_POP": 0.0 }, "geometry": { "type": "MultiPolygon", "coordinates": [ [ [ [ 129.018180826512832, 35.320243978163965 ], [ 129.018197678807553, 35.321145357032137 ], [ 129.019297477365711, 35.321131539836827 ], [ 129.019280612874439, 35.3202301614267 ], [ 129.018180826512832, 35.320243978163965 ] ] ] ] } },
{ "type": "Feature", "properties": { "GRID_CD_x": "마마380039", "SCH_POP": 0.0 }, "geometry": { "type": "MultiPolygon", "coordinates": [ [ [ [ 129.018197678807553, 35.321145357032137 ], [ 129.018214531850504, 35.322046735758668 ], [ 129.019314342605725, 35.322032918105322 ], [ 129.019297477365711, 35.321131539836827 ], [ 129.018197678807553, 35.321145357032137 ] ] ] ] } },
{ "type": "Feature", "properties": { "GRID_CD_x": "마마380040", "SCH_POP": 0.0 }, "geometry": { "type": "MultiPolygon", "coordinates": [ [ [ [ 129.018214531850504, 35.322046735758668 ], [ 129.018231385641684, 35.322948114343554 ], [ 129.019331208594537, 35.322934296232134 ], [ 129.019314342605725, 35.322032918105322 ], [ 129.018214531850504, 35.322046735758668 ] ] ] ] } },
{ "type": "Feature", "properties": { "GRID_CD_x": "마마380041", "SCH_POP": 0.0 }, "geometry": { "type": "MultiPolygon", "coordinates": [ [ [ [ 129.018231385641684, 35.322948114343554 ], [ 129.018248240181151, 35.323849492786763 ], [ 129.019348075332175, 35.323835674217293 ], [ 129.019331208594537, 35.322934296232134 ], [ 129.018231385641684, 35.322948114343554 ] ] ] ] } },
{ "type": "Feature", "properties": { "GRID_CD_x": "마마380042", "SCH_POP": 0.0 }, "geometry": { "type": "MultiPolygon", "coordinates": [ [ [ [ 129.018248240181151, 35.323849492786763 ], [ 129.018265095468962, 35.324750871088327 ], [ 129.019364942818669, 35.324737052060769 ], [ 129.019348075332175, 35.323835674217293 ], [ 129.018248240181151, 35.323849492786763 ] ] ] ] } },
{ "type": "Feature", "properties": { "GRID_CD_x": "마마380043", "SCH_POP": 101.44592888002659 }, "geometry": { "type": "MultiPolygon", "coordinates": [ [ [ [ 129.018265095468962, 35.324750871088327 ], [ 129.018281951505088, 35.325652249248229 ], [ 129.019381811054046, 35.325638429762584 ], [ 129.019364942818669, 35.324737052060769 ], [ 129.018265095468962, 35.324750871088327 ] ] ] ] } },
{ "type": "Feature", "properties": { "GRID_CD_x": "마마380044", "SCH_POP": 25.443558214246153 }, "geometry": { "type": "MultiPolygon", "coordinates": [ [ [ [ 129.018281951505088, 35.325652249248229 ], [ 129.018298808289614, 35.326553627266478 ], [ 129.019398680038336, 35.326539807322725 ], [ 129.019381811054046, 35.325638429762584 ], [ 129.018281951505088, 35.325652249248229 ] ] ] ] } },
{ "type": "Feature", "properties": { "GRID_CD_x": "마마380045", "SCH_POP": 0.0 }, "geometry": { "type": "MultiPolygon", "coordinates": [ [ [ [ 129.018298808289614, 35.326553627266478 ], [ 129.018315665822513, 35.327455005143058 ], [ 129.019415549771594, 35.327441184741204 ], [ 129.019398680038336, 35.326539807322725 ], [ 129.018298808289614, 35.326553627266478 ] ] ] ] } },
{ "type": "Feature", "properties": { "GRID_CD_x": "마마380046", "SCH_POP": 0.0 }, "geometry": { "type": "MultiPolygon", "coordinates": [ [ [ [ 129.018315665822513, 35.327455005143058 ], [ 129.018332524103897, 35.328356382877978 ], [ 129.01943242025385, 35.328342562018008 ], [ 129.019415549771594, 35.327441184741204 ], [ 129.018315665822513, 35.327455005143058 ] ] ] ] } },
{ "type": "Feature", "properties": { "GRID_CD_x": "마마380047", "SCH_POP": 0.0 }, "geometry": { "type": "MultiPolygon", "coordinates": [ [ [ [ 129.018332524103897, 35.328356382877978 ], [ 129.018349383133739, 35.329257760471222 ], [ 129.019449291485103, 35.329243939153123 ], [ 129.01943242025385, 35.328342562018008 ], [ 129.018332524103897, 35.328356382877978 ] ] ] ] } },
{ "type": "Feature", "properties": { "GRID_CD_x": "마마380048", "SCH_POP": 0.0 }, "geometry": { "type": "MultiPolygon", "coordinates": [ [ [ [ 129.018349383133739, 35.329257760471222 ], [ 129.018366242912094, 35.330159137922799 ], [ 129.019466163465438, 35.330145316146563 ], [ 129.019449291485103, 35.329243939153123 ], [ 129.018349383133739, 35.329257760471222 ] ] ] ] } },
{ "type": "Feature", "properties": { "GRID_CD_x": "마마380049", "SCH_POP": 0.0 }, "geometry": { "type": "MultiPolygon", "coordinates": [ [ [ [ 129.018366242912094, 35.330159137922799 ], [ 129.018383103439021, 35.331060515232714 ], [ 129.019483036194828, 35.331046692998321 ], [ 129.019466163465438, 35.330145316146563 ], [ 129.018366242912094, 35.330159137922799 ] ] ] ] } },
{ "type": "Feature", "properties": { "GRID_CD_x": "마마380050", "SCH_POP": 82.194541361845808 }, "geometry": { "type": "MultiPolygon", "coordinates": [ [ [ [ 129.018383103439021, 35.331060515232714 ], [ 129.018399964714519, 35.33196189240094 ], [ 129.019499909673357, 35.331948069708396 ], [ 129.019483036194828, 35.331046692998321 ], [ 129.018383103439021, 35.331060515232714 ] ] ] ] } },
{ "type": "Feature", "properties": { "GRID_CD_x": "마마380051", "SCH_POP": 146.99825548677546 }, "geometry": { "type": "MultiPolygon", "coordinates": [ [ [ [ 129.018399964714519, 35.33196189240094 ], [ 129.018416826738644, 35.332863269427499 ], [ 129.019516783901054, 35.332849446276796 ], [ 129.019499909673357, 35.331948069708396 ], [ 129.018399964714519, 35.33196189240094 ] ] ] ] } },
{ "type": "Feature", "properties": { "GRID_CD_x": "마마380052", "SCH_POP": 52.721665728756328 }, "geometry": { "type": "MultiPolygon", "coordinates": [ [ [ [ 129.018416826738644, 35.332863269427499 ], [ 129.018433689511369, 35.333764646312403 ], [ 129.019533658877918, 35.333750822703514 ], [ 129.019516783901054, 35.332849446276796 ], [ 129.018416826738644, 35.332863269427499 ] ] ] ] } },
{ "type": "Feature", "properties": { "GRID_CD_x": "마마380053", "SCH_POP": 23.248790095666852 }, "geometry": { "type": "MultiPolygon", "coordinates": [ [ [ [ 129.018433689511369, 35.333764646312403 ], [ 129.018450553032807, 35.334666023055604 ], [ 129.019550534603979, 35.334652198988536 ], [ 129.019533658877918, 35.333750822703514 ], [ 129.018433689511369, 35.333764646312403 ] ] ] ] } },
{ "type": "Feature", "properties": { "GRID_CD_x": "마마380054", "SCH_POP": 165.67051209904332 }, "geometry": { "type": "MultiPolygon", "coordinates": [ [ [ [ 129.018450553032807, 35.334666023055604 ], [ 129.018467417302958, 35.335567399657137 ], [ 129.01956741107935, 35.335553575131868 ], [ 129.019550534603979, 35.334652198988536 ], [ 129.018450553032807, 35.334666023055604 ] ] ] ] } },
{ "type": "Feature", "properties": { "GRID_CD_x": "마마380055", "SCH_POP": 92.812099043331457 }, "geometry": { "type": "MultiPolygon", "coordinates": [ [ [ [ 129.018467417302958, 35.335567399657137 ], [ 129.018484282321822, 35.336468776116995 ], [ 129.019584288303975, 35.336454951133511 ], [ 129.01956741107935, 35.335553575131868 ], [ 129.018467417302958, 35.335567399657137 ] ] ] ] } },
{ "type": "Feature", "properties": { "GRID_CD_x": "마마380056", "SCH_POP": 77.25188519977489 }, "geometry": { "type": "MultiPolygon", "coordinates": [ [ [ [ 129.018484282321822, 35.336468776116995 ], [ 129.018501148089513, 35.337370152435149 ], [ 129.019601166277909, 35.337356326993451 ], [ 129.019584288303975, 35.336454951133511 ], [ 129.018484282321822, 35.336468776116995 ] ] ] ] } },
{ "type": "Feature", "properties": { "GRID_CD_x": "마마380057", "SCH_POP": 0.0 }, "geometry": { "type": "MultiPolygon", "coordinates": [ [ [ [ 129.018501148089513, 35.337370152435149 ], [ 129.018518014605974, 35.338271528611635 ], [ 129.019618045001209, 35.338257702711708 ], [ 129.019601166277909, 35.337356326993451 ], [ 129.018501148089513, 35.337370152435149 ] ] ] ] } },
{ "type": "Feature", "properties": { "GRID_CD_x": "마마380058", "SCH_POP": 0.0 }, "geometry": { "type": "MultiPolygon", "coordinates": [ [ [ [ 129.018518014605974, 35.338271528611635 ], [ 129.01853488187129, 35.339172904646425 ], [ 129.019634924473905, 35.339159078288269 ], [ 129.019618045001209, 35.338257702711708 ], [ 129.018518014605974, 35.338271528611635 ] ] ] ] } },
{ "type": "Feature", "properties": { "GRID_CD_x": "마마380059", "SCH_POP": 0.0 }, "geometry": { "type": "MultiPolygon", "coordinates": [ [ [ [ 129.01853488187129, 35.339172904646425 ], [ 129.018551749885489, 35.340074280539547 ], [ 129.019651804696025, 35.340060453723133 ], [ 129.019634924473905, 35.339159078288269 ], [ 129.01853488187129, 35.339172904646425 ] ] ] ] } },
{ "type": "Feature", "properties": { "GRID_CD_x": "마마380060", "SCH_POP": 0.0 }, "geometry": { "type": "MultiPolygon", "coordinates": [ [ [ [ 129.018551749885489, 35.340074280539547 ], [ 129.018568618648629, 35.340975656290951 ], [ 129.019668685667568, 35.340961829016287 ], [ 129.019651804696025, 35.340060453723133 ], [ 129.018551749885489, 35.340074280539547 ] ] ] ] } },
{ "type": "Feature", "properties": { "GRID_CD_x": "마마380061", "SCH_POP": 0.0 }, "geometry": { "type": "MultiPolygon", "coordinates": [ [ [ [ 129.018568618648629, 35.340975656290951 ], [ 129.018585488160653, 35.341877031900673 ], [ 129.01968556738862, 35.341863204167737 ], [ 129.019668685667568, 35.340961829016287 ], [ 129.018568618648629, 35.340975656290951 ] ] ] ] } },
{ "type": "Feature", "properties": { "GRID_CD_x": "마마380062", "SCH_POP": 0.0 }, "geometry": { "type": "MultiPolygon", "coordinates": [ [ [ [ 129.018585488160653, 35.341877031900673 ], [ 129.018602358421703, 35.342778407368705 ], [ 129.019702449859182, 35.342764579177491 ], [ 129.01968556738862, 35.341863204167737 ], [ 129.018585488160653, 35.341877031900673 ] ] ] ] } },
{ "type": "Feature", "properties": { "GRID_CD_x": "마마380063", "SCH_POP": 0.0 }, "geometry": { "type": "MultiPolygon", "coordinates": [ [ [ [ 129.018602358421703, 35.342778407368705 ], [ 129.018619229431749, 35.343679782695034 ], [ 129.019719333079308, 35.343665954045541 ], [ 129.019702449859182, 35.342764579177491 ], [ 129.018602358421703, 35.342778407368705 ] ] ] ] } },
{ "type": "Feature", "properties": { "GRID_CD_x": "마마380064", "SCH_POP": 0.0 }, "geometry": { "type": "MultiPolygon", "coordinates": [ [ [ [ 129.018619229431749, 35.343679782695034 ], [ 129.01863610119085, 35.344581157879674 ], [ 129.019736217049001, 35.344567328771873 ], [ 129.019719333079308, 35.343665954045541 ], [ 129.018619229431749, 35.343679782695034 ] ] ] ] } },
{ "type": "Feature", "properties": { "GRID_CD_x": "마마380065", "SCH_POP": 0.0 }, "geometry": { "type": "MultiPolygon", "coordinates": [ [ [ [ 129.01863610119085, 35.344581157879674 ], [ 129.018652973699005, 35.34548253292261 ], [ 129.019753101768345, 35.345468703356509 ], [ 129.019736217049001, 35.344567328771873 ], [ 129.01863610119085, 35.344581157879674 ] ] ] ] } },
{ "type": "Feature", "properties": { "GRID_CD_x": "마마381042", "SCH_POP": 0.0 }, "geometry": { "type": "MultiPolygon", "coordinates": [ [ [ [ 129.019348075332175, 35.323835674217293 ], [ 129.019364942818669, 35.324737052060769 ], [ 129.020464789419492, 35.324723223033189 ], [ 129.020447909734344, 35.323821845648119 ], [ 129.019348075332175, 35.323835674217293 ] ] ] ] } },
{ "type": "Feature", "properties": { "GRID_CD_x": "마마381043", "SCH_POP": 0.0 }, "geometry": { "type": "MultiPolygon", "coordinates": [ [ [ [ 129.019364942818669, 35.324737052060769 ], [ 129.019381811054046, 35.325638429762584 ], [ 129.020481669854092, 35.325624600276591 ], [ 129.020464789419492, 35.324723223033189 ], [ 129.019364942818669, 35.324737052060769 ] ] ] ] } },
{ "type": "Feature", "properties": { "GRID_CD_x": "마마381044", "SCH_POP": 0.0 }, "geometry": { "type": "MultiPolygon", "coordinates": [ [ [ [ 129.019381811054046, 35.325638429762584 ], [ 129.019398680038336, 35.326539807322725 ], [ 129.020498551038145, 35.326525977378303 ], [ 129.020481669854092, 35.325624600276591 ], [ 129.019381811054046, 35.325638429762584 ] ] ] ] } },
{ "type": "Feature", "properties": { "GRID_CD_x": "마마381045", "SCH_POP": 0.0 }, "geometry": { "type": "MultiPolygon", "coordinates": [ [ [ [ 129.019398680038336, 35.326539807322725 ], [ 129.019415549771594, 35.327441184741204 ], [ 129.020515432971706, 35.327427354338326 ], [ 129.020498551038145, 35.326525977378303 ], [ 129.019398680038336, 35.326539807322725 ] ] ] ] } },
{ "type": "Feature", "properties": { "GRID_CD_x": "마마381046", "SCH_POP": 0.0 }, "geometry": { "type": "MultiPolygon", "coordinates": [ [ [ [ 129.019415549771594, 35.327441184741204 ], [ 129.01943242025385, 35.328342562018008 ], [ 129.020532315654776, 35.328328731156695 ], [ 129.020515432971706, 35.327427354338326 ], [ 129.019415549771594, 35.327441184741204 ] ] ] ] } },
{ "type": "Feature", "properties": { "GRID_CD_x": "마마381047", "SCH_POP": 0.0 }, "geometry": { "type": "MultiPolygon", "coordinates": [ [ [ [ 129.01943242025385, 35.328342562018008 ], [ 129.019449291485103, 35.329243939153123 ], [ 129.020549199087412, 35.329230107833347 ], [ 129.020532315654776, 35.328328731156695 ], [ 129.01943242025385, 35.328342562018008 ] ] ] ] } },
{ "type": "Feature", "properties": { "GRID_CD_x": "마마381048", "SCH_POP": 0.0 }, "geometry": { "type": "MultiPolygon", "coordinates": [ [ [ [ 129.019449291485103, 35.329243939153123 ], [ 129.019466163465438, 35.330145316146563 ], [ 129.020566083269671, 35.330131484368323 ], [ 129.020549199087412, 35.329230107833347 ], [ 129.019449291485103, 35.329243939153123 ] ] ] ] } },
{ "type": "Feature", "properties": { "GRID_CD_x": "마마381049", "SCH_POP": 49.245596543702234 }, "geometry": { "type": "MultiPolygon", "coordinates": [ [ [ [ 129.019466163465438, 35.330145316146563 ], [ 129.019483036194828, 35.331046692998321 ], [ 129.020582968201495, 35.331032860761596 ], [ 129.020566083269671, 35.330131484368323 ], [ 129.019466163465438, 35.330145316146563 ] ] ] ] } },
{ "type": "Feature", "properties": { "GRID_CD_x": "마마381050", "SCH_POP": 0.0 }, "geometry": { "type": "MultiPolygon", "coordinates": [ [ [ [ 129.019483036194828, 35.331046692998321 ], [ 129.019499909673357, 35.331948069708396 ], [ 129.020599853883056, 35.331934237013186 ], [ 129.020582968201495, 35.331032860761596 ], [ 129.019483036194828, 35.331046692998321 ] ] ] ] } },
{ "type": "Feature", "properties": { "GRID_CD_x": "마마381051", "SCH_POP": 54.003095104108041 }, "geometry": { "type": "MultiPolygon", "coordinates": [ [ [ [ 129.019499909673357, 35.331948069708396 ], [ 129.019516783901054, 35.332849446276796 ], [ 129.020616740314267, 35.332835613123088 ], [ 129.020599853883056, 35.331934237013186 ], [ 129.019499909673357, 35.331948069708396 ] ] ] ] } },
{ "type": "Feature", "properties": { "GRID_CD_x": "마마381052", "SCH_POP": 51.623297692740564 }, "geometry": { "type": "MultiPolygon", "coordinates": [ [ [ [ 129.019516783901054, 35.332849446276796 ], [ 129.019533658877918, 35.333750822703514 ], [ 129.020633627495215, 35.3337369890913 ], [ 129.020616740314267, 35.332835613123088 ], [ 129.019516783901054, 35.332849446276796 ] ] ] ] } },
{ "type": "Feature", "properties": { "GRID_CD_x": "마마381053", "SCH_POP": 51.074113674732693 }, "geometry": { "type": "MultiPolygon", "coordinates": [ [ [ [ 129.019533658877918, 35.333750822703514 ], [ 129.019550534603979, 35.334652198988536 ], [ 129.020650515425928, 35.334638364917794 ], [ 129.020633627495215, 35.3337369890913 ], [ 129.019533658877918, 35.333750822703514 ] ] ] ] } },
{ "type": "Feature", "properties": { "GRID_CD_x": "마마381054", "SCH_POP": 96.290264490714677 }, "geometry": { "type": "MultiPolygon", "coordinates": [ [ [ [ 129.019550534603979, 35.334652198988536 ], [ 129.01956741107935, 35.335553575131868 ], [ 129.020667404106433, 35.335539740602599 ], [ 129.020650515425928, 35.334638364917794 ], [ 129.019550534603979, 35.334652198988536 ] ] ] ] } },
{ "type": "Feature", "properties": { "GRID_CD_x": "마마381055", "SCH_POP": 51.074113674732693 }, "geometry": { "type": "MultiPolygon", "coordinates": [ [ [ [ 129.01956741107935, 35.335553575131868 ], [ 129.019584288303975, 35.336454951133511 ], [ 129.02068429353676, 35.3364411161457 ], [ 129.020667404106433, 35.335539740602599 ], [ 129.01956741107935, 35.335553575131868 ] ] ] ] } },
{ "type": "Feature", "properties": { "GRID_CD_x": "마마381056", "SCH_POP": 0.0 }, "geometry": { "type": "MultiPolygon", "coordinates": [ [ [ [ 129.019584288303975, 35.336454951133511 ], [ 129.019601166277909, 35.337356326993451 ], [ 129.020701183716966, 35.337342491547098 ], [ 129.02068429353676, 35.3364411161457 ], [ 129.019584288303975, 35.336454951133511 ] ] ] ] } },
{ "type": "Feature", "properties": { "GRID_CD_x": "마마381057", "SCH_POP": 0.0 }, "geometry": { "type": "MultiPolygon", "coordinates": [ [ [ [ 129.019601166277909, 35.337356326993451 ], [ 129.019618045001209, 35.338257702711708 ], [ 129.02071807464705, 35.338243866806792 ], [ 129.020701183716966, 35.337342491547098 ], [ 129.019601166277909, 35.337356326993451 ] ] ] ] } },
{ "type": "Feature", "properties": { "GRID_CD_x": "마마381058", "SCH_POP": 0.0 }, "geometry": { "type": "MultiPolygon", "coordinates": [ [ [ [ 129.019618045001209, 35.338257702711708 ], [ 129.019634924473905, 35.339159078288269 ], [ 129.020734966327069, 35.33914524192479 ], [ 129.02071807464705, 35.338243866806792 ], [ 129.019618045001209, 35.338257702711708 ] ] ] ] } },
{ "type": "Feature", "properties": { "GRID_CD_x": "마마381059", "SCH_POP": 0.0 }, "geometry": { "type": "MultiPolygon", "coordinates": [ [ [ [ 129.019634924473905, 35.339159078288269 ], [ 129.019651804696025, 35.340060453723133 ], [ 129.02075185875708, 35.34004661690107 ], [ 129.020734966327069, 35.33914524192479 ], [ 129.019634924473905, 35.339159078288269 ] ] ] ] } },
{ "type": "Feature", "properties": { "GRID_CD_x": "마마381060", "SCH_POP": 0.0 }, "geometry": { "type": "MultiPolygon", "coordinates": [ [ [ [ 129.019651804696025, 35.340060453723133 ], [ 129.019668685667568, 35.340961829016287 ], [ 129.020768751937055, 35.340947991735632 ], [ 129.02075185875708, 35.34004661690107 ], [ 129.019651804696025, 35.340060453723133 ] ] ] ] } },
{ "type": "Feature", "properties": { "GRID_CD_x": "마마381061", "SCH_POP": 0.0 }, "geometry": { "type": "MultiPolygon", "coordinates": [ [ [ [ 129.019668685667568, 35.340961829016287 ], [ 129.01968556738862, 35.341863204167737 ], [ 129.020785645867022, 35.341849366428484 ], [ 129.020768751937055, 35.340947991735632 ], [ 129.019668685667568, 35.340961829016287 ] ] ] ] } },
{ "type": "Feature", "properties": { "GRID_CD_x": "마마381062", "SCH_POP": 0.0 }, "geometry": { "type": "MultiPolygon", "coordinates": [ [ [ [ 129.01968556738862, 35.341863204167737 ], [ 129.019702449859182, 35.342764579177491 ], [ 129.020802540547095, 35.342750740979632 ], [ 129.020785645867022, 35.341849366428484 ], [ 129.01968556738862, 35.341863204167737 ] ] ] ] } },
{ "type": "Feature", "properties": { "GRID_CD_x": "마마381063", "SCH_POP": 0.0 }, "geometry": { "type": "MultiPolygon", "coordinates": [ [ [ [ 129.019702449859182, 35.342764579177491 ], [ 129.019719333079308, 35.343665954045541 ], [ 129.020819435977273, 35.343652115389055 ], [ 129.020802540547095, 35.342750740979632 ], [ 129.019702449859182, 35.342764579177491 ] ] ] ] } },
{ "type": "Feature", "properties": { "GRID_CD_x": "마마381064", "SCH_POP": 0.0 }, "geometry": { "type": "MultiPolygon", "coordinates": [ [ [ [ 129.019719333079308, 35.343665954045541 ], [ 129.019736217049001, 35.344567328771873 ], [ 129.020836332157558, 35.344553489656768 ], [ 129.020819435977273, 35.343652115389055 ], [ 129.019719333079308, 35.343665954045541 ] ] ] ] } },
{ "type": "Feature", "properties": { "GRID_CD_x": "마마382052", "SCH_POP": 0.0 }, "geometry": { "type": "MultiPolygon", "coordinates": [ [ [ [ 129.020616740314267, 35.332835613123088 ], [ 129.020633627495215, 35.3337369890913 ], [ 129.021733595362775, 35.333723145475773 ], [ 129.021716695977773, 35.332821769966408 ], [ 129.020616740314267, 35.332835613123088 ] ] ] ] } },
{ "type": "Feature", "properties": { "GRID_CD_x": "마마382053", "SCH_POP": 0.0 }, "geometry": { "type": "MultiPolygon", "coordinates": [ [ [ [ 129.020633627495215, 35.3337369890913 ], [ 129.020650515425928, 35.334638364917794 ], [ 129.021750495498054, 35.334624520843413 ], [ 129.021733595362775, 35.333723145475773 ], [ 129.020633627495215, 35.3337369890913 ] ] ] ] } },
{ "type": "Feature", "properties": { "GRID_CD_x": "마마382054", "SCH_POP": 0.0 }, "geometry": { "type": "MultiPolygon", "coordinates": [ [ [ [ 129.020650515425928, 35.334638364917794 ], [ 129.020667404106433, 35.335539740602599 ], [ 129.021767396383694, 35.335525896069363 ], [ 129.021750495498054, 35.334624520843413 ], [ 129.020650515425928, 35.334638364917794 ] ] ] ] } },
{ "type": "Feature", "properties": { "GRID_CD_x": "마마382055", "SCH_POP": 0.0 }, "geometry": { "type": "MultiPolygon", "coordinates": [ [ [ [ 129.020667404106433, 35.335539740602599 ], [ 129.02068429353676, 35.3364411161457 ], [ 129.021784298019725, 35.336427271153589 ], [ 129.021767396383694, 35.335525896069363 ], [ 129.020667404106433, 35.335539740602599 ] ] ] ] } },
{ "type": "Feature", "properties": { "GRID_CD_x": "마마382056", "SCH_POP": 0.0 }, "geometry": { "type": "MultiPolygon", "coordinates": [ [ [ [ 129.02068429353676, 35.3364411161457 ], [ 129.020701183716966, 35.337342491547098 ], [ 129.021801200406117, 35.337328646096104 ], [ 129.021784298019725, 35.336427271153589 ], [ 129.02068429353676, 35.3364411161457 ] ] ] ] } },
{ "type": "Feature", "properties": { "GRID_CD_x": "마마382057", "SCH_POP": 0.0 }, "geometry": { "type": "MultiPolygon", "coordinates": [ [ [ [ 129.020701183716966, 35.337342491547098 ], [ 129.02071807464705, 35.338243866806792 ], [ 129.021818103542984, 35.338230020896916 ], [ 129.021801200406117, 35.337328646096104 ], [ 129.020701183716966, 35.337342491547098 ] ] ] ] } },
{ "type": "Feature", "properties": { "GRID_CD_x": "마마382058", "SCH_POP": 0.0 }, "geometry": { "type": "MultiPolygon", "coordinates": [ [ [ [ 129.02071807464705, 35.338243866806792 ], [ 129.020734966327069, 35.33914524192479 ], [ 129.021835007430298, 35.339131395556009 ], [ 129.021818103542984, 35.338230020896916 ], [ 129.02071807464705, 35.338243866806792 ] ] ] ] } },
{ "type": "Feature", "properties": { "GRID_CD_x": "마마382059", "SCH_POP": 0.0 }, "geometry": { "type": "MultiPolygon", "coordinates": [ [ [ [ 129.020734966327069, 35.33914524192479 ], [ 129.02075185875708, 35.34004661690107 ], [ 129.021851912068144, 35.340032770073364 ], [ 129.021835007430298, 35.339131395556009 ], [ 129.020734966327069, 35.33914524192479 ] ] ] ] } },
{ "type": "Feature", "properties": { "GRID_CD_x": "마마382060", "SCH_POP": 0.0 }, "geometry": { "type": "MultiPolygon", "coordinates": [ [ [ [ 129.02075185875708, 35.34004661690107 ], [ 129.020768751937055, 35.340947991735632 ], [ 129.021868817456493, 35.340934144449022 ], [ 129.021851912068144, 35.340032770073364 ], [ 129.02075185875708, 35.34004661690107 ] ] ] ] } },
{ "type": "Feature", "properties": { "GRID_CD_x": "마마382061", "SCH_POP": 0.0 }, "geometry": { "type": "MultiPolygon", "coordinates": [ [ [ [ 129.020768751937055, 35.340947991735632 ], [ 129.020785645867022, 35.341849366428484 ], [ 129.021885723595403, 35.341835518682949 ], [ 129.021868817456493, 35.340934144449022 ], [ 129.020768751937055, 35.340947991735632 ] ] ] ] } },
{ "type": "Feature", "properties": { "GRID_CD_x": "마마382062", "SCH_POP": 0.0 }, "geometry": { "type": "MultiPolygon", "coordinates": [ [ [ [ 129.020785645867022, 35.341849366428484 ], [ 129.020802540547095, 35.342750740979632 ], [ 129.021902630484959, 35.34273689277515 ], [ 129.021885723595403, 35.341835518682949 ], [ 129.020785645867022, 35.341849366428484 ] ] ] ] } },
{ "type": "Feature", "properties": { "GRID_CD_x": "마마382063", "SCH_POP": 0.0 }, "geometry": { "type": "MultiPolygon", "coordinates": [ [ [ [ 129.020802540547095, 35.342750740979632 ], [ 129.020819435977273, 35.343652115389055 ], [ 129.021919538125104, 35.343638266725613 ], [ 129.021902630484959, 35.34273689277515 ], [ 129.020802540547095, 35.342750740979632 ] ] ] ] } },
{ "type": "Feature", "properties": { "GRID_CD_x": "마마383053", "SCH_POP": 0.0 }, "geometry": { "type": "MultiPolygon", "coordinates": [ [ [ [ 129.021733595362775, 35.333723145475773 ], [ 129.021750495498054, 35.334624520843413 ], [ 129.022850474819847, 35.334610666765414 ], [ 129.022833562480002, 35.333709291856941 ], [ 129.021733595362775, 35.333723145475773 ] ] ] ] } },
{ "type": "Feature", "properties": { "GRID_CD_x": "마마383054", "SCH_POP": 0.0 }, "geometry": { "type": "MultiPolygon", "coordinates": [ [ [ [ 129.021750495498054, 35.334624520843413 ], [ 129.021767396383694, 35.335525896069363 ], [ 129.022867387910594, 35.335512041532155 ], [ 129.022850474819847, 35.334610666765414 ], [ 129.021750495498054, 35.334624520843413 ] ] ] ] } },
{ "type": "Feature", "properties": { "GRID_CD_x": "마마383055", "SCH_POP": 0.0 }, "geometry": { "type": "MultiPolygon", "coordinates": [ [ [ [ 129.021767396383694, 35.335525896069363 ], [ 129.021784298019725, 35.336427271153589 ], [ 129.022884301752271, 35.336413416157193 ], [ 129.022867387910594, 35.335512041532155 ], [ 129.021767396383694, 35.335525896069363 ] ] ] ] } },
{ "type": "Feature", "properties": { "GRID_CD_x": "마마383056", "SCH_POP": 0.0 }, "geometry": { "type": "MultiPolygon", "coordinates": [ [ [ [ 129.021784298019725, 35.336427271153589 ], [ 129.021801200406117, 35.337328646096104 ], [ 129.022901216344849, 35.337314790640491 ], [ 129.022884301752271, 35.336413416157193 ], [ 129.021784298019725, 35.336427271153589 ] ] ] ] } },
{ "type": "Feature", "properties": { "GRID_CD_x": "마마383057", "SCH_POP": 0.0 }, "geometry": { "type": "MultiPolygon", "coordinates": [ [ [ [ 129.021801200406117, 35.337328646096104 ], [ 129.021818103542984, 35.338230020896916 ], [ 129.022918131688414, 35.338216164982079 ], [ 129.022901216344849, 35.337314790640491 ], [ 129.021801200406117, 35.337328646096104 ] ] ] ] } },
{ "type": "Feature", "properties": { "GRID_CD_x": "마마383058", "SCH_POP": 0.0 }, "geometry": { "type": "MultiPolygon", "coordinates": [ [ [ [ 129.021818103542984, 35.338230020896916 ], [ 129.021835007430298, 35.339131395556009 ], [ 129.022935047783022, 35.339117539181942 ], [ 129.022918131688414, 35.338216164982079 ], [ 129.021818103542984, 35.338230020896916 ] ] ] ] } },
{ "type": "Feature", "properties": { "GRID_CD_x": "마마383059", "SCH_POP": 0.0 }, "geometry": { "type": "MultiPolygon", "coordinates": [ [ [ [ 129.021835007430298, 35.339131395556009 ], [ 129.021851912068144, 35.340032770073364 ], [ 129.022951964628646, 35.340018913240066 ], [ 129.022935047783022, 35.339117539181942 ], [ 129.021835007430298, 35.339131395556009 ] ] ] ] } },
{ "type": "Feature", "properties": { "GRID_CD_x": "마마383060", "SCH_POP": 0.0 }, "geometry": { "type": "MultiPolygon", "coordinates": [ [ [ [ 129.021851912068144, 35.340032770073364 ], [ 129.021868817456493, 35.340934144449022 ], [ 129.022968882225371, 35.340920287156457 ], [ 129.022951964628646, 35.340018913240066 ], [ 129.021851912068144, 35.340032770073364 ] ] ] ] } },
{ "type": "Feature", "properties": { "GRID_CD_x": "마마383061", "SCH_POP": 0.0 }, "geometry": { "type": "MultiPolygon", "coordinates": [ [ [ [ 129.021868817456493, 35.340934144449022 ], [ 129.021885723595403, 35.341835518682949 ], [ 129.022985800573167, 35.341821660931124 ], [ 129.022968882225371, 35.340920287156457 ], [ 129.021868817456493, 35.340934144449022 ] ] ] ] } },
{ "type": "Feature", "properties": { "GRID_CD_x": "마마383062", "SCH_POP": 0.0 }, "geometry": { "type": "MultiPolygon", "coordinates": [ [ [ [ 129.021885723595403, 35.341835518682949 ], [ 129.021902630484959, 35.34273689277515 ], [ 129.023002719672149, 35.342723034564045 ], [ 129.022985800573167, 35.341821660931124 ], [ 129.021885723595403, 35.341835518682949 ] ] ] ] } },
{ "type": "Feature", "properties": { "GRID_CD_x": "마마384055", "SCH_POP": 0.0 }, "geometry": { "type": "MultiPolygon", "coordinates": [ [ [ [ 129.022867387910594, 35.335512041532155 ], [ 129.022884301752271, 35.336413416157193 ], [ 129.023984304733858, 35.336399551156525 ], [ 129.023967378686592, 35.335498176991038 ], [ 129.022867387910594, 35.335512041532155 ] ] ] ] } },
{ "type": "Feature", "properties": { "GRID_CD_x": "마마384056", "SCH_POP": 0.0 }, "geometry": { "type": "MultiPolygon", "coordinates": [ [ [ [ 129.022884301752271, 35.336413416157193 ], [ 129.022901216344849, 35.337314790640491 ], [ 129.024001231532623, 35.337300925180294 ], [ 129.023984304733858, 35.336399551156525 ], [ 129.022884301752271, 35.336413416157193 ] ] ] ] } },
{ "type": "Feature", "properties": { "GRID_CD_x": "마마384057", "SCH_POP": 0.0 }, "geometry": { "type": "MultiPolygon", "coordinates": [ [ [ [ 129.022901216344849, 35.337314790640491 ], [ 129.022918131688414, 35.338216164982079 ], [ 129.024018159082885, 35.338202299062324 ], [ 129.024001231532623, 35.337300925180294 ], [ 129.022901216344849, 35.337314790640491 ] ] ] ] } },
{ "type": "Feature", "properties": { "GRID_CD_x": "마마384058", "SCH_POP": 0.0 }, "geometry": { "type": "MultiPolygon", "coordinates": [ [ [ [ 129.022918131688414, 35.338216164982079 ], [ 129.022935047783022, 35.339117539181942 ], [ 129.024035087384675, 35.339103672802622 ], [ 129.024018159082885, 35.338202299062324 ], [ 129.022918131688414, 35.338216164982079 ] ] ] ] } },
{ "type": "Feature", "properties": { "GRID_CD_x": "마마384059", "SCH_POP": 0.0 }, "geometry": { "type": "MultiPolygon", "coordinates": [ [ [ [ 129.022935047783022, 35.339117539181942 ], [ 129.022951964628646, 35.340018913240066 ], [ 129.024052016438105, 35.340005046401167 ], [ 129.024035087384675, 35.339103672802622 ], [ 129.022935047783022, 35.339117539181942 ] ] ] ] } },
{ "type": "Feature", "properties": { "GRID_CD_x": "마마384060", "SCH_POP": 0.0 }, "geometry": { "type": "MultiPolygon", "coordinates": [ [ [ [ 129.022951964628646, 35.340018913240066 ], [ 129.022968882225371, 35.340920287156457 ], [ 129.024068946243119, 35.34090641985798 ], [ 129.024052016438105, 35.340005046401167 ], [ 129.022951964628646, 35.340018913240066 ] ] ] ] } },
{ "type": "Feature", "properties": { "GRID_CD_x": "마마384061", "SCH_POP": 0.0 }, "geometry": { "type": "MultiPolygon", "coordinates": [ [ [ [ 129.022968882225371, 35.340920287156457 ], [ 129.022985800573167, 35.341821660931124 ], [ 129.024085876799802, 35.341807793173054 ], [ 129.024068946243119, 35.34090641985798 ], [ 129.022968882225371, 35.340920287156457 ] ] ] ] } },
{ "type": "Feature", "properties": { "GRID_CD_x": "마마384062", "SCH_POP": 0.0 }, "geometry": { "type": "MultiPolygon", "coordinates": [ [ [ [ 129.022985800573167, 35.341821660931124 ], [ 129.023002719672149, 35.342723034564045 ], [ 129.024102808108154, 35.342709166346374 ], [ 129.024085876799802, 35.341807793173054 ], [ 129.022985800573167, 35.341821660931124 ] ] ] ] } },
{ "type": "Feature", "properties": { "GRID_CD_x": "마마385058", "SCH_POP": 0.0 }, "geometry": { "type": "MultiPolygon", "coordinates": [ [ [ [ 129.024018159082885, 35.338202299062324 ], [ 129.024035087384675, 35.339103672802622 ], [ 129.025135126234773, 35.339089796418065 ], [ 129.025118185725773, 35.338188423137666 ], [ 129.024018159082885, 35.338202299062324 ] ] ] ] } },
{ "type": "Feature", "properties": { "GRID_CD_x": "마마385059", "SCH_POP": 0.0 }, "geometry": { "type": "MultiPolygon", "coordinates": [ [ [ [ 129.024035087384675, 35.339103672802622 ], [ 129.024052016438105, 35.340005046401167 ], [ 129.025152067495924, 35.339991169556711 ], [ 129.025135126234773, 35.339089796418065 ], [ 129.024035087384675, 35.339103672802622 ] ] ] ] } },
{ "type": "Feature", "properties": { "GRID_CD_x": "마마385060", "SCH_POP": 0.0 }, "geometry": { "type": "MultiPolygon", "coordinates": [ [ [ [ 129.024052016438105, 35.340005046401167 ], [ 129.024068946243119, 35.34090641985798 ], [ 129.025169009509256, 35.340892542553604 ], [ 129.025152067495924, 35.339991169556711 ], [ 129.024052016438105, 35.340005046401167 ] ] ] ] } },
{ "type": "Feature", "properties": { "GRID_CD_x": "마마385061", "SCH_POP": 0.0 }, "geometry": { "type": "MultiPolygon", "coordinates": [ [ [ [ 129.024068946243119, 35.34090641985798 ], [ 129.024085876799802, 35.341807793173054 ], [ 129.02518595227474, 35.341793915408751 ], [ 129.025169009509256, 35.340892542553604 ], [ 129.024068946243119, 35.34090641985798 ] ] ] ] } },
{ "type": "Feature", "properties": { "GRID_CD_x": "마마385062", "SCH_POP": 36.791179117911796 }, "geometry": { "type": "MultiPolygon", "coordinates": [ [ [ [ 129.024085876799802, 35.341807793173054 ], [ 129.024102808108154, 35.342709166346374 ], [ 129.025202895792461, 35.342695288122137 ], [ 129.02518595227474, 35.341793915408751 ], [ 129.024085876799802, 35.341807793173054 ] ] ] ] } },
{ "type": "Feature", "properties": { "GRID_CD_x": "마마386060", "SCH_POP": 0.0 }, "geometry": { "type": "MultiPolygon", "coordinates": [ [ [ [ 129.025152067495924, 35.339991169556711 ], [ 129.025169009509256, 35.340892542553604 ], [ 129.026269072023155, 35.340878655243351 ], [ 129.02625211780159, 35.339977282706712 ], [ 129.025152067495924, 35.339991169556711 ] ] ] ] } },
{ "type": "Feature", "properties": { "GRID_CD_x": "마마386061", "SCH_POP": 0.0 }, "geometry": { "type": "MultiPolygon", "coordinates": [ [ [ [ 129.025169009509256, 35.340892542553604 ], [ 129.02518595227474, 35.341793915408751 ], [ 129.02628602699744, 35.341780027638251 ], [ 129.026269072023155, 35.340878655243351 ], [ 129.025169009509256, 35.340892542553604 ] ] ] ] } },
{ "type": "Feature", "properties": { "GRID_CD_x": "마마386062", "SCH_POP": 34.090909090909093 }, "geometry": { "type": "MultiPolygon", "coordinates": [ [ [ [ 129.02518595227474, 35.341793915408751 ], [ 129.025202895792461, 35.342695288122137 ], [ 129.026302982724502, 35.342681399891376 ], [ 129.02628602699744, 35.341780027638251 ], [ 129.02518595227474, 35.341793915408751 ] ] ] ] } },
{ "type": "Feature", "properties": { "GRID_CD_x": "마마387061", "SCH_POP": 0.0 }, "geometry": { "type": "MultiPolygon", "coordinates": [ [ [ [ 129.026269072023155, 35.340878655243351 ], [ 129.02628602699744, 35.341780027638251 ], [ 129.027386100967391, 35.341766129861554 ], [ 129.027369133784333, 35.340864757927257 ], [ 129.026269072023155, 35.340878655243351 ] ] ] ] } }
]
}
