{
"type": "FeatureCollection",
"name": "yangsan_boundary",
"crs": { "type": "name", "properties": { "name": "urn:ogc:def:crs:OGC:1.3:CRS84" } },
"features": [
{ "type": "Feature", "properties": { "BASE_DATE": "20250630", "SIGUNGU_CD": "38100", "SIGUNGU_NM": "양산시" }, "geometry": { "type": "MultiPolygon", "coordinates": [ [ [ [ 129.056719939269328, 35.529233398458643 ], [ 129.056636967722341, 35.528068227214007 ], [ 129.056569286132969, 35.527109924199209 ], [ 129.054270908585096, 35.525905324641414 ], [ 129.053307470163389, 35.525740268884377 ], [ 129.053277301546899, 35.525717186344934 ], [ 129.052522887790303, 35.524864709713079 ], [ 129.052112969941504, 35.524401497535891 ], [ 129.05238578566005, 35.522753612454203 ], [ 129.052426341291266, 35.522508635714118 ], [ 129.052189772133403, 35.521339441151262 ], [ 129.051506058177779, 35.520434952925434 ], [ 129.051056409424064, 35.519840094509462 ], [ 129.051158618885154, 35.519092107509763 ], [ 129.052154996266921, 35.518079140499424 ], [ 129.05191492271652, 35.517059359710167 ], [ 129.052290144713169, 35.515702658949934 ], [ 129.052330482726774, 35.515556803983735 ], [ 129.052630267682247, 35.514472447576807 ], [ 129.052637067016747, 35.51444823703536 ], [ 129.052660415375385, 35.514433356443426 ], [ 129.05363670097006, 35.513811130021693 ], [ 129.05457619267753, 35.513388234097867 ], [ 129.055897926270092, 35.512790388107497 ], [ 129.058616932621334, 35.511327336871389 ], [ 129.060953406116852, 35.510000584086178 ], [ 129.061613652530752, 35.509625649499945 ], [ 129.064405630374665, 35.509256245136491 ], [ 129.065335682690773, 35.508799327998332 ], [ 129.065884313852308, 35.508461895572268 ], [ 129.066237216037223, 35.508245811588907 ], [ 129.066795600161527, 35.508035400525721 ], [ 129.067294725576232, 35.50782599495782 ], [ 129.068071028366688, 35.507265498617819 ], [ 129.068519711928786, 35.506980893976134 ], [ 129.068603452723949, 35.506927774260809 ], [ 129.06881297224993, 35.506822740516562 ], [ 129.069469425700248, 35.506521846936529 ], [ 129.07006034028646, 35.506315898521343 ], [ 129.070225973842298, 35.506261590858927 ], [ 129.07031172466634, 35.506223178862157 ], [ 129.070576162202769, 35.506104722350997 ], [ 129.071040640396888, 35.505896654185385 ], [ 129.071695910641466, 35.50564052997585 ], [ 129.07220134213992, 35.505572213271705 ], [ 129.072277454130841, 35.505560907337987 ], [ 129.072358616287033, 35.505546854291453 ], [ 129.072553322430224, 35.505513138298753 ], [ 129.072601536145811, 35.505508328276562 ], [ 129.07297616042888, 35.505352488419234 ], [ 129.073351802411736, 35.505174401737385 ], [ 129.073601312414468, 35.50511890340043 ], [ 129.073937488843768, 35.505112645470632 ], [ 129.075745684541516, 35.504740889768733 ], [ 129.076678632789566, 35.504196712956578 ], [ 129.076933893280824, 35.504044597514785 ], [ 129.077247211638877, 35.503719928923026 ], [ 129.07728780863502, 35.503709417826414 ], [ 129.077548182849569, 35.503642000409002 ], [ 129.077786845506694, 35.503611720275153 ], [ 129.07810468190462, 35.50356408746751 ], [ 129.07825023787089, 35.503542273045717 ], [ 129.078331234767091, 35.50351227324267 ], [ 129.078931994694074, 35.503289757266373 ], [ 129.079188755881034, 35.503196126695492 ], [ 129.079267369127109, 35.503167458424123 ], [ 129.079747520496483, 35.50299236254147 ], [ 129.079869034874747, 35.502972765135908 ], [ 129.079911445049476, 35.502965925796566 ], [ 129.079969644044894, 35.502954338490134 ], [ 129.079986691960045, 35.502950941704434 ], [ 129.080326548381919, 35.502843834672511 ], [ 129.080906445720103, 35.502872467420346 ], [ 129.081487790015842, 35.502800962373698 ], [ 129.081660919957216, 35.502848588029039 ], [ 129.082205663498485, 35.502691624019597 ], [ 129.082837561825954, 35.502542342860757 ], [ 129.083204840334844, 35.502473790812914 ], [ 129.083293172978387, 35.502458806010907 ], [ 129.083449041943567, 35.502470813401303 ], [ 129.08362317292648, 35.502486746920823 ], [ 129.083672342629058, 35.502404190487809 ], [ 129.083730024158086, 35.502395272268863 ], [ 129.083878808794282, 35.502372215040062 ], [ 129.083984359463926, 35.50235595513297 ], [ 129.084004849646448, 35.502352697397789 ], [ 129.084159661485245, 35.50233794424382 ], [ 129.08422722891811, 35.502223262436722 ], [ 129.084467063118041, 35.502166206403693 ], [ 129.084486191913726, 35.50218013660448 ], [ 129.08447382921841, 35.502205492081494 ], [ 129.084548083646951, 35.502237831854991 ], [ 129.084662159739651, 35.502299574679178 ], [ 129.08476428030994, 35.502299367182381 ], [ 129.084930303340798, 35.502300099625437 ], [ 129.085083062411201, 35.502305339019991 ], [ 129.085233907560678, 35.502280736630937 ], [ 129.085332570928472, 35.502264895130345 ], [ 129.08541247245094, 35.502255261238922 ], [ 129.085571753567763, 35.502237824907631 ], [ 129.085621686496438, 35.502227795050295 ], [ 129.085886834756195, 35.502155784709757 ], [ 129.086109433404346, 35.502082541913055 ], [ 129.086256955692818, 35.502022440814663 ], [ 129.086501871432574, 35.501871721625939 ], [ 129.086646426038641, 35.501769801660565 ], [ 129.086750895871489, 35.501709599115294 ], [ 129.086903195052486, 35.501605274395764 ], [ 129.086960863009381, 35.501574253181367 ], [ 129.087025920916147, 35.501539697979965 ], [ 129.087016093196581, 35.501531404047782 ], [ 129.086950849576795, 35.50155820109547 ], [ 129.086900600777284, 35.50158767409588 ], [ 129.086780314770124, 35.501678030906668 ], [ 129.086694591415863, 35.501718084137181 ], [ 129.086618688940376, 35.501762501481267 ], [ 129.086535057052089, 35.501826497653916 ], [ 129.086488417110246, 35.50185314622631 ], [ 129.086448969611411, 35.501844018410267 ], [ 129.086441039540603, 35.501839939489678 ], [ 129.086653316833718, 35.501517038297045 ], [ 129.086670931403063, 35.501490243155779 ], [ 129.086859434305751, 35.501320862919904 ], [ 129.086926821383344, 35.501235188669938 ], [ 129.086907483292549, 35.501225199606154 ], [ 129.086977825259822, 35.501142231691006 ], [ 129.0872395135207, 35.500833564984838 ], [ 129.087249136513833, 35.500822213989096 ], [ 129.087331256783784, 35.50072535117318 ], [ 129.087641682244396, 35.50049079204166 ], [ 129.087878635230368, 35.500314588764802 ], [ 129.088239298606339, 35.500046875617308 ], [ 129.088415693733424, 35.499915939685209 ], [ 129.088473007888325, 35.499882662220884 ], [ 129.0887713437846, 35.499639655890725 ], [ 129.0888047378171, 35.499612455168233 ], [ 129.088984238014092, 35.499499940480739 ], [ 129.089260136901714, 35.499199638044516 ], [ 129.089439277573291, 35.499076564802174 ], [ 129.089656789147739, 35.498926420395961 ], [ 129.089829391575421, 35.498806452959201 ], [ 129.089834034837679, 35.498801514345367 ], [ 129.089906364057384, 35.498751556974348 ], [ 129.090036918617955, 35.498661383604642 ], [ 129.09005033053316, 35.498652234532123 ], [ 129.090057075970577, 35.498659590662882 ], [ 129.090149514933898, 35.498593582727757 ], [ 129.090150215698145, 35.498584334347335 ], [ 129.090243423387449, 35.498522097332341 ], [ 129.090455941159377, 35.49837955795541 ], [ 129.090529610297409, 35.498345988158611 ], [ 129.090618768176853, 35.498305225219703 ], [ 129.090698309929195, 35.498279816298506 ], [ 129.090702441152132, 35.498278546523167 ], [ 129.090705824782816, 35.498277493964004 ], [ 129.09103962172756, 35.49817361497167 ], [ 129.091128852454148, 35.49814584662338 ], [ 129.091212749679414, 35.498155816459345 ], [ 129.091443353878674, 35.49818321982309 ], [ 129.091448518358874, 35.498183919812703 ], [ 129.091592960271981, 35.498200984611927 ], [ 129.091593459768092, 35.498201044736504 ], [ 129.091614348155645, 35.498203511657543 ], [ 129.091621440225538, 35.49820434848602 ], [ 129.091767284419376, 35.498182409509667 ], [ 129.091997485761226, 35.498148718711207 ], [ 129.092128343823731, 35.498130173997708 ], [ 129.092620794824796, 35.498060656313918 ], [ 129.093089752519404, 35.497941161749672 ], [ 129.093278066625231, 35.497894271184556 ], [ 129.093283126233445, 35.497893010696401 ], [ 129.093314756809718, 35.497940854062975 ], [ 129.093418033839953, 35.497908450225673 ], [ 129.093464603777107, 35.497893837505536 ], [ 129.093627414146709, 35.497807526510712 ], [ 129.093608105562765, 35.497789095963206 ], [ 129.093753717796375, 35.497718709885099 ], [ 129.093917733719991, 35.497639436344784 ], [ 129.093910299745232, 35.497605782147353 ], [ 129.093922025061175, 35.497622114857329 ], [ 129.094347980274335, 35.497392656589916 ], [ 129.094346601011296, 35.497424614217394 ], [ 129.094338254491532, 35.497618126161626 ], [ 129.09442987498258, 35.497627635567781 ], [ 129.094433318982851, 35.49762763332027 ], [ 129.094644992671761, 35.4976490212876 ], [ 129.094686995072664, 35.497727279075939 ], [ 129.094696348777632, 35.497744705994116 ], [ 129.094895752821543, 35.498116234899172 ], [ 129.095073456695189, 35.498101873795051 ], [ 129.095170919311897, 35.498094191158039 ], [ 129.095942867184306, 35.498031063663717 ], [ 129.096791821554746, 35.498146018378833 ], [ 129.096959831994099, 35.497939566826155 ], [ 129.097134712665394, 35.497725796315592 ], [ 129.097189595847397, 35.497679413999442 ], [ 129.097251353093867, 35.497626981360902 ], [ 129.097298600307369, 35.497586430387557 ], [ 129.09733117739961, 35.497558470936575 ], [ 129.097414442394182, 35.497485177226608 ], [ 129.097877464783011, 35.497155126042678 ], [ 129.09826104342676, 35.496931602221558 ], [ 129.098668853750212, 35.496810724430652 ], [ 129.099094338088918, 35.49663350362902 ], [ 129.099147696646327, 35.496609519038437 ], [ 129.09936314712661, 35.496624696464842 ], [ 129.099415433756064, 35.496579623279864 ], [ 129.09953190380574, 35.496479222582806 ], [ 129.100455798760436, 35.496619862876358 ], [ 129.101289737831252, 35.497272621758761 ], [ 129.10221323522768, 35.497640539979813 ], [ 129.102599199687063, 35.497672745292149 ], [ 129.103253239628572, 35.497389699639484 ], [ 129.103829379192973, 35.497273248510005 ], [ 129.103865453804076, 35.497265956725805 ], [ 129.104009444641576, 35.497282589804144 ], [ 129.104056929641814, 35.497252129565851 ], [ 129.104275116075797, 35.497110835892421 ], [ 129.105267578633317, 35.496465130503161 ], [ 129.105141140703012, 35.496032045880838 ], [ 129.105085408028799, 35.495809867448386 ], [ 129.105221063870914, 35.495643856926925 ], [ 129.105332067386399, 35.495592219096309 ], [ 129.10574082213401, 35.495414003147417 ], [ 129.105977140687543, 35.495359645351151 ], [ 129.106069638518306, 35.495338369625102 ], [ 129.106529096603481, 35.495216998699419 ], [ 129.106562284089563, 35.49520312716615 ], [ 129.106723238025097, 35.495135851615814 ], [ 129.106686779273559, 35.495016512606064 ], [ 129.106490113210157, 35.494372767315006 ], [ 129.106330134218695, 35.493838738144717 ], [ 129.10668486147884, 35.492909946480033 ], [ 129.106579560474586, 35.492663886726774 ], [ 129.106253759173313, 35.491902573095487 ], [ 129.10621850479771, 35.491820193267571 ], [ 129.106223469523684, 35.491766572133429 ], [ 129.106240851102086, 35.491578821009597 ], [ 129.106242106005794, 35.491565274674905 ], [ 129.106265864878509, 35.491292753825959 ], [ 129.106409874208765, 35.491048649907981 ], [ 129.106601938304919, 35.490723088712869 ], [ 129.106652317418138, 35.49040715861689 ], [ 129.10678937957951, 35.489477435239834 ], [ 129.107267881036648, 35.488886830352186 ], [ 129.10745949290731, 35.488650323970298 ], [ 129.107971870190795, 35.488210486314401 ], [ 129.108092535466113, 35.488145723154595 ], [ 129.10850855408458, 35.487922436330251 ], [ 129.108823960441157, 35.4878899073586 ], [ 129.108954755237988, 35.486936236887544 ], [ 129.109113160654459, 35.486799778142 ], [ 129.109159672612236, 35.486763706833713 ], [ 129.109287117793286, 35.48666486616964 ], [ 129.109374952609386, 35.486596745943281 ], [ 129.109309136154394, 35.486198323581327 ], [ 129.109236947348649, 35.485761331090785 ], [ 129.109261206416363, 35.485460330890959 ], [ 129.109268287068517, 35.485372470990072 ], [ 129.109224505938812, 35.485302438895872 ], [ 129.109082273665763, 35.485074927252057 ], [ 129.108958041240157, 35.484878160911634 ], [ 129.108939075067411, 35.48485972281285 ], [ 129.108763222656449, 35.484689479611681 ], [ 129.108456896926953, 35.484423162382235 ], [ 129.108258327219147, 35.484250401208826 ], [ 129.108150074651093, 35.484157269277517 ], [ 129.108046954116446, 35.484040330895745 ], [ 129.10794795020081, 35.483911134104183 ], [ 129.107921432671191, 35.483648792376478 ], [ 129.107991497482629, 35.483250606300615 ], [ 129.108030510616942, 35.483195509779954 ], [ 129.108357658432737, 35.48273859172901 ], [ 129.108411695320484, 35.482663119801998 ], [ 129.108422244395626, 35.482611876311459 ], [ 129.108461134256174, 35.48242296254795 ], [ 129.108513259429458, 35.482375913250287 ], [ 129.108634487131155, 35.482266485373856 ], [ 129.108722382560387, 35.481681974682999 ], [ 129.108570202186343, 35.481450706444598 ], [ 129.108322472348846, 35.481074227014894 ], [ 129.108702483978789, 35.480704773632503 ], [ 129.109143586454394, 35.480306678709866 ], [ 129.109408385159242, 35.479796081329816 ], [ 129.109439373238388, 35.479661841070715 ], [ 129.109628542173112, 35.479498593610167 ], [ 129.110820132790082, 35.478989402910244 ], [ 129.110854622064807, 35.478977229438712 ], [ 129.110950920939132, 35.478943237081097 ], [ 129.111027275119966, 35.478830517578672 ], [ 129.111047998471207, 35.478799922462471 ], [ 129.111173211998477, 35.478698179621283 ], [ 129.11134208655821, 35.478560957962536 ], [ 129.111349341132694, 35.478510930235039 ], [ 129.111355217788059, 35.478470390847058 ], [ 129.1113990159661, 35.47846004837438 ], [ 129.111700646473253, 35.478388814930391 ], [ 129.112020730098948, 35.478152208023864 ], [ 129.112948961232604, 35.477829564944571 ], [ 129.113300049147256, 35.477658510624394 ], [ 129.113734365270773, 35.477446902738976 ], [ 129.11387672164301, 35.47738908693335 ], [ 129.114138906520026, 35.477282601362525 ], [ 129.115695924661566, 35.476640362905506 ], [ 129.115957703480603, 35.476701655545092 ], [ 129.116034735843925, 35.476661645997176 ], [ 129.116179330954481, 35.476586543561773 ], [ 129.116326034320281, 35.476510345272281 ], [ 129.117277169119234, 35.475976539244378 ], [ 129.117339024809979, 35.475930869489638 ], [ 129.117398067446658, 35.475887274926343 ], [ 129.117433873992013, 35.475766410317725 ], [ 129.117397797893886, 35.475694524302092 ], [ 129.117321135471059, 35.475541761077878 ], [ 129.11712586100063, 35.47515254638175 ], [ 129.117173348072896, 35.47510706387795 ], [ 129.117335440370852, 35.474951809936549 ], [ 129.11769993662017, 35.474737115547555 ], [ 129.117708630615084, 35.474680918658983 ], [ 129.117579809680194, 35.474405440989102 ], [ 129.117601281290462, 35.474375845385005 ], [ 129.117558838157407, 35.47431025646852 ], [ 129.11755955321604, 35.474056529447928 ], [ 129.117559755090411, 35.473984802623669 ], [ 129.11764428697785, 35.473846473418817 ], [ 129.118546464002634, 35.472370089925775 ], [ 129.118837828840782, 35.471957309766083 ], [ 129.11999771702844, 35.471072476161275 ], [ 129.121271763051283, 35.470106683454297 ], [ 129.121412283949667, 35.469228911069507 ], [ 129.121678829391556, 35.467563869197242 ], [ 129.121690844098708, 35.467488810115043 ], [ 129.121122553339291, 35.466534406976542 ], [ 129.120582037180128, 35.465493511232872 ], [ 129.12060024961616, 35.465461968233861 ], [ 129.121766065349249, 35.463442696512089 ], [ 129.125588591856626, 35.461981314957825 ], [ 129.126384690615026, 35.461676938323905 ], [ 129.127048445140019, 35.461174408358652 ], [ 129.127605036252476, 35.460753003251156 ], [ 129.128558199595801, 35.46003133048864 ], [ 129.130202474144085, 35.458712553877056 ], [ 129.130447425815589, 35.458516086531915 ], [ 129.130588221323279, 35.458403159532345 ], [ 129.130883952045252, 35.458165960828467 ], [ 129.130947639768323, 35.457877824046712 ], [ 129.131284500083893, 35.456353758097755 ], [ 129.131980296280233, 35.456194296246458 ], [ 129.132175243046561, 35.45615070945702 ], [ 129.132401832244767, 35.456097368672864 ], [ 129.132819639054929, 35.455501482796606 ], [ 129.132822386760154, 35.455497540083684 ], [ 129.134087030432397, 35.454606484688 ], [ 129.135670389309496, 35.453490823839786 ], [ 129.136483767729914, 35.452748450617143 ], [ 129.138088679937766, 35.452108125060022 ], [ 129.138613153033674, 35.45071753850511 ], [ 129.13875306398208, 35.450404596941638 ], [ 129.139360549630226, 35.449061794724379 ], [ 129.139593021254342, 35.448529335600888 ], [ 129.140054998067683, 35.448056177773985 ], [ 129.140466105399497, 35.447629131782115 ], [ 129.14119198257626, 35.447301144628433 ], [ 129.141765154660362, 35.447045436299284 ], [ 129.142479510221023, 35.446331445900206 ], [ 129.143152265717475, 35.445654110551168 ], [ 129.144324453890079, 35.445378677947168 ], [ 129.144639677811028, 35.445051574187872 ], [ 129.145080345581647, 35.444672915699414 ], [ 129.145085589470796, 35.444668409479348 ], [ 129.145514646860192, 35.444315199002546 ], [ 129.145589091049573, 35.444253915138283 ], [ 129.145761801583234, 35.444196237351207 ], [ 129.145993276160908, 35.444118937119036 ], [ 129.14642721918392, 35.443976171726753 ], [ 129.14705963775765, 35.444053717879633 ], [ 129.14760993955386, 35.444120508159386 ], [ 129.147796534507563, 35.444142394897526 ], [ 129.14832444553025, 35.443817141790696 ], [ 129.148835854506245, 35.443499509994581 ], [ 129.149310083918465, 35.443281766074719 ], [ 129.149565178957516, 35.443169628397186 ], [ 129.149668434190886, 35.443124235803481 ], [ 129.149814776585544, 35.443059902157486 ], [ 129.150251950699158, 35.442802644663942 ], [ 129.15042487178772, 35.442700885801266 ], [ 129.150726044455268, 35.44252081461817 ], [ 129.151317160156424, 35.442229834053222 ], [ 129.15204442416362, 35.441865582394492 ], [ 129.152337841312942, 35.44144806102252 ], [ 129.152450848574233, 35.44128725443084 ], [ 129.152769561645329, 35.440826482556787 ], [ 129.152830119474118, 35.440768267615134 ], [ 129.153287812807832, 35.440328276192453 ], [ 129.153448408728423, 35.440166964728036 ], [ 129.154003933895694, 35.439723917559341 ], [ 129.154149755393689, 35.439610690984523 ], [ 129.154505516110675, 35.439334452780365 ], [ 129.154816964533296, 35.439089866964203 ], [ 129.155091622020763, 35.438874176568802 ], [ 129.155619037921525, 35.438681270532982 ], [ 129.156194082943188, 35.438470700014641 ], [ 129.156228175271281, 35.43844581455356 ], [ 129.156277128715601, 35.438410076014328 ], [ 129.156681082870989, 35.438115184230675 ], [ 129.156992979116211, 35.437851179899518 ], [ 129.15699323033445, 35.43785096729048 ], [ 129.157090659341691, 35.437768498985655 ], [ 129.157664002711613, 35.437219959473929 ], [ 129.157813788186331, 35.437076650562702 ], [ 129.157867341922923, 35.437007999183272 ], [ 129.158165086088502, 35.436766368089799 ], [ 129.158471211954094, 35.436498113624502 ], [ 129.15876513936081, 35.43640868340713 ], [ 129.158901674110638, 35.436367142378089 ], [ 129.159248377802186, 35.43626417101504 ], [ 129.159463696662243, 35.436198399914836 ], [ 129.159720059750924, 35.436005402980328 ], [ 129.160346856640103, 35.435527593034337 ], [ 129.160551459324665, 35.435351148395362 ], [ 129.160736931063866, 35.435190794295103 ], [ 129.160814116425939, 35.435124063195964 ], [ 129.161598776792999, 35.43501897164564 ], [ 129.161636081575637, 35.435013975627015 ], [ 129.161951441740769, 35.434987923079298 ], [ 129.162615222889485, 35.434771288202349 ], [ 129.163468829172814, 35.434487352991496 ], [ 129.164123927173165, 35.434148629370618 ], [ 129.164728992906447, 35.433834178668732 ], [ 129.165117216133041, 35.433646705065733 ], [ 129.165190706278423, 35.433611217746133 ], [ 129.165194000231992, 35.433609627045882 ], [ 129.165225168858655, 35.4333746453079 ], [ 129.165276372169245, 35.432988600533825 ], [ 129.165343145053157, 35.432826274247965 ], [ 129.16541335522237, 35.432657885338372 ], [ 129.165421868538488, 35.432639406847422 ], [ 129.165468684874043, 35.432537817604654 ], [ 129.165618348205953, 35.432174840937435 ], [ 129.165645467272384, 35.432120144542402 ], [ 129.165825248578159, 35.432125550631952 ], [ 129.166068918904301, 35.432135218989458 ], [ 129.166145483192679, 35.432135678698529 ], [ 129.166376207613268, 35.432136013720537 ], [ 129.166395163463278, 35.432136040554262 ], [ 129.166654640279546, 35.432137231304047 ], [ 129.166906724602626, 35.43213815213241 ], [ 129.166987524666041, 35.432138682642268 ], [ 129.167137477794995, 35.432139669942046 ], [ 129.167228369801933, 35.432073719205711 ], [ 129.167305680189259, 35.432017622441087 ], [ 129.167521483316904, 35.431861146811094 ], [ 129.167608934732471, 35.431798353678623 ], [ 129.167836747081168, 35.431794804389483 ], [ 129.168049937703358, 35.431792540375184 ], [ 129.168234657063039, 35.431839459699788 ], [ 129.168421342537357, 35.431915246349213 ], [ 129.168650555244909, 35.43200816039716 ], [ 129.168718752009113, 35.432036799487761 ], [ 129.168821865670338, 35.432118935450752 ], [ 129.168910068523019, 35.432189194845044 ], [ 129.169034336660616, 35.432207612091823 ], [ 129.169165499162688, 35.432227565693545 ], [ 129.169202621495714, 35.432233242465351 ], [ 129.169389943959516, 35.432261894596877 ], [ 129.169622832941599, 35.432297483864289 ], [ 129.169757601231368, 35.432318138842547 ], [ 129.169938343417215, 35.432346895558567 ], [ 129.170015033732682, 35.432489033726654 ], [ 129.17005942531631, 35.432575194081437 ], [ 129.170077751598569, 35.432610762853656 ], [ 129.170255247268386, 35.432821057420618 ], [ 129.170478278856876, 35.433080575663588 ], [ 129.170633196656496, 35.433269634948587 ], [ 129.170881883556575, 35.433352475262296 ], [ 129.17107607411603, 35.433417162093043 ], [ 129.171129429292193, 35.43342356739317 ], [ 129.171225639632496, 35.433434139581379 ], [ 129.171320480844457, 35.433445408615583 ], [ 129.171328055588873, 35.433446389212776 ], [ 129.171329251835317, 35.433446387075563 ], [ 129.171433024543205, 35.433452009452168 ], [ 129.171501342634571, 35.433455717322857 ], [ 129.171568120059277, 35.433458858676076 ], [ 129.171659158115659, 35.43346338239845 ], [ 129.171732983809022, 35.433467080584435 ], [ 129.17173232499988, 35.433483274380237 ], [ 129.171785850259567, 35.433487565597069 ], [ 129.17184594539475, 35.433505930996169 ], [ 129.171890348944061, 35.433511780160984 ], [ 129.171944226003774, 35.43352029832257 ], [ 129.172037656317002, 35.433518196472619 ], [ 129.172137108245209, 35.433516225710193 ], [ 129.172208899919411, 35.433531186926146 ], [ 129.172252451116492, 35.433540562015871 ], [ 129.172345614585169, 35.433553999176397 ], [ 129.172346264240787, 35.433554092953393 ], [ 129.17245986101139, 35.433570268955101 ], [ 129.172570883868389, 35.433586303807381 ], [ 129.172663135586333, 35.433597302934189 ], [ 129.172763647956714, 35.433608144248446 ], [ 129.17283042779593, 35.433615228257153 ], [ 129.172859813697869, 35.433597159626657 ], [ 129.172878532179112, 35.433576858719178 ], [ 129.172898271811476, 35.433553310690705 ], [ 129.172973284619644, 35.433550383285372 ], [ 129.173039501660696, 35.433534101330977 ], [ 129.173097491809273, 35.433538241732208 ], [ 129.173110391833717, 35.433535830697373 ], [ 129.173305947629359, 35.433491468454427 ], [ 129.17356978478918, 35.433432228504344 ], [ 129.173781923600444, 35.433500506336053 ], [ 129.174019022333965, 35.433575936775455 ], [ 129.174138003364476, 35.433612945325251 ], [ 129.174267267134042, 35.433466018904511 ], [ 129.174308311505172, 35.433419859944841 ], [ 129.174326827097019, 35.433399036928179 ], [ 129.174327761061136, 35.43339860385089 ], [ 129.174332767504296, 35.43340375800561 ], [ 129.174343997734724, 35.433397740350223 ], [ 129.174374423565951, 35.433376928834946 ], [ 129.17439606147525, 35.433366877520903 ], [ 129.174488928120041, 35.433323739331144 ], [ 129.174685067076013, 35.433230794753321 ], [ 129.174906813841488, 35.43312654611568 ], [ 129.175116368879941, 35.433111031130473 ], [ 129.175400767483922, 35.433176958270764 ], [ 129.175615968015933, 35.433227626337576 ], [ 129.176199921939002, 35.433437464112835 ], [ 129.176745470336328, 35.433632563788294 ], [ 129.176690706116005, 35.433693059469142 ], [ 129.176774222597629, 35.433722096013597 ], [ 129.176835412410412, 35.433770452755873 ], [ 129.176948402323632, 35.433821688881842 ], [ 129.177040612352528, 35.433811837744777 ], [ 129.177124527462837, 35.433785940563581 ], [ 129.177206268717441, 35.433706119262467 ], [ 129.177249711043942, 35.433642345749099 ], [ 129.177268694576213, 35.433614483685936 ], [ 129.17734982761192, 35.43349409910887 ], [ 129.177427995530962, 35.433356534238705 ], [ 129.17748713335402, 35.433250962975691 ], [ 129.177514895085807, 35.43312248471964 ], [ 129.177511702858851, 35.433077566889303 ], [ 129.177467139362705, 35.432919900695552 ], [ 129.177450340508642, 35.432790642437055 ], [ 129.177494180782304, 35.432692559259117 ], [ 129.1776175451879, 35.432612391884497 ], [ 129.177657397565014, 35.432582056186057 ], [ 129.177694084279466, 35.432437792090376 ], [ 129.177708909008714, 35.432371859325521 ], [ 129.177734252926513, 35.432315353041609 ], [ 129.177757881679895, 35.432262083720786 ], [ 129.177817090702803, 35.432193128735989 ], [ 129.177866527922902, 35.432137288281922 ], [ 129.177903405488678, 35.432083153214045 ], [ 129.177976654342359, 35.431977989617664 ], [ 129.178010518112018, 35.431929806983064 ], [ 129.178045614496654, 35.43187987442262 ], [ 129.178154152088013, 35.431864222108572 ], [ 129.17822381192471, 35.431854824214163 ], [ 129.178235206652886, 35.431853360358097 ], [ 129.178281446921858, 35.431847419998313 ], [ 129.178347508044993, 35.431841685483207 ], [ 129.178398115967781, 35.431837819230324 ], [ 129.178437657820098, 35.431834799207635 ], [ 129.178406119432111, 35.431893849389411 ], [ 129.178359686627601, 35.431981799429522 ], [ 129.178327848996219, 35.432067409861205 ], [ 129.178318292297178, 35.432093108931554 ], [ 129.178290266591034, 35.432184272205781 ], [ 129.178268318639823, 35.432220213874466 ], [ 129.178271993984737, 35.43224879786618 ], [ 129.178315937574268, 35.432275913261073 ], [ 129.178358740097281, 35.432259513978629 ], [ 129.178691204733667, 35.432504354194016 ], [ 129.179005432015003, 35.432753439183152 ], [ 129.179389828747816, 35.432904132713297 ], [ 129.179787659387301, 35.433061410516736 ], [ 129.179998946562677, 35.433211932333741 ], [ 129.180184219535931, 35.433342487666032 ], [ 129.180810404374597, 35.433347896051366 ], [ 129.180813176430576, 35.433347922366053 ], [ 129.181531912429051, 35.433354852964342 ], [ 129.182069670391257, 35.433522896617397 ], [ 129.182413703108239, 35.433701382254071 ], [ 129.182826438075466, 35.433827930071544 ], [ 129.182850486221298, 35.433961256955335 ], [ 129.183250406734004, 35.434049240490666 ], [ 129.183698549443477, 35.434150944267607 ], [ 129.18407112271251, 35.434319243368137 ], [ 129.184421465220851, 35.434474935883074 ], [ 129.184442835193721, 35.434484432135605 ], [ 129.184461197158384, 35.434500344320419 ], [ 129.18472835076372, 35.434731859516994 ], [ 129.184987139349857, 35.434954542066919 ], [ 129.185254971113011, 35.435065390291427 ], [ 129.185546217224271, 35.435181978406582 ], [ 129.185986652685045, 35.435222149381964 ], [ 129.186418479586337, 35.435262895192444 ], [ 129.186802385767379, 35.435035708467197 ], [ 129.186822221728903, 35.435024033890571 ], [ 129.187160326621552, 35.43482503561934 ], [ 129.187713334934273, 35.434847894834924 ], [ 129.18785025077608, 35.43485355354759 ], [ 129.187958996623593, 35.434828473689144 ], [ 129.188307032377679, 35.434748204541812 ], [ 129.188580991234886, 35.43475623524369 ], [ 129.188860207336489, 35.434949719901979 ], [ 129.189120280283362, 35.435127323198543 ], [ 129.189497137949445, 35.435204905346289 ], [ 129.189749277848762, 35.435076917228983 ], [ 129.189625087561495, 35.435025848208362 ], [ 129.189713866384892, 35.4349471299725 ], [ 129.189773112296791, 35.434893522133635 ], [ 129.189853654087017, 35.434900440100066 ], [ 129.189856371429443, 35.434900481396816 ], [ 129.189861918554953, 35.434900567825423 ], [ 129.189936102177768, 35.434908333848448 ], [ 129.190008733666104, 35.434918364611157 ], [ 129.190064686193892, 35.434925599639257 ], [ 129.190140605700549, 35.434944210314441 ], [ 129.190172287732224, 35.434952046555239 ], [ 129.190242533648615, 35.434969261668861 ], [ 129.190313159199007, 35.434997679489413 ], [ 129.190316929670644, 35.434999197192141 ], [ 129.190329689667919, 35.435004330447399 ], [ 129.190336390906054, 35.435007035021087 ], [ 129.190388767733992, 35.435028176783931 ], [ 129.190438713269458, 35.43504852134199 ], [ 129.190479551331549, 35.435070567526118 ], [ 129.190513139617025, 35.435088541050128 ], [ 129.190569498444972, 35.43519928606554 ], [ 129.190603273354441, 35.435289929050157 ], [ 129.190659376013599, 35.435442356235356 ], [ 129.190695735726905, 35.435540177184755 ], [ 129.190754084309418, 35.435618247323035 ], [ 129.190818258259952, 35.435687155429711 ], [ 129.190862565901398, 35.435723278353557 ], [ 129.190954122707922, 35.435798903423404 ], [ 129.191055500053125, 35.435883521737175 ], [ 129.191114984252579, 35.435932432296816 ], [ 129.191219454339461, 35.436015640390046 ], [ 129.191325306936164, 35.436100260678352 ], [ 129.191482016368496, 35.436224927287682 ], [ 129.191491445674217, 35.436224912360238 ], [ 129.191618840744013, 35.436326130952949 ], [ 129.192056721303516, 35.436621628724275 ], [ 129.192527967839254, 35.436925005361402 ], [ 129.192636514781867, 35.436988762696423 ], [ 129.192701327664764, 35.437019025813186 ], [ 129.192883602812913, 35.437092564004317 ], [ 129.192975977861352, 35.437123873889966 ], [ 129.193045912593504, 35.43714757383156 ], [ 129.193362005302021, 35.437228298506966 ], [ 129.19336229305685, 35.437228467567621 ], [ 129.193362901694002, 35.437485474356485 ], [ 129.193631105179776, 35.437528990626852 ], [ 129.194233273306338, 35.437626472324972 ], [ 129.194802574026596, 35.437718644360864 ], [ 129.194807396883164, 35.437719485407257 ], [ 129.194859898073219, 35.437728133380496 ], [ 129.194863516458099, 35.437728692022262 ], [ 129.194920496727434, 35.437738176824311 ], [ 129.195005658399765, 35.43775217931843 ], [ 129.194998512764556, 35.437798810376528 ], [ 129.195093279513458, 35.437882221576722 ], [ 129.195202804928073, 35.437981768703231 ], [ 129.196006299927376, 35.438424957890028 ], [ 129.196050809049751, 35.438446189645354 ], [ 129.196979857826364, 35.43890291356454 ], [ 129.19714680040542, 35.438669233769268 ], [ 129.197257299176215, 35.438511994496402 ], [ 129.197303500553687, 35.438432995829473 ], [ 129.197088787000297, 35.438142101975153 ], [ 129.197071004010354, 35.437883187561205 ], [ 129.196969439533177, 35.437846911782771 ], [ 129.197040102854032, 35.437771517194122 ], [ 129.197112410253226, 35.437711265293181 ], [ 129.1971345860631, 35.437698479691193 ], [ 129.197274796035259, 35.437617635468655 ], [ 129.197310547095924, 35.437600398238935 ], [ 129.197680556513092, 35.437472342785441 ], [ 129.197854817160305, 35.437377277605677 ], [ 129.197979110022061, 35.437346375032533 ], [ 129.198008731703993, 35.437339009220736 ], [ 129.198020585353134, 35.437257728394599 ], [ 129.198010302339441, 35.437219198435109 ], [ 129.197985156877024, 35.43712498155795 ], [ 129.197996806670346, 35.437106797541233 ], [ 129.198006755385421, 35.437091855978792 ], [ 129.19807966247663, 35.437045323848665 ], [ 129.198246777694749, 35.436938660144783 ], [ 129.198451998119737, 35.436840452104121 ], [ 129.198414098242125, 35.436679963469388 ], [ 129.198406326951584, 35.436529011215434 ], [ 129.198443675602164, 35.436459802173736 ], [ 129.198507040879321, 35.436407024693246 ], [ 129.198623559773495, 35.436344166401398 ], [ 129.198756059276803, 35.436272972780785 ], [ 129.198861892038849, 35.436205904759824 ], [ 129.198966638529498, 35.436186020931721 ], [ 129.199061254672017, 35.436174310591994 ], [ 129.199099137093867, 35.436113132043104 ], [ 129.199135657419873, 35.43605801122424 ], [ 129.19923180547525, 35.435972227835812 ], [ 129.199321433400712, 35.435889972860672 ], [ 129.19934856009607, 35.435866552823718 ], [ 129.199369068982264, 35.435808775991141 ], [ 129.19936753423417, 35.435743722054745 ], [ 129.199365424587796, 35.435652468208275 ], [ 129.199363362460957, 35.435583600933711 ], [ 129.199432265759896, 35.435475609939878 ], [ 129.199508210680506, 35.435358314963153 ], [ 129.199526728929726, 35.435329421077213 ], [ 129.19954369669216, 35.43530516494441 ], [ 129.199557421358321, 35.435287824266396 ], [ 129.199587973021124, 35.435256930805842 ], [ 129.199653518313426, 35.435248932589587 ], [ 129.19972886499454, 35.435239656770833 ], [ 129.199800211352709, 35.43521123245808 ], [ 129.19986995024783, 35.435160843785518 ], [ 129.199939864618131, 35.4351111558098 ], [ 129.199917983589899, 35.43510133595538 ], [ 129.199889652417426, 35.435126024427504 ], [ 129.19978860497514, 35.435181251729034 ], [ 129.199707154952193, 35.435224765967547 ], [ 129.199636543931405, 35.435204746905427 ], [ 129.199685944131886, 35.435208889049726 ], [ 129.199720813287882, 35.435184045457248 ], [ 129.199755339567417, 35.435159765642716 ], [ 129.199821302825654, 35.435112338556628 ], [ 129.199824598876091, 35.435043913327021 ], [ 129.19983030758263, 35.434925301001762 ], [ 129.199835562704294, 35.434822735405703 ], [ 129.199838844842304, 35.434758679271198 ], [ 129.19983891656338, 35.43475763697316 ], [ 129.199839883624435, 35.434743693535268 ], [ 129.199840264817652, 35.434738194133146 ], [ 129.199866332264577, 35.434757629564459 ], [ 129.20001719107799, 35.434715139193912 ], [ 129.200329315560509, 35.434594210832017 ], [ 129.200489300641806, 35.43442508610358 ], [ 129.200513090378621, 35.434318304294571 ], [ 129.200444848276703, 35.434301582642284 ], [ 129.200455783328579, 35.434288846599891 ], [ 129.200474942231239, 35.434267762673791 ], [ 129.20051215969707, 35.434226806667581 ], [ 129.200643038452995, 35.434082777047536 ], [ 129.200654455133389, 35.434070212708832 ], [ 129.200921016174561, 35.433776864480031 ], [ 129.201544508167217, 35.433041826593481 ], [ 129.201920224251808, 35.432587171531473 ], [ 129.202112185323529, 35.43207423207042 ], [ 129.20142064790798, 35.431381503311094 ], [ 129.200727736484595, 35.430686663855916 ], [ 129.199943052681448, 35.430451930504596 ], [ 129.199998840668428, 35.430358335873059 ], [ 129.200117502331778, 35.430159256291695 ], [ 129.200204201549582, 35.430013796489362 ], [ 129.20059897294297, 35.429337025744211 ], [ 129.201065474601705, 35.428537041690213 ], [ 129.201066046551091, 35.428536059958354 ], [ 129.201095894742934, 35.428150275940233 ], [ 129.200932077470668, 35.428073087379126 ], [ 129.200911198450171, 35.427945847545182 ], [ 129.200811896117358, 35.427340688076356 ], [ 129.200669395353742, 35.426490021301966 ], [ 129.200556544126243, 35.425377085186945 ], [ 129.200542065476412, 35.425230230210566 ], [ 129.200652635958448, 35.424992466766916 ], [ 129.200748488155739, 35.42478999435874 ], [ 129.200786482960382, 35.424709734193797 ], [ 129.200546266179032, 35.424634087338113 ], [ 129.200456403566221, 35.424605788573224 ], [ 129.2002413818077, 35.424276335424985 ], [ 129.200188774137388, 35.424195731284414 ], [ 129.200157451959655, 35.424147738435131 ], [ 129.200619869472632, 35.423636318214825 ], [ 129.20101638337573, 35.423188251716041 ], [ 129.201079337461266, 35.423166812092425 ], [ 129.201187596270273, 35.42312994324508 ], [ 129.2014359931797, 35.423047636642991 ], [ 129.201493423501745, 35.423028606959591 ], [ 129.201501993623424, 35.423024682540863 ], [ 129.202151631979149, 35.422727264704875 ], [ 129.202126269746458, 35.422642512404664 ], [ 129.201948478492142, 35.422048380612715 ], [ 129.201953033524461, 35.421944293811265 ], [ 129.201984859800831, 35.421875840370603 ], [ 129.202137349514402, 35.421547833628829 ], [ 129.202684002319046, 35.42129511587283 ], [ 129.203279273623906, 35.421013173043903 ], [ 129.204018786832421, 35.421047558439767 ], [ 129.204150437252622, 35.421053678981202 ], [ 129.204424032224722, 35.421067462909633 ], [ 129.204836566485028, 35.42108824397733 ], [ 129.204865555882407, 35.421089703535792 ], [ 129.205029530825982, 35.421097964023197 ], [ 129.205035065416695, 35.420885550288752 ], [ 129.205042082266601, 35.420616168354762 ], [ 129.205630446678214, 35.420260985015268 ], [ 129.20605873555877, 35.420223226290041 ], [ 129.206517644074637, 35.420181176434888 ], [ 129.206945248818243, 35.420007369675403 ], [ 129.207708072731236, 35.420034587287276 ], [ 129.207834450649983, 35.420039095211855 ], [ 129.208644158706875, 35.420064883688987 ], [ 129.20866375371051, 35.420057349811927 ], [ 129.209016089264367, 35.419921871907484 ], [ 129.209188392957316, 35.419856372179844 ], [ 129.209558703685843, 35.419715602193051 ], [ 129.210037937138424, 35.419648952675708 ], [ 129.210093912269286, 35.419641167446422 ], [ 129.210170465794562, 35.419697076315856 ], [ 129.210239736013534, 35.419747666391508 ], [ 129.210291828992609, 35.419718370118176 ], [ 129.210435554858918, 35.419637536015607 ], [ 129.210859390519062, 35.419399163953429 ], [ 129.211456538011021, 35.419062951798267 ], [ 129.211420069686085, 35.418733895062552 ], [ 129.211905173231202, 35.41831745878185 ], [ 129.212378771048549, 35.417909631285177 ], [ 129.212863358794294, 35.417363065439559 ], [ 129.212966127171313, 35.416728590589074 ], [ 129.213024175082808, 35.416368654993526 ], [ 129.213079718460904, 35.416024234482371 ], [ 129.213490145727036, 35.415151353413073 ], [ 129.213720314391452, 35.414555516860325 ], [ 129.213900043486831, 35.414079901540184 ], [ 129.214187131702374, 35.413741827532981 ], [ 129.214788030784973, 35.413020139433847 ], [ 129.215945409218591, 35.412515586922837 ], [ 129.216119883710292, 35.412439523794482 ], [ 129.216800316168104, 35.412140742501364 ], [ 129.218175406936723, 35.411529471768105 ], [ 129.218574869251825, 35.410251698423089 ], [ 129.218887981186128, 35.409302077904066 ], [ 129.218915574483162, 35.409055954498683 ], [ 129.21897030320531, 35.408567781954581 ], [ 129.219063000610845, 35.407762612578523 ], [ 129.21907199792139, 35.407684453635767 ], [ 129.218883787859227, 35.406971481584996 ], [ 129.216892808697054, 35.405591533699621 ], [ 129.21534632043074, 35.404494293514581 ], [ 129.215208059841729, 35.404396194396746 ], [ 129.215214811997043, 35.403918610608649 ], [ 129.215219220539552, 35.403606680219347 ], [ 129.214428381078676, 35.402711407206354 ], [ 129.213808363345578, 35.402081432532128 ], [ 129.213281648361772, 35.401719618687679 ], [ 129.212867694552529, 35.401435261902606 ], [ 129.211890513024429, 35.400763376951232 ], [ 129.211788108091497, 35.400341766770701 ], [ 129.211685620104646, 35.399890862638991 ], [ 129.211083206030878, 35.3997961485939 ], [ 129.210637693377578, 35.39972521163871 ], [ 129.210569578728666, 35.399714366149148 ], [ 129.210273264243625, 35.399666716530888 ], [ 129.209686144408153, 35.399565913368598 ], [ 129.209413739838226, 35.399518779597983 ], [ 129.208918506611809, 35.399432739438041 ], [ 129.208804130659047, 35.399164929207366 ], [ 129.208527612681962, 35.398516320098757 ], [ 129.208372920634417, 35.398152397331621 ], [ 129.208113608665258, 35.397570081819865 ], [ 129.207902526124457, 35.397082740070786 ], [ 129.207854769925945, 35.396498239620136 ], [ 129.207828538258042, 35.396125499614804 ], [ 129.207805658991674, 35.395784733504776 ], [ 129.207498496851372, 35.395588237883828 ], [ 129.207234916423346, 35.39541729203912 ], [ 129.206536180866323, 35.39496838002551 ], [ 129.205907234510249, 35.394568223946756 ], [ 129.20495514083089, 35.393970031644336 ], [ 129.203783284278501, 35.393239814447412 ], [ 129.203264263432288, 35.392908185490214 ], [ 129.202815502572378, 35.392610652103357 ], [ 129.202495681247484, 35.392016450000568 ], [ 129.202238589959308, 35.391541161274802 ], [ 129.202033149088777, 35.391160407638907 ], [ 129.201872915123687, 35.390623271377663 ], [ 129.201827758671925, 35.389682306734166 ], [ 129.201801486859239, 35.389072689070026 ], [ 129.201772616841367, 35.388453926519098 ], [ 129.201676599811691, 35.388350705362775 ], [ 129.201569116541464, 35.388235157333277 ], [ 129.201553793374785, 35.388218685436797 ], [ 129.201169892775653, 35.38778167523369 ], [ 129.201158789245, 35.387790607352159 ], [ 129.20021740587805, 35.388445953306267 ], [ 129.199367721923664, 35.389037448441911 ], [ 129.199348818919418, 35.389013008206021 ], [ 129.199348644620528, 35.389012781663524 ], [ 129.199200222376305, 35.388820855311465 ], [ 129.199018459943261, 35.388585367639564 ], [ 129.197921507070276, 35.387164973613416 ], [ 129.197524109247752, 35.386814149487513 ], [ 129.197127058374235, 35.38646332452084 ], [ 129.196635451444791, 35.385668028971686 ], [ 129.196408889838921, 35.385301710532815 ], [ 129.196265476332087, 35.385148736458035 ], [ 129.196043925743339, 35.384916227885135 ], [ 129.196039680313106, 35.384911792342209 ], [ 129.195725063324346, 35.384581846144002 ], [ 129.195212855820557, 35.384147520651958 ], [ 129.194925097095876, 35.3839035138556 ], [ 129.194897650746668, 35.383880081684168 ], [ 129.194857848896049, 35.383848844105962 ], [ 129.19480103882907, 35.38380425510784 ], [ 129.19434856702253, 35.383449785861863 ], [ 129.194346461203111, 35.383448266527814 ], [ 129.194444766766281, 35.383078576653922 ], [ 129.194431973446115, 35.383063463926305 ], [ 129.194426379419099, 35.38305691235626 ], [ 129.194413508683652, 35.38304183497165 ], [ 129.193594798595456, 35.382088579667041 ], [ 129.194569868958439, 35.380257273179076 ], [ 129.19534249977562, 35.380049486749279 ], [ 129.195614743768857, 35.379976269095089 ], [ 129.195670951375746, 35.37990692213598 ], [ 129.196027478782639, 35.379467052924404 ], [ 129.196607769062439, 35.378751102923573 ], [ 129.1966900615665, 35.378649567797694 ], [ 129.197160789902341, 35.377648387019555 ], [ 129.197335776684383, 35.37757252727247 ], [ 129.197814186101965, 35.377365124918761 ], [ 129.198392331487298, 35.377114480850416 ], [ 129.199181849818018, 35.375977536080391 ], [ 129.199025212997924, 35.374968348106748 ], [ 129.198373368402741, 35.37387887747991 ], [ 129.198492611020214, 35.373103456169936 ], [ 129.197828210474455, 35.371410061204031 ], [ 129.197829684068239, 35.37140637115656 ], [ 129.197984162164403, 35.37101976703778 ], [ 129.198462465050881, 35.369822721095829 ], [ 129.198219725611494, 35.369096362605696 ], [ 129.198007881303141, 35.368462438689875 ], [ 129.198349249990059, 35.368461864915751 ], [ 129.198410520220591, 35.368264907615547 ], [ 129.198545619843657, 35.367830619500893 ], [ 129.198697398547978, 35.367329579796163 ], [ 129.198698665414895, 35.367325746591803 ], [ 129.198551727179847, 35.367205929187861 ], [ 129.198510946004063, 35.367172737408211 ], [ 129.198554961478777, 35.367046490142741 ], [ 129.198760862528133, 35.366500529287819 ], [ 129.198762471338597, 35.366496417200906 ], [ 129.197915061257646, 35.366103234572734 ], [ 129.197590091282308, 35.365934276615171 ], [ 129.196856807948762, 35.365553079989546 ], [ 129.196150977946417, 35.36494133637872 ], [ 129.195867677639626, 35.364749370475735 ], [ 129.195566855252935, 35.364545749224078 ], [ 129.195329958986662, 35.364391650740181 ], [ 129.1949166962616, 35.364123052508369 ], [ 129.193961442354947, 35.36346484626543 ], [ 129.193934065765376, 35.363445976414702 ], [ 129.193787693401077, 35.363345083155615 ], [ 129.193781389779616, 35.363340687174514 ], [ 129.193690272325938, 35.361979851462472 ], [ 129.193414199796308, 35.361520651617546 ], [ 129.193372728883816, 35.361262126570089 ], [ 129.193369541601214, 35.361242259405941 ], [ 129.192201793921868, 35.360720383988699 ], [ 129.191706132762249, 35.360504939200943 ], [ 129.190847776355639, 35.360416028528867 ], [ 129.190762418412419, 35.360335348798621 ], [ 129.190155681595968, 35.359761605068755 ], [ 129.190153211416202, 35.359759255898929 ], [ 129.189031227545456, 35.359887152059862 ], [ 129.18830484248079, 35.359771051593874 ], [ 129.188014227972417, 35.359727452016479 ], [ 129.188007667511926, 35.359726443768466 ], [ 129.187564124714527, 35.359339956025266 ], [ 129.187525746514183, 35.359306431102787 ], [ 129.187522594493998, 35.359303678486214 ], [ 129.185726954227079, 35.358567542339621 ], [ 129.185625164352842, 35.35847673638942 ], [ 129.184536843731848, 35.357505473422457 ], [ 129.184227051037226, 35.356748919553866 ], [ 129.184075841859823, 35.356630266651607 ], [ 129.184061244514368, 35.356618811115354 ], [ 129.183913817121521, 35.356503123719065 ], [ 129.183653619737868, 35.356299159751892 ], [ 129.183036747890469, 35.3558313002085 ], [ 129.182797335061338, 35.355574332303334 ], [ 129.182756423005031, 35.355530417227563 ], [ 129.182408123631944, 35.355156258063587 ], [ 129.182550353820886, 35.35479550654383 ], [ 129.182779539963548, 35.353975020388383 ], [ 129.182788428962169, 35.353960352599863 ], [ 129.18279040288084, 35.353956942449933 ], [ 129.182733176861859, 35.353945099508152 ], [ 129.181720405520309, 35.353735498353238 ], [ 129.181579588122901, 35.353706354247123 ], [ 129.180716266951521, 35.353761348539699 ], [ 129.180710425072817, 35.353761745343718 ], [ 129.180388160153171, 35.353357311268276 ], [ 129.180116381654443, 35.353016228493019 ], [ 129.180114969171996, 35.3530145531955 ], [ 129.179928351059971, 35.352925841227218 ], [ 129.179718394756208, 35.352825861101685 ], [ 129.179178515070362, 35.352568431626935 ], [ 129.178870236759877, 35.352421431227235 ], [ 129.178188125268349, 35.351774927668096 ], [ 129.178186712251801, 35.351773542657511 ], [ 129.178153823356411, 35.351764558254487 ], [ 129.177996889740513, 35.351739593379264 ], [ 129.177031267409035, 35.351585975180434 ], [ 129.176606465457979, 35.351496407177272 ], [ 129.176139784024599, 35.351398006270749 ], [ 129.175942746329582, 35.351454582410732 ], [ 129.174941192119263, 35.351742146123506 ], [ 129.174347240881019, 35.351715939685128 ], [ 129.173621928673953, 35.352149682875243 ], [ 129.172038945084097, 35.352746818584706 ], [ 129.17203610419233, 35.352756450532098 ], [ 129.171896956169576, 35.353233716289772 ], [ 129.171266876248268, 35.353296849230894 ], [ 129.171265160893142, 35.353297022615777 ], [ 129.17125899883527, 35.353297690253946 ], [ 129.170325179200915, 35.353840061917538 ], [ 129.169994297358329, 35.353791098728244 ], [ 129.169840665369264, 35.353768362209983 ], [ 129.169758916129922, 35.353770256434771 ], [ 129.169549396871105, 35.353775109740724 ], [ 129.168597837618222, 35.353797144911326 ], [ 129.168213153732921, 35.354013967875602 ], [ 129.166817828108833, 35.355025422951734 ], [ 129.166235811845155, 35.355485838885784 ], [ 129.166200743706156, 35.355503582008467 ], [ 129.165807127347989, 35.355702748089897 ], [ 129.16524822840762, 35.355793577989317 ], [ 129.16524617257457, 35.355793894822767 ], [ 129.164509195132098, 35.355857786219815 ], [ 129.163718103289114, 35.356354597575084 ], [ 129.162805844534319, 35.356806418106096 ], [ 129.162237778291683, 35.357446424857415 ], [ 129.162125061730023, 35.357573413724246 ], [ 129.161587259290343, 35.358160024337529 ], [ 129.161433468267688, 35.358322439108541 ], [ 129.161049314678706, 35.358818720051005 ], [ 129.161049639274665, 35.358822047770836 ], [ 129.16106727054472, 35.359002422999716 ], [ 129.161075334081943, 35.359085631121708 ], [ 129.16110616489604, 35.359404416952472 ], [ 129.161085286826619, 35.359413519479141 ], [ 129.159115582285466, 35.360272380547855 ], [ 129.157928294162303, 35.36066149320834 ], [ 129.156289717940098, 35.361195348521719 ], [ 129.156059078882777, 35.361312806789826 ], [ 129.155520389048689, 35.361583873464156 ], [ 129.153453164829813, 35.36226248551116 ], [ 129.153234418291106, 35.362502197436122 ], [ 129.153189600927448, 35.36255131127718 ], [ 129.152716112753723, 35.362807167419312 ], [ 129.152577980332126, 35.362881807769043 ], [ 129.151584538439181, 35.363418622583673 ], [ 129.151441486134019, 35.363364711606735 ], [ 129.151265536378133, 35.363418954674771 ], [ 129.151144712584284, 35.363581333393157 ], [ 129.151034713691701, 35.363581462626748 ], [ 129.15096058625636, 35.363604958814378 ], [ 129.150949869198087, 35.363573105099711 ], [ 129.150759812765756, 35.36362462273555 ], [ 129.150772838617286, 35.363664465247659 ], [ 129.150749031951477, 35.363672010254739 ], [ 129.150496079799211, 35.363726348611564 ], [ 129.150122078707739, 35.363934203047769 ], [ 129.149913310012323, 35.363943410226945 ], [ 129.149770222586056, 35.363979602005529 ], [ 129.149198519724649, 35.364160558268019 ], [ 129.149143305692263, 35.36417871575869 ], [ 129.148758489345653, 35.364251309329312 ], [ 129.147911225758349, 35.364243279380624 ], [ 129.147827320043604, 35.36420337189498 ], [ 129.147778919025512, 35.364180293794199 ], [ 129.147732914937706, 35.364156337315436 ], [ 129.147503536639704, 35.364036504423467 ], [ 129.147371582758979, 35.363973518977637 ], [ 129.147173306671732, 35.363937757912012 ], [ 129.146975277015798, 35.36391086817337 ], [ 129.146724208444112, 35.363844511016509 ], [ 129.146570919710513, 35.363803995791471 ], [ 129.146567813165035, 35.363803206884796 ], [ 129.146565486150138, 35.363776963359932 ], [ 129.146564161806339, 35.363762046066839 ], [ 129.146557515022721, 35.363687092103213 ], [ 129.146556561601017, 35.363677106730066 ], [ 129.14654559720006, 35.363704196749453 ], [ 129.146513755053178, 35.363748129450002 ], [ 129.146512754758248, 35.363749275448782 ], [ 129.146486093363251, 35.363742006126841 ], [ 129.146479861945465, 35.363740284308157 ], [ 129.14645709220548, 35.363765200141948 ], [ 129.146347894612774, 35.363884690540708 ], [ 129.146282186482097, 35.363947815588048 ], [ 129.146183400250209, 35.3640471438014 ], [ 129.146029240784429, 35.364119432874283 ], [ 129.145908529624819, 35.364182544343471 ], [ 129.145875426463874, 35.364191713445159 ], [ 129.145820366160592, 35.364254781547423 ], [ 129.145743795568762, 35.364335973804401 ], [ 129.145655829659944, 35.364480310039262 ], [ 129.145601140088786, 35.364570551602533 ], [ 129.145557199326902, 35.364624692290072 ], [ 129.145513249741157, 35.36467883488524 ], [ 129.145508818855973, 35.364693269800966 ], [ 129.14549143835012, 35.364750883980271 ], [ 129.145469362770143, 35.364787036311789 ], [ 129.145460501338164, 35.364815924166436 ], [ 129.145458281413312, 35.364823138078087 ], [ 129.145436416051609, 35.36484112639549 ], [ 129.145425556547423, 35.364859202833408 ], [ 129.145392336085848, 35.364877250222364 ], [ 129.145362746598749, 35.364892478543034 ], [ 129.145362245535125, 35.364892736002155 ], [ 129.145304498929221, 35.364922457272364 ], [ 129.145282622539725, 35.364940447515764 ], [ 129.145249754226001, 35.364958495480025 ], [ 129.145205543784073, 35.364976591499996 ], [ 129.145172673054418, 35.364994630460835 ], [ 129.14512304449201, 35.365028741719506 ], [ 129.145106833572839, 35.365039873207678 ], [ 129.14512880378561, 35.365012727216737 ], [ 129.145139376342001, 35.364931586563408 ], [ 129.145139533329655, 35.36485948799433 ], [ 129.145128348671392, 35.364787459112407 ], [ 129.145128297192798, 35.364733398307379 ], [ 129.145128025828882, 35.364697355588795 ], [ 129.145150134988455, 35.364688233613478 ], [ 129.145161140070627, 35.364688175719159 ], [ 129.145170936359278, 35.364598073245006 ], [ 129.145171034939921, 35.36459718205694 ], [ 129.145171923457553, 35.36458900808055 ], [ 129.145161025854009, 35.364580043442189 ], [ 129.145138392046988, 35.36454313499366 ], [ 129.145116838383558, 35.364508036602395 ], [ 129.145111066263809, 35.36447167570028 ], [ 129.145109563694575, 35.364461631076125 ], [ 129.145106466640982, 35.364440917392344 ], [ 129.145105642040932, 35.36443586181899 ], [ 129.145099834153228, 35.364424422492732 ], [ 129.145088329443126, 35.36440083369601 ], [ 129.145070767876007, 35.364364817237409 ], [ 129.14506132679648, 35.364345836192093 ], [ 129.145061455483898, 35.364390361888141 ], [ 129.145061497088534, 35.364404670077235 ], [ 129.145061581023839, 35.364433430695961 ], [ 129.145061581922107, 35.364434451256571 ], [ 129.145061600973577, 35.364440922438575 ], [ 129.145061665394081, 35.364462972064906 ], [ 129.144764561638254, 35.364472329088962 ], [ 129.144675254107369, 35.364475328144671 ], [ 129.144192327228325, 35.364491068287769 ], [ 129.143257385072502, 35.364643640880502 ], [ 129.143246557705822, 35.364645407357017 ], [ 129.142825765873056, 35.364870876698028 ], [ 129.142790071529589, 35.364890001932814 ], [ 129.142740810646387, 35.364916397030285 ], [ 129.142735074208957, 35.364919549368949 ], [ 129.14270794156559, 35.364934435304804 ], [ 129.142466011575095, 35.365015890289584 ], [ 129.142421904026207, 35.365024973645276 ], [ 129.142399791673455, 35.365033958131171 ], [ 129.14237779643031, 35.365034055182484 ], [ 129.142356036101802, 35.365043031268812 ], [ 129.141475650237084, 35.365044126456766 ], [ 129.140518793528543, 35.365296932416122 ], [ 129.140276672551437, 35.365360900662061 ], [ 129.139638904676218, 35.365632110109935 ], [ 129.139518186040618, 35.365695213570476 ], [ 129.139452211503681, 35.365722427382572 ], [ 129.13918826650297, 35.365920976183311 ], [ 129.138935561232245, 35.366128622021179 ], [ 129.138832310115248, 35.366160442398396 ], [ 129.138759609649128, 35.366182847057608 ], [ 129.138699359089856, 35.366166456981972 ], [ 129.138693810342716, 35.366164858934731 ], [ 129.13868801642451, 35.366136976327418 ], [ 129.138671366287554, 35.366056850918426 ], [ 129.138669884683225, 35.366052923954314 ], [ 129.138660339832199, 35.366029726273531 ], [ 129.138638439300593, 35.36600729841981 ], [ 129.138616184047976, 35.365984745547301 ], [ 129.138594233835391, 35.365921634252913 ], [ 129.138601251695775, 35.365913910013013 ], [ 129.138627316608677, 35.365885570060499 ], [ 129.13869287896577, 35.365777399777841 ], [ 129.138747990923974, 35.365651116282741 ], [ 129.138736644251537, 35.365533884375878 ], [ 129.138747389881274, 35.365497791348837 ], [ 129.138747413073702, 35.365407686634974 ], [ 129.138769478668337, 35.365344640084729 ], [ 129.138736136917572, 35.365227515379388 ], [ 129.138757922401254, 35.365128290944902 ], [ 129.138746978177778, 35.365065264791326 ], [ 129.138647875750934, 35.365074337187664 ], [ 129.138614839094686, 35.365047325331552 ], [ 129.13861466312747, 35.364975238422261 ], [ 129.138570602405622, 35.365038390319832 ], [ 129.13855983444256, 35.365047460068048 ], [ 129.138504629724167, 35.365065468353649 ], [ 129.138493780011828, 35.365110573034158 ], [ 129.138482961737878, 35.365182718887198 ], [ 129.13847199438888, 35.365209806443097 ], [ 129.138527154843871, 35.365254729949065 ], [ 129.138593339297501, 35.365326769103063 ], [ 129.138615371045432, 35.365353847275657 ], [ 129.13861556935808, 35.365452957444681 ], [ 129.138626540608982, 35.365543023035265 ], [ 129.138626773145688, 35.365669307766311 ], [ 129.138593977154159, 35.365768452507176 ], [ 129.138583160924043, 35.365840589318545 ], [ 129.138561236909624, 35.36592165262897 ], [ 129.138528283441502, 35.365975878016044 ], [ 129.138495225414772, 35.366038981639583 ], [ 129.138480502803787, 35.366057259523494 ], [ 129.138470451919773, 35.366069740084086 ], [ 129.138459546290932, 35.366083278053104 ], [ 129.138451623525611, 35.366093118813879 ], [ 129.137705403558215, 35.365956451362003 ], [ 129.137571071503714, 35.365931848173041 ], [ 129.13724865169263, 35.365996893347493 ], [ 129.137031797845793, 35.366040640388412 ], [ 129.136349353905615, 35.365843058678529 ], [ 129.135614273520673, 35.365732406151579 ], [ 129.135160673341915, 35.365664123534849 ], [ 129.13513877289526, 35.365655070683644 ], [ 129.134433292563926, 35.365628354653595 ], [ 129.133521068940439, 35.3655938022859 ], [ 129.132190002376632, 35.365739506071989 ], [ 129.131826343844892, 35.365810820685248 ], [ 129.131457776452379, 35.365883098459676 ], [ 129.131035012837685, 35.365966000589019 ], [ 129.130540540923192, 35.366354169890307 ], [ 129.129946551919176, 35.366697351876027 ], [ 129.129506762469106, 35.366850970224398 ], [ 129.129177113873055, 35.367022635180568 ], [ 129.128692786074197, 35.367077206264739 ], [ 129.12809902445855, 35.367285063462731 ], [ 129.127571570306543, 35.367727308597516 ], [ 129.126526110374385, 35.367701345914341 ], [ 129.124941773379163, 35.367721037245971 ], [ 129.123632505923865, 35.367821495644151 ], [ 129.122861615358232, 35.367488800837712 ], [ 129.121673227696618, 35.367399847973481 ], [ 129.121199941599116, 35.367364219190009 ], [ 129.119704333750406, 35.368095727537288 ], [ 129.11817658073906, 35.369034430364366 ], [ 129.118176303467095, 35.369034600868524 ], [ 129.11817833945446, 35.369022291517418 ], [ 129.118178966147724, 35.369018507350475 ], [ 129.118190359757932, 35.368951869403425 ], [ 129.118249863791391, 35.368603806744453 ], [ 129.118307212744099, 35.368268338988315 ], [ 129.118189602363714, 35.367898684029278 ], [ 129.118086250553802, 35.367574542128708 ], [ 129.118113482177733, 35.367563787720769 ], [ 129.11819694048711, 35.367530873348507 ], [ 129.120592748134101, 35.36658597700815 ], [ 129.120801835823642, 35.366075702183458 ], [ 129.121142457894308, 35.365678873690534 ], [ 129.121152771488937, 35.365219116961704 ], [ 129.1215696450152, 35.364425583257763 ], [ 129.121668462516766, 35.364326267148385 ], [ 129.122152024847139, 35.363848074495806 ], [ 129.122170237365765, 35.363834517393499 ], [ 129.122206992986293, 35.363807423986152 ], [ 129.122219379286349, 35.363798290668285 ], [ 129.12222385230362, 35.363794995778562 ], [ 129.122261958652814, 35.363766872657834 ], [ 129.122624763259353, 35.363587460453964 ], [ 129.122712304785352, 35.363544171520836 ], [ 129.122878282070616, 35.363462096503469 ], [ 129.123339489310922, 35.363234027988014 ], [ 129.124050865686399, 35.363204493640794 ], [ 129.124243815905032, 35.363196482360586 ], [ 129.12445072228553, 35.363187890948694 ], [ 129.124853026966775, 35.36322529587752 ], [ 129.125122017580424, 35.363250305603721 ], [ 129.12540793358761, 35.363285968070045 ], [ 129.125518953590529, 35.36326430275399 ], [ 129.125751314044777, 35.363218952274281 ], [ 129.125825872815739, 35.363204418248458 ], [ 129.125918677262518, 35.363154532441335 ], [ 129.126144863503384, 35.363032947374798 ], [ 129.126551491734148, 35.362689987684433 ], [ 129.126606337437806, 35.36264481097583 ], [ 129.12669701018055, 35.362628285190709 ], [ 129.126705557158175, 35.362626734819287 ], [ 129.126705157064634, 35.362624347441667 ], [ 129.126694388508838, 35.362554559514059 ], [ 129.126672362328691, 35.362527632282486 ], [ 129.126716108510209, 35.362491516070847 ], [ 129.126738082340495, 35.362464382309817 ], [ 129.126748087111309, 35.362465605369032 ], [ 129.126815328052373, 35.362473441632034 ], [ 129.126827522150649, 35.362453230152923 ], [ 129.126837070335341, 35.362437293477043 ], [ 129.12688103906865, 35.36241018990107 ], [ 129.126910731023173, 35.362415017390006 ], [ 129.126936287580065, 35.362419218970835 ], [ 129.126963104655005, 35.362414277890181 ], [ 129.127035156280442, 35.362400999416799 ], [ 129.127041387484127, 35.362389353783207 ], [ 129.127079094354173, 35.362319834494883 ], [ 129.127087361317194, 35.362228872049705 ], [ 129.127089762493995, 35.362202641919076 ], [ 129.127089580840845, 35.362169131239149 ], [ 129.127089725137608, 35.362148571717469 ], [ 129.127094499680254, 35.362133992157212 ], [ 129.127122536385201, 35.362049436885208 ], [ 129.127138854513078, 35.362029292450138 ], [ 129.127144509745506, 35.362022292239303 ], [ 129.127265342982639, 35.361950196448554 ], [ 129.127276413522395, 35.361887065533644 ], [ 129.127364283815268, 35.361724717547069 ], [ 129.127440829128574, 35.361589475351053 ], [ 129.127452025619874, 35.361544361483098 ], [ 129.127429851592353, 35.361472233503463 ], [ 129.12750683042043, 35.361445123234446 ], [ 129.127497955916567, 35.361434297725495 ], [ 129.127488718546829, 35.361423049759857 ], [ 129.127484816801768, 35.36141805172587 ], [ 129.127484530387648, 35.361354985413016 ], [ 129.12749391036607, 35.361358753843767 ], [ 129.127499459452679, 35.361361053830585 ], [ 129.127506760850792, 35.36136402081528 ], [ 129.12755073978542, 35.361336916864339 ], [ 129.127550413339037, 35.361219773169999 ], [ 129.127682048888261, 35.361048366067756 ], [ 129.127747995445731, 35.360967223570491 ], [ 129.127847180113719, 35.360921971876849 ], [ 129.127871656211653, 35.360924784981535 ], [ 129.127924071768348, 35.360930896438255 ], [ 129.127957174117796, 35.360921865688226 ], [ 129.127954989392919, 35.360916983376022 ], [ 129.127918267224459, 35.360827510570338 ], [ 129.127914576548505, 35.360818005466427 ], [ 129.127912753343168, 35.360813807081271 ], [ 129.12824242276821, 35.360407847449792 ], [ 129.128483766744552, 35.3600290840822 ], [ 129.128602829288752, 35.359905693534465 ], [ 129.128892504429189, 35.359605487067206 ], [ 129.12894524892792, 35.359550823387586 ], [ 129.129038001116442, 35.359550733212245 ], [ 129.129275249427053, 35.359550501345169 ], [ 129.129319336247278, 35.359514385026955 ], [ 129.129421354171853, 35.359550887815587 ], [ 129.129440443243936, 35.359557727537222 ], [ 129.129495268395431, 35.359577318545448 ], [ 129.129496947118099, 35.359575748813157 ], [ 129.129706483012711, 35.35938812004165 ], [ 129.129711558744106, 35.35938357348644 ], [ 129.129737079443117, 35.359360735110904 ], [ 129.129987288198748, 35.359254391772211 ], [ 129.130055962882039, 35.359225161451548 ], [ 129.130058020143053, 35.359225122878478 ], [ 129.130116394573633, 35.359222546628708 ], [ 129.13026506423347, 35.359215987856707 ], [ 129.130353061582753, 35.359215840922538 ], [ 129.130504332842548, 35.359138129186555 ], [ 129.130528750555897, 35.359125583417722 ], [ 129.130532475552968, 35.35912299252827 ], [ 129.130671899267782, 35.359026193770525 ], [ 129.13075399505891, 35.358906195880877 ], [ 129.130770548692169, 35.358881967286024 ], [ 129.130774193144219, 35.358877123553867 ], [ 129.130778860403382, 35.358871259865992 ], [ 129.130924147100586, 35.358683411576813 ], [ 129.131067134956737, 35.358539102065684 ], [ 129.131187776426714, 35.358394769504628 ], [ 129.131264537370868, 35.358241497864491 ], [ 129.131300197125768, 35.35814653199467 ], [ 129.131308547146091, 35.358124278528855 ], [ 129.13134117078414, 35.357952909598993 ], [ 129.131396000169246, 35.357880844388959 ], [ 129.131416103470002, 35.357847959599233 ], [ 129.131418078026968, 35.357844687290402 ], [ 129.131615874179829, 35.357745319616861 ], [ 129.131802729852581, 35.357582915616959 ], [ 129.131813622786751, 35.357474735293437 ], [ 129.131824457487625, 35.357402600484377 ], [ 129.131827147617457, 35.357400434647467 ], [ 129.131868196424136, 35.35736648254327 ], [ 129.131887336205665, 35.35734938995099 ], [ 129.131989093537072, 35.357258192278977 ], [ 129.132153867831249, 35.35713194499607 ], [ 129.132186503979028, 35.357105320778246 ], [ 129.132197941016244, 35.357095826029223 ], [ 129.132230584567964, 35.357055683573691 ], [ 129.132282753372664, 35.356991365030218 ], [ 129.132285850419521, 35.356987546519676 ], [ 129.132318930381928, 35.356951484056196 ], [ 129.132571593032338, 35.356833966137096 ], [ 129.132590703826708, 35.356832010269315 ], [ 129.132659697490539, 35.356824948276525 ], [ 129.132827809282645, 35.356691070996639 ], [ 129.132885288771291, 35.356645294226574 ], [ 129.133011192844521, 35.356545028680884 ], [ 129.133048013260861, 35.356469470023811 ], [ 129.133077076398678, 35.356409829718842 ], [ 129.133116466049358, 35.356395949615766 ], [ 129.133231028859569, 35.356355582304126 ], [ 129.13328595041375, 35.356274349659245 ], [ 129.133317298195863, 35.356146092456996 ], [ 129.133318827133053, 35.356139169377578 ], [ 129.133284784728801, 35.356083640298827 ], [ 129.133241971540315, 35.356013806460801 ], [ 129.133241523137229, 35.35601001150674 ], [ 129.133230432089192, 35.355940937147714 ], [ 129.133240934517545, 35.355869641558471 ], [ 129.133293922844956, 35.355787841806865 ], [ 129.133329135887152, 35.35573348084435 ], [ 129.13340591101462, 35.35560723852042 ], [ 129.133438235574062, 35.35542532471608 ], [ 129.133449347748183, 35.355363878620111 ], [ 129.133456911218047, 35.355296989939831 ], [ 129.133481972459379, 35.355075364620603 ], [ 129.133470647220634, 35.35495827767209 ], [ 129.133404582791911, 35.354877219910016 ], [ 129.133294647294917, 35.354814247365759 ], [ 129.133274090924033, 35.354764345686071 ], [ 129.133272256772699, 35.354760156543506 ], [ 129.133289708368125, 35.354651853160071 ], [ 129.133316022568266, 35.354489746939223 ], [ 129.133315612302624, 35.354487080233639 ], [ 129.133314326485873, 35.354477604991807 ], [ 129.133304956267835, 35.354408558750393 ], [ 129.133337884634898, 35.354327448451308 ], [ 129.13335328522075, 35.354298725445005 ], [ 129.133381464523183, 35.354246282514488 ], [ 129.133438879506684, 35.354128830706671 ], [ 129.133447341155403, 35.35411107441432 ], [ 129.133615818878809, 35.353877473962662 ], [ 129.13362311843963, 35.353867479652052 ], [ 129.133743589503325, 35.353678097279619 ], [ 129.133832458318977, 35.35358439829669 ], [ 129.133847465939368, 35.353568577490087 ], [ 129.133869352798769, 35.35354549979472 ], [ 129.133897446589174, 35.353515716140862 ], [ 129.133901832643403, 35.35351296294472 ], [ 129.134117293688632, 35.353380187302164 ], [ 129.134151932399533, 35.353364631097797 ], [ 129.134158741054421, 35.353361573757304 ], [ 129.134359177741487, 35.353271726243442 ], [ 129.134491250465516, 35.353235608062477 ], [ 129.13455735198994, 35.353174044617703 ], [ 129.134655980144061, 35.353082184757056 ], [ 129.134677798304466, 35.35301012649375 ], [ 129.13467753065035, 35.352921282270593 ], [ 129.134677495891083, 35.352919885308523 ], [ 129.134671808894325, 35.352912798373538 ], [ 129.134611429679467, 35.352838820987103 ], [ 129.134523059133244, 35.3526677571557 ], [ 129.134512119734211, 35.352604595131062 ], [ 129.134555989986467, 35.352469355935042 ], [ 129.13456240348475, 35.352433427291295 ], [ 129.13459943496909, 35.352225986446356 ], [ 129.134588280764689, 35.352180995755596 ], [ 129.134588400081327, 35.352120300492906 ], [ 129.134588329940698, 35.352117912282935 ], [ 129.134561680697914, 35.352060003441039 ], [ 129.134555164520776, 35.352045842281363 ], [ 129.134540659704527, 35.352030185290538 ], [ 129.134488992683345, 35.351973800403051 ], [ 129.134466817606551, 35.351901673673716 ], [ 129.134466822872611, 35.35178452908265 ], [ 129.134543464402384, 35.351640124822922 ], [ 129.134585605712203, 35.351458108521207 ], [ 129.134587292260846, 35.351450824466781 ], [ 129.13457964912476, 35.351436765101653 ], [ 129.134565983447914, 35.351411631182231 ], [ 129.134558658239598, 35.351398167058704 ], [ 129.134543228322485, 35.351369799630532 ], [ 129.134465951081523, 35.351306808237815 ], [ 129.134447145812004, 35.351301687440824 ], [ 129.134366937594791, 35.351279841786386 ], [ 129.134234824640316, 35.351262033864742 ], [ 129.134168806458632, 35.351235039338739 ], [ 129.134124789171523, 35.351208082638252 ], [ 129.134038153062107, 35.351154974311484 ], [ 129.134036753870276, 35.351154019536921 ], [ 129.13401143803199, 35.351105889881225 ], [ 129.134007090469595, 35.35109765603314 ], [ 129.134003471630649, 35.351090963030607 ], [ 129.133948362835042, 35.350955778562792 ], [ 129.13394049079514, 35.350904674048991 ], [ 129.133937190493924, 35.350883748165153 ], [ 129.133925569090536, 35.350820452834647 ], [ 129.133918354368376, 35.350781491687201 ], [ 129.133903923393063, 35.350703546871507 ], [ 129.13388185615284, 35.350622415476344 ], [ 129.133694324889461, 35.350379327315366 ], [ 129.133705031804027, 35.350172027079928 ], [ 129.133673559852497, 35.350112600953814 ], [ 129.133671761290003, 35.350108972108465 ], [ 129.133605977237806, 35.350078028820185 ], [ 129.133594836161421, 35.350072876399821 ], [ 129.133499736563493, 35.350059573681904 ], [ 129.133275737213523, 35.350028239940315 ], [ 129.133077406190409, 35.350001749229726 ], [ 129.132966934845399, 35.349970188775409 ], [ 129.132849399266519, 35.34993668161836 ], [ 129.132824600773858, 35.349929612111197 ], [ 129.132697674177393, 35.349886369424624 ], [ 129.132692125869482, 35.349885059577453 ], [ 129.132284655839783, 35.349786652933176 ], [ 129.1322798020866, 35.349785187630602 ], [ 129.132252088158253, 35.349776944773609 ], [ 129.132205473787423, 35.349755381360609 ], [ 129.131999147033525, 35.349660035768068 ], [ 129.131514901297294, 35.349570434891653 ], [ 129.131479277718853, 35.349563397659871 ], [ 129.131151780405929, 35.349498692687561 ], [ 129.13075537669215, 35.349363890125019 ], [ 129.130253352709389, 35.349057981272708 ], [ 129.130105699826089, 35.348968007548578 ], [ 129.130039427839307, 35.348905113599223 ], [ 129.129900809090344, 35.348770413453956 ], [ 129.129863423502115, 35.348734039859629 ], [ 129.129819272957377, 35.348688920299097 ], [ 129.129698082092148, 35.348562926629761 ], [ 129.129592276285678, 35.348460315857153 ], [ 129.12952174050173, 35.348391862321236 ], [ 129.129411306560058, 35.348256806758513 ], [ 129.12926831032695, 35.348085725185051 ], [ 129.129126486153325, 35.347828870218677 ], [ 129.129014287740745, 35.347626261711746 ], [ 129.128966954913892, 35.347433355950251 ], [ 129.128936927368471, 35.347310826120626 ], [ 129.128825033863848, 35.347132986661094 ], [ 129.128738593996275, 35.34699554241044 ], [ 129.128693175602223, 35.346928190525297 ], [ 129.128689955032172, 35.346923325778462 ], [ 129.128550820838541, 35.346716402455549 ], [ 129.12838240268826, 35.346584624617797 ], [ 129.128297492446279, 35.346518385327933 ], [ 129.128267309977957, 35.346507800055264 ], [ 129.128242447486258, 35.34649911483082 ], [ 129.128220488349996, 35.346491443517628 ], [ 129.128027687640525, 35.346321655274124 ], [ 129.127934106712644, 35.346239390799305 ], [ 129.127878955653159, 35.346194310480307 ], [ 129.127746964579785, 35.346023168868818 ], [ 129.127383370012296, 35.3457621906173 ], [ 129.127262244664507, 35.345573110508376 ], [ 129.127140895738961, 35.345401931270565 ], [ 129.127159914329724, 35.345117739704612 ], [ 129.127162189398547, 35.34508644437777 ], [ 129.12716383440403, 35.345083315413277 ], [ 129.127303093969374, 35.34483699899954 ], [ 129.12730507987547, 35.344833860033226 ], [ 129.127392168695138, 35.344747288636881 ], [ 129.127514097634844, 35.344626311024719 ], [ 129.127568709003555, 35.344572263815074 ], [ 129.127656242279699, 35.344495533209717 ], [ 129.127764911176968, 35.344400275461894 ], [ 129.127875779192124, 35.344303141577086 ], [ 129.127898298000105, 35.344283459861828 ], [ 129.128027159544644, 35.344177707858044 ], [ 129.128040606387117, 35.344166769156438 ], [ 129.128219936429218, 35.344019142441745 ], [ 129.128227661540251, 35.344012815713747 ], [ 129.128354704913818, 35.343815476487492 ], [ 129.128425145816607, 35.343706058368127 ], [ 129.128423724756317, 35.34370411389407 ], [ 129.12833719083153, 35.343589058316041 ], [ 129.128328721051361, 35.343578290470724 ], [ 129.128237999479495, 35.343462959461732 ], [ 129.128127831278789, 35.343363938344766 ], [ 129.128039692269425, 35.343318882341499 ], [ 129.127995988807129, 35.343274344727213 ], [ 129.127995552930287, 35.343273898911661 ], [ 129.127947669570574, 35.343112403513857 ], [ 129.127851189167274, 35.342787648863556 ], [ 129.127829699708286, 35.342715312218779 ], [ 129.127807591471282, 35.342724286734551 ], [ 129.127774835297089, 35.342733314509751 ], [ 129.127753307532885, 35.342728992030835 ], [ 129.126971552233982, 35.342572003402616 ], [ 129.126784267953497, 35.342454916663023 ], [ 129.126662975008941, 35.342337933126231 ], [ 129.126627831615821, 35.342284581408364 ], [ 129.126354454287309, 35.341869562546805 ], [ 129.126350114211476, 35.341857025992049 ], [ 129.126292862373305, 35.341691678186535 ], [ 129.126277121016642, 35.34164621276917 ], [ 129.126232867728845, 35.341518152130107 ], [ 129.126232849707037, 35.341491121439127 ], [ 129.126243544541268, 35.341400968176735 ], [ 129.126254593307635, 35.341310797527797 ], [ 129.126287141948126, 35.341031443780047 ], [ 129.126287238841769, 35.34102200481928 ], [ 129.126286339051461, 35.340580753258145 ], [ 129.126286377013429, 35.340490638804241 ], [ 129.126285986143188, 35.340436441543659 ], [ 129.126242768592931, 35.340295131858241 ], [ 129.126242006030964, 35.340292329214101 ], [ 129.126230752728333, 35.340256342018989 ], [ 129.126119373620639, 35.340032314197281 ], [ 129.126087451887201, 35.339967965735532 ], [ 129.126082494534444, 35.339962284010994 ], [ 129.126045641503538, 35.339920125569186 ], [ 129.125867088512507, 35.339715866662573 ], [ 129.125852178358542, 35.339697684187456 ], [ 129.125845070617629, 35.339688794736581 ], [ 129.12580082918484, 35.339652831140349 ], [ 129.125779054099127, 35.33963491050114 ], [ 129.125624639036175, 35.339499779130747 ], [ 129.125372763013814, 35.339369461841024 ], [ 129.125294371308058, 35.339328883279229 ], [ 129.125154010768824, 35.339205194362478 ], [ 129.125151204200506, 35.339202844738338 ], [ 129.125127499572301, 35.33919031247688 ], [ 129.124964067255036, 35.339103907060412 ], [ 129.124951422740537, 35.339093573750041 ], [ 129.12492016745253, 35.339067934929169 ], [ 129.124906756246702, 35.33906788624337 ], [ 129.124898166495171, 35.339067893543103 ], [ 129.124853907044894, 35.339004891666121 ], [ 129.124820995826639, 35.338968863720915 ], [ 129.124803334420534, 35.33895030517737 ], [ 129.124743619615543, 35.338887859045748 ], [ 129.124677700380118, 35.338824805684474 ], [ 129.124644694704159, 35.338797791078377 ], [ 129.124554224824237, 35.338728841410784 ], [ 129.124479527953667, 35.338671728280978 ], [ 129.124479293203564, 35.338662859960849 ], [ 129.12442437617122, 35.33859975954536 ], [ 129.124326275172592, 35.338501786058593 ], [ 129.124325218893375, 35.338500685911107 ], [ 129.124182022063138, 35.338347615609393 ], [ 129.124027530126881, 35.338077319333188 ], [ 129.124010943930244, 35.337969194787973 ], [ 129.123994370983098, 35.337861070060086 ], [ 129.123994247620402, 35.337816860385999 ], [ 129.123994096753847, 35.337797996098693 ], [ 129.123989221925143, 35.337729789092506 ], [ 129.123971647923412, 35.337491586242081 ], [ 129.123960516128648, 35.337302264851296 ], [ 129.12396048572154, 35.337275234298843 ], [ 129.123960051813384, 35.337140070897256 ], [ 129.1241466453111, 35.336824353471343 ], [ 129.124157506168132, 35.336806280641746 ], [ 129.124212652080871, 35.336707176138951 ], [ 129.124311341283715, 35.33664391176719 ], [ 129.124333215132964, 35.33662592712335 ], [ 129.124574994148901, 35.336436392605997 ], [ 129.124663035481547, 35.336373173708139 ], [ 129.124684906943685, 35.336355187230822 ], [ 129.124739863960116, 35.336328028754636 ], [ 129.124849767822326, 35.336246832368055 ], [ 129.125036569908843, 35.336057408548392 ], [ 129.125120761532344, 35.335965109458471 ], [ 129.125267072886601, 35.335804710420817 ], [ 129.125387751689942, 35.335570268943641 ], [ 129.125463974588769, 35.335410240629351 ], [ 129.125486451046982, 35.335362825742955 ], [ 129.125514877427861, 35.335241798534121 ], [ 129.12558600794668, 35.334938955531356 ], [ 129.125617522558457, 35.33480393040702 ], [ 129.125716095977083, 35.334434284889554 ], [ 129.12578140474676, 35.334001588945256 ], [ 129.125868936759986, 35.33372210667207 ], [ 129.125945341235195, 35.333424526184913 ], [ 129.125911971343101, 35.333082119411017 ], [ 129.125893037866973, 35.332870830756228 ], [ 129.125878352492066, 35.332703541227318 ], [ 129.125833849438976, 35.332315990003025 ], [ 129.125756448929764, 35.332063767440886 ], [ 129.12571553010784, 35.331997049628839 ], [ 129.125635113194022, 35.331865545854882 ], [ 129.125611709746266, 35.331837513350948 ], [ 129.125447779346132, 35.331640461274617 ], [ 129.125337423482137, 35.331415141860973 ], [ 129.124907931992254, 35.331010011758792 ], [ 129.124423316708999, 35.330704116035591 ], [ 129.124082175093008, 35.330497075719798 ], [ 129.123333647693926, 35.330164414016259 ], [ 129.122959427024682, 35.329993572939159 ], [ 129.122706326409713, 35.329867642130679 ], [ 129.122665227806948, 35.329845791566257 ], [ 129.122486091142719, 35.329750554030554 ], [ 129.122380467835256, 35.329702576356681 ], [ 129.12228821629634, 35.329660672436006 ], [ 129.122199872328878, 35.329606753912124 ], [ 129.122126590675322, 35.32956368107228 ], [ 129.12212310196918, 35.329561638042719 ], [ 129.122007793089608, 35.329436234790606 ], [ 129.121924676708687, 35.329345607727554 ], [ 129.121747519248714, 35.32918017296754 ], [ 129.121618252713432, 35.329059388732468 ], [ 129.12161613697748, 35.329057453488197 ], [ 129.121588652201126, 35.329057517490625 ], [ 129.121583152658417, 35.329057466854223 ], [ 129.121561264392881, 35.329048557228653 ], [ 129.121418053446718, 35.329012069530371 ], [ 129.121385188724503, 35.329003638894172 ], [ 129.121373720925988, 35.328998907993764 ], [ 129.12131920156537, 35.328976627519346 ], [ 129.121253097612794, 35.328958638829015 ], [ 129.121068854183534, 35.328745882467913 ], [ 129.121066024264962, 35.328742559351262 ], [ 129.12090064068525, 35.328436262042857 ], [ 129.120887124828442, 35.328392426612574 ], [ 129.120878482696611, 35.32836413388506 ], [ 129.120870954661456, 35.328352297986115 ], [ 129.120867360316538, 35.328346172202131 ], [ 129.12085623556186, 35.328328201534163 ], [ 129.120762984840354, 35.328099481890533 ], [ 129.120757114642657, 35.328084940667374 ], [ 129.120668939691711, 35.327958786342421 ], [ 129.120481611544562, 35.327706652609834 ], [ 129.120295606858292, 35.327465207923787 ], [ 129.120294186751806, 35.32746339676315 ], [ 129.120216887516762, 35.327319306413706 ], [ 129.120093342737846, 35.327062260850383 ], [ 129.120009191023911, 35.326886661088636 ], [ 129.119996318292692, 35.326859799887302 ], [ 129.11993696817828, 35.32674496469879 ], [ 129.119819705475265, 35.326517512666847 ], [ 129.119777501720932, 35.326243415172172 ], [ 129.119775402824445, 35.326229084812844 ], [ 129.119770026982252, 35.326207214315687 ], [ 129.119697876520178, 35.325904772243547 ], [ 129.119631431899791, 35.325544215650297 ], [ 129.119576108224891, 35.325201774100961 ], [ 129.119495918710527, 35.324972833193343 ], [ 129.119487747441468, 35.32494946023931 ], [ 129.119465375557326, 35.324895501363443 ], [ 129.119211624911799, 35.324282818190376 ], [ 129.119134547228157, 35.324120562707392 ], [ 129.119123317197761, 35.324111605414281 ], [ 129.118957915715669, 35.323751235954177 ], [ 129.118873448292561, 35.323571906938952 ], [ 129.11879241817482, 35.323399876058495 ], [ 129.118649050310125, 35.323093617515802 ], [ 129.118513466819451, 35.322914356895808 ], [ 129.118362588884111, 35.322715237207305 ], [ 129.118275662610813, 35.322622979666619 ], [ 129.118142421619012, 35.322481140501083 ], [ 129.117969185076674, 35.322333660722919 ], [ 129.117878168040136, 35.322256117258163 ], [ 129.117610578346103, 35.322126618559011 ], [ 129.11758099480835, 35.322112215967366 ], [ 129.117184609214974, 35.321932312398808 ], [ 129.116937678835171, 35.32175190327024 ], [ 129.116876380858002, 35.321707211621039 ], [ 129.116581479617992, 35.321518772009647 ], [ 129.116524175795746, 35.321482178813127 ], [ 129.11627105279004, 35.321275130164175 ], [ 129.116126341289089, 35.3211570236668 ], [ 129.11610570148369, 35.321140178670582 ], [ 129.116088630202, 35.321136542741975 ], [ 129.116056552344787, 35.321129709389851 ], [ 129.115599880415147, 35.321032443418382 ], [ 129.115203685092155, 35.320951651774322 ], [ 129.115192685811081, 35.320951706781848 ], [ 129.1150650678575, 35.320893393941645 ], [ 129.114818537788921, 35.320780842079607 ], [ 129.114714863475882, 35.320731257231444 ], [ 129.114686679375978, 35.32071780892381 ], [ 129.114593259296157, 35.320679598329534 ], [ 129.114290429708547, 35.320555921754931 ], [ 129.113894315756511, 35.320412185599452 ], [ 129.113751214148778, 35.320313173519246 ], [ 129.113706369321221, 35.3202670668827 ], [ 129.113663308332491, 35.32022304069676 ], [ 129.113633162292871, 35.320133097892317 ], [ 129.113630157536647, 35.320123934704689 ], [ 129.113607901767097, 35.320060825685388 ], [ 129.113464697878186, 35.319799608301054 ], [ 129.113393121254859, 35.319582501903731 ], [ 129.11338748262952, 35.3195653976099 ], [ 129.113310173817752, 35.319367094310373 ], [ 129.113223058526358, 35.319161635272316 ], [ 129.113212067564859, 35.319135075430189 ], [ 129.113210975936994, 35.319132839661478 ], [ 129.113205200565346, 35.319122525155699 ], [ 129.113133590665484, 35.318997757634683 ], [ 129.113021219420375, 35.31877233012537 ], [ 129.113015771426177, 35.318761437837949 ], [ 129.113012156926089, 35.31875446638724 ], [ 129.11282686086119, 35.318380070396586 ], [ 129.112824358592547, 35.318376593039055 ], [ 129.112644520052015, 35.318132912125051 ], [ 129.112555360603864, 35.318011812437277 ], [ 129.11253838970751, 35.317988760990637 ], [ 129.112395177694225, 35.31770050396365 ], [ 129.112175805229498, 35.317350500029882 ], [ 129.112175418258573, 35.317348959886765 ], [ 129.112075121529045, 35.3169796949541 ], [ 129.112024403203833, 35.316786279663141 ], [ 129.112010310283466, 35.316733303360579 ], [ 129.112009182924794, 35.316729374893072 ], [ 129.112008785495505, 35.316727418359811 ], [ 129.112041328357435, 35.316366822191767 ], [ 129.112041050982953, 35.316276705993729 ], [ 129.11200766658601, 35.315970347889191 ], [ 129.111985471281599, 35.315618875273053 ], [ 129.111967380735251, 35.315371288096202 ], [ 129.111963072099115, 35.315312316545658 ], [ 129.111933608950181, 35.315073913899099 ], [ 129.11190738780499, 35.314861738182962 ], [ 129.111895907176518, 35.314618353437922 ], [ 129.111917721957326, 35.314516401552282 ], [ 129.111961468071172, 35.31431194895476 ], [ 129.111939264142393, 35.314131695017551 ], [ 129.112037758928608, 35.313744041111597 ], [ 129.112048199980734, 35.313313005297509 ], [ 129.112048847691682, 35.313311445946496 ], [ 129.112092044952391, 35.313176089424047 ], [ 129.112102980247926, 35.313067900293397 ], [ 129.112212543633376, 35.312815501217855 ], [ 129.112343827480572, 35.312499923686886 ], [ 129.112354403789197, 35.312193361471621 ], [ 129.112365325682759, 35.312058143172699 ], [ 129.112365024151813, 35.311940996125827 ], [ 129.112369476692351, 35.311863535354298 ], [ 129.112370030868505, 35.311853884683018 ], [ 129.112375904423686, 35.311751707125239 ], [ 129.112386760562998, 35.311706602436594 ], [ 129.112391391616029, 35.311655036213992 ], [ 129.112408609027597, 35.311463341121829 ], [ 129.112430211974214, 35.31121093024769 ], [ 129.112429660912568, 35.310872317410215 ], [ 129.112429557292018, 35.310868371682318 ], [ 129.112429105311946, 35.310850921350884 ], [ 129.112406963009477, 35.310210351313927 ], [ 129.112406809696864, 35.310138293801657 ], [ 129.112374662514782, 35.310117314557154 ], [ 129.11224291254652, 35.310031330855026 ], [ 129.112241504253973, 35.310030366914646 ], [ 129.112112051831588, 35.30974201386573 ], [ 129.1119327324935, 35.309345557280672 ], [ 129.1118003813516, 35.308985163074553 ], [ 129.111734057008988, 35.308725569455923 ], [ 129.111689858218881, 35.308552578607767 ], [ 129.111590501489786, 35.30821920274353 ], [ 129.111481661340804, 35.307890641382407 ], [ 129.111480159131247, 35.307885883036938 ], [ 129.111458048659188, 35.307854445769372 ], [ 129.111435926100512, 35.307822730972184 ], [ 129.111373320771008, 35.307726957596465 ], [ 129.111251645159797, 35.30754093899106 ], [ 129.111182637646777, 35.307435441647598 ], [ 129.111014817327799, 35.307203932758668 ], [ 129.111012682463382, 35.307200879608118 ], [ 129.111006270966442, 35.30719225939238 ], [ 129.11094329156586, 35.307121832339959 ], [ 129.110797172280371, 35.306958094177261 ], [ 129.110613468684335, 35.306736720879769 ], [ 129.110587941966998, 35.306705909564819 ], [ 129.110585875018216, 35.306705947917912 ], [ 129.110576946615708, 35.306705955058334 ], [ 129.110411773064754, 35.306615907453619 ], [ 129.110276398454033, 35.306535486499776 ], [ 129.110264185006457, 35.30652823277385 ], [ 129.110123926852168, 35.306444787874675 ], [ 129.110048545492759, 35.30639992478126 ], [ 129.110011329176274, 35.306374344895744 ], [ 129.10995392645188, 35.3063348916263 ], [ 129.109880316894589, 35.306284299637475 ], [ 129.109773628643381, 35.306210836792161 ], [ 129.109500767000583, 35.305994960115406 ], [ 129.109437631153753, 35.305944947879823 ], [ 129.109432369055042, 35.305940814762877 ], [ 129.109399681854114, 35.305898724173744 ], [ 129.109300144002134, 35.30576965185773 ], [ 129.109083155343939, 35.305522951989467 ], [ 129.109046695271786, 35.305481486716523 ], [ 129.108936207317868, 35.305266096516391 ], [ 129.108760135546731, 35.304922853118413 ], [ 129.108561979356892, 35.304580638027794 ], [ 129.108584148308864, 35.304932109748606 ], [ 129.108584364312406, 35.30511233986882 ], [ 129.108587093836121, 35.305170322911444 ], [ 129.108593192677461, 35.305299882615046 ], [ 129.108595821560613, 35.305355725742949 ], [ 129.108595863325888, 35.305436827685689 ], [ 129.10859588598521, 35.305463858544854 ], [ 129.108595915430556, 35.305516896279606 ], [ 129.108595916089882, 35.305517929481084 ], [ 129.108596161009388, 35.305553964163302 ], [ 129.108079593957086, 35.305716724259952 ], [ 129.107629086150496, 35.30587030208369 ], [ 129.107595772579231, 35.305870323095093 ], [ 129.107386955212718, 35.305951679294061 ], [ 129.107162527581494, 35.30603876932431 ], [ 129.106991409121747, 35.306105144350745 ], [ 129.106782457380177, 35.306141451164301 ], [ 129.106584730294003, 35.30618670721028 ], [ 129.106397587222176, 35.306322322897209 ], [ 129.106211116183403, 35.306457359573379 ], [ 129.106202576111315, 35.306459205863575 ], [ 129.106063202039678, 35.30648964914684 ], [ 129.105873267410772, 35.306530966110479 ], [ 129.105867803328437, 35.306532187297719 ], [ 129.105837399694451, 35.306538775955296 ], [ 129.105716603977783, 35.306556924273686 ], [ 129.105606695732178, 35.306584041057576 ], [ 129.105562580520001, 35.306539050227428 ], [ 129.105551706374058, 35.306530090476507 ], [ 129.105727672320256, 35.306493794706974 ], [ 129.105826598469946, 35.306466733518491 ], [ 129.105936407306842, 35.306448621034342 ], [ 129.105948425736841, 35.30644869941451 ], [ 129.105958384121919, 35.306448664510199 ], [ 129.105801629277977, 35.306417180733234 ], [ 129.104685530538745, 35.306193013612763 ], [ 129.104572600018827, 35.306170342840389 ], [ 129.104541379798604, 35.30615657801836 ], [ 129.103460980091626, 35.305680257675867 ], [ 129.103450550730457, 35.305675650070775 ], [ 129.103267347462378, 35.305658273643246 ], [ 129.102977730182147, 35.305630928073832 ], [ 129.102812312408275, 35.305477794984142 ], [ 129.101335040532263, 35.304901979189069 ], [ 129.100920353640788, 35.304740336558673 ], [ 129.10081724212597, 35.304429017312685 ], [ 129.100667742667355, 35.30397763658987 ], [ 129.100666627883328, 35.303974420081765 ], [ 129.09994735826001, 35.303923685610194 ], [ 129.099790774147067, 35.303912745914097 ], [ 129.099654839943469, 35.303903139430702 ], [ 129.099109535195367, 35.304017500232312 ], [ 129.099094157258975, 35.304020722109925 ], [ 129.098250498117864, 35.303635339947085 ], [ 129.098247360698565, 35.30363384692766 ], [ 129.09781847326596, 35.3037333718691 ], [ 129.096999487007793, 35.303537336734379 ], [ 129.0967342244451, 35.303473839045139 ], [ 129.09672966964564, 35.303472749679109 ], [ 129.096421878209298, 35.303445978071714 ], [ 129.095126220789211, 35.303533119416478 ], [ 129.094921577438413, 35.303546881452228 ], [ 129.094794710782878, 35.30355541321893 ], [ 129.094476969756357, 35.30349815917868 ], [ 129.093947787829819, 35.303402801540109 ], [ 129.093490660057853, 35.303281560524759 ], [ 129.093101073814466, 35.303178231257981 ], [ 129.092628331922242, 35.3033227023463 ], [ 129.092514711139756, 35.303296600570057 ], [ 129.092204402827122, 35.303225312270442 ], [ 129.091924428758688, 35.303160990614352 ], [ 129.091373564706743, 35.303266209872177 ], [ 129.090550586835548, 35.303423398091518 ], [ 129.089663475466779, 35.30309699815605 ], [ 129.088845621448257, 35.302796105124592 ], [ 129.088352601510678, 35.302614716249906 ], [ 129.088350512616557, 35.302613627530903 ], [ 129.088298276826634, 35.302586227600429 ], [ 129.08803400225591, 35.302446796117309 ], [ 129.087191978294072, 35.302002537338879 ], [ 129.086337404308523, 35.301551644663881 ], [ 129.086095419081886, 35.301371646271001 ], [ 129.085798226175257, 35.30110136379411 ], [ 129.085236090188715, 35.300399156132308 ], [ 129.084963559258199, 35.300058894485844 ], [ 129.084961436435179, 35.300056398778729 ], [ 129.084924766696304, 35.299721147637023 ], [ 129.084906251291955, 35.299551870915494 ], [ 129.084893273920756, 35.299540578277607 ], [ 129.084212701277409, 35.298948371123018 ], [ 129.084014700332887, 35.298795207424654 ], [ 129.083360684823703, 35.298643621239115 ], [ 129.083357114315589, 35.298642792554972 ], [ 129.083283525046454, 35.298625739790943 ], [ 129.083277994175802, 35.29862442737813 ], [ 129.083202481256251, 35.298425644861702 ], [ 129.083178902189218, 35.298363116763305 ], [ 129.083154160359413, 35.298349740230186 ], [ 129.083145803315489, 35.298345103707071 ], [ 129.083153022457367, 35.298284778845805 ], [ 129.083155985609721, 35.298260019508298 ], [ 129.083156540006314, 35.29825494534559 ], [ 129.083120564418806, 35.29821797085831 ], [ 129.083112803225958, 35.298209935672595 ], [ 129.08308175747257, 35.298178364738611 ], [ 129.082892340919727, 35.297984785917606 ], [ 129.08263962374852, 35.297840733491391 ], [ 129.082603331257161, 35.297805309207462 ], [ 129.082584314480556, 35.297786772685853 ], [ 129.08255132638223, 35.297759745771721 ], [ 129.082529450901518, 35.297696621827257 ], [ 129.082511475430238, 35.297652152912953 ], [ 129.082507451672285, 35.297642502720542 ], [ 129.082518212943029, 35.297606549142472 ], [ 129.082518197531869, 35.297579382798652 ], [ 129.082485219261258, 35.297552346719733 ], [ 129.082496321465015, 35.297516394090827 ], [ 129.082496205974053, 35.297498376533284 ], [ 129.082397425340446, 35.297678610352229 ], [ 129.082240634506121, 35.297612838581365 ], [ 129.081968615061498, 35.297498729170933 ], [ 129.081898167015993, 35.297457278137117 ], [ 129.081814993130507, 35.297408317443875 ], [ 129.081341559650639, 35.297129625217899 ], [ 129.081176678670118, 35.297102614185583 ], [ 129.081138683762759, 35.297096418546353 ], [ 129.081017325215612, 35.297076632391509 ], [ 129.081011464027199, 35.297075744330186 ], [ 129.080888763397979, 35.296979156956347 ], [ 129.080728916049708, 35.29685335504918 ], [ 129.080725407130785, 35.296850598793604 ], [ 129.080700505562874, 35.296730409459819 ], [ 129.080750753228131, 35.296717151146964 ], [ 129.080754298096906, 35.296716214941718 ], [ 129.080724732622031, 35.296642785073701 ], [ 129.080719589984142, 35.296644179433407 ], [ 129.080684602272896, 35.296653663469897 ], [ 129.08065687333405, 35.29651983944715 ], [ 129.080652526088699, 35.29649885688687 ], [ 129.080626282456905, 35.296372866242159 ], [ 129.080587631888619, 35.296333954163799 ], [ 129.080250551893556, 35.295994585363275 ], [ 129.080079852144678, 35.295822728042012 ], [ 129.080053715271021, 35.295796412400755 ], [ 129.079668601193987, 35.29539104418005 ], [ 129.0794382267527, 35.295233784045728 ], [ 129.07940467312801, 35.295210992056468 ], [ 129.079313249226999, 35.295139643677054 ], [ 129.079285862799821, 35.295118268639861 ], [ 129.079173707612455, 35.295030784756413 ], [ 129.079111086916498, 35.294985966075821 ], [ 129.078909553012011, 35.294841727631479 ], [ 129.077922368168004, 35.294007809898481 ], [ 129.077534453281345, 35.293679924495819 ], [ 129.076192026795496, 35.292545006198971 ], [ 129.075927524277716, 35.292328488111174 ], [ 129.075839296641504, 35.292256279399965 ], [ 129.075498843047711, 35.29197763720898 ], [ 129.07472866787586, 35.291313442730448 ], [ 129.074678092050618, 35.29126967834442 ], [ 129.074673890166508, 35.291266094256052 ], [ 129.074267443828688, 35.290763069763166 ], [ 129.074266376115702, 35.290761538343148 ], [ 129.074004362205272, 35.290793947608478 ], [ 129.073967804399302, 35.290798470658572 ], [ 129.073606939731434, 35.290843106382638 ], [ 129.07257469901225, 35.292024521850401 ], [ 129.072102598441887, 35.292772806813346 ], [ 129.071224071658833, 35.293773889487191 ], [ 129.070566470635129, 35.294508593566349 ], [ 129.070554113606789, 35.294522317529768 ], [ 129.070388998337165, 35.294445167372068 ], [ 129.070168959575909, 35.294342342521269 ], [ 129.069876841689705, 35.294093198657805 ], [ 129.069635281103558, 35.293887389852728 ], [ 129.069630020217602, 35.293882832999259 ], [ 129.069333028788662, 35.29379300914939 ], [ 129.069003409167522, 35.293865246240514 ], [ 129.067464189098729, 35.293848051627755 ], [ 129.066574136917694, 35.294479414117582 ], [ 129.064826410028104, 35.294624565442113 ], [ 129.064067557670768, 35.294471788927055 ], [ 129.062541951373845, 35.29481030525114 ], [ 129.061869282474476, 35.294959555665173 ], [ 129.060755701697389, 35.294967689323585 ], [ 129.060538866669788, 35.294969270663309 ], [ 129.059455827691608, 35.294975937927404 ], [ 129.058945003469631, 35.294979078665328 ], [ 129.058566256328589, 35.294885835595416 ], [ 129.058361912136576, 35.294835529709495 ], [ 129.058327149839357, 35.294805422858715 ], [ 129.058152967447427, 35.294654909455588 ], [ 129.058044722927178, 35.294492340391194 ], [ 129.057758428142023, 35.294062358382568 ], [ 129.057624903348056, 35.29386201793568 ], [ 129.05753864496225, 35.293683682186263 ], [ 129.057415768487317, 35.293429509310592 ], [ 129.057290853605537, 35.293115964067134 ], [ 129.057261372298086, 35.293041962646051 ], [ 129.056917933538557, 35.292420585694266 ], [ 129.056763718941994, 35.292141567424231 ], [ 129.056428103445199, 35.291534329686293 ], [ 129.056424855228158, 35.291528192000719 ], [ 129.055765837045755, 35.29115175844246 ], [ 129.055589150444945, 35.29105084269554 ], [ 129.05554207359387, 35.290986305728268 ], [ 129.055050132732447, 35.29031191547412 ], [ 129.054925746397487, 35.290227047048774 ], [ 129.054457752311976, 35.28990773038543 ], [ 129.0543242462671, 35.289816501524101 ], [ 129.053894884090766, 35.28928493687652 ], [ 129.053499158104927, 35.288996670721396 ], [ 129.053411027119523, 35.288825400788106 ], [ 129.053385484534033, 35.288762688813499 ], [ 129.052959578204025, 35.287717050826259 ], [ 129.052772460766874, 35.287338505496642 ], [ 129.052728040676044, 35.286680584923651 ], [ 129.052167109914109, 35.285860623151294 ], [ 129.052232297661277, 35.284932184994986 ], [ 129.052441064625214, 35.284508487725475 ], [ 129.053220698768058, 35.283651849553117 ], [ 129.053868882984631, 35.282867417824619 ], [ 129.05384634279693, 35.282056205398433 ], [ 129.052702455937066, 35.28098410587107 ], [ 129.050949185654133, 35.280380485380945 ], [ 129.050892707366501, 35.280361040115466 ], [ 129.050772167020796, 35.280319523035899 ], [ 129.050767640352149, 35.280317964523427 ], [ 129.050530889381037, 35.280043504458085 ], [ 129.050184665556202, 35.279642127134174 ], [ 129.04973345401703, 35.278867185100708 ], [ 129.049590508587983, 35.278741044656542 ], [ 129.049009328550568, 35.278408735229128 ], [ 129.049007579792431, 35.2784077803 ], [ 129.048886831905776, 35.278344770882967 ], [ 129.048478081662608, 35.278068536661038 ], [ 129.048446984371168, 35.278047520170176 ], [ 129.048380470460074, 35.277083150488998 ], [ 129.047973386341994, 35.276749723099442 ], [ 129.047511796097581, 35.276542671860696 ], [ 129.047533716855185, 35.276281248728104 ], [ 129.047280815371522, 35.27600194856965 ], [ 129.047772180790503, 35.275289841908815 ], [ 129.047840754340967, 35.275190459084939 ], [ 129.047752542319046, 35.274523549185531 ], [ 129.047563706474648, 35.274293013672029 ], [ 129.047498527924603, 35.27421357517099 ], [ 129.047242750909845, 35.274387207793204 ], [ 129.046916109683735, 35.27460894368933 ], [ 129.046557344084533, 35.274776519664712 ], [ 129.046125704366716, 35.274722139749805 ], [ 129.044597920921262, 35.274503525161336 ], [ 129.043986970626634, 35.274529195075921 ], [ 129.042587545058694, 35.274649412189881 ], [ 129.042406630269795, 35.274664994407573 ], [ 129.042330564700222, 35.274671907673948 ], [ 129.040908682556875, 35.274800369060593 ], [ 129.039342600774319, 35.275204407200562 ], [ 129.038730497303646, 35.275362287662034 ], [ 129.037468092482129, 35.275291454349869 ], [ 129.036893852815751, 35.275357305404938 ], [ 129.036153531580936, 35.275442137392076 ], [ 129.03611997718582, 35.275445940912761 ], [ 129.035908020047827, 35.275470204147361 ], [ 129.035153110510805, 35.276029217693932 ], [ 129.035123905107014, 35.276050840752347 ], [ 129.035105234656953, 35.276064662938616 ], [ 129.034837525763578, 35.276262770468193 ], [ 129.034823818146322, 35.276264125500326 ], [ 129.033100491578665, 35.276437835138886 ], [ 129.031827144294539, 35.276616924488714 ], [ 129.031226886521466, 35.276755689132287 ], [ 129.030682891083842, 35.276878025817012 ], [ 129.030215246113613, 35.2768946053801 ], [ 129.029759374209988, 35.276888169786076 ], [ 129.029535445215799, 35.276886850822599 ], [ 129.027954218169697, 35.276783824593849 ], [ 129.02760475104165, 35.276761232435966 ], [ 129.027312581595169, 35.276736561559439 ], [ 129.026017184797155, 35.276541134588399 ], [ 129.025589770824467, 35.276491258573714 ], [ 129.025134658905813, 35.276446074185607 ], [ 129.024996967979604, 35.276432463342346 ], [ 129.024975622198923, 35.276430296361575 ], [ 129.024371274054459, 35.276404779061579 ], [ 129.024133332516612, 35.276392419835354 ], [ 129.024029129882052, 35.276386842861676 ], [ 129.023957077008276, 35.276382947921604 ], [ 129.023826249576388, 35.276375875091091 ], [ 129.023790770664363, 35.276371256902934 ], [ 129.023757003631374, 35.276366757787081 ], [ 129.023524480149831, 35.276324040889492 ], [ 129.022690474061278, 35.276177037965297 ], [ 129.022624926935521, 35.276165042432062 ], [ 129.022594909695044, 35.276159632055872 ], [ 129.02225832848265, 35.2761438441321 ], [ 129.022089864358662, 35.27613595831285 ], [ 129.021618339741252, 35.276107376221965 ], [ 129.021509724881525, 35.276103410534262 ], [ 129.020765012551607, 35.275942940724455 ], [ 129.02047295046961, 35.275878767384611 ], [ 129.020433882887545, 35.275870183016842 ], [ 129.020210686484631, 35.275843212356243 ], [ 129.019324253847003, 35.275645396260387 ], [ 129.019264723736796, 35.275629750283763 ], [ 129.018809911224906, 35.275510207871889 ], [ 129.018700666990725, 35.27549674652451 ], [ 129.01837210801142, 35.275456260461532 ], [ 129.018144672614881, 35.275549329085536 ], [ 129.018019886150057, 35.275530003467743 ], [ 129.017780064004342, 35.275497109701547 ], [ 129.017702396603653, 35.275494885412549 ], [ 129.017584526722459, 35.275491638186935 ], [ 129.017537555378254, 35.275491343050476 ], [ 129.017485114786382, 35.2754910137308 ], [ 129.017484160360283, 35.275491007673047 ], [ 129.017345478453933, 35.275490136465336 ], [ 129.017297646123694, 35.275483704948755 ], [ 129.017172175685488, 35.275466833064293 ], [ 129.017120482410519, 35.275459531179131 ], [ 129.017043219206272, 35.275432229787889 ], [ 129.017003683002201, 35.27541823699292 ], [ 129.016902464755617, 35.27538241562813 ], [ 129.016817729271992, 35.275352426374347 ], [ 129.016797480334503, 35.275345260159433 ], [ 129.016725186902733, 35.275319674188722 ], [ 129.01669043235637, 35.275302797527424 ], [ 129.016552083799752, 35.275235405001261 ], [ 129.01650364516496, 35.275211833294961 ], [ 129.016437381366359, 35.275179589891813 ], [ 129.015443091987009, 35.274702485950669 ], [ 129.015215446209226, 35.274592928547513 ], [ 129.014998550347116, 35.274487278823898 ], [ 129.014684358073595, 35.274335511479045 ], [ 129.014581835927316, 35.274286102062405 ], [ 129.013939195356556, 35.273975198188936 ], [ 129.01349620221913, 35.273764261242206 ], [ 129.013484330016638, 35.273758609817001 ], [ 129.013478420863976, 35.273774220988699 ], [ 129.013338070497156, 35.274144812545735 ], [ 129.013299101335519, 35.2742281893822 ], [ 129.013231106825913, 35.274375367547115 ], [ 129.013071449080286, 35.274708168241936 ], [ 129.012919507455081, 35.275026747783436 ], [ 129.012756912751826, 35.275369415817337 ], [ 129.012634504410556, 35.275623211891414 ], [ 129.012545920022205, 35.275806723685697 ], [ 129.012421441720022, 35.276068822995512 ], [ 129.012360319095592, 35.276199387556787 ], [ 129.012255409612095, 35.276417830091255 ], [ 129.01211239276131, 35.276716127391857 ], [ 129.012063627102094, 35.276818659023334 ], [ 129.012007834854643, 35.276937109623475 ], [ 129.011959932703917, 35.277044705510342 ], [ 129.011936235033374, 35.277094275844156 ], [ 129.011863443921385, 35.27724385464338 ], [ 129.011763513647736, 35.277449053156225 ], [ 129.011724699164063, 35.277530743365574 ], [ 129.011625124444777, 35.277740733817936 ], [ 129.011514364337756, 35.27785186857853 ], [ 129.011422318046527, 35.277940460263714 ], [ 129.01126965820697, 35.278087785576886 ], [ 129.011207314197719, 35.278142850626821 ], [ 129.011077150483032, 35.278261026375837 ], [ 129.010975156505594, 35.278352293527284 ], [ 129.010839658694806, 35.278475389862038 ], [ 129.010685444855284, 35.278618066292999 ], [ 129.010572276337712, 35.2787228514863 ], [ 129.010464948888597, 35.27882158694095 ], [ 129.010363113571998, 35.278911170124893 ], [ 129.010308673652759, 35.278959900569049 ], [ 129.010254578633379, 35.279007787295313 ], [ 129.010194521497027, 35.27906398904247 ], [ 129.010057262546638, 35.279192435848564 ], [ 129.009935336343744, 35.279305111483936 ], [ 129.00983504693545, 35.279399615685747 ], [ 129.009720678295253, 35.279505671003115 ], [ 129.009571953758865, 35.279644265411754 ], [ 129.009481116900616, 35.279726798045154 ], [ 129.009425467593076, 35.279777780957318 ], [ 129.009376525267442, 35.279821305077512 ], [ 129.009304380966114, 35.279886142165651 ], [ 129.00923484940563, 35.27994863310974 ], [ 129.009185905305173, 35.279993139015907 ], [ 129.009080454518994, 35.280087362596532 ], [ 129.008978963470639, 35.280179192530696 ], [ 129.008824575105535, 35.280323416851608 ], [ 129.008788856011478, 35.280356931234628 ], [ 129.008699039336705, 35.280441436783697 ], [ 129.008659887486118, 35.280475662934904 ], [ 129.008547396263111, 35.280572841860682 ], [ 129.008402448368685, 35.280699603873089 ], [ 129.008294773689244, 35.280794955366893 ], [ 129.008177992731589, 35.280898614939396 ], [ 129.008046613556218, 35.281013262068527 ], [ 129.007960404559668, 35.281090444401109 ], [ 129.007835368445711, 35.28120043661221 ], [ 129.007794499430958, 35.281236496106963 ], [ 129.007668904140473, 35.281341615674691 ], [ 129.007583948739665, 35.281427621378157 ], [ 129.007359315387134, 35.281652257468231 ], [ 129.006896305590146, 35.282118161016527 ], [ 129.006881535513969, 35.282128303185431 ], [ 129.006384348061374, 35.282640814059981 ], [ 129.006129656815148, 35.282912777476042 ], [ 129.005578005308564, 35.283394731095392 ], [ 129.005531516071954, 35.283436046693382 ], [ 129.005382472410759, 35.283568503742522 ], [ 129.004577228089545, 35.284284128641346 ], [ 129.004101983268185, 35.284727484291025 ], [ 129.003877502278044, 35.284952680141295 ], [ 129.003801073386313, 35.28500690138506 ], [ 129.003697510022079, 35.285063665264666 ], [ 129.003419439802656, 35.285219846600697 ], [ 129.003362929111972, 35.285256046773846 ], [ 129.003297318076903, 35.285292948782647 ], [ 129.002916701515318, 35.28549800253532 ], [ 129.002740307141579, 35.285598418097905 ], [ 129.002334438088724, 35.285823052759461 ], [ 129.002225036270772, 35.285886850058723 ], [ 129.001775542074739, 35.286139372002523 ], [ 129.00149196344222, 35.286300625746009 ], [ 129.001219897330714, 35.286453711709854 ], [ 129.000991103528378, 35.286579754848859 ], [ 129.000781722542115, 35.286693834988284 ], [ 129.000633498779592, 35.286775653205531 ], [ 128.999030613770799, 35.288037029089104 ], [ 128.998369782772642, 35.288557164567521 ], [ 128.997622754680833, 35.288959644278407 ], [ 128.997116202290499, 35.289216931866797 ], [ 128.996753590472764, 35.289408029411035 ], [ 128.996338933330549, 35.289625883740683 ], [ 128.996141391789109, 35.289729672808527 ], [ 128.995547055333958, 35.290039189357934 ], [ 128.995471594148597, 35.290077892279946 ], [ 128.995159948480506, 35.290237715846587 ], [ 128.99513736151431, 35.290249298432315 ], [ 128.994718749474856, 35.290478835807164 ], [ 128.994516736171079, 35.290591491549499 ], [ 128.994349937966035, 35.290684852188392 ], [ 128.994007239668434, 35.290878333615304 ], [ 128.993999681382093, 35.29087777423382 ], [ 128.993637400435148, 35.290984083014088 ], [ 128.993203153915402, 35.291111648236026 ], [ 128.992999600029123, 35.291172055758864 ], [ 128.992908900633182, 35.291199789755481 ], [ 128.992717201748292, 35.291255409028871 ], [ 128.992231079069597, 35.29139704492286 ], [ 128.991910017231959, 35.291490397888737 ], [ 128.991683785957434, 35.29155713360619 ], [ 128.991100433549917, 35.291731716766975 ], [ 128.990394242347691, 35.291934174746281 ], [ 128.99038136892824, 35.291937553911495 ], [ 128.990107372361337, 35.292021037419147 ], [ 128.989639959268828, 35.292161969023518 ], [ 128.989463189110182, 35.292280533718078 ], [ 128.98927593679727, 35.292406985502858 ], [ 128.988901944488447, 35.292659316606212 ], [ 128.988581036839236, 35.292876874847806 ], [ 128.98819089126539, 35.293132022668956 ], [ 128.987665887853098, 35.293488129506379 ], [ 128.987213550822304, 35.293787917382431 ], [ 128.986989875064609, 35.293935341219566 ], [ 128.986836625645623, 35.294035594462763 ], [ 128.986826661967484, 35.294040380035817 ], [ 128.986540971100879, 35.294226250541243 ], [ 128.986068859819227, 35.294531092718906 ], [ 128.985885151509052, 35.294650637322128 ], [ 128.985780414497697, 35.294718793091889 ], [ 128.985066919261101, 35.295177668829531 ], [ 128.984949577710779, 35.295253984879253 ], [ 128.984710950244249, 35.295404924083726 ], [ 128.984139013492666, 35.295766787088617 ], [ 128.983521653207333, 35.296459315141306 ], [ 128.983455496636594, 35.296536488544348 ], [ 128.983447424344718, 35.296542257726024 ], [ 128.98314776381298, 35.296864580074278 ], [ 128.981887237472534, 35.298218782836813 ], [ 128.981452154659252, 35.298708388747222 ], [ 128.981315025580386, 35.298863811996107 ], [ 128.981010214063446, 35.299209281277527 ], [ 128.980866362850691, 35.299372321017039 ], [ 128.98084280790664, 35.299451742794453 ], [ 128.980624829590397, 35.30007574332528 ], [ 128.980611228007859, 35.30011458304088 ], [ 128.980334114847551, 35.300906043318371 ], [ 128.980206194600527, 35.301308804399902 ], [ 128.980089272234778, 35.301678474590346 ], [ 128.979943499939168, 35.302056300201258 ], [ 128.979706936812562, 35.302683673942461 ], [ 128.979604807605824, 35.302976588058463 ], [ 128.979547572980408, 35.303106990536804 ], [ 128.979083425714492, 35.303542784673503 ], [ 128.97864316759626, 35.303952664204118 ], [ 128.978274257862864, 35.304542681058336 ], [ 128.976999470183074, 35.306581422950252 ], [ 128.976802015701509, 35.306768408208683 ], [ 128.975936208007994, 35.307583371671861 ], [ 128.97563049041392, 35.307869481944344 ], [ 128.975395029741577, 35.308089839825136 ], [ 128.974921471092813, 35.308532231823129 ], [ 128.974892683462627, 35.308559125142722 ], [ 128.974620115837013, 35.308812983168451 ], [ 128.973897433605657, 35.309491492330736 ], [ 128.973582579546161, 35.30978041458647 ], [ 128.973143459276088, 35.31018591306065 ], [ 128.973140194694054, 35.310185911363895 ], [ 128.973120024344553, 35.310402082668382 ], [ 128.973099962583547, 35.310593797693429 ], [ 128.973080882147855, 35.310776125937267 ], [ 128.973065718467609, 35.310911323198745 ], [ 128.973030244537398, 35.311147635091984 ], [ 128.973008540236719, 35.311317755185591 ], [ 128.972965632893221, 35.311664056998538 ], [ 128.972960631888981, 35.311698412910033 ], [ 128.972929284818065, 35.311934871023126 ], [ 128.972903960393126, 35.312123440405827 ], [ 128.972888532594567, 35.312267694687364 ], [ 128.972878275860353, 35.312363554911563 ], [ 128.97285741798791, 35.312545929979692 ], [ 128.972838286130383, 35.312724498204211 ], [ 128.972784898926079, 35.313074597967983 ], [ 128.972766259249227, 35.313321759142987 ], [ 128.972745921265556, 35.313498918405912 ], [ 128.972719875114194, 35.313791141476798 ], [ 128.972641217891066, 35.314899818705392 ], [ 128.972552555415234, 35.316149476855941 ], [ 128.972458138981779, 35.317480195295126 ], [ 128.972382405920769, 35.318547559274897 ], [ 128.972294020297625, 35.319793216476 ], [ 128.972289106118893, 35.319854544343961 ], [ 128.972275021743059, 35.320030356869864 ], [ 128.972269641011962, 35.320090040494783 ], [ 128.972264672169473, 35.320145138990597 ], [ 128.972249668651557, 35.320324381556034 ], [ 128.972193577523171, 35.320994483161307 ], [ 128.972113891419866, 35.321328240139835 ], [ 128.971952337471151, 35.321875619277293 ], [ 128.971722311536041, 35.322651832969008 ], [ 128.971328831332215, 35.323975699989518 ], [ 128.971246930943607, 35.324250306087293 ], [ 128.971138883400755, 35.324607711982651 ], [ 128.971068042906637, 35.32471543309434 ], [ 128.971024196083675, 35.324787529986473 ], [ 128.971005114614542, 35.324817101937235 ], [ 128.970429433215003, 35.325741803058975 ], [ 128.970291703275819, 35.325962167763741 ], [ 128.970120088170091, 35.326236890533913 ], [ 128.969896896666882, 35.326594269273443 ], [ 128.969677481547336, 35.326944742346321 ], [ 128.969571243736254, 35.327114601806898 ], [ 128.969460655916293, 35.327291413070171 ], [ 128.969400808191807, 35.32738674147889 ], [ 128.969326346435736, 35.327506291266445 ], [ 128.969248974784165, 35.327629075241006 ], [ 128.969101946383688, 35.327863528167541 ], [ 128.969036258401871, 35.327967865802101 ], [ 128.968888720387127, 35.328212586633256 ], [ 128.968756183464649, 35.328325784983889 ], [ 128.968489200305754, 35.328543577077447 ], [ 128.968303717362744, 35.32869464415252 ], [ 128.968081782563814, 35.328874285274708 ], [ 128.967804836895681, 35.329100526725533 ], [ 128.967635510103406, 35.329229343563242 ], [ 128.967352735593465, 35.329423334343709 ], [ 128.966751761588966, 35.329839599533635 ], [ 128.966612177136483, 35.329935888703638 ], [ 128.966361882961507, 35.330108196418053 ], [ 128.966232269121264, 35.330197448956916 ], [ 128.965955154560618, 35.330389039940329 ], [ 128.965687151061758, 35.33057359375799 ], [ 128.965588477319926, 35.330641867165077 ], [ 128.965432216264929, 35.330749836317871 ], [ 128.965349695877933, 35.330806568007411 ], [ 128.965266156820661, 35.330864287517251 ], [ 128.96521406632445, 35.330900463492235 ], [ 128.964984225669468, 35.331058695384414 ], [ 128.964920617823481, 35.331103029621488 ], [ 128.964852195991938, 35.331149346172161 ], [ 128.964770025926896, 35.331205660295382 ], [ 128.964298816286089, 35.331530273230072 ], [ 128.963915454198514, 35.331813371230275 ], [ 128.963716692248966, 35.331930391045169 ], [ 128.963284044299002, 35.332185111993368 ], [ 128.96286854711542, 35.332426644464711 ], [ 128.96213656922987, 35.332854265611878 ], [ 128.960267627279194, 35.333467529255216 ], [ 128.959672595378208, 35.333660179454291 ], [ 128.958712028153826, 35.333971169911251 ], [ 128.957747896806609, 35.33428249061042 ], [ 128.956636087525055, 35.334641483795437 ], [ 128.956486358465185, 35.334726563241354 ], [ 128.956460726542787, 35.334741129960683 ], [ 128.9561935614052, 35.334906225310036 ], [ 128.955972640995896, 35.335042607955401 ], [ 128.955802951842799, 35.335147745907548 ], [ 128.955583577986289, 35.335282583722346 ], [ 128.955365066585301, 35.335417699270934 ], [ 128.954465025509222, 35.33574095378394 ], [ 128.951746555982226, 35.336717255928924 ], [ 128.951135047941506, 35.336936859677031 ], [ 128.946969377746598, 35.337575229348452 ], [ 128.945634698138235, 35.337779729982167 ], [ 128.945271195570001, 35.338027705206784 ], [ 128.944843897491722, 35.338319311182111 ], [ 128.944622069590196, 35.33846961206941 ], [ 128.943815949488879, 35.339018059349229 ], [ 128.940131681519745, 35.341998230383609 ], [ 128.939621488546265, 35.342360356990241 ], [ 128.939254113556785, 35.342621110019095 ], [ 128.937212082616838, 35.344816658418843 ], [ 128.93646689934863, 35.345617826999188 ], [ 128.935902467683633, 35.346224647238166 ], [ 128.934627164565114, 35.347349202235044 ], [ 128.934195056672166, 35.347735115576171 ], [ 128.933572348852465, 35.348289090606762 ], [ 128.933358704869164, 35.348478531449445 ], [ 128.932620914237873, 35.349133842970573 ], [ 128.931839729445898, 35.349827682801944 ], [ 128.929122232735637, 35.352347402884291 ], [ 128.927752575661913, 35.353430564058812 ], [ 128.926849875665198, 35.354217399330587 ], [ 128.926011512553288, 35.354948503726249 ], [ 128.925911580589059, 35.355035235609002 ], [ 128.925645057945445, 35.355266559441965 ], [ 128.925125294543847, 35.355718723629856 ], [ 128.924428151512529, 35.356328367115971 ], [ 128.92369021259799, 35.356972057406587 ], [ 128.923620360666746, 35.357033276629799 ], [ 128.921915121342664, 35.358150598734511 ], [ 128.921438780068655, 35.358462701387907 ], [ 128.920224107100637, 35.359256331014684 ], [ 128.918112092201625, 35.360634907815864 ], [ 128.917467220481484, 35.361057532480039 ], [ 128.917087277963674, 35.361306527692967 ], [ 128.916899237612597, 35.361429619163438 ], [ 128.916339775290339, 35.361795674428301 ], [ 128.915729720968386, 35.362195340062335 ], [ 128.915440005986085, 35.362384277773536 ], [ 128.914181741056098, 35.363206787358422 ], [ 128.913501835921409, 35.363651217754203 ], [ 128.912606769180115, 35.364236274129674 ], [ 128.912329903517474, 35.364297479863197 ], [ 128.911895453973415, 35.36439100411468 ], [ 128.911674019685051, 35.364438671358471 ], [ 128.910914443169759, 35.364601046015501 ], [ 128.910441020718082, 35.364700678588235 ], [ 128.910243423976027, 35.364743344190707 ], [ 128.909412643439907, 35.364920580204007 ], [ 128.909099659234414, 35.364988648124218 ], [ 128.908137483646783, 35.365197607661052 ], [ 128.907871277523668, 35.365255564887192 ], [ 128.907666976356438, 35.365301039873003 ], [ 128.907448743966256, 35.365348748669604 ], [ 128.907289497352764, 35.365382428203382 ], [ 128.907103766791437, 35.365424389698525 ], [ 128.906982911443919, 35.365418238076806 ], [ 128.90682097309022, 35.365403189857034 ], [ 128.906690662180722, 35.36539153648291 ], [ 128.906572727088474, 35.365381583569715 ], [ 128.906374346057788, 35.365363965674412 ], [ 128.906250570267105, 35.365351757909501 ], [ 128.906021759755617, 35.365330311969373 ], [ 128.905842285150754, 35.365315100446907 ], [ 128.905694961078666, 35.365301462075593 ], [ 128.905653049938223, 35.365297483140452 ], [ 128.905560352536298, 35.365288677282877 ], [ 128.905404605385769, 35.365275881261873 ], [ 128.905213436014748, 35.365259254079376 ], [ 128.905026402645404, 35.365242349491666 ], [ 128.904851396767668, 35.365226291119711 ], [ 128.904744985070522, 35.365216211448342 ], [ 128.904488848130796, 35.365192626138182 ], [ 128.90437899199091, 35.365182961246845 ], [ 128.904230809303925, 35.365169037141634 ], [ 128.904096892281018, 35.365156816994251 ], [ 128.903973288568722, 35.365144467844225 ], [ 128.90364821409284, 35.365114488800614 ], [ 128.903485074407939, 35.365099853964864 ], [ 128.903222392400579, 35.365075692833017 ], [ 128.902939608864784, 35.365049553809392 ], [ 128.902653379289433, 35.365024114096826 ], [ 128.90237041666191, 35.364998673653147 ], [ 128.902102755305094, 35.364974227065453 ], [ 128.901903341382905, 35.364956602967808 ], [ 128.90180999862821, 35.364948496842871 ], [ 128.901643639823959, 35.36493289067333 ], [ 128.901602504885318, 35.364929031153721 ], [ 128.901526514134105, 35.3649267119496 ], [ 128.901395510993154, 35.364924213914932 ], [ 128.901251778041512, 35.364920855379914 ], [ 128.901093786785196, 35.36491748349524 ], [ 128.900897788934714, 35.364914085038961 ], [ 128.900606726130121, 35.364910172612468 ], [ 128.900406779128787, 35.364906775859836 ], [ 128.900190665763489, 35.36490377709368 ], [ 128.900053478859377, 35.364901264511474 ], [ 128.899960466141152, 35.364899637437844 ], [ 128.899753640986205, 35.364895661128479 ], [ 128.899531169643012, 35.364892376000114 ], [ 128.899498442118102, 35.364892109530707 ], [ 128.899357010398262, 35.36489096165932 ], [ 128.899198498617096, 35.364888291160369 ], [ 128.898997522746583, 35.364884458596919 ], [ 128.8988687470071, 35.364883082471266 ], [ 128.898749783165101, 35.364880588238812 ], [ 128.89847762117509, 35.364875142748041 ], [ 128.898296587401546, 35.364872592890165 ], [ 128.898083403639959, 35.364867906518519 ], [ 128.897976465410551, 35.36486513713534 ], [ 128.897658586407402, 35.364860222343651 ], [ 128.897254735347872, 35.364852698137632 ], [ 128.896938050351167, 35.364847064392102 ], [ 128.896768018015536, 35.364845227143071 ], [ 128.896462860220339, 35.364838625816084 ], [ 128.896109210711188, 35.364833393666515 ], [ 128.896100958764833, 35.364832677573553 ], [ 128.895915106499018, 35.364837167223854 ], [ 128.895635878270184, 35.364847057453673 ], [ 128.895493727290159, 35.364851375260976 ], [ 128.895480572357883, 35.364851775133367 ], [ 128.895354647757244, 35.364855599728578 ], [ 128.895275335285476, 35.364858008681509 ], [ 128.893393156174881, 35.364928869705075 ], [ 128.892693381981275, 35.36495359373577 ], [ 128.892307388431078, 35.364966479390908 ], [ 128.890978499504683, 35.365015697878206 ], [ 128.890599144457582, 35.365026909427819 ], [ 128.889085316456317, 35.365455315816135 ], [ 128.887988828581967, 35.365767782106197 ], [ 128.887210026895957, 35.365987030060147 ], [ 128.88509547423925, 35.366583685232968 ], [ 128.883871838603625, 35.366941344721575 ], [ 128.883184164267334, 35.367143611684156 ], [ 128.882727068157038, 35.367275619670409 ], [ 128.88209261944246, 35.367458844393944 ], [ 128.881707498763092, 35.367571692034979 ], [ 128.881304485715106, 35.367689171681768 ], [ 128.880868966219992, 35.367814075644624 ], [ 128.880439979121178, 35.368020935689515 ], [ 128.88033472989747, 35.368071686597297 ], [ 128.879590742740163, 35.368439070321081 ], [ 128.877679120749917, 35.370235605772841 ], [ 128.876424270052865, 35.371414852081784 ], [ 128.876223514157232, 35.372039233717452 ], [ 128.875974890070921, 35.372817347773854 ], [ 128.875944907842012, 35.372911742560952 ], [ 128.875828532246345, 35.373278140969809 ], [ 128.875771696254418, 35.373454263388396 ], [ 128.875633636809994, 35.373884219007188 ], [ 128.875548792162704, 35.37415339900128 ], [ 128.87544961831847, 35.37446172012082 ], [ 128.87535476299459, 35.374756659101685 ], [ 128.875274224626622, 35.375018800646018 ], [ 128.875218394373604, 35.375204506181333 ], [ 128.87501834062553, 35.37580747363598 ], [ 128.874821748526045, 35.376390594956469 ], [ 128.874678028793483, 35.376813078225872 ], [ 128.874411283776084, 35.377610893045784 ], [ 128.874249576456236, 35.378093488228096 ], [ 128.8740728343125, 35.378622976978818 ], [ 128.875784996807283, 35.378624764824664 ], [ 128.875763435107018, 35.378668258381602 ], [ 128.875698580293829, 35.378801135614623 ], [ 128.875652338037781, 35.378895585599452 ], [ 128.875594732267643, 35.379011289476743 ], [ 128.875515622267756, 35.379129084655915 ], [ 128.875439489920467, 35.379319972953326 ], [ 128.875385976128825, 35.379448490580558 ], [ 128.875331936491278, 35.379592087138604 ], [ 128.875233459163042, 35.379778584640007 ], [ 128.875176894084802, 35.379885557985496 ], [ 128.875123958208889, 35.379974223553987 ], [ 128.875106017292438, 35.380010686565043 ], [ 128.87506531473818, 35.380092180368898 ], [ 128.875009422020639, 35.380202536002798 ], [ 128.875009739779387, 35.38021957445082 ], [ 128.875023830855639, 35.380227476182505 ], [ 128.875069550731894, 35.380241047809733 ], [ 128.875106837170023, 35.380257562672455 ], [ 128.875061846858074, 35.380327786579734 ], [ 128.874973046890773, 35.380262493562078 ], [ 128.874859177337129, 35.38050516258901 ], [ 128.874798967069438, 35.380630156971094 ], [ 128.87471855609931, 35.380803020000748 ], [ 128.874637305667818, 35.380969249531567 ], [ 128.874540810192713, 35.381203775643336 ], [ 128.874491958186354, 35.38132624958601 ], [ 128.87449691450891, 35.381344425369811 ], [ 128.874518906537332, 35.381356135783605 ], [ 128.874567376033582, 35.381369844004652 ], [ 128.874506734585509, 35.381553003621129 ], [ 128.874394764149599, 35.381897361999549 ], [ 128.874334459323791, 35.382082627439665 ], [ 128.874314468227396, 35.382144886819539 ], [ 128.874287621469563, 35.382228483938512 ], [ 128.874285897739441, 35.382231292199918 ], [ 128.874391568710138, 35.382232144757722 ], [ 128.874415828371099, 35.382232340286173 ], [ 128.874421966792255, 35.382232390359853 ], [ 128.874466799786745, 35.382232753017156 ], [ 128.87465540021114, 35.382262812196664 ], [ 128.874713654064095, 35.382290470377953 ], [ 128.874781510366745, 35.382336310929539 ], [ 128.874853774777307, 35.382420038833729 ], [ 128.87527323657045, 35.382836355034335 ], [ 128.875351160951482, 35.383258372697924 ], [ 128.875417847071532, 35.383724307169949 ], [ 128.875420798443969, 35.38373032510912 ], [ 128.875580023310818, 35.384055152948626 ], [ 128.875664892112923, 35.384548425847264 ], [ 128.875776208875209, 35.384740360267287 ], [ 128.875797569006437, 35.385159911145173 ], [ 128.87611522984173, 35.385577670132619 ], [ 128.876552388479894, 35.385687832630033 ], [ 128.876560981075471, 35.385689949042458 ], [ 128.876562014381761, 35.385690373641765 ], [ 128.876601027626151, 35.38570759320573 ], [ 128.876874025285531, 35.385877441190544 ], [ 128.877269222296661, 35.386002366093173 ], [ 128.877343794817449, 35.38602594017464 ], [ 128.877436030131207, 35.386097366280858 ], [ 128.877561944953811, 35.386194872001113 ], [ 128.87782513195242, 35.386148110281781 ], [ 128.877853336739491, 35.386143210246011 ], [ 128.877856604534912, 35.386143347882637 ], [ 128.877858496271642, 35.38614349400229 ], [ 128.878910301897861, 35.386473827720884 ], [ 128.87933208513067, 35.386516932278219 ], [ 128.87942700119703, 35.386525048348282 ], [ 128.879533944596488, 35.3865347364207 ], [ 128.879571244111617, 35.386530783383428 ], [ 128.879791950744732, 35.386507390534447 ], [ 128.879918719416537, 35.386494142318661 ], [ 128.879943648814617, 35.386493184940967 ], [ 128.879950188411755, 35.386493047122173 ], [ 128.880079987618217, 35.386495480801877 ], [ 128.880228088532988, 35.386498257005243 ], [ 128.880608305803662, 35.38650849808554 ], [ 128.880610015856064, 35.386512582622053 ], [ 128.880610357900395, 35.386513143114058 ], [ 128.88064264773439, 35.386711048419869 ], [ 128.880649380977701, 35.386752309799341 ], [ 128.8806081726824, 35.386803016109013 ], [ 128.880555149868314, 35.386868261385487 ], [ 128.880480979145261, 35.387014372958085 ], [ 128.880469575163659, 35.387036850330276 ], [ 128.88043681613982, 35.387101420388518 ], [ 128.880342296917348, 35.387287730516448 ], [ 128.880340051171856, 35.387295756972613 ], [ 128.880339531879201, 35.387297587743994 ], [ 128.880320362503312, 35.387470928315722 ], [ 128.88027782027163, 35.387854650094233 ], [ 128.880306684746614, 35.388101982402205 ], [ 128.880305303303288, 35.388106199640937 ], [ 128.880304958081155, 35.388108037438897 ], [ 128.880285136802257, 35.388137167406462 ], [ 128.880075547170151, 35.388448334699746 ], [ 128.880026757307519, 35.388528701692877 ], [ 128.879709801843148, 35.389106633965277 ], [ 128.879679910332612, 35.389161101999427 ], [ 128.879595639111699, 35.389314669205547 ], [ 128.87956357515472, 35.389365193182876 ], [ 128.879540236794895, 35.389397302411048 ], [ 128.879376073676895, 35.389623150663581 ], [ 128.879326832196085, 35.389690654907504 ], [ 128.879297135323753, 35.389731364023156 ], [ 128.878869466346202, 35.390155966456959 ], [ 128.878685525216952, 35.390472352749804 ], [ 128.878673078144402, 35.390493761741112 ], [ 128.87855409157217, 35.390699395105464 ], [ 128.878554078952419, 35.390707839627758 ], [ 128.878557316071038, 35.390728546677806 ], [ 128.878901204468093, 35.391004501262536 ], [ 128.87907506539986, 35.391246204197458 ], [ 128.87908568749441, 35.391269315327293 ], [ 128.879370771357685, 35.39222964400124 ], [ 128.87937214129397, 35.392232890341667 ], [ 128.879377274470642, 35.392245567707732 ], [ 128.879655452933491, 35.392766495439943 ], [ 128.879659555464713, 35.392783688951866 ], [ 128.879662453560343, 35.392804250168439 ], [ 128.879637181932168, 35.393021669053809 ], [ 128.879568247714417, 35.393802925328835 ], [ 128.879457320810701, 35.394823557647641 ], [ 128.879460489266137, 35.395116353441672 ], [ 128.879366804943203, 35.39589352561358 ], [ 128.879277792595047, 35.396631935065699 ], [ 128.879386748346491, 35.397259166060088 ], [ 128.87938757928535, 35.397277047884693 ], [ 128.879410177166136, 35.397785417379531 ], [ 128.879423682119551, 35.398089262180555 ], [ 128.879773825339697, 35.398349872675361 ], [ 128.880104686897056, 35.398614822749003 ], [ 128.880191112264697, 35.398679408372345 ], [ 128.880288721831846, 35.39873668579051 ], [ 128.881043380987904, 35.399248371027426 ], [ 128.881424748190597, 35.399682508858099 ], [ 128.881726465052026, 35.399774756667007 ], [ 128.881986245616503, 35.399854181406553 ], [ 128.882467090056537, 35.400139977299943 ], [ 128.88275415783653, 35.400260530837336 ], [ 128.883245083913778, 35.400473804462443 ], [ 128.883420363245705, 35.400582558077801 ], [ 128.883435826699923, 35.400592154264785 ], [ 128.883791421497278, 35.400903735112038 ], [ 128.883808257408134, 35.400915152979508 ], [ 128.883831803770391, 35.400930949649748 ], [ 128.884082568494449, 35.401062307719087 ], [ 128.884373890434972, 35.401214687236724 ], [ 128.884376120299095, 35.401218358224682 ], [ 128.884387270507034, 35.401240757717737 ], [ 128.884467717433552, 35.401395186130607 ], [ 128.884633509940016, 35.401771503597708 ], [ 128.884644301574014, 35.401798554004721 ], [ 128.884761977965923, 35.402259042384756 ], [ 128.884841375597489, 35.402309404006097 ], [ 128.885157405484534, 35.402509683155046 ], [ 128.885173224287058, 35.402516458446392 ], [ 128.885179066555793, 35.402518997054258 ], [ 128.885970495914847, 35.402742696930964 ], [ 128.886193845337715, 35.402805858174709 ], [ 128.886199510185492, 35.402808964971491 ], [ 128.886207419101908, 35.402813477746207 ], [ 128.886862083160452, 35.403418966245439 ], [ 128.887405959960802, 35.403920839303765 ], [ 128.88772248700667, 35.404143086746252 ], [ 128.887922561488438, 35.404242565185179 ], [ 128.888486768166331, 35.404232803448281 ], [ 128.889134755957031, 35.404221588566088 ], [ 128.890123263969912, 35.403993225508962 ], [ 128.890226498438039, 35.403971356381369 ], [ 128.890243000817861, 35.403978267385114 ], [ 128.890268620490474, 35.403984626240067 ], [ 128.890286840063112, 35.404058441127518 ], [ 128.890496818141912, 35.40490911002297 ], [ 128.890559095674774, 35.405157173866172 ], [ 128.890311212248037, 35.405918839546935 ], [ 128.890406478499642, 35.406443097089067 ], [ 128.890417797256646, 35.406466063847482 ], [ 128.890509832305213, 35.406586988254929 ], [ 128.890545371632811, 35.406634051656305 ], [ 128.890642924298504, 35.406744976841182 ], [ 128.89090742492877, 35.407045185997191 ], [ 128.89085480259763, 35.408035749099859 ], [ 128.890819682981288, 35.40868945124307 ], [ 128.891316684478113, 35.409045646396258 ], [ 128.891810933182967, 35.40926775711219 ], [ 128.891846737788256, 35.410145255320295 ], [ 128.891862221330427, 35.410524724897165 ], [ 128.892044682429741, 35.41111068057284 ], [ 128.892239379271672, 35.411735923354939 ], [ 128.892233349472804, 35.411742253545199 ], [ 128.892031804008241, 35.412077676508119 ], [ 128.891436779412714, 35.413708374284106 ], [ 128.891319813866318, 35.414034220215925 ], [ 128.891280672404378, 35.414143261011517 ], [ 128.891202641547608, 35.414188570748976 ], [ 128.891179596903442, 35.414201950830993 ], [ 128.89079636455395, 35.414424480810794 ], [ 128.890885520205785, 35.414514549214758 ], [ 128.89089085477741, 35.414518501667601 ], [ 128.89089892808525, 35.414524422310677 ], [ 128.891631076001971, 35.414793230772034 ], [ 128.8927738709979, 35.415194647863075 ], [ 128.892787446229192, 35.415201554373013 ], [ 128.893488222264693, 35.415399635188876 ], [ 128.893519082313077, 35.415408332867649 ], [ 128.894836987072523, 35.415779808526423 ], [ 128.894966836119892, 35.41581727903241 ], [ 128.895417558618561, 35.415947342827288 ], [ 128.895701142546926, 35.416028566350185 ], [ 128.895857845910541, 35.416041519511005 ], [ 128.896019370814741, 35.41605560502623 ], [ 128.897038045385557, 35.416146621709103 ], [ 128.897464289166493, 35.41618419426635 ], [ 128.898007699164481, 35.416232097134007 ], [ 128.898291018717202, 35.416256134945172 ], [ 128.898306833966132, 35.4162624847499 ], [ 128.89836168281883, 35.416291968208974 ], [ 128.898440293378343, 35.416562006395417 ], [ 128.898446606755471, 35.416684510264361 ], [ 128.898461450886259, 35.416972546985704 ], [ 128.898436272980717, 35.417428817419832 ], [ 128.898358092919892, 35.417622533872745 ], [ 128.898431948981539, 35.417712025376034 ], [ 128.898474248042191, 35.417731347096726 ], [ 128.898484392455913, 35.41773699078675 ], [ 128.898532961802857, 35.417749752003708 ], [ 128.898547858550387, 35.417753665486863 ], [ 128.898789148689872, 35.417679376071426 ], [ 128.899227492493367, 35.417683966111468 ], [ 128.899274788793178, 35.417695840188003 ], [ 128.899340828842469, 35.41771448257181 ], [ 128.899481269002109, 35.417809103599645 ], [ 128.899545925267262, 35.417834080269159 ], [ 128.899568275835065, 35.417842552237971 ], [ 128.90012281818025, 35.417932871569484 ], [ 128.90013589171275, 35.417938091666976 ], [ 128.900213608648954, 35.417970964146789 ], [ 128.900726612064432, 35.418403042185183 ], [ 128.901185828196901, 35.418647484216351 ], [ 128.901411655290843, 35.418699640620112 ], [ 128.901429707456174, 35.418704865903649 ], [ 128.901504697078281, 35.418726333389728 ], [ 128.901554552307545, 35.418752990021467 ], [ 128.9016039010653, 35.418781053585576 ], [ 128.902194002096934, 35.419196712032445 ], [ 128.902213435884846, 35.419207292838649 ], [ 128.902272400369839, 35.419240435824072 ], [ 128.902537903037683, 35.419347261679889 ], [ 128.903161599399454, 35.419598164799183 ], [ 128.903441863432647, 35.419737250965397 ], [ 128.903539685831845, 35.419789578339739 ], [ 128.904007945607589, 35.419540410730626 ], [ 128.904391584010341, 35.419271162581538 ], [ 128.904869415182844, 35.418938407366163 ], [ 128.90501864619597, 35.418834486391674 ], [ 128.905539059078137, 35.41847206838343 ], [ 128.905624766111089, 35.418412382484497 ], [ 128.905966714392321, 35.418176192826024 ], [ 128.906341532893322, 35.417935953512938 ], [ 128.906561739526978, 35.417789664057523 ], [ 128.907422287934907, 35.417526913446437 ], [ 128.907654411966348, 35.417456038310689 ], [ 128.908204805827296, 35.417119319065705 ], [ 128.908666487142995, 35.416722816318369 ], [ 128.910237672910029, 35.415985780340726 ], [ 128.911121663074454, 35.415613949232132 ], [ 128.91121844763677, 35.415528531975148 ], [ 128.911491375325994, 35.415295942853326 ], [ 128.911559738815981, 35.415235723434904 ], [ 128.912006080524975, 35.414696102879724 ], [ 128.912601876847987, 35.414489239153866 ], [ 128.912648012827844, 35.414465054299725 ], [ 128.913240626393701, 35.414498161618248 ], [ 128.91325155208682, 35.414566796326525 ], [ 128.913310000554503, 35.4149339453271 ], [ 128.913363136233244, 35.414940882353356 ], [ 128.914530235966453, 35.415093262424548 ], [ 128.915768414322969, 35.415531420809259 ], [ 128.916040867581501, 35.415578230152519 ], [ 128.916856850954048, 35.415721463746188 ], [ 128.917660663326245, 35.415988201134496 ], [ 128.918470851887434, 35.416420969037333 ], [ 128.918708645148229, 35.416544919220939 ], [ 128.919151175468784, 35.416836174649241 ], [ 128.919225281273583, 35.416873404888712 ], [ 128.919257556735431, 35.416944406250181 ], [ 128.919268178933919, 35.416991028859201 ], [ 128.919309193727969, 35.417086822196225 ], [ 128.91951737577574, 35.417243008033211 ], [ 128.919551949599196, 35.417241337554657 ], [ 128.919583283495513, 35.417222484782101 ], [ 128.919648514539517, 35.417195912567578 ], [ 128.9208390099148, 35.418241112540287 ], [ 128.921461228407054, 35.418988915895625 ], [ 128.92188183828884, 35.419369575379093 ], [ 128.922504174173355, 35.419493915264539 ], [ 128.923294432396517, 35.419419367319975 ], [ 128.92356382135344, 35.419452916959038 ], [ 128.924249174231335, 35.41952194786537 ], [ 128.924363056622298, 35.419536522989048 ], [ 128.924395053761941, 35.419536965983099 ], [ 128.924405715939116, 35.419543878011687 ], [ 128.924413965099376, 35.419554303147713 ], [ 128.924148805358783, 35.420128298286741 ], [ 128.923743413602608, 35.420730937316549 ], [ 128.923693586050007, 35.420837647301632 ], [ 128.923688068682281, 35.420849333841517 ], [ 128.923667867746616, 35.420925653534717 ], [ 128.923618669800959, 35.421097575224152 ], [ 128.923616065454894, 35.421127713599802 ], [ 128.923615187501525, 35.421136157416456 ], [ 128.923631788345148, 35.421304537223563 ], [ 128.923632410717175, 35.421310862647772 ], [ 128.923645348332258, 35.421442066236033 ], [ 128.923673299224731, 35.421725151213941 ], [ 128.923631945155222, 35.422314926436307 ], [ 128.923629775048823, 35.422357223925999 ], [ 128.923600212063491, 35.422933568836918 ], [ 128.923460148135462, 35.42331175256286 ], [ 128.923433068843764, 35.423384687580686 ], [ 128.923427552621575, 35.423392569387836 ], [ 128.923392058245128, 35.423444228732805 ], [ 128.922683654044874, 35.424047091057275 ], [ 128.922670211448093, 35.424068622517531 ], [ 128.922659181492946, 35.424086921301637 ], [ 128.922560482868533, 35.424515341772043 ], [ 128.922445272099708, 35.425015425623229 ], [ 128.922388353316961, 35.425305920911114 ], [ 128.922263533416697, 35.425942957282203 ], [ 128.92226147133124, 35.425946335483097 ], [ 128.922254919032781, 35.425958580508642 ], [ 128.921923361028064, 35.426134119363731 ], [ 128.921913897757747, 35.42613917873134 ], [ 128.9218887675801, 35.426151554171021 ], [ 128.921018244106108, 35.426580228514958 ], [ 128.920847493200966, 35.42664884022809 ], [ 128.920203565746419, 35.4269079614551 ], [ 128.920096746944324, 35.427045060293082 ], [ 128.919947811361794, 35.427225515904354 ], [ 128.919911049231928, 35.427270057582092 ], [ 128.919699721203358, 35.427526104659691 ], [ 128.919562372182924, 35.427692518353382 ], [ 128.91894706194887, 35.428049523701169 ], [ 128.918345022476018, 35.428551035392772 ], [ 128.918144231100314, 35.428880012651682 ], [ 128.918077869181673, 35.429019563774659 ], [ 128.917968039045405, 35.429250530782845 ], [ 128.917948342589057, 35.429291950291784 ], [ 128.917482696396178, 35.429663561520421 ], [ 128.916662974092418, 35.429832833526085 ], [ 128.916088819117306, 35.429970861355621 ], [ 128.915581078617691, 35.430273992933955 ], [ 128.915523764431242, 35.430290851158752 ], [ 128.914665908239584, 35.430552041939947 ], [ 128.914229888155944, 35.430552287952736 ], [ 128.913828162749013, 35.430663110094265 ], [ 128.913531651770541, 35.431022295020732 ], [ 128.913293346637687, 35.431485312780531 ], [ 128.912710609709421, 35.431904556873576 ], [ 128.91254588193604, 35.432427910245217 ], [ 128.912534474321262, 35.432466910317558 ], [ 128.912271305039098, 35.432538821860355 ], [ 128.912194978679224, 35.432628050590189 ], [ 128.911890703852606, 35.432984402109923 ], [ 128.911845219103071, 35.433036905237437 ], [ 128.911719783522699, 35.433188909497311 ], [ 128.911595382059176, 35.43333922007367 ], [ 128.911419402320803, 35.433455779389064 ], [ 128.910705785948238, 35.433928434052717 ], [ 128.910622667143656, 35.433983485298128 ], [ 128.910589195893948, 35.4340056533701 ], [ 128.910331256037068, 35.434176493218331 ], [ 128.910038164067288, 35.434370476662863 ], [ 128.909971011540392, 35.434407606726268 ], [ 128.909901278055344, 35.434446706212846 ], [ 128.907989347599027, 35.43531270709606 ], [ 128.907973724128766, 35.435319781958789 ], [ 128.907958052724354, 35.435331316638809 ], [ 128.907915339562834, 35.435362269559619 ], [ 128.907149430776741, 35.43635026845925 ], [ 128.907068991175038, 35.436454031382986 ], [ 128.90638360210616, 35.437336077075045 ], [ 128.906414528439427, 35.438772270867119 ], [ 128.906424673451539, 35.43924337802396 ], [ 128.906432449407333, 35.439604380067202 ], [ 128.906439077453371, 35.439912180989658 ], [ 128.906465252900688, 35.43990688392892 ], [ 128.906467478203695, 35.439906434255477 ], [ 128.907054959516501, 35.43977746615753 ], [ 128.907222545207702, 35.439800832923169 ], [ 128.908656261065744, 35.44079142188405 ], [ 128.908742419013294, 35.44084936230901 ], [ 128.909191806035238, 35.44093913376917 ], [ 128.909357277758232, 35.441760445781128 ], [ 128.908759684961382, 35.442899157774299 ], [ 128.909741935190993, 35.444253973037817 ], [ 128.910036687743172, 35.444660511132106 ], [ 128.910473834545058, 35.445024606778958 ], [ 128.911019303349406, 35.445478911468605 ], [ 128.911020328631366, 35.445479326836129 ], [ 128.911050255678049, 35.445499069779792 ], [ 128.912544981959115, 35.44597177342844 ], [ 128.912662087544106, 35.446008805191603 ], [ 128.91270924553919, 35.446038114755062 ], [ 128.913624501014993, 35.446606906344257 ], [ 128.913644906963953, 35.446622837326657 ], [ 128.914387125383939, 35.447202324373343 ], [ 128.914883613646964, 35.4475344835109 ], [ 128.914934188767035, 35.447568316856497 ], [ 128.915321975837031, 35.448016428282791 ], [ 128.915592714954698, 35.448327853021539 ], [ 128.916817235858275, 35.448982507146582 ], [ 128.916944530238339, 35.449050558556344 ], [ 128.916981111823702, 35.449121148861536 ], [ 128.917229297183013, 35.449626862145571 ], [ 128.917853231605704, 35.450898177211698 ], [ 128.918512022591443, 35.451774596496428 ], [ 128.919048967267912, 35.451896388503187 ], [ 128.920024705756362, 35.452117701386207 ], [ 128.922027826385772, 35.452568421272197 ], [ 128.922474120906259, 35.45249852143828 ], [ 128.923866096822564, 35.452280493447311 ], [ 128.924678785801376, 35.452229599266509 ], [ 128.926381501837454, 35.452122948773905 ], [ 128.926408718954718, 35.452140440634672 ], [ 128.92656363529818, 35.452240001940531 ], [ 128.927098100151625, 35.452583484126968 ], [ 128.927838938507278, 35.453652125420881 ], [ 128.92814568097927, 35.453754402656685 ], [ 128.929836607617716, 35.454318188162574 ], [ 128.929849860130815, 35.454317637172586 ], [ 128.929855367050891, 35.454317496200574 ], [ 128.931484394214948, 35.453787266340143 ], [ 128.93171337878664, 35.453712731080067 ], [ 128.931721300776871, 35.453709221008488 ], [ 128.931756254088469, 35.453694027624891 ], [ 128.93206992256151, 35.453506395029478 ], [ 128.932625446630112, 35.453174082882519 ], [ 128.933510129576689, 35.452644856421458 ], [ 128.933552297491531, 35.45264136413995 ], [ 128.933566935804578, 35.452642923120997 ], [ 128.933844278830747, 35.452797706951777 ], [ 128.934149367173063, 35.452967974230098 ], [ 128.934482839980802, 35.453154081383524 ], [ 128.935028348059888, 35.453479980790554 ], [ 128.935344367899148, 35.453669988594719 ], [ 128.936130175513028, 35.453761259555272 ], [ 128.936140672071105, 35.453763373290151 ], [ 128.936150650594385, 35.453765354344377 ], [ 128.93675730547136, 35.453942982257217 ], [ 128.936782854346546, 35.45395046148807 ], [ 128.937344547368156, 35.454115874154908 ], [ 128.937508679224578, 35.45416420701153 ], [ 128.937977752185986, 35.454302319020641 ], [ 128.937986185862229, 35.454308379956878 ], [ 128.938001320779051, 35.454323458021413 ], [ 128.938015734395663, 35.454385430582342 ], [ 128.938026802693884, 35.454415329526249 ], [ 128.938085809410012, 35.454574743043807 ], [ 128.938354434053451, 35.455296779578362 ], [ 128.938468012736422, 35.4553279613759 ], [ 128.938636471885616, 35.455372970137098 ], [ 128.938676730845884, 35.455383495872958 ], [ 128.940491382042069, 35.455857960655457 ], [ 128.940605476235277, 35.455896459620625 ], [ 128.940697357698298, 35.455927628700906 ], [ 128.94115162217102, 35.456106568063696 ], [ 128.942405856274945, 35.456355759482832 ], [ 128.942983608199427, 35.456208866551847 ], [ 128.943017861484492, 35.456199455628088 ], [ 128.943408513873607, 35.456045996279173 ], [ 128.944183428100786, 35.455531349242186 ], [ 128.94419117393727, 35.455528115447102 ], [ 128.944201675374359, 35.455523326808567 ], [ 128.944250394247746, 35.455512084436414 ], [ 128.946313247709412, 35.455000847382294 ], [ 128.946937112961336, 35.45484256230381 ], [ 128.9479007465564, 35.45442134278921 ], [ 128.947966166593602, 35.454391655977076 ], [ 128.948005417948764, 35.454384777538301 ], [ 128.948082182655725, 35.454373400913354 ], [ 128.948101465670817, 35.45436467575955 ], [ 128.948335210914649, 35.454351827442892 ], [ 128.950076926488492, 35.454248786679116 ], [ 128.95008915257182, 35.454251468049897 ], [ 128.950105331181589, 35.454256548822606 ], [ 128.950252719390875, 35.454383191917692 ], [ 128.952044755757441, 35.455922954599423 ], [ 128.953928210172478, 35.456898252081245 ], [ 128.95469283440778, 35.45679686454578 ], [ 128.955584376550831, 35.457188438367858 ], [ 128.957059384136329, 35.457664429939264 ], [ 128.957748209551426, 35.458016049591244 ], [ 128.958478154207569, 35.458402468757384 ], [ 128.958523955238689, 35.458435443196649 ], [ 128.958982642498682, 35.458765703134944 ], [ 128.958758776841307, 35.459612152151628 ], [ 128.960056992089534, 35.460242530431678 ], [ 128.960583204156876, 35.46055253443096 ], [ 128.961291006878696, 35.460901894828758 ], [ 128.961298572538141, 35.460908936512041 ], [ 128.96133848252353, 35.460958097790204 ], [ 128.961505818505032, 35.461611044873088 ], [ 128.961679546666204, 35.462218070744711 ], [ 128.961684870099788, 35.462236387650293 ], [ 128.961697079697274, 35.462252442938151 ], [ 128.96170792290971, 35.462265822661038 ], [ 128.961731149973616, 35.462279917904112 ], [ 128.96230901339743, 35.462624433747273 ], [ 128.962806336906681, 35.462923432225125 ], [ 128.963100776773871, 35.463114351362222 ], [ 128.963548699038739, 35.463406291200606 ], [ 128.963885330083031, 35.46356131336168 ], [ 128.963877892307522, 35.463641438462133 ], [ 128.963906055537791, 35.463794814072436 ], [ 128.963323931743759, 35.464044600477955 ], [ 128.962737053117792, 35.464188903014971 ], [ 128.962507239300606, 35.464215309653547 ], [ 128.962351265006987, 35.464234555157155 ], [ 128.962141136367023, 35.464379015920478 ], [ 128.962074032149133, 35.464425146747395 ], [ 128.962017717447708, 35.464484840894698 ], [ 128.961030769405198, 35.464619142220521 ], [ 128.960971856489664, 35.464716437009123 ], [ 128.960968240455173, 35.46472488890366 ], [ 128.961597630952809, 35.466007346577967 ], [ 128.961922486371208, 35.466673862787339 ], [ 128.963203416335233, 35.466632589307871 ], [ 128.963666325646727, 35.466610058463985 ], [ 128.964174845494881, 35.466586278247462 ], [ 128.96464052544431, 35.466887089649383 ], [ 128.965396814101524, 35.466756069116826 ], [ 128.965612360004599, 35.466718953562989 ], [ 128.967052675671965, 35.46673415442676 ], [ 128.967058865405363, 35.466736131168254 ], [ 128.967113259602371, 35.466757695568049 ], [ 128.967319961327149, 35.466962464018891 ], [ 128.967630158425408, 35.467269757588546 ], [ 128.968271543518796, 35.469435465858112 ], [ 128.968374693290542, 35.469775457468465 ], [ 128.968154479237938, 35.470086119037674 ], [ 128.967569931417529, 35.470910739435162 ], [ 128.967752263729125, 35.471125772878374 ], [ 128.968394323568191, 35.471882974294424 ], [ 128.968168071894269, 35.472197436440773 ], [ 128.9677297572768, 35.472806631707691 ], [ 128.967515760195795, 35.473239199724738 ], [ 128.966569267588483, 35.475168296246679 ], [ 128.965107452636573, 35.475907360416109 ], [ 128.964528368729987, 35.476892277604477 ], [ 128.964502632587795, 35.477129363666499 ], [ 128.964434135790015, 35.477760326279778 ], [ 128.96478500952432, 35.478527102142422 ], [ 128.964848861269729, 35.478968762640555 ], [ 128.964820553657233, 35.479070419968465 ], [ 128.964684167810674, 35.479560195913379 ], [ 128.964743273072344, 35.479699413767406 ], [ 128.965121707602322, 35.480590783205848 ], [ 128.9652108006579, 35.480801346151246 ], [ 128.965480703061502, 35.480952250253431 ], [ 128.965989339042153, 35.48123589080884 ], [ 128.965997942916204, 35.481272232448099 ], [ 128.965885411321807, 35.481498084697414 ], [ 128.964971370401742, 35.483332539107153 ], [ 128.964926730756531, 35.483427297511831 ], [ 128.964105078505582, 35.483825875075603 ], [ 128.963867764063565, 35.483940861895128 ], [ 128.963658167335211, 35.48404261767871 ], [ 128.963641291602556, 35.484054301255831 ], [ 128.963639737548505, 35.484055282990461 ], [ 128.96363819056495, 35.484056715426881 ], [ 128.96315776245973, 35.484502125390904 ], [ 128.963239278428745, 35.484645588974153 ], [ 128.963930575299116, 35.485862214371537 ], [ 128.964188293711885, 35.486317732515808 ], [ 128.964395948826876, 35.48668522210108 ], [ 128.964844991092519, 35.487114317228936 ], [ 128.965291450393551, 35.487540888711386 ], [ 128.966310377124302, 35.488516852774879 ], [ 128.966353379771476, 35.488638684548143 ], [ 128.966638347644448, 35.489438387872895 ], [ 128.967727318386977, 35.489386449073237 ], [ 128.967624273009818, 35.489976495273403 ], [ 128.967603079556056, 35.490006349953866 ], [ 128.967546728513611, 35.490096040607803 ], [ 128.967410128838452, 35.490221221393753 ], [ 128.965917645397298, 35.491588917122364 ], [ 128.965761894732623, 35.491898967477525 ], [ 128.965641709800082, 35.492138208706521 ], [ 128.965365514008852, 35.49248701626427 ], [ 128.965334336651438, 35.492526389826864 ], [ 128.965286623348049, 35.492586893360482 ], [ 128.965282817316705, 35.492591719732303 ], [ 128.965281838514073, 35.492591605400484 ], [ 128.964605422623578, 35.492512361146055 ], [ 128.964503982975941, 35.492544723958432 ], [ 128.964404440508559, 35.492576663358228 ], [ 128.963379185992068, 35.492899406146861 ], [ 128.962691688463224, 35.493794292007934 ], [ 128.962624144905391, 35.493879759704001 ], [ 128.962383189501992, 35.493958959392486 ], [ 128.961604300726975, 35.494000534355131 ], [ 128.961542183228119, 35.494115893218584 ], [ 128.961430219398409, 35.49432382006492 ], [ 128.961330596492814, 35.494507572173397 ], [ 128.961311980232352, 35.494534316576228 ], [ 128.961260464002549, 35.494609928111167 ], [ 128.960859350025174, 35.495059887765095 ], [ 128.960614487922697, 35.495357649363662 ], [ 128.960243760142987, 35.495638343638021 ], [ 128.960207940323471, 35.495661287716331 ], [ 128.960172451953753, 35.495683663386984 ], [ 128.959807787927502, 35.495892523066722 ], [ 128.959778838017485, 35.495928855204703 ], [ 128.959752463223737, 35.495973342467209 ], [ 128.959722829947253, 35.496329213293329 ], [ 128.959476238930876, 35.497307744924314 ], [ 128.959445864877011, 35.497434197499885 ], [ 128.959403465203962, 35.49749825518002 ], [ 128.959402604659687, 35.497499805478881 ], [ 128.959168426626519, 35.497710914490355 ], [ 128.958644002508521, 35.498183671583973 ], [ 128.958571988277896, 35.498248590141756 ], [ 128.958361961190406, 35.498437921094116 ], [ 128.957958387017044, 35.498904345691699 ], [ 128.957942531646808, 35.498938418464263 ], [ 128.957925631185333, 35.498987136408317 ], [ 128.957951998830907, 35.499574120904406 ], [ 128.958419061877322, 35.500506713778393 ], [ 128.958648824249849, 35.500795924685534 ], [ 128.958668948947377, 35.50083564447803 ], [ 128.958687875255805, 35.500874938790332 ], [ 128.958768088885762, 35.501255063858451 ], [ 128.958154706608468, 35.501798728693096 ], [ 128.958159791920338, 35.501952933635877 ], [ 128.958158009721899, 35.502068417874582 ], [ 128.958391333456433, 35.504074181378272 ], [ 128.958545410068496, 35.505470273931259 ], [ 128.959561196550567, 35.50549597368839 ], [ 128.959970008240475, 35.505925506676164 ], [ 128.961178226499385, 35.507214488820246 ], [ 128.961195265243617, 35.507243652027682 ], [ 128.961200431116708, 35.507252242737373 ], [ 128.961202490293573, 35.507255623931833 ], [ 128.961203346545147, 35.507261257401026 ], [ 128.961205410892347, 35.507276607805451 ], [ 128.961225533144642, 35.507332944905635 ], [ 128.961936019513132, 35.509368294871066 ], [ 128.962038130755531, 35.509404236193937 ], [ 128.962108744590211, 35.509424258828901 ], [ 128.962477743297569, 35.509257493307921 ], [ 128.962588671688877, 35.509249931000298 ], [ 128.963639498134143, 35.509195484590052 ], [ 128.964314463038932, 35.508869675741238 ], [ 128.964345294599013, 35.508867855312779 ], [ 128.964865130370384, 35.508824266733036 ], [ 128.965498428722668, 35.508771159807324 ], [ 128.965826382071526, 35.508743659915474 ], [ 128.966718248507561, 35.508636755522161 ], [ 128.96731319193151, 35.508518765015822 ], [ 128.967428425193731, 35.508495426105789 ], [ 128.967503524880357, 35.50849375329269 ], [ 128.968096876075464, 35.508468429173178 ], [ 128.968174038623062, 35.50845845441156 ], [ 128.968547284629977, 35.508407434608038 ], [ 128.968748659391224, 35.508331861618601 ], [ 128.969088523715385, 35.508203239100688 ], [ 128.969272161117345, 35.508099359181024 ], [ 128.969460968610264, 35.50799181151833 ], [ 128.970692190754164, 35.508150428162104 ], [ 128.970923790557748, 35.508201842525331 ], [ 128.971590821229199, 35.508349921394291 ], [ 128.971714653068375, 35.508377560096136 ], [ 128.971912177795332, 35.508447035651969 ], [ 128.972023252628674, 35.508484097855266 ], [ 128.972165314948882, 35.508551449570682 ], [ 128.972303253724789, 35.508614574398571 ], [ 128.972339076400544, 35.508618242875869 ], [ 128.972472046023057, 35.508620806562291 ], [ 128.972571429374767, 35.508589286064307 ], [ 128.972668761604211, 35.508525514303976 ], [ 128.973440189974752, 35.508042516139113 ], [ 128.974591928458324, 35.507954757632838 ], [ 128.97566384137096, 35.507612919582307 ], [ 128.977278689276716, 35.507569882822693 ], [ 128.977341367085074, 35.507595240848651 ], [ 128.977363924740359, 35.507612848100088 ], [ 128.977451564547266, 35.507700741554487 ], [ 128.977677010071403, 35.507898553013909 ], [ 128.978313196112367, 35.508456742232305 ], [ 128.978850753164011, 35.5089932545186 ], [ 128.979008986345264, 35.509153544575184 ], [ 128.979505297494143, 35.510040581241 ], [ 128.980139089702305, 35.510841862626613 ], [ 128.980154584253484, 35.51086313523551 ], [ 128.980184552255253, 35.510877084384539 ], [ 128.981562981499536, 35.511509637796799 ], [ 128.982570980233277, 35.512046074358615 ], [ 128.983219800106809, 35.512846638321733 ], [ 128.983680466120092, 35.513171040129436 ], [ 128.984011458868451, 35.513479785120367 ], [ 128.984034648114289, 35.513814897617898 ], [ 128.984060393251639, 35.514186890647139 ], [ 128.984208482504982, 35.514329564476938 ], [ 128.984812268752137, 35.514911273178072 ], [ 128.985993191307529, 35.514902138250207 ], [ 128.986292167795938, 35.515121588620254 ], [ 128.987388799397138, 35.515475339100156 ], [ 128.988049335012988, 35.515685246058823 ], [ 128.988286157291554, 35.515760477152234 ], [ 128.988562258176216, 35.515848102778818 ], [ 128.988616339906486, 35.515867821508209 ], [ 128.98873777156038, 35.515911213472272 ], [ 128.988769122076746, 35.515922337692587 ], [ 128.989199271541509, 35.516275323444724 ], [ 128.989620780639029, 35.516621212599311 ], [ 128.989645064413253, 35.516641360202456 ], [ 128.989620770308875, 35.516698951253261 ], [ 128.989477512657601, 35.517040203882381 ], [ 128.989348181636302, 35.517348283395656 ], [ 128.989283131080981, 35.518055240868314 ], [ 128.98925621143772, 35.518343934068994 ], [ 128.989249494132565, 35.518366889770824 ], [ 128.989246559216269, 35.518377308457346 ], [ 128.989187285003652, 35.518501509979615 ], [ 128.989098720423584, 35.51868725887244 ], [ 128.98894209274394, 35.519016497547049 ], [ 128.988831636873698, 35.51924688442034 ], [ 128.988584377620441, 35.51975312993661 ], [ 128.988586178420263, 35.520161279454214 ], [ 128.988588528515606, 35.520694709283944 ], [ 128.988821007120407, 35.521164536287174 ], [ 128.988808690358923, 35.52173179534423 ], [ 128.98915260868111, 35.522300074405933 ], [ 128.989513075712551, 35.522809481260097 ], [ 128.989582649869305, 35.522904124820045 ], [ 128.990933149468134, 35.523260264199024 ], [ 128.991201386329237, 35.524136280947651 ], [ 128.991458175711358, 35.524974897294953 ], [ 128.991556839167771, 35.525330350810975 ], [ 128.991633462777173, 35.52561088806943 ], [ 128.991630705087942, 35.525634691055586 ], [ 128.991620705949202, 35.525703413060462 ], [ 128.991532698296538, 35.525830318700912 ], [ 128.991103801801614, 35.52644877211057 ], [ 128.991245106047501, 35.526647437397123 ], [ 128.991594345473771, 35.527138443557114 ], [ 128.992369558708759, 35.527217791683739 ], [ 128.993427111864008, 35.527502767351585 ], [ 128.993713425365286, 35.527581360951835 ], [ 128.994532363891835, 35.528125436670287 ], [ 128.99458594639205, 35.52813079412153 ], [ 128.99539238810226, 35.52782439147979 ], [ 128.996227224566553, 35.527926814436455 ], [ 128.99777044369111, 35.528114736957697 ], [ 128.998230358722026, 35.528204454237589 ], [ 129.001858525735258, 35.528912158104397 ], [ 129.002033040162672, 35.528932015072542 ], [ 129.004272812290225, 35.529179137182396 ], [ 129.005346262269342, 35.52899687860986 ], [ 129.006552891114154, 35.529074001534809 ], [ 129.007380680861672, 35.529125090901815 ], [ 129.00759706072219, 35.52910887863446 ], [ 129.008429290383674, 35.528718741714449 ], [ 129.009530988329686, 35.52832662718631 ], [ 129.009550428222724, 35.528319706857694 ], [ 129.009511645311136, 35.528169160744312 ], [ 129.009504915155674, 35.528071290190226 ], [ 129.009526629110923, 35.528055655742804 ], [ 129.009586268787331, 35.528057563350735 ], [ 129.009693391624921, 35.528060993341043 ], [ 129.009690797227677, 35.52803930717328 ], [ 129.009682666836682, 35.527995392861136 ], [ 129.009593412665225, 35.5275133212226 ], [ 129.009556180045308, 35.527304334415071 ], [ 129.009550320641978, 35.527270959779258 ], [ 129.009510155849597, 35.527057326934283 ], [ 129.009357147886845, 35.526743431853994 ], [ 129.009254456256144, 35.526505298063462 ], [ 129.009034024595536, 35.525546977724161 ], [ 129.008964371854631, 35.524895223861442 ], [ 129.008990866898273, 35.524544562827138 ], [ 129.009032500032731, 35.523991807204155 ], [ 129.009113938879977, 35.523995272472838 ], [ 129.009183117824563, 35.523998216746477 ], [ 129.009531837000594, 35.524013059034878 ], [ 129.009616623433459, 35.524016667781616 ], [ 129.009713131192598, 35.524020775248168 ], [ 129.009964203148769, 35.52381022353547 ], [ 129.010277418035173, 35.523547556243294 ], [ 129.010877895667818, 35.523214164483228 ], [ 129.011655999844862, 35.523123269088849 ], [ 129.011817793582253, 35.523125763123893 ], [ 129.012120891631042, 35.523130439474549 ], [ 129.012182439648967, 35.523131389697703 ], [ 129.01231853233773, 35.523133350652458 ], [ 129.012727997461013, 35.523137962727866 ], [ 129.012955385446645, 35.523140759358142 ], [ 129.013293723785353, 35.52322114025057 ], [ 129.013530255140893, 35.523277303573842 ], [ 129.013820020900255, 35.523370643993253 ], [ 129.013899148572222, 35.52339558142419 ], [ 129.014260001869502, 35.523509308827045 ], [ 129.014522890163136, 35.523596594746344 ], [ 129.014541147031736, 35.523597578961628 ], [ 129.014907391643646, 35.523635564924618 ], [ 129.015037802215204, 35.523649426285502 ], [ 129.01506621902746, 35.523652446529518 ], [ 129.015138201510467, 35.523721168042968 ], [ 129.01533672773769, 35.523910695608812 ], [ 129.015381171354534, 35.523953275102272 ], [ 129.015435717618857, 35.523985689625277 ], [ 129.01543625735971, 35.523986007405114 ], [ 129.015437694743554, 35.52398702613911 ], [ 129.01543889743175, 35.5239882317412 ], [ 129.015439827259371, 35.523989588628453 ], [ 129.01544045698526, 35.523991055671388 ], [ 129.015440770360016, 35.523992589799114 ], [ 129.015440755476703, 35.523994144280067 ], [ 129.015440413693028, 35.523995674019083 ], [ 129.015439755187117, 35.523997133810049 ], [ 129.015438801162787, 35.523998478308407 ], [ 129.015435000210545, 35.524002902258268 ], [ 129.015757449306335, 35.524192159185404 ], [ 129.015817329940461, 35.524206439168438 ], [ 129.016060827534318, 35.52426451136408 ], [ 129.016069260261787, 35.524267470661712 ], [ 129.016411266415673, 35.524153542331725 ], [ 129.016413949309566, 35.524152648504561 ], [ 129.016637872091934, 35.524035031179935 ], [ 129.017168567962841, 35.523756547253591 ], [ 129.017734810000348, 35.523788299255244 ], [ 129.017950851730888, 35.523870371977516 ], [ 129.018197565158545, 35.524036375875305 ], [ 129.018579012359424, 35.524265865610822 ], [ 129.018853627087282, 35.524380463110958 ], [ 129.019155966595036, 35.524423508950704 ], [ 129.019159488042135, 35.524382385816416 ], [ 129.019167132778534, 35.524293103387365 ], [ 129.019164898182396, 35.524279164538456 ], [ 129.019736970600064, 35.524209088750851 ], [ 129.020333859040619, 35.524129146253301 ], [ 129.021948957695088, 35.524945433546428 ], [ 129.02255530055308, 35.525251876329499 ], [ 129.022678709759646, 35.52531424604198 ], [ 129.022940593325529, 35.525452630182251 ], [ 129.024152600828387, 35.525790116512134 ], [ 129.025072460396245, 35.526168630070771 ], [ 129.025775409992633, 35.526455211880929 ], [ 129.027343288249483, 35.527114388545918 ], [ 129.029572724124279, 35.526395780329224 ], [ 129.030048338541178, 35.526242469511288 ], [ 129.031056205186445, 35.526001272487974 ], [ 129.031996549170458, 35.525788245819463 ], [ 129.03245577646635, 35.525679971957466 ], [ 129.033334413747525, 35.525828882184115 ], [ 129.033928725488636, 35.526226138613801 ], [ 129.035503994868634, 35.526687898204806 ], [ 129.036582386071274, 35.527012480866865 ], [ 129.039264054086487, 35.527549215581352 ], [ 129.042302789498734, 35.528595417526276 ], [ 129.043245235700141, 35.529119682291267 ], [ 129.044022291269471, 35.528947880079485 ], [ 129.04581906177404, 35.529453091639596 ], [ 129.045989418066767, 35.529453918844261 ], [ 129.047652274679791, 35.529461978855188 ], [ 129.048234122132016, 35.529579059767578 ], [ 129.049154742119981, 35.530102019792118 ], [ 129.04951080164787, 35.530318894339203 ], [ 129.05067332443889, 35.53058078389472 ], [ 129.052046935037481, 35.530890605596582 ], [ 129.052962838037359, 35.531262003535829 ], [ 129.053548236351418, 35.531499608543506 ], [ 129.055593810417804, 35.532190092192451 ], [ 129.055823214503988, 35.532267525073777 ], [ 129.056801563729806, 35.53074224821772 ], [ 129.056819872991269, 35.530713702972314 ], [ 129.056828795776738, 35.530699789456548 ], [ 129.056796064139093, 35.530209020904067 ], [ 129.056780471583266, 35.530009185859562 ], [ 129.056758434941656, 35.529726751390029 ], [ 129.056754075632227, 35.529670887750832 ], [ 129.056719939269328, 35.529233398458643 ] ] ] ] } }
]
}
