{
"type": "FeatureCollection",
"name": "yangsan_academy",
"crs": { "type": "name", "properties": { "name": "urn:ogc:def:crs:OGC:1.3:CRS84" } },
"features": [
{ "type": "Feature", "properties": { "결과": "O", "행정구역명": "양산시", "학원교습소명": "학원", "학원명": "선음악학원", "분야명": "예능(대)", "교습계열명": "예능(중)", "교습과정목록명": "음악", "교습과정명": "음악", "도로명주소": "경상남도 양산시 고향의봄1길 11", "도로명상세주소": "(신기동, 선음악학원)", "수정일자": 20241117, "X좌표": 1140561.41057209, "Y좌표": 1707319.94406726, "집계구코드": 38100520050014, "읍면동": "경상남도_양산시_삼성동" }, "geometry": { "type": "Point", "coordinates": [ 129.046955279606749, 35.351614452946045 ] } },
{ "type": "Feature", "properties": { "결과": "O", "행정구역명": "양산시", "학원교습소명": "학원", "학원명": "에르메스영수학원", "분야명": "입시.검정 및 보습", "교습계열명": "보통교과", "교습과정목록명": "보습", "교습과정명": "보습", "도로명주소": "경상남도 양산시 교동1길 33-34", "도로명상세주소": ", 2층 (교동)", "수정일자": 20251116, "X좌표": 1138417.96526006, "Y좌표": 1706695.0282745799, "집계구코드": 38100530010005, "읍면동": "경상남도_양산시_강서동" }, "geometry": { "type": "Point", "coordinates": [ 129.023267204711317, 35.346281222837803 ] } },
{ "type": "Feature", "properties": { "결과": "O", "행정구역명": "양산시", "학원교습소명": "교습소", "학원명": "스타뮤직실용음악교습소", "분야명": "예능(대)", "교습계열명": null, "교습과정목록명": null, "교습과정명": null, "도로명주소": "경상남도 양산시 내연1길 3", "도로명상세주소": "경보그린타워 상가동 2층 2호(평산동)", "수정일자": 20251026, "X좌표": 1149375.37568632, "Y좌표": 1709656.3407590201, "집계구코드": 38100560050401, "읍면동": "경상남도_양산시_평산동" }, "geometry": { "type": "Point", "coordinates": [ 129.144350258061763, 35.371392558894797 ] } },
{ "type": "Feature", "properties": { "결과": "O", "행정구역명": "양산시", "학원교습소명": "학원", "학원명": "리라음악학원", "분야명": "예능(대)", "교습계열명": "예능(중)", "교습과정목록명": "음악", "교습과정명": "음악", "도로명주소": "경상남도 양산시 내연1길 3-1", "도로명상세주소": ", 303호 (평산동, 경보그린타워)", "수정일자": 20241222, "X좌표": 1149355.54033044, "Y좌표": 1709682.05509601, "집계구코드": 38100560050401, "읍면동": "경상남도_양산시_평산동" }, "geometry": { "type": "Point", "coordinates": [ 129.144136688864677, 35.371627297177 ] } },
{ "type": "Feature", "properties": { "결과": "O", "행정구역명": "양산시", "학원교습소명": "교습소", "학원명": "훈쌤과학교습소", "분야명": "입시.검정 및 보습", "교습계열명": null, "교습과정목록명": null, "교습과정명": null, "도로명주소": "경상남도 양산시 대운5길 7", "도로명상세주소": "108동 101호(명동,웅상신도시 화성파크드림)", "수정일자": 20250928, "X좌표": 1151874.72207959, "Y좌표": 1713126.5548642499, "집계구코드": 38100540030301, "읍면동": "경상남도_양산시_서창동" }, "geometry": { "type": "Point", "coordinates": [ 129.172498819467876, 35.402292165810259 ] } },
{ "type": "Feature", "properties": { "결과": "O", "행정구역명": "양산시", "학원교습소명": "교습소", "학원명": "김순영수학교습소", "분야명": "입시.검정 및 보습", "교습계열명": "보통교과", "교습과정목록명": "초등수학1", "교습과정명": "보습", "도로명주소": "경상남도 양산시 대운6길 12", "도로명상세주소": "(삼호동)", "수정일자": 20260215, "X좌표": 1151889.8709931599, "Y좌표": 1713816.41593028, "집계구코드": 38100540030006, "읍면동": "경상남도_양산시_서창동" }, "geometry": { "type": "Point", "coordinates": [ 129.172794070927182, 35.408507562161162 ] } },
{ "type": "Feature", "properties": { "결과": "O", "행정구역명": "양산시", "학원교습소명": "교습소", "학원명": "나은영어교습소", "분야명": "입시.검정 및 보습", "교습계열명": "보통교과", "교습과정목록명": "초등영어1", "교습과정명": "보습", "도로명주소": "경상남도 양산시 대운6길 18", "도로명상세주소": "1층 일부(우측)(삼호동)", "수정일자": 20260308, "X좌표": 1151938.0185777801, "Y좌표": 1713764.05301483, "집계구코드": 38100540030006, "읍면동": "경상남도_양산시_서창동" }, "geometry": { "type": "Point", "coordinates": [ 129.173314371003841, 35.408028272404856 ] } },
{ "type": "Feature", "properties": { "결과": "O", "행정구역명": "양산시", "학원교습소명": "학원", "학원명": "어린화가들대운원미술학원", "분야명": "예능(대)", "교습계열명": "예능(중)", "교습과정목록명": "미술", "교습과정명": "미술", "도로명주소": "경상남도 양산시 대운6길 18", "도로명상세주소": ", 1층 일부(좌측) (삼호동)", "수정일자": 20260301, "X좌표": 1151938.0185777801, "Y좌표": 1713764.05301483, "집계구코드": 38100540030006, "읍면동": "경상남도_양산시_서창동" }, "geometry": { "type": "Point", "coordinates": [ 129.173314371003841, 35.408028272404856 ] } },
{ "type": "Feature", "properties": { "결과": "O", "행정구역명": "양산시", "학원교습소명": "교습소", "학원명": "윤선생우리집앞영어교실대운초영어교습소", "분야명": "입시.검정 및 보습", "교습계열명": null, "교습과정목록명": null, "교습과정명": null, "도로명주소": "경상남도 양산시 대운7길 17-9", "도로명상세주소": "1층 일부(삼호동)", "수정일자": 20240602, "X좌표": 1151874.91782055, "Y좌표": 1713780.5915747799, "집계구코드": 38100540030006, "읍면동": "경상남도_양산시_서창동" }, "geometry": { "type": "Point", "coordinates": [ 129.172622778467201, 35.408186958363345 ] } },
{ "type": "Feature", "properties": { "결과": "O", "행정구역명": "양산시", "학원교습소명": "교습소", "학원명": "리틀모네미술교습소", "분야명": "예능(대)", "교습계열명": null, "교습과정목록명": "미술초급(1)", "교습과정명": null, "도로명주소": "경상남도 양산시 대운7길 20", "도로명상세주소": ", 1층 일부 (삼호동)", "수정일자": 20231018, "X좌표": 1151863.4835346099, "Y좌표": 1713726.5476508101, "집계구코드": 38100540030006, "읍면동": "경상남도_양산시_서창동" }, "geometry": { "type": "Point", "coordinates": [ 129.172486833297484, 35.40770160510661 ] } },
{ "type": "Feature", "properties": { "결과": "O", "행정구역명": "양산시", "학원교습소명": "교습소", "학원명": "오즈영어교습소", "분야명": "입시.검정 및 보습", "교습계열명": "보통교과", "교습과정목록명": null, "교습과정명": "보습", "도로명주소": "경상남도 양산시 대운7길 20", "도로명상세주소": ", 201호(2층, 상가구역) (삼호동)", "수정일자": 20231018, "X좌표": 1151863.4835346099, "Y좌표": 1713726.5476508101, "집계구코드": 38100540030006, "읍면동": "경상남도_양산시_서창동" }, "geometry": { "type": "Point", "coordinates": [ 129.172486833297484, 35.40770160510661 ] } },
{ "type": "Feature", "properties": { "결과": "O", "행정구역명": "양산시", "학원교습소명": "학원", "학원명": "어린음악대대운음악세상원음악학원", "분야명": "예능(대)", "교습계열명": "예능(중)", "교습과정목록명": "음악", "교습과정명": "음악", "도로명주소": "경상남도 양산시 대운7길 20-1", "도로명상세주소": ", 1층 (삼호동)", "수정일자": 20260301, "X좌표": 1151877.06408229, "Y좌표": 1713722.31561723, "집계구코드": 38100540030006, "읍면동": "경상남도_양산시_서창동" }, "geometry": { "type": "Point", "coordinates": [ 129.172635552015663, 35.407661391058021 ] } },
{ "type": "Feature", "properties": { "결과": "O", "행정구역명": "양산시", "학원교습소명": "교습소", "학원명": "비상잉글리시아이대운점영어교습소", "분야명": "입시.검정 및 보습", "교습계열명": "보통교과", "교습과정목록명": "영어초등", "교습과정명": "보습", "도로명주소": "경상남도 양산시 대운7길 23", "도로명상세주소": ", 1층 일부(우측) (삼호동, 영어교습소)", "수정일자": 20231018, "X좌표": 1151890.4711504099, "Y좌표": 1713749.5248444399, "집계구코드": 38100540030006, "읍면동": "경상남도_양산시_서창동" }, "geometry": { "type": "Point", "coordinates": [ 129.172788217538312, 35.40790458271524 ] } },
{ "type": "Feature", "properties": { "결과": "O", "행정구역명": "양산시", "학원교습소명": "학원", "학원명": "수학하다수학학원", "분야명": "입시.검정 및 보습", "교습계열명": "보통교과", "교습과정목록명": "보습", "교습과정명": "보습", "도로명주소": "경상남도 양산시 대운7길 23-1", "도로명상세주소": "1층 전체(삼호동)", "수정일자": 20251123, "X좌표": 1151901.60784299, "Y좌표": 1713756.6815329499, "집계구코드": 38100540030006, "읍면동": "경상남도_양산시_서창동" }, "geometry": { "type": "Point", "coordinates": [ 129.172912153865497, 35.407967387327005 ] } },
{ "type": "Feature", "properties": { "결과": "O", "행정구역명": "양산시", "학원교습소명": "학원", "학원명": "프레이즈음악학원", "분야명": "예능(대)", "교습계열명": "예능(중)", "교습과정목록명": "음악", "교습과정명": "음악", "도로명주소": "경상남도 양산시 대운7길 25", "도로명상세주소": ", 1층(일부) (삼호동)", "수정일자": 20240421, "X좌표": 1151912.0875937401, "Y좌표": 1713767.84213401, "집계구코드": 38100540030006, "읍면동": "경상남도_양산시_서창동" }, "geometry": { "type": "Point", "coordinates": [ 129.173029604095746, 35.408066379181911 ] } },
{ "type": "Feature", "properties": { "결과": "O", "행정구역명": "양산시", "학원교습소명": "교습소", "학원명": "컴짱컴공정보교습소", "분야명": "정보", "교습계열명": null, "교습과정목록명": null, "교습과정명": null, "도로명주소": "경상남도 양산시 대운7길 27", "도로명상세주소": "(삼호동), 1층", "수정일자": 20231018, "X좌표": 1151922.5755980699, "Y좌표": 1713777.9631028001, "집계구코드": 38100540030006, "읍면동": "경상남도_양산시_서창동" }, "geometry": { "type": "Point", "coordinates": [ 129.173146951772964, 35.40815599947242 ] } },
{ "type": "Feature", "properties": { "결과": "O", "행정구역명": "양산시", "학원교습소명": "교습소", "학원명": "이지(EZ)수학교습소", "분야명": "입시.검정 및 보습", "교습계열명": "보통교과", "교습과정목록명": "고3수학", "교습과정명": "보습", "도로명주소": "경상남도 양산시 대운7길 3-10", "도로명상세주소": "(삼호동) 1층", "수정일자": 20250907, "X좌표": 1151856.1109654901, "Y좌표": 1713799.5347881201, "집계구코드": 38100540030006, "읍면동": "경상남도_양산시_서창동" }, "geometry": { "type": "Point", "coordinates": [ 129.172419262284677, 35.408360560872175 ] } },
{ "type": "Feature", "properties": { "결과": "O", "행정구역명": "양산시", "학원교습소명": "교습소", "학원명": "글꽃독서논술교습소", "분야명": "입시.검정 및 보습", "교습계열명": "보통교과", "교습과정목록명": null, "교습과정명": "보습", "도로명주소": "경상남도 양산시 대운7길 3-13", "도로명상세주소": ", 1층일부 (삼호동)", "수정일자": 20231018, "X좌표": 1151889.61778337, "Y좌표": 1713799.94675403, "집계구코드": 38100540030006, "읍면동": "경상남도_양산시_서창동" }, "geometry": { "type": "Point", "coordinates": [ 129.172788215427516, 35.408359164451845 ] } },
{ "type": "Feature", "properties": { "결과": "O", "행정구역명": "양산시", "학원교습소명": "학원", "학원명": "꼬마화가미술학원", "분야명": "예능(대)", "교습계열명": "예능(중)", "교습과정목록명": "미술", "교습과정명": "미술", "도로명주소": "경상남도 양산시 대운7길 7-13", "도로명상세주소": ", 1층 일부 (삼호동, 대운태권도장)", "수정일자": 20241215, "X좌표": 1151864.2166901401, "Y좌표": 1713771.2134803201, "집계구코드": 38100540030006, "읍면동": "경상남도_양산시_서창동" }, "geometry": { "type": "Point", "coordinates": [ 129.172503223365368, 35.408104065557943 ] } },
{ "type": "Feature", "properties": { "결과": "O", "행정구역명": "양산시", "학원교습소명": "교습소", "학원명": "이솝수학교습소", "분야명": "입시.검정 및 보습", "교습계열명": "보통교과", "교습과정목록명": "수학기본(중등)", "교습과정명": "보습", "도로명주소": "경상남도 양산시 대운8길 34-13", "도로명상세주소": "(삼호동, 이솝과외교습소)", "수정일자": 20231018, "X좌표": 1152319.48043434, "Y좌표": 1714212.0063038999, "집계구코드": 38100540030001, "읍면동": "경상남도_양산시_서창동" }, "geometry": { "type": "Point", "coordinates": [ 129.177597546214855, 35.41200738833998 ] } },
{ "type": "Feature", "properties": { "결과": "O", "행정구역명": "양산시", "학원교습소명": "학원", "학원명": "우신학원", "분야명": "종합(대)", "교습계열명": null, "교습과정목록명": "보습", "교습과정명": null, "도로명주소": "경상남도 양산시 대운9길 7", "도로명상세주소": ", 1층, 2층 (삼호동)", "수정일자": 20250216, "X좌표": 1152401.6337641201, "Y좌표": 1714339.19157574, "집계구코드": 38100540030001, "읍면동": "경상남도_양산시_서창동" }, "geometry": { "type": "Point", "coordinates": [ 129.178525787010017, 35.413141132800838 ] } },
{ "type": "Feature", "properties": { "결과": "O", "행정구역명": "양산시", "학원교습소명": "교습소", "학원명": "도로시미술교습소", "분야명": "예능(대)", "교습계열명": "예능(중)", "교습과정목록명": "미술(고급5)", "교습과정명": "미술", "도로명주소": "경상남도 양산시 대운로 145", "도로명상세주소": ", 명동 삼한 사랑채 아파트 상가동(302동) 110호 (명동, 명동 삼한 사랑채 아파트)", "수정일자": 20241229, "X좌표": 1151719.84229195, "Y좌표": 1713022.6346706999, "집계구코드": 38100540030405, "읍면동": "경상남도_양산시_서창동" }, "geometry": { "type": "Point", "coordinates": [ 129.170774544712174, 35.401379134037875 ] } },
{ "type": "Feature", "properties": { "결과": "O", "행정구역명": "양산시", "학원교습소명": "교습소", "학원명": "리더수학교습소", "분야명": "입시.검정 및 보습", "교습계열명": "보통교과", "교습과정목록명": "수학(초등반)", "교습과정명": "보습", "도로명주소": "경상남도 양산시 대운로 145", "도로명상세주소": ", 명동삼한사랑채아파트 상가동(301동) 113호 (명동)", "수정일자": 20231018, "X좌표": 1151719.84229195, "Y좌표": 1713022.6346706999, "집계구코드": 38100540030405, "읍면동": "경상남도_양산시_서창동" }, "geometry": { "type": "Point", "coordinates": [ 129.170774544712174, 35.401379134037875 ] } },
{ "type": "Feature", "properties": { "결과": "O", "행정구역명": "양산시", "학원교습소명": "학원", "학원명": "루트영수전문학원", "분야명": "입시.검정 및 보습", "교습계열명": "보통교과", "교습과정목록명": "보습", "교습과정명": "보습", "도로명주소": "경상남도 양산시 대운로 145", "도로명상세주소": ", 111호, 112호(302동) (명동, 명동 삼한 사랑채 아파트)", "수정일자": 20251130, "X좌표": 1151719.84229195, "Y좌표": 1713022.6346706999, "집계구코드": 38100540030405, "읍면동": "경상남도_양산시_서창동" }, "geometry": { "type": "Point", "coordinates": [ 129.170774544712174, 35.401379134037875 ] } },
{ "type": "Feature", "properties": { "결과": "O", "행정구역명": "양산시", "학원교습소명": "학원", "학원명": "YBM잉글루영어학원", "분야명": "입시.검정 및 보습", "교습계열명": "보통교과", "교습과정목록명": "보습", "교습과정명": "보습", "도로명주소": "경상남도 양산시 대운로 161", "도로명상세주소": ", 2층 (명동)", "수정일자": 20241117, "X좌표": 1151724.46562903, "Y좌표": 1713136.1241170799, "집계구코드": 38100540030009, "읍면동": "경상남도_양산시_서창동" }, "geometry": { "type": "Point", "coordinates": [ 129.170846549913875, 35.402401309936764 ] } },
{ "type": "Feature", "properties": { "결과": "O", "행정구역명": "양산시", "학원교습소명": "학원", "학원명": "이화수학전문학원", "분야명": "입시.검정 및 보습", "교습계열명": "보통교과", "교습과정목록명": "보습,", "교습과정명": "보습", "도로명주소": "경상남도 양산시 대운로 161", "도로명상세주소": ", 3층 (명동 1076-8)", "수정일자": 20231018, "X좌표": 1151724.46562903, "Y좌표": 1713136.1241170799, "집계구코드": 38100540030009, "읍면동": "경상남도_양산시_서창동" }, "geometry": { "type": "Point", "coordinates": [ 129.170846549913875, 35.402401309936764 ] } },
{ "type": "Feature", "properties": { "결과": "O", "행정구역명": "양산시", "학원교습소명": "학원", "학원명": "제이엠무용학원", "분야명": "예능(대)", "교습계열명": "예능(중)", "교습과정목록명": "무용", "교습과정명": "무용", "도로명주소": "경상남도 양산시 대운로 175", "도로명상세주소": ", 3층 전체 (명동)", "수정일자": 20241117, "X좌표": 1151720.96941802, "Y좌표": 1713265.3305182499, "집계구코드": 38100540030009, "읍면동": "경상남도_양산시_서창동" }, "geometry": { "type": "Point", "coordinates": [ 129.170832098586544, 35.403566379127021 ] } },
{ "type": "Feature", "properties": { "결과": "O", "행정구역명": "양산시", "학원교습소명": "학원", "학원명": "지혜독서실", "분야명": "독서실", "교습계열명": "독서", "교습과정목록명": "독서실(유아/초·중·고),", "교습과정명": "독서실(유아/초·중·고)", "도로명주소": "경상남도 양산시 대운로 198", "도로명상세주소": ", 2층일부(좌측실) (명동, 덕궁유황청둥오리)", "수정일자": 20231018, "X좌표": 1151753.9650574899, "Y좌표": 1713512.2696875599, "집계구코드": 38100540030009, "읍면동": "경상남도_양산시_서창동" }, "geometry": { "type": "Point", "coordinates": [ 129.17124127693441, 35.405787013499904 ] } },
{ "type": "Feature", "properties": { "결과": "O", "행정구역명": "양산시", "학원교습소명": "학원", "학원명": "브라운팔레트미술학원", "분야명": "예능(대)", "교습계열명": "예능(중)", "교습과정목록명": "미술", "교습과정명": "미술", "도로명주소": "경상남도 양산시 대운로 202", "도로명상세주소": ", 2층 (명동)", "수정일자": 20250126, "X좌표": 1151748.02476677, "Y좌표": 1713535.20606123, "집계구코드": 38100540030009, "읍면동": "경상남도_양산시_서창동" }, "geometry": { "type": "Point", "coordinates": [ 129.17118015044656, 35.40599464381603 ] } },
{ "type": "Feature", "properties": { "결과": "O", "행정구역명": "양산시", "학원교습소명": "학원", "학원명": "다올학원", "분야명": "입시.검정 및 보습", "교습계열명": "보통교과", "교습과정목록명": "보습", "교습과정명": "보습", "도로명주소": "경상남도 양산시 대운로 205", "도로명상세주소": ", 3층 (명동)", "수정일자": 20241215, "X좌표": 1151703.98886107, "Y좌표": 1713583.5234327, "집계구코드": 38100540030009, "읍면동": "경상남도_양산시_서창동" }, "geometry": { "type": "Point", "coordinates": [ 129.170704361760613, 35.406436835824593 ] } },
{ "type": "Feature", "properties": { "결과": "O", "행정구역명": "양산시", "학원교습소명": "학원", "학원명": "BK영수학원", "분야명": "입시.검정 및 보습", "교습계열명": "보통교과", "교습과정목록명": "보습", "교습과정명": "보습", "도로명주소": "경상남도 양산시 대운로 209", "도로명상세주소": ", 2층 (명동)", "수정일자": 20250216, "X좌표": 1151702.01258348, "Y좌표": 1713618.0886729099, "집계구코드": 38100540030009, "읍면동": "경상남도_양산시_서창동" }, "geometry": { "type": "Point", "coordinates": [ 129.170689035770437, 35.406748673014306 ] } },
{ "type": "Feature", "properties": { "결과": "O", "행정구역명": "양산시", "학원교습소명": "학원", "학원명": "포즈무용학원", "분야명": "예능(대)", "교습계열명": "예능(중)", "교습과정목록명": "무용,", "교습과정명": "무용", "도로명주소": "경상남도 양산시 대운로 209", "도로명상세주소": "(명동) 3층 전체", "수정일자": 20231018, "X좌표": 1151702.01258348, "Y좌표": 1713618.0886729099, "집계구코드": 38100540030009, "읍면동": "경상남도_양산시_서창동" }, "geometry": { "type": "Point", "coordinates": [ 129.170689035770437, 35.406748673014306 ] } },
{ "type": "Feature", "properties": { "결과": "O", "행정구역명": "양산시", "학원교습소명": "학원", "학원명": "솔리데오음악학원", "분야명": "예능(대)", "교습계열명": "예능(중)", "교습과정목록명": "음악", "교습과정명": "음악", "도로명주소": "경상남도 양산시 대운로 233", "도로명상세주소": ", 2층 3층 전체 (삼호동)", "수정일자": 20241222, "X좌표": 1151756.84719709, "Y좌표": 1713860.88990074, "집계구코드": 38100540030013, "읍면동": "경상남도_양산시_서창동" }, "geometry": { "type": "Point", "coordinates": [ 129.17133788686067, 35.408928683693809 ] } },
{ "type": "Feature", "properties": { "결과": "O", "행정구역명": "양산시", "학원교습소명": "교습소", "학원명": "이룸피아노음악교습소", "분야명": "예능(대)", "교습계열명": "예능(중)", "교습과정목록명": "피아노입시", "교습과정명": "음악", "도로명주소": "경상남도 양산시 대운로 336", "도로명상세주소": ", 대동이미지타운 상가동 301호 (삼호동)", "수정일자": 20260607, "X좌표": 1152491.7988099901, "Y좌표": 1714584.7080633701, "집계구코드": 38100540031704, "읍면동": "경상남도_양산시_서창동" }, "geometry": { "type": "Point", "coordinates": [ 129.179564398533614, 35.415340154123008 ] } },
{ "type": "Feature", "properties": { "결과": "O", "행정구역명": "양산시", "학원교습소명": "학원", "학원명": "대동우리학원", "분야명": "입시.검정 및 보습", "교습계열명": "보통교과", "교습과정목록명": "보습,", "교습과정명": "보습", "도로명주소": "경상남도 양산시 대운로 336", "도로명상세주소": ", 상가 304호 (삼호동, 대동이미지타운2단지아파트)", "수정일자": 20231018, "X좌표": 1152491.7988099901, "Y좌표": 1714584.7080633701, "집계구코드": 38100540031704, "읍면동": "경상남도_양산시_서창동" }, "geometry": { "type": "Point", "coordinates": [ 129.179564398533614, 35.415340154123008 ] } },
{ "type": "Feature", "properties": { "결과": "O", "행정구역명": "양산시", "학원교습소명": "학원", "학원명": "대운학원", "분야명": "입시.검정 및 보습", "교습계열명": "보통교과", "교습과정목록명": "보습,", "교습과정명": "보습", "도로명주소": "경상남도 양산시 대운로 336", "도로명상세주소": ", 상가동 201호, 207호 (삼호동, 대동이미지타운2단지아파트)", "수정일자": 20231018, "X좌표": 1152491.7988099901, "Y좌표": 1714584.7080633701, "집계구코드": 38100540031704, "읍면동": "경상남도_양산시_서창동" }, "geometry": { "type": "Point", "coordinates": [ 129.179564398533614, 35.415340154123008 ] } },
{ "type": "Feature", "properties": { "결과": "O", "행정구역명": "양산시", "학원교습소명": "교습소", "학원명": "뮤즈실용음악교습소", "분야명": "예능(대)", "교습계열명": "예능(중)", "교습과정목록명": null, "교습과정명": "음악", "도로명주소": "경상남도 양산시 대운로 352", "도로명상세주소": ", 상가동 202호 (삼호동, 대동이미지타운1단지아파트)", "수정일자": 20231018, "X좌표": 1152384.9732572699, "Y좌표": 1714716.8605293001, "집계구코드": 38100540031702, "읍면동": "경상남도_양산시_서창동" }, "geometry": { "type": "Point", "coordinates": [ 129.178412965814402, 35.416547591184589 ] } },
{ "type": "Feature", "properties": { "결과": "O", "행정구역명": "양산시", "학원교습소명": "학원", "학원명": "하이탑학원", "분야명": "입시.검정 및 보습", "교습계열명": "보통교과", "교습과정목록명": null, "교습과정명": "보통교과", "도로명주소": "경상남도 양산시 대운로 352", "도로명상세주소": "상가동 301호 일부(삼호동)", "수정일자": 20260614, "X좌표": 1152384.9732572699, "Y좌표": 1714716.8605293001, "집계구코드": 38100540031702, "읍면동": "경상남도_양산시_서창동" }, "geometry": { "type": "Point", "coordinates": [ 129.178412965814402, 35.416547591184589 ] } },
{ "type": "Feature", "properties": { "결과": "O", "행정구역명": "양산시", "학원교습소명": "교습소", "학원명": "성신마루과외수학교습소", "분야명": "입시.검정 및 보습", "교습계열명": "보통교과", "교습과정목록명": null, "교습과정명": "보습", "도로명주소": "경상남도 양산시 대평들5길 16", "도로명상세주소": ", 상가동 105호 (주남동, 양산웅상신원아침도시)", "수정일자": 20231018, "X좌표": 1151088.6050994401, "Y좌표": 1714591.6396761199, "집계구코드": 38100550020503, "읍면동": "경상남도_양산시_소주동" }, "geometry": { "type": "Point", "coordinates": [ 129.164116571486147, 35.415616541318307 ] } },
{ "type": "Feature", "properties": { "결과": "O", "행정구역명": "양산시", "학원교습소명": "교습소", "학원명": "YI수학교습소", "분야명": "입시.검정 및 보습", "교습계열명": "보통교과", "교습과정목록명": "중등수학3", "교습과정명": "보습", "도로명주소": "경상남도 양산시 덕계11길 12", "도로명상세주소": ", 상가동 208호 일부, 209호 일부 (덕계동, 부영벽산아파트)", "수정일자": 20250831, "X좌표": 1150120.47982875, "Y좌표": 1710237.1834289399, "집계구코드": 38100570010503, "읍면동": "경상남도_양산시_덕계동" }, "geometry": { "type": "Point", "coordinates": [ 129.152656217859089, 35.3765158852704 ] } },
{ "type": "Feature", "properties": { "결과": "O", "행정구역명": "양산시", "학원교습소명": "학원", "학원명": "금목서국어논술학원", "분야명": "입시.검정 및 보습", "교습계열명": "보통교과", "교습과정목록명": "보습", "교습과정명": "보습", "도로명주소": "경상남도 양산시 덕계12길 4", "도로명상세주소": ", 2층 (덕계동)", "수정일자": 20260322, "X좌표": 1150119.29311005, "Y좌표": 1710083.2962834199, "집계구코드": 38100570010001, "읍면동": "경상남도_양산시_덕계동" }, "geometry": { "type": "Point", "coordinates": [ 129.15261487135686, 35.375129060746289 ] } },
{ "type": "Feature", "properties": { "결과": "O", "행정구역명": "양산시", "학원교습소명": "학원", "학원명": "다온음악미술학원", "분야명": "종합(대)", "교습계열명": null, "교습과정목록명": "미술,음악", "교습과정명": null, "도로명주소": "경상남도 양산시 덕계12길 6", "도로명상세주소": ", 201호(2층) (덕계동)", "수정일자": 20260315, "X좌표": 1150130.206302, "Y좌표": 1710075.73242851, "집계구코드": 38100570010001, "읍면동": "경상남도_양산시_덕계동" }, "geometry": { "type": "Point", "coordinates": [ 129.152733576170419, 35.375059243816494 ] } },
{ "type": "Feature", "properties": { "결과": "O", "행정구역명": "양산시", "학원교습소명": "교습소", "학원명": "체셔영어교습소", "분야명": "국제화", "교습계열명": "외국어", "교습과정목록명": "중급2", "교습과정명": "실용외국어(유아/초·중·고)", "도로명주소": "경상남도 양산시 덕계5길 11", "도로명상세주소": "동일스위트2차 상가동 201호(덕계동)", "수정일자": 20241117, "X좌표": 1149728.80237381, "Y좌표": 1709816.6020494499, "집계구코드": 38100570020001, "읍면동": "경상남도_양산시_덕계동" }, "geometry": { "type": "Point", "coordinates": [ 129.148268783041658, 35.372784018353457 ] } },
{ "type": "Feature", "properties": { "결과": "O", "행정구역명": "양산시", "학원교습소명": "교습소", "학원명": "해성수학교습소", "분야명": "입시.검정 및 보습", "교습계열명": "보통교과", "교습과정목록명": "수학(초등)", "교습과정명": "보습", "도로명주소": "경상남도 양산시 덕계5길 14-1", "도로명상세주소": ", 덕계동일스위트2차 116동 203호 (덕계동)", "수정일자": 20231018, "X좌표": 1149736.1582584199, "Y좌표": 1709845.5206136301, "집계구코드": 38100570020001, "읍면동": "경상남도_양산시_덕계동" }, "geometry": { "type": "Point", "coordinates": [ 129.148355030759802, 35.373043561055468 ] } },
{ "type": "Feature", "properties": { "결과": "O", "행정구역명": "양산시", "학원교습소명": "학원", "학원명": "KESH영어학원", "분야명": "입시.검정 및 보습", "교습계열명": "보통교과", "교습과정목록명": "보습", "교습과정명": "보습", "도로명주소": "경상남도 양산시 덕계7길 5-16", "도로명상세주소": " 2층 일부,(왼쪽일부) (덕계동, 합기도천지관)", "수정일자": 20251102, "X좌표": 1149763.4559321699, "Y좌표": 1709824.51703217, "집계구코드": 38100570020001, "읍면동": "경상남도_양산시_덕계동" }, "geometry": { "type": "Point", "coordinates": [ 129.148651572313923, 35.372850153666612 ] } },
{ "type": "Feature", "properties": { "결과": "O", "행정구역명": "양산시", "학원교습소명": "학원", "학원명": "벽산클라라음악학원", "분야명": "예능(대)", "교습계열명": "예능(중)", "교습과정목록명": "음악", "교습과정명": "음악", "도로명주소": "경상남도 양산시 덕계로 101-1", "도로명상세주소": ", 2층 (덕계동, 보현사)", "수정일자": 20260301, "X좌표": 1150150.6319208301, "Y좌표": 1710225.23784812, "집계구코드": 38100570010001, "읍면동": "경상남도_양산시_덕계동" }, "geometry": { "type": "Point", "coordinates": [ 129.152985838654104, 35.376403678352041 ] } },
{ "type": "Feature", "properties": { "결과": "O", "행정구역명": "양산시", "학원교습소명": "학원", "학원명": "그림숲미술학원", "분야명": "예능(대)", "교습계열명": "예능(중)", "교습과정목록명": "미술", "교습과정명": "미술", "도로명주소": "경상남도 양산시 덕계로 103", "도로명상세주소": ", 2층(일부) (덕계동)", "수정일자": 20240623, "X좌표": 1150173.03554253, "Y좌표": 1710245.8369688301, "집계구코드": 38100570010001, "읍면동": "경상남도_양산시_덕계동" }, "geometry": { "type": "Point", "coordinates": [ 129.153236173114152, 35.376585966712504 ] } },
{ "type": "Feature", "properties": { "결과": "O", "행정구역명": "양산시", "학원교습소명": "학원", "학원명": "리무용댄스학원", "분야명": "예능(대)", "교습계열명": "예능(중)", "교습과정목록명": "무용,음악", "교습과정명": "무용", "도로명주소": "경상남도 양산시 덕계로 103", "도로명상세주소": "2층 우측 일부(덕계동)", "수정일자": 20260201, "X좌표": 1150173.03554253, "Y좌표": 1710245.8369688301, "집계구코드": 38100570010001, "읍면동": "경상남도_양산시_덕계동" }, "geometry": { "type": "Point", "coordinates": [ 129.153236173114152, 35.376585966712504 ] } },
{ "type": "Feature", "properties": { "결과": "O", "행정구역명": "양산시", "학원교습소명": "학원", "학원명": "지앤비패럴랙스영수학원", "분야명": "종합(대)", "교습계열명": null, "교습과정목록명": "보습,실용외국어(유아/초·중·고)", "교습과정명": null, "도로명주소": "경상남도 양산시 덕계로 114", "도로명상세주소": "2층 전체(덕계동)", "수정일자": 20260906, "X좌표": 1150257.75161925, "Y좌표": 1710289.3775554099, "집계구코드": 38100570010001, "읍면동": "경상남도_양산시_덕계동" }, "geometry": { "type": "Point", "coordinates": [ 129.154176466374651, 35.376965640318957 ] } },
{ "type": "Feature", "properties": { "결과": "O", "행정구역명": "양산시", "학원교습소명": "학원", "학원명": "덕계퀸어학원", "분야명": "입시.검정 및 보습", "교습계열명": null, "교습과정목록명": null, "교습과정명": null, "도로명주소": "경상남도 양산시 덕계로 127", "도로명상세주소": "202호(평산동)", "수정일자": 20260906, "X좌표": 1150240.7540070999, "Y좌표": 1710466.1819403099, "집계구코드": 38100560010001, "읍면동": "경상남도_양산시_평산동" }, "geometry": { "type": "Point", "coordinates": [ 129.154021939358699, 35.378561759011269 ] } },
{ "type": "Feature", "properties": { "결과": "O", "행정구역명": "양산시", "학원교습소명": "학원", "학원명": "엔젤간호학원", "분야명": "직업기술", "교습계열명": "간호보조기술", "교습과정목록명": "간호조무사", "교습과정명": "간호조무사", "도로명주소": "경상남도 양산시 덕계로 17", "도로명상세주소": "오름빌딩 5층 502호, 7층 701호(덕계동)", "수정일자": 20250323, "X좌표": 1149706.16970596, "Y좌표": 1709515.71396032, "집계구코드": 38100570020001, "읍면동": "경상남도_양산시_덕계동" }, "geometry": { "type": "Point", "coordinates": [ 129.147964582424748, 35.370075467668933 ] } },
{ "type": "Feature", "properties": { "결과": "O", "행정구역명": "양산시", "학원교습소명": "학원", "학원명": "왈츠댄스스포츠학원", "분야명": "기예(대)", "교습계열명": "기예(중)", "교습과정목록명": "댄스", "교습과정명": "댄스", "도로명주소": "경상남도 양산시 덕계로 28", "도로명상세주소": ", 2층 일부(좌측실) (덕계동)", "수정일자": 20251123, "X좌표": 1149777.5002450701, "Y좌표": 1709591.2187302101, "집계구코드": 38100570020001, "읍면동": "경상남도_양산시_덕계동" }, "geometry": { "type": "Point", "coordinates": [ 129.148763342326021, 35.370745293544658 ] } },
{ "type": "Feature", "properties": { "결과": "O", "행정구역명": "양산시", "학원교습소명": "학원", "학원명": "김소희네일뷰티학원", "분야명": "직업기술", "교습계열명": "산업응용기술", "교습과정목록명": "이·미용,", "교습과정명": "이·미용", "도로명주소": "경상남도 양산시 덕계로 37", "도로명상세주소": ", 1동 4층 (덕계동, 베니스모텔)", "수정일자": 20240714, "X좌표": 1149763.3684203799, "Y좌표": 1709719.55806244, "집계구코드": 38100570020001, "읍면동": "경상남도_양산시_덕계동" }, "geometry": { "type": "Point", "coordinates": [ 129.148631365159076, 35.371904156657408 ] } },
{ "type": "Feature", "properties": { "결과": "O", "행정구역명": "양산시", "학원교습소명": "학원", "학원명": "덕계컴퓨터학원", "분야명": "종합(대)", "교습계열명": null, "교습과정목록명": "전산회계,컴퓨터(정보처리,통신기기,인터넷,소프트웨어),", "교습과정명": null, "도로명주소": "경상남도 양산시 덕계로 57", "도로명상세주소": ", 2층 (덕계동, DC마트)", "수정일자": 20231018, "X좌표": 1149883.09210798, "Y좌표": 1709879.02788477, "집계구코드": 38100570020001, "읍면동": "경상남도_양산시_덕계동" }, "geometry": { "type": "Point", "coordinates": [ 129.149978087537448, 35.373323493606165 ] } },
{ "type": "Feature", "properties": { "결과": "O", "행정구역명": "양산시", "학원교습소명": "학원", "학원명": "휘문학원", "분야명": "입시.검정 및 보습", "교습계열명": "보통교과", "교습과정목록명": "보습", "교습과정명": "보습", "도로명주소": "경상남도 양산시 덕계로 57", "도로명상세주소": ", 3층 일부(좌측실) (덕계동, DC마트)", "수정일자": 20241215, "X좌표": 1149883.09210798, "Y좌표": 1709879.02788477, "집계구코드": 38100570020001, "읍면동": "경상남도_양산시_덕계동" }, "geometry": { "type": "Point", "coordinates": [ 129.149978087537448, 35.373323493606165 ] } },
{ "type": "Feature", "properties": { "결과": "O", "행정구역명": "양산시", "학원교습소명": "학원", "학원명": "김쌤들의영수전문학원", "분야명": "입시.검정 및 보습", "교습계열명": "보통교과", "교습과정목록명": "보습", "교습과정명": "보습", "도로명주소": "경상남도 양산시 덕계로 69", "도로명상세주소": ", 3층 (덕계동)", "수정일자": 20260315, "X좌표": 1149965.69896085, "Y좌표": 1709973.99895468, "집계구코드": 38100570020001, "읍면동": "경상남도_양산시_덕계동" }, "geometry": { "type": "Point", "coordinates": [ 129.15090456051189, 35.374167061047018 ] } },
{ "type": "Feature", "properties": { "결과": "O", "행정구역명": "양산시", "학원교습소명": "학원", "학원명": "쎈영?수전문학원", "분야명": "입시.검정 및 보습", "교습계열명": "보통교과", "교습과정목록명": null, "교습과정명": "보습", "도로명주소": "경상남도 양산시 덕계로 78", "도로명상세주소": ", 3층 (덕계동, 롯데리아)", "수정일자": 20231018, "X좌표": 1150044.2517083101, "Y좌표": 1710016.7422887499, "집계구코드": 38100570010001, "읍면동": "경상남도_양산시_덕계동" }, "geometry": { "type": "Point", "coordinates": [ 129.15177684411492, 35.374540495679945 ] } },
{ "type": "Feature", "properties": { "결과": "O", "행정구역명": "양산시", "학원교습소명": "학원", "학원명": "네오캣입시미술학원", "분야명": "예능(대)", "교습계열명": "예능(중)", "교습과정목록명": "미술", "교습과정명": "미술", "도로명주소": "경상남도 양산시 덕계로 87", "도로명상세주소": ", 4층 (덕계동, 아르페지오)", "수정일자": 20260802, "X좌표": 1150073.1274640399, "Y좌표": 1710116.8014435801, "집계구코드": 38100570010001, "읍면동": "경상남도_양산시_덕계동" }, "geometry": { "type": "Point", "coordinates": [ 129.15211299389054, 35.375437995849964 ] } },
{ "type": "Feature", "properties": { "결과": "O", "행정구역명": "양산시", "학원교습소명": "학원", "학원명": "윤선생영어숲덕계어학원", "분야명": "입시.검정 및 보습", "교습계열명": "보통교과", "교습과정목록명": "보습", "교습과정명": "보습", "도로명주소": "경상남도 양산시 덕계로 87", "도로명상세주소": ", 2층(일부) (덕계동)", "수정일자": 20250608, "X좌표": 1150073.1274640399, "Y좌표": 1710116.8014435801, "집계구코드": 38100570010001, "읍면동": "경상남도_양산시_덕계동" }, "geometry": { "type": "Point", "coordinates": [ 129.15211299389054, 35.375437995849964 ] } },
{ "type": "Feature", "properties": { "결과": "O", "행정구역명": "양산시", "학원교습소명": "학원", "학원명": "중앙학원", "분야명": "입시.검정 및 보습", "교습계열명": "보통교과", "교습과정목록명": null, "교습과정명": "보통교과", "도로명주소": "경상남도 양산시 덕계로 87", "도로명상세주소": ", 3층 (덕계동, 아르페지오)", "수정일자": 20231018, "X좌표": 1150073.1274640399, "Y좌표": 1710116.8014435801, "집계구코드": 38100570010001, "읍면동": "경상남도_양산시_덕계동" }, "geometry": { "type": "Point", "coordinates": [ 129.15211299389054, 35.375437995849964 ] } },
{ "type": "Feature", "properties": { "결과": "O", "행정구역명": "양산시", "학원교습소명": "학원", "학원명": "삼성영어셀레나덕계어학원", "분야명": "입시.검정 및 보습", "교습계열명": "보통교과", "교습과정목록명": "보습", "교습과정명": "보습", "도로명주소": "경상남도 양산시 덕계로 88", "도로명상세주소": ", 2동 2층 (덕계동, 대연인테리어)", "수정일자": 20260222, "X좌표": 1150103.1139501899, "Y좌표": 1710075.2578591399, "집계구코드": 38100570010001, "읍면동": "경상남도_양산시_덕계동" }, "geometry": { "type": "Point", "coordinates": [ 129.152435348910302, 35.375059045033758 ] } },
{ "type": "Feature", "properties": { "결과": "O", "행정구역명": "양산시", "학원교습소명": "학원", "학원명": "젤리젤리발레학원", "분야명": "예능(대)", "교습계열명": "예능(중)", "교습과정목록명": "무용", "교습과정명": "무용", "도로명주소": "경상남도 양산시 덕계로 88", "도로명상세주소": ", 2동 3층 (덕계동, 대연인테리어)", "수정일자": 20240526, "X좌표": 1150103.1139501899, "Y좌표": 1710075.2578591399, "집계구코드": 38100570010001, "읍면동": "경상남도_양산시_덕계동" }, "geometry": { "type": "Point", "coordinates": [ 129.152435348910302, 35.375059045033758 ] } },
{ "type": "Feature", "properties": { "결과": "O", "행정구역명": "양산시", "학원교습소명": "학원", "학원명": "리더스주니어랩영수학원", "분야명": "입시.검정 및 보습", "교습계열명": "보통교과", "교습과정목록명": "보습", "교습과정명": "보습", "도로명주소": "경상남도 양산시 덕계로 91", "도로명상세주소": ", 2층 (덕계동, 부산은행)", "수정일자": 20260726, "X좌표": 1150103.7464376001, "Y좌표": 1710156.6994912999, "집계구코드": 38100570010001, "읍면동": "경상남도_양산시_덕계동" }, "geometry": { "type": "Point", "coordinates": [ 129.152457277606004, 35.375792993080807 ] } },
{ "type": "Feature", "properties": { "결과": "O", "행정구역명": "양산시", "학원교습소명": "학원", "학원명": "어린음악대덕계원음악학원", "분야명": "예능(대)", "교습계열명": "예능(중)", "교습과정목록명": "음악", "교습과정명": "음악", "도로명주소": "경상남도 양산시 덕계로 91", "도로명상세주소": ", 6층 일부 (덕계동)", "수정일자": 20260308, "X좌표": 1150103.7464376001, "Y좌표": 1710156.6994912999, "집계구코드": 38100570010001, "읍면동": "경상남도_양산시_덕계동" }, "geometry": { "type": "Point", "coordinates": [ 129.152457277606004, 35.375792993080807 ] } },
{ "type": "Feature", "properties": { "결과": "O", "행정구역명": "양산시", "학원교습소명": "학원", "학원명": "명문학원", "분야명": "입시.검정 및 보습", "교습계열명": "보통교과", "교습과정목록명": "보습", "교습과정명": "보습", "도로명주소": "경상남도 양산시 덕계로 99-1", "도로명상세주소": ", 2층 (덕계동)", "수정일자": 20250622, "X좌표": 1150119.8913014201, "Y좌표": 1710208.8984660699, "집계구코드": 38100570010001, "읍면동": "경상남도_양산시_덕계동" }, "geometry": { "type": "Point", "coordinates": [ 129.15264454184998, 35.376261038159598 ] } },
{ "type": "Feature", "properties": { "결과": "O", "행정구역명": "양산시", "학원교습소명": "학원", "학원명": "키즈마인드어학원", "분야명": "국제화", "교습계열명": "외국어", "교습과정목록명": "실용외국어(유아/초·중·고)", "교습과정명": "실용외국어(유아/초·중·고)", "도로명주소": "경상남도 양산시 덕계북길 19-1", "도로명상세주소": "(덕계동, 무지개어린이집)", "수정일자": 20240317, "X좌표": 1150540.3828384499, "Y좌표": 1711070.9558031, "집계구코드": 38100570030001, "읍면동": "경상남도_양산시_덕계동" }, "geometry": { "type": "Point", "coordinates": [ 129.157430874703067, 35.38396744483488 ] } },
{ "type": "Feature", "properties": { "결과": "O", "행정구역명": "양산시", "학원교습소명": "교습소", "학원명": "라라네미술관미술교습소", "분야명": "예능(대)", "교습계열명": "예능(중)", "교습과정목록명": null, "교습과정명": "미술", "도로명주소": "경상남도 양산시 덕계회야길 16", "도로명상세주소": ", 302 101호 (덕계동, 동양산 우성스마트시티 뷰)", "수정일자": 20250525, "X좌표": 1149487.48515806, "Y좌표": 1709680.25182468, "집계구코드": 38100570020103, "읍면동": "경상남도_양산시_덕계동" }, "geometry": { "type": "Point", "coordinates": [ 129.145588300654282, 35.371591275066379 ] } },
{ "type": "Feature", "properties": { "결과": "O", "행정구역명": "양산시", "학원교습소명": "학원", "학원명": "컴벤져스컴퓨터학원", "분야명": "직업기술", "교습계열명": null, "교습과정목록명": null, "교습과정명": null, "도로명주소": "경상남도 양산시 덕명로 15", "도로명상세주소": "2층 204호(덕계동)", "수정일자": 20250126, "X좌표": 1150984.37311056, "Y좌표": 1709632.45486801, "집계구코드": 38100570030001, "읍면동": "경상남도_양산시_덕계동" }, "geometry": { "type": "Point", "coordinates": [ 129.162051355874269, 35.370934981584824 ] } },
{ "type": "Feature", "properties": { "결과": "O", "행정구역명": "양산시", "학원교습소명": "학원", "학원명": "알티오라(ALTIORA)어학원", "분야명": "종합(대)", "교습계열명": null, "교습과정목록명": "기타(소),보습,실용외국어(유아/초·중·고)", "교습과정명": null, "도로명주소": "경상남도 양산시 동면 곡리4길 22", "도로명상세주소": ", 1층, 2층 전체, 3층 일부(우측) (동면)", "수정일자": 20260517, "X좌표": 1139220.40466878, "Y좌표": 1703525.7855552, "집계구코드": 38100310050901, "읍면동": "경상남도_양산시_동면" }, "geometry": { "type": "Point", "coordinates": [ 129.031556003594574, 35.317602978104844 ] } },
{ "type": "Feature", "properties": { "결과": "O", "행정구역명": "양산시", "학원교습소명": "교습소", "학원명": "뮤엠영어동산영어교습소", "분야명": "입시.검정 및 보습", "교습계열명": "보통교과", "교습과정목록명": "영어(초등)", "교습과정명": "보습", "도로명주소": "경상남도 양산시 동면 금산2길 12", "도로명상세주소": ", 주상가동 201호 (동면, 양산금산휴먼시아)", "수정일자": 20231018, "X좌표": 1138661.48378485, "Y좌표": 1701878.6565384499, "집계구코드": 38100310051003, "읍면동": "경상남도_양산시_동면" }, "geometry": { "type": "Point", "coordinates": [ 129.025130526429535, 35.302833843879604 ] } },
{ "type": "Feature", "properties": { "결과": "O", "행정구역명": "양산시", "학원교습소명": "교습소", "학원명": "하이피아노음악교습소", "분야명": "예능(대)", "교습계열명": "예능(중)", "교습과정목록명": "피아노중급(1)", "교습과정명": "음악", "도로명주소": "경상남도 양산시 동면 금오13길 10", "도로명상세주소": ", 채움리더스 201호 (동면)", "수정일자": 20241229, "X좌표": 1138685.2128604499, "Y좌표": 1703404.62476338, "집계구코드": 38100310060204, "읍면동": "경상남도_양산시_동면" }, "geometry": { "type": "Point", "coordinates": [ 129.025649736212216, 35.316585285853641 ] } },
{ "type": "Feature", "properties": { "결과": "O", "행정구역명": "양산시", "학원교습소명": "학원", "학원명": "HK플러스국어수학학원", "분야명": "입시.검정 및 보습", "교습계열명": "보통교과", "교습과정목록명": "보습", "교습과정명": "보습", "도로명주소": "경상남도 양산시 동면 금오13길 10", "도로명상세주소": ", 402, 403호, 404호 (동면)", "수정일자": 20260329, "X좌표": 1138685.2128604499, "Y좌표": 1703404.62476338, "집계구코드": 38100310060204, "읍면동": "경상남도_양산시_동면" }, "geometry": { "type": "Point", "coordinates": [ 129.025649736212216, 35.316585285853641 ] } },
{ "type": "Feature", "properties": { "결과": "O", "행정구역명": "양산시", "학원교습소명": "학원", "학원명": "메이트영수학원", "분야명": "입시.검정 및 보습", "교습계열명": "보통교과", "교습과정목록명": "보습", "교습과정명": "보습", "도로명주소": "경상남도 양산시 동면 금오13길 10", "도로명상세주소": "502호", "수정일자": 20260215, "X좌표": 1138685.2128604499, "Y좌표": 1703404.62476338, "집계구코드": 38100310060204, "읍면동": "경상남도_양산시_동면" }, "geometry": { "type": "Point", "coordinates": [ 129.025649736212216, 35.316585285853641 ] } },
{ "type": "Feature", "properties": { "결과": "O", "행정구역명": "양산시", "학원교습소명": "학원", "학원명": "지앤비패럴랙스석산학원", "분야명": "종합(대)", "교습계열명": "보통교과", "교습과정목록명": null, "교습과정명": "보습", "도로명주소": "경상남도 양산시 동면 금오13길 10", "도로명상세주소": "채움리더스 203호", "수정일자": 20260517, "X좌표": 1138685.2128604499, "Y좌표": 1703404.62476338, "집계구코드": 38100310060204, "읍면동": "경상남도_양산시_동면" }, "geometry": { "type": "Point", "coordinates": [ 129.025649736212216, 35.316585285853641 ] } },
{ "type": "Feature", "properties": { "결과": "O", "행정구역명": "양산시", "학원교습소명": "학원", "학원명": "강의하는아이들학원", "분야명": "입시.검정 및 보습", "교습계열명": "보통교과", "교습과정목록명": null, "교습과정명": "보습", "도로명주소": "경상남도 양산시 동면 금오13길 16", "도로명상세주소": ", 501호 (동면)", "수정일자": 20231018, "X좌표": 1138690.46424683, "Y좌표": 1703465.3602845201, "집계구코드": 38100310060204, "읍면동": "경상남도_양산시_동면" }, "geometry": { "type": "Point", "coordinates": [ 129.025717772040679, 35.317132012615275 ] } },
{ "type": "Feature", "properties": { "결과": "O", "행정구역명": "양산시", "학원교습소명": "학원", "학원명": "주니어킹덤학원", "분야명": "종합(대)", "교습계열명": null, "교습과정목록명": "보습,음악,미술,", "교습과정명": null, "도로명주소": "경상남도 양산시 동면 금오13길 16", "도로명상세주소": ", 401호, 402호 (동면)", "수정일자": 20231018, "X좌표": 1138690.46424683, "Y좌표": 1703465.3602845201, "집계구코드": 38100310060204, "읍면동": "경상남도_양산시_동면" }, "geometry": { "type": "Point", "coordinates": [ 129.025717772040679, 35.317132012615275 ] } },
{ "type": "Feature", "properties": { "결과": "O", "행정구역명": "양산시", "학원교습소명": "학원", "학원명": "종로엠스쿨석산학원", "분야명": "입시.검정 및 보습", "교습계열명": "보통교과", "교습과정목록명": "보습", "교습과정명": "보습", "도로명주소": "경상남도 양산시 동면 금오13길 20", "도로명상세주소": "센텀빌딩 302호", "수정일자": 20241117, "X좌표": 1138694.3994654501, "Y좌표": 1703508.5648111401, "집계구코드": 38100310060204, "읍면동": "경상남도_양산시_동면" }, "geometry": { "type": "Point", "coordinates": [ 129.025768365608343, 35.317520901747585 ] } },
{ "type": "Feature", "properties": { "결과": "O", "행정구역명": "양산시", "학원교습소명": "학원", "학원명": "라인발레학원", "분야명": "예능(대)", "교습계열명": "예능(중)", "교습과정목록명": "무용", "교습과정명": "무용", "도로명주소": "경상남도 양산시 동면 금오13길 4", "도로명상세주소": ", 406호 (동면, 네오스퀘어)", "수정일자": 20231018, "X좌표": 1138685.4452156001, "Y좌표": 1703359.01085086, "집계구코드": 38100310060204, "읍면동": "경상남도_양산시_동면" }, "geometry": { "type": "Point", "coordinates": [ 129.025644567980777, 35.316174100570457 ] } },
{ "type": "Feature", "properties": { "결과": "O", "행정구역명": "양산시", "학원교습소명": "학원", "학원명": "수학마녀수학학원", "분야명": "입시.검정 및 보습", "교습계열명": "보통교과", "교습과정목록명": "보습", "교습과정명": "보습", "도로명주소": "경상남도 양산시 동면 금오13길 4", "도로명상세주소": ", 405호 (동면, 네오스퀘어)", "수정일자": 20260719, "X좌표": 1138685.4452156001, "Y좌표": 1703359.01085086, "집계구코드": 38100310060204, "읍면동": "경상남도_양산시_동면" }, "geometry": { "type": "Point", "coordinates": [ 129.025644567980777, 35.316174100570457 ] } },
{ "type": "Feature", "properties": { "결과": "O", "행정구역명": "양산시", "학원교습소명": "학원", "학원명": "썸즈업영어학원", "분야명": "입시.검정 및 보습", "교습계열명": "보통교과", "교습과정목록명": "보습", "교습과정명": "보습", "도로명주소": "경상남도 양산시 동면 금오13길 4", "도로명상세주소": "301호", "수정일자": 20260301, "X좌표": 1138685.4452156001, "Y좌표": 1703359.01085086, "집계구코드": 38100310060204, "읍면동": "경상남도_양산시_동면" }, "geometry": { "type": "Point", "coordinates": [ 129.025644567980777, 35.316174100570457 ] } },
{ "type": "Feature", "properties": { "결과": "O", "행정구역명": "양산시", "학원교습소명": "학원", "학원명": "큐미르석산학원", "분야명": "입시.검정 및 보습", "교습계열명": "보통교과", "교습과정목록명": "보습", "교습과정명": "보습", "도로명주소": "경상남도 양산시 동면 금오13길 4", "도로명상세주소": "네오스퀘어 404호", "수정일자": 20260215, "X좌표": 1138685.4452156001, "Y좌표": 1703359.01085086, "집계구코드": 38100310060204, "읍면동": "경상남도_양산시_동면" }, "geometry": { "type": "Point", "coordinates": [ 129.025644567980777, 35.316174100570457 ] } },
{ "type": "Feature", "properties": { "결과": "O", "행정구역명": "양산시", "학원교습소명": "교습소", "학원명": "하얀코끼리미술교습소", "분야명": "예능(대)", "교습계열명": "예능(중)", "교습과정목록명": "미술(조형제작1)", "교습과정명": "미술", "도로명주소": "경상남도 양산시 동면 금오13길 46-5", "도로명상세주소": ", 301호 일부 (동면)", "수정일자": 20250420, "X좌표": 1138644.26982732, "Y좌표": 1703768.61518225, "집계구코드": 38100310020101, "읍면동": "경상남도_양산시_동면" }, "geometry": { "type": "Point", "coordinates": [ 129.025261091495821, 35.319871890579321 ] } },
{ "type": "Feature", "properties": { "결과": "O", "행정구역명": "양산시", "학원교습소명": "학원", "학원명": "눈높이러닝센터석산학원", "분야명": "입시.검정 및 보습", "교습계열명": "보통교과", "교습과정목록명": "보습", "교습과정명": "보습", "도로명주소": "경상남도 양산시 동면 금오13길 46-5", "도로명상세주소": ", 301호(일부), 302호 (동면)", "수정일자": 20251005, "X좌표": 1138644.26982732, "Y좌표": 1703768.61518225, "집계구코드": 38100310020101, "읍면동": "경상남도_양산시_동면" }, "geometry": { "type": "Point", "coordinates": [ 129.025261091495821, 35.319871890579321 ] } },
{ "type": "Feature", "properties": { "결과": "O", "행정구역명": "양산시", "학원교습소명": "학원", "학원명": "석산아르떼음악학원", "분야명": "예능(대)", "교습계열명": "예능(중)", "교습과정목록명": "음악", "교습과정명": "음악", "도로명주소": "경상남도 양산시 동면 금오13길 46-5", "도로명상세주소": ", 402호 (동면)", "수정일자": 20250831, "X좌표": 1138644.26982732, "Y좌표": 1703768.61518225, "집계구코드": 38100310020101, "읍면동": "경상남도_양산시_동면" }, "geometry": { "type": "Point", "coordinates": [ 129.025261091495821, 35.319871890579321 ] } },
{ "type": "Feature", "properties": { "결과": "O", "행정구역명": "양산시", "학원교습소명": "학원", "학원명": "석산캠퍼스KSE영수학원", "분야명": "입시.검정 및 보습", "교습계열명": "보통교과", "교습과정목록명": "보습", "교습과정명": "보습", "도로명주소": "경상남도 양산시 동면 금오13길 46-5", "도로명상세주소": ", 202호 (동면)", "수정일자": 20240728, "X좌표": 1138644.26982732, "Y좌표": 1703768.61518225, "집계구코드": 38100310020101, "읍면동": "경상남도_양산시_동면" }, "geometry": { "type": "Point", "coordinates": [ 129.025261091495821, 35.319871890579321 ] } },
{ "type": "Feature", "properties": { "결과": "O", "행정구역명": "양산시", "학원교습소명": "교습소", "학원명": "아이드림영어교습소", "분야명": "국제화", "교습계열명": null, "교습과정목록명": null, "교습과정명": null, "도로명주소": "경상남도 양산시 동면 금오13길 50", "도로명상세주소": "104호", "수정일자": 20260111, "X좌표": 1138620.3710262999, "Y좌표": 1703795.48190673, "집계구코드": 38100310020101, "읍면동": "경상남도_양산시_동면" }, "geometry": { "type": "Point", "coordinates": [ 129.025002805550798, 35.320117376731822 ] } },
{ "type": "Feature", "properties": { "결과": "O", "행정구역명": "양산시", "학원교습소명": "학원", "학원명": "윈스턴어학원", "분야명": "국제화", "교습계열명": "외국어", "교습과정목록명": "실용외국어(유아/초·중·고)", "교습과정명": "실용외국어(유아/초·중·고)", "도로명주소": "경상남도 양산시 동면 금오13길 50", "도로명상세주소": ", JY빌딩 202호 (동면)", "수정일자": 20241117, "X좌표": 1138620.3710262999, "Y좌표": 1703795.48190673, "집계구코드": 38100310020101, "읍면동": "경상남도_양산시_동면" }, "geometry": { "type": "Point", "coordinates": [ 129.025002805550798, 35.320117376731822 ] } },
{ "type": "Feature", "properties": { "결과": "O", "행정구역명": "양산시", "학원교습소명": "학원", "학원명": "이주영음악학원", "분야명": "예능(대)", "교습계열명": "예능(중)", "교습과정목록명": "음악", "교습과정명": "음악", "도로명주소": "경상남도 양산시 동면 금오13길 50", "도로명상세주소": ", JY빌딩 402호", "수정일자": 20260906, "X좌표": 1138620.3710262999, "Y좌표": 1703795.48190673, "집계구코드": 38100310020101, "읍면동": "경상남도_양산시_동면" }, "geometry": { "type": "Point", "coordinates": [ 129.025002805550798, 35.320117376731822 ] } },
{ "type": "Feature", "properties": { "결과": "O", "행정구역명": "양산시", "학원교습소명": "학원", "학원명": "차수학학원", "분야명": "입시.검정 및 보습", "교습계열명": "보통교과", "교습과정목록명": "보습", "교습과정명": "보습", "도로명주소": "경상남도 양산시 동면 금오13길 50", "도로명상세주소": ", JY빌딩 302호 (동면)", "수정일자": 20250525, "X좌표": 1138620.3710262999, "Y좌표": 1703795.48190673, "집계구코드": 38100310020101, "읍면동": "경상남도_양산시_동면" }, "geometry": { "type": "Point", "coordinates": [ 129.025002805550798, 35.320117376731822 ] } },
{ "type": "Feature", "properties": { "결과": "O", "행정구역명": "양산시", "학원교습소명": "학원", "학원명": "메이플빌리지어학원", "분야명": "국제화", "교습계열명": "외국어", "교습과정목록명": "실용외국어(유아/초·중·고)", "교습과정명": "실용외국어(유아/초·중·고)", "도로명주소": "경상남도 양산시 동면 금오13길 52", "도로명상세주소": ", 401호 (동면)", "수정일자": 20260215, "X좌표": 1138612.2213462901, "Y좌표": 1703808.8998009099, "집계구코드": 38100310020101, "읍면동": "경상남도_양산시_동면" }, "geometry": { "type": "Point", "coordinates": [ 129.024915448066508, 35.320239453059173 ] } },
{ "type": "Feature", "properties": { "결과": "O", "행정구역명": "양산시", "학원교습소명": "학원", "학원명": "뮤직스토리음악학원", "분야명": "예능(대)", "교습계열명": "예능(중)", "교습과정목록명": "음악", "교습과정명": "음악", "도로명주소": "경상남도 양산시 동면 금오13길 52", "도로명상세주소": "202호", "수정일자": 20250907, "X좌표": 1138612.2213462901, "Y좌표": 1703808.8998009099, "집계구코드": 38100310020101, "읍면동": "경상남도_양산시_동면" }, "geometry": { "type": "Point", "coordinates": [ 129.024915448066508, 35.320239453059173 ] } },
{ "type": "Feature", "properties": { "결과": "O", "행정구역명": "양산시", "학원교습소명": "학원", "학원명": "석산모든학원", "분야명": "입시.검정 및 보습", "교습계열명": "보통교과", "교습과정목록명": "보습", "교습과정명": "보습", "도로명주소": "경상남도 양산시 동면 금오13길 52", "도로명상세주소": ", 201호 (동면)", "수정일자": 20251207, "X좌표": 1138612.2213462901, "Y좌표": 1703808.8998009099, "집계구코드": 38100310020101, "읍면동": "경상남도_양산시_동면" }, "geometry": { "type": "Point", "coordinates": [ 129.024915448066508, 35.320239453059173 ] } },
{ "type": "Feature", "properties": { "결과": "O", "행정구역명": "양산시", "학원교습소명": "학원", "학원명": "예화음악학원", "분야명": "예능(대)", "교습계열명": "예능(중)", "교습과정목록명": "음악", "교습과정명": "음악", "도로명주소": "경상남도 양산시 동면 금오13길 52", "도로명상세주소": ", 501호 (동면)", "수정일자": 20260823, "X좌표": 1138612.2213462901, "Y좌표": 1703808.8998009099, "집계구코드": 38100310020101, "읍면동": "경상남도_양산시_동면" }, "geometry": { "type": "Point", "coordinates": [ 129.024915448066508, 35.320239453059173 ] } },
{ "type": "Feature", "properties": { "결과": "O", "행정구역명": "양산시", "학원교습소명": "학원", "학원명": "우주에서온영어어학원", "분야명": "국제화", "교습계열명": "외국어", "교습과정목록명": "실용외국어(유아/초·중·고)", "교습과정명": "실용외국어(유아/초·중·고)", "도로명주소": "경상남도 양산시 동면 금오13길 52", "도로명상세주소": ", 402호 (동면)", "수정일자": 20260628, "X좌표": 1138612.2213462901, "Y좌표": 1703808.8998009099, "집계구코드": 38100310020101, "읍면동": "경상남도_양산시_동면" }, "geometry": { "type": "Point", "coordinates": [ 129.024915448066508, 35.320239453059173 ] } },
{ "type": "Feature", "properties": { "결과": "O", "행정구역명": "양산시", "학원교습소명": "학원", "학원명": "이혜학원", "분야명": "입시.검정 및 보습", "교습계열명": "보통교과", "교습과정목록명": "보습", "교습과정명": "보습", "도로명주소": "경상남도 양산시 동면 금오13길 52", "도로명상세주소": ", 502호 (동면)", "수정일자": 20260215, "X좌표": 1138612.2213462901, "Y좌표": 1703808.8998009099, "집계구코드": 38100310020101, "읍면동": "경상남도_양산시_동면" }, "geometry": { "type": "Point", "coordinates": [ 129.024915448066508, 35.320239453059173 ] } },
{ "type": "Feature", "properties": { "결과": "O", "행정구역명": "양산시", "학원교습소명": "학원", "학원명": "책나무석산독서학원", "분야명": "입시.검정 및 보습", "교습계열명": "보통교과", "교습과정목록명": "보습", "교습과정명": "보습", "도로명주소": "경상남도 양산시 동면 금오13길 52", "도로명상세주소": ", 301호 (동면)", "수정일자": 20260712, "X좌표": 1138612.2213462901, "Y좌표": 1703808.8998009099, "집계구코드": 38100310020101, "읍면동": "경상남도_양산시_동면" }, "geometry": { "type": "Point", "coordinates": [ 129.024915448066508, 35.320239453059173 ] } },
{ "type": "Feature", "properties": { "결과": "O", "행정구역명": "양산시", "학원교습소명": "학원", "학원명": "확실한자매영수학원", "분야명": "입시.검정 및 보습", "교습계열명": "보통교과", "교습과정목록명": "보습", "교습과정명": "보습", "도로명주소": "경상남도 양산시 동면 금오13길 52", "도로명상세주소": ", 303호 (동면)", "수정일자": 20260308, "X좌표": 1138612.2213462901, "Y좌표": 1703808.8998009099, "집계구코드": 38100310020101, "읍면동": "경상남도_양산시_동면" }, "geometry": { "type": "Point", "coordinates": [ 129.024915448066508, 35.320239453059173 ] } },
{ "type": "Feature", "properties": { "결과": "O", "행정구역명": "양산시", "학원교습소명": "학원", "학원명": "석산더클랑음악학원", "분야명": "예능(대)", "교습계열명": "예능(중)", "교습과정목록명": "음악", "교습과정명": "음악", "도로명주소": "경상남도 양산시 동면 금오13길 54", "도로명상세주소": "석산프라자 403호", "수정일자": 20251221, "X좌표": 1138591.1611581401, "Y좌표": 1703830.41560762, "집계구코드": 38100310020101, "읍면동": "경상남도_양산시_동면" }, "geometry": { "type": "Point", "coordinates": [ 129.024687473003382, 35.320436312876041 ] } },
{ "type": "Feature", "properties": { "결과": "O", "행정구역명": "양산시", "학원교습소명": "학원", "학원명": "석산베토벤음악학원", "분야명": "예능(대)", "교습계열명": "예능(중)", "교습과정목록명": "음악", "교습과정명": "음악", "도로명주소": "경상남도 양산시 동면 금오13길 54", "도로명상세주소": ", 석산프라자 204호 (동면)", "수정일자": 20260802, "X좌표": 1138591.1611581401, "Y좌표": 1703830.41560762, "집계구코드": 38100310020101, "읍면동": "경상남도_양산시_동면" }, "geometry": { "type": "Point", "coordinates": [ 129.024687473003382, 35.320436312876041 ] } },
{ "type": "Feature", "properties": { "결과": "O", "행정구역명": "양산시", "학원교습소명": "학원", "학원명": "아트스쿨미술학원", "분야명": "예능(대)", "교습계열명": "예능(중)", "교습과정목록명": "미술", "교습과정명": "미술", "도로명주소": "경상남도 양산시 동면 금오13길 54", "도로명상세주소": ", 석산프라자 404호 (동면)", "수정일자": 20260301, "X좌표": 1138591.1611581401, "Y좌표": 1703830.41560762, "집계구코드": 38100310020101, "읍면동": "경상남도_양산시_동면" }, "geometry": { "type": "Point", "coordinates": [ 129.024687473003382, 35.320436312876041 ] } },
{ "type": "Feature", "properties": { "결과": "O", "행정구역명": "양산시", "학원교습소명": "학원", "학원명": "야꼼영수학원", "분야명": "입시.검정 및 보습", "교습계열명": "보통교과", "교습과정목록명": "보습", "교습과정명": "보습", "도로명주소": "경상남도 양산시 동면 금오13길 54", "도로명상세주소": ", 석산프라자 504호 (동면)", "수정일자": 20250803, "X좌표": 1138591.1611581401, "Y좌표": 1703830.41560762, "집계구코드": 38100310020101, "읍면동": "경상남도_양산시_동면" }, "geometry": { "type": "Point", "coordinates": [ 129.024687473003382, 35.320436312876041 ] } },
{ "type": "Feature", "properties": { "결과": "O", "행정구역명": "양산시", "학원교습소명": "학원", "학원명": "에이플러스수학과학학원", "분야명": "입시.검정 및 보습", "교습계열명": "보통교과", "교습과정목록명": "보습", "교습과정명": "보습", "도로명주소": "경상남도 양산시 동면 금오13길 54", "도로명상세주소": ", 석산프라자 301 (동면)", "수정일자": 20260719, "X좌표": 1138591.1611581401, "Y좌표": 1703830.41560762, "집계구코드": 38100310020101, "읍면동": "경상남도_양산시_동면" }, "geometry": { "type": "Point", "coordinates": [ 129.024687473003382, 35.320436312876041 ] } },
{ "type": "Feature", "properties": { "결과": "O", "행정구역명": "양산시", "학원교습소명": "학원", "학원명": "윤선생IGSE아카데미석산학원", "분야명": "입시.검정 및 보습", "교습계열명": "보통교과", "교습과정목록명": "보습", "교습과정명": "보습", "도로명주소": "경상남도 양산시 동면 금오13길 54", "도로명상세주소": ", 석산프라자 505호 (동면)", "수정일자": 20251005, "X좌표": 1138591.1611581401, "Y좌표": 1703830.41560762, "집계구코드": 38100310020101, "읍면동": "경상남도_양산시_동면" }, "geometry": { "type": "Point", "coordinates": [ 129.024687473003382, 35.320436312876041 ] } },
{ "type": "Feature", "properties": { "결과": "O", "행정구역명": "양산시", "학원교습소명": "학원", "학원명": "진쌤영어학원", "분야명": "입시.검정 및 보습", "교습계열명": "보통교과", "교습과정목록명": "보습", "교습과정명": "보습", "도로명주소": "경상남도 양산시 동면 금오13길 54", "도로명상세주소": ", 304호 (동면)", "수정일자": 20260802, "X좌표": 1138591.1611581401, "Y좌표": 1703830.41560762, "집계구코드": 38100310020101, "읍면동": "경상남도_양산시_동면" }, "geometry": { "type": "Point", "coordinates": [ 129.024687473003382, 35.320436312876041 ] } },
{ "type": "Feature", "properties": { "결과": "O", "행정구역명": "양산시", "학원교습소명": "학원", "학원명": "파머스어학원석산칸캠퍼스학원", "분야명": "국제화", "교습계열명": "외국어", "교습과정목록명": "실용외국어(유아/초·중·고)", "교습과정명": "실용외국어(유아/초·중·고)", "도로명주소": "경상남도 양산시 동면 금오13길 54", "도로명상세주소": ", 402호 (동면)", "수정일자": 20241117, "X좌표": 1138591.1611581401, "Y좌표": 1703830.41560762, "집계구코드": 38100310020101, "읍면동": "경상남도_양산시_동면" }, "geometry": { "type": "Point", "coordinates": [ 129.024687473003382, 35.320436312876041 ] } },
{ "type": "Feature", "properties": { "결과": "O", "행정구역명": "양산시", "학원교습소명": "학원", "학원명": "하이멤버스학원", "분야명": "입시.검정 및 보습", "교습계열명": "보통교과", "교습과정목록명": "보습", "교습과정명": "보습", "도로명주소": "경상남도 양산시 동면 금오13길 54", "도로명상세주소": ", 401호 (동면)", "수정일자": 20260823, "X좌표": 1138591.1611581401, "Y좌표": 1703830.41560762, "집계구코드": 38100310020101, "읍면동": "경상남도_양산시_동면" }, "geometry": { "type": "Point", "coordinates": [ 129.024687473003382, 35.320436312876041 ] } },
{ "type": "Feature", "properties": { "결과": "O", "행정구역명": "양산시", "학원교습소명": "학원", "학원명": "아미띠에미술관학원", "분야명": "예능(대)", "교습계열명": null, "교습과정목록명": null, "교습과정명": null, "도로명주소": "경상남도 양산시 동면 금오14길 15-15", "도로명상세주소": ", 2층 202호(동면)", "수정일자": 20260809, "X좌표": 1138807.7721339499, "Y좌표": 1703452.38515299, "집계구코드": 38100310060204, "읍면동": "경상남도_양산시_동면" }, "geometry": { "type": "Point", "coordinates": [ 129.027005655148997, 35.316998769617314 ] } },
{ "type": "Feature", "properties": { "결과": "O", "행정구역명": "양산시", "학원교습소명": "교습소", "학원명": "스텝스수학교습소", "분야명": "입시.검정 및 보습", "교습계열명": null, "교습과정목록명": null, "교습과정명": null, "도로명주소": "경상남도 양산시 동면 금오16길 10", "도로명상세주소": "1층 101호", "수정일자": 20251102, "X좌표": 1138765.2708743899, "Y좌표": 1703528.4851766401, "집계구코드": 38100310060204, "읍면동": "경상남도_양산시_동면" }, "geometry": { "type": "Point", "coordinates": [ 129.026551146029391, 35.317690619767923 ] } },
{ "type": "Feature", "properties": { "결과": "O", "행정구역명": "양산시", "학원교습소명": "학원", "학원명": "음악놀이터음악학원", "분야명": "예능(대)", "교습계열명": "예능(중)", "교습과정목록명": "음악", "교습과정명": "음악", "도로명주소": "경상남도 양산시 동면 금오16길 10", "도로명상세주소": ", 301호 (동면)", "수정일자": 20251130, "X좌표": 1138765.2708743899, "Y좌표": 1703528.4851766401, "집계구코드": 38100310060204, "읍면동": "경상남도_양산시_동면" }, "geometry": { "type": "Point", "coordinates": [ 129.026551146029391, 35.317690619767923 ] } },
{ "type": "Feature", "properties": { "결과": "O", "행정구역명": "양산시", "학원교습소명": "교습소", "학원명": "꿀비영어교습소", "분야명": "국제화", "교습계열명": null, "교습과정목록명": null, "교습과정명": null, "도로명주소": "경상남도 양산시 동면 금오16길 100", "도로명상세주소": "상가2동 105호(양산이지더원리버포레)", "수정일자": 20240714, "X좌표": 1138807.7083626001, "Y좌표": 1704144.61010028, "집계구코드": 38100310060201, "읍면동": "경상남도_양산시_동면" }, "geometry": { "type": "Point", "coordinates": [ 129.027122288858124, 35.323238322700966 ] } },
{ "type": "Feature", "properties": { "결과": "O", "행정구역명": "양산시", "학원교습소명": "교습소", "학원명": "바오미술교습소", "분야명": "예능(대)", "교습계열명": "예능(중)", "교습과정목록명": "미술(고급)1", "교습과정명": "미술", "도로명주소": "경상남도 양산시 동면 금오16길 100", "도로명상세주소": ", 상가1동 107호 (동면, 양산이지더원리버포레)", "수정일자": 20260517, "X좌표": 1138807.7083626001, "Y좌표": 1704144.61010028, "집계구코드": 38100310060201, "읍면동": "경상남도_양산시_동면" }, "geometry": { "type": "Point", "coordinates": [ 129.027122288858124, 35.323238322700966 ] } },
{ "type": "Feature", "properties": { "결과": "O", "행정구역명": "양산시", "학원교습소명": "교습소", "학원명": "석산일등논술교습소", "분야명": "입시.검정 및 보습", "교습계열명": "보통교과", "교습과정목록명": "초등논술A", "교습과정명": "보습", "도로명주소": "경상남도 양산시 동면 금오16길 100", "도로명상세주소": ", 상가2동 106호 (동면, 양산이지더원리버포레)", "수정일자": 20250302, "X좌표": 1138807.7083626001, "Y좌표": 1704144.61010028, "집계구코드": 38100310060201, "읍면동": "경상남도_양산시_동면" }, "geometry": { "type": "Point", "coordinates": [ 129.027122288858124, 35.323238322700966 ] } },
{ "type": "Feature", "properties": { "결과": "O", "행정구역명": "양산시", "학원교습소명": "교습소", "학원명": "수학짱수학교습소", "분야명": "입시.검정 및 보습", "교습계열명": "보통교과", "교습과정목록명": "중등수학", "교습과정명": "보습", "도로명주소": "경상남도 양산시 동면 금오16길 100", "도로명상세주소": ", 상가2동 107호 (동면, 양산이지더원리버포레)", "수정일자": 20250316, "X좌표": 1138807.7083626001, "Y좌표": 1704144.61010028, "집계구코드": 38100310060201, "읍면동": "경상남도_양산시_동면" }, "geometry": { "type": "Point", "coordinates": [ 129.027122288858124, 35.323238322700966 ] } },
{ "type": "Feature", "properties": { "결과": "O", "행정구역명": "양산시", "학원교습소명": "교습소", "학원명": "스마트해법영어교습소", "분야명": "입시.검정 및 보습", "교습계열명": null, "교습과정목록명": null, "교습과정명": null, "도로명주소": "경상남도 양산시 동면 금오16길 100", "도로명상세주소": "상가3동 101호 (양산이지더원리버포레)", "수정일자": 20251109, "X좌표": 1138807.7083626001, "Y좌표": 1704144.61010028, "집계구코드": 38100310060201, "읍면동": "경상남도_양산시_동면" }, "geometry": { "type": "Point", "coordinates": [ 129.027122288858124, 35.323238322700966 ] } },
{ "type": "Feature", "properties": { "결과": "O", "행정구역명": "양산시", "학원교습소명": "교습소", "학원명": "아이비영어교습소", "분야명": "입시.검정 및 보습", "교습계열명": null, "교습과정목록명": null, "교습과정명": null, "도로명주소": "경상남도 양산시 동면 금오16길 100", "도로명상세주소": "상가1동 110호(양산이지더원리버포레)", "수정일자": 20240825, "X좌표": 1138807.7083626001, "Y좌표": 1704144.61010028, "집계구코드": 38100310060201, "읍면동": "경상남도_양산시_동면" }, "geometry": { "type": "Point", "coordinates": [ 129.027122288858124, 35.323238322700966 ] } },
{ "type": "Feature", "properties": { "결과": "O", "행정구역명": "양산시", "학원교습소명": "교습소", "학원명": "앨리스미술교습소", "분야명": "예능(대)", "교습계열명": "예능(중)", "교습과정목록명": "미술(입시2)", "교습과정명": "미술", "도로명주소": "경상남도 양산시 동면 금오16길 100", "도로명상세주소": ", 상가3동 103호 (동면, 양산이지더원리버포레)", "수정일자": 20260517, "X좌표": 1138807.7083626001, "Y좌표": 1704144.61010028, "집계구코드": 38100310060201, "읍면동": "경상남도_양산시_동면" }, "geometry": { "type": "Point", "coordinates": [ 129.027122288858124, 35.323238322700966 ] } },
{ "type": "Feature", "properties": { "결과": "O", "행정구역명": "양산시", "학원교습소명": "교습소", "학원명": "이지피아노음악교습소", "분야명": "예능(대)", "교습계열명": "예능(중)", "교습과정목록명": "피아노(초급1)", "교습과정명": "음악", "도로명주소": "경상남도 양산시 동면 금오16길 100", "도로명상세주소": ", 양산 이지더원 리버포레 상가3동 104호 (동면)", "수정일자": 20231018, "X좌표": 1138807.7083626001, "Y좌표": 1704144.61010028, "집계구코드": 38100310060201, "읍면동": "경상남도_양산시_동면" }, "geometry": { "type": "Point", "coordinates": [ 129.027122288858124, 35.323238322700966 ] } },
{ "type": "Feature", "properties": { "결과": "O", "행정구역명": "양산시", "학원교습소명": "학원", "학원명": "선재학원", "분야명": "입시.검정 및 보습", "교습계열명": "보통교과", "교습과정목록명": "보습", "교습과정명": "보습", "도로명주소": "경상남도 양산시 동면 금오16길 16", "도로명상세주소": "202호", "수정일자": 20250928, "X좌표": 1138817.24791506, "Y좌표": 1703523.9336115799, "집계구코드": 38100310060204, "읍면동": "경상남도_양산시_동면" }, "geometry": { "type": "Point", "coordinates": [ 129.027121990862781, 35.317642373669031 ] } },
{ "type": "Feature", "properties": { "결과": "O", "행정구역명": "양산시", "학원교습소명": "학원", "학원명": "YBM잉글루어학원", "분야명": "국제화", "교습계열명": "외국어", "교습과정목록명": "실용외국어(유아/초·중·고)", "교습과정명": "실용외국어(유아/초·중·고)", "도로명주소": "경상남도 양산시 동면 금오16길 18", "도로명상세주소": ", 3층 (동면)", "수정일자": 20250608, "X좌표": 1138835.0656764, "Y좌표": 1703522.27788482, "집계구코드": 38100310060204, "읍면동": "경상남도_양산시_동면" }, "geometry": { "type": "Point", "coordinates": [ 129.027317660461733, 35.317624973920005 ] } },
{ "type": "Feature", "properties": { "결과": "O", "행정구역명": "양산시", "학원교습소명": "학원", "학원명": "창의융합수학논술학원", "분야명": "입시.검정 및 보습", "교습계열명": "보통교과", "교습과정목록명": "보습", "교습과정명": "보습", "도로명주소": "경상남도 양산시 동면 금오16길 18", "도로명상세주소": ", 202호 (동면)", "수정일자": 20260215, "X좌표": 1138835.0656764, "Y좌표": 1703522.27788482, "집계구코드": 38100310060204, "읍면동": "경상남도_양산시_동면" }, "geometry": { "type": "Point", "coordinates": [ 129.027317660461733, 35.317624973920005 ] } },
{ "type": "Feature", "properties": { "결과": "O", "행정구역명": "양산시", "학원교습소명": "학원", "학원명": "루브르미술학원", "분야명": "예능(대)", "교습계열명": "예능(중)", "교습과정목록명": "미술", "교습과정명": "미술", "도로명주소": "경상남도 양산시 동면 금오16길 18-1", "도로명상세주소": ", 301호 (동면)", "수정일자": 20251123, "X좌표": 1138849.69618257, "Y좌표": 1703520.0851765, "집계구코드": 38100310060204, "읍면동": "경상남도_양산시_동면" }, "geometry": { "type": "Point", "coordinates": [ 129.027478187208118, 35.317603176523534 ] } },
{ "type": "Feature", "properties": { "결과": "O", "행정구역명": "양산시", "학원교습소명": "학원", "학원명": "아소비딱풀리는수학학원", "분야명": "입시.검정 및 보습", "교습계열명": "보통교과", "교습과정목록명": "보습", "교습과정명": "보습", "도로명주소": "경상남도 양산시 동면 금오16길 18-1", "도로명상세주소": ", 302호 (동면)", "수정일자": 20250126, "X좌표": 1138849.69618257, "Y좌표": 1703520.0851765, "집계구코드": 38100310060204, "읍면동": "경상남도_양산시_동면" }, "geometry": { "type": "Point", "coordinates": [ 129.027478187208118, 35.317603176523534 ] } },
{ "type": "Feature", "properties": { "결과": "O", "행정구역명": "양산시", "학원교습소명": "교습소", "학원명": "감성국어교습소", "분야명": "입시.검정 및 보습", "교습계열명": "보통교과", "교습과정목록명": "고등국어(2)", "교습과정명": "보습", "도로명주소": "경상남도 양산시 동면 금오16길 20", "도로명상세주소": ", 2층 일부 (동면)", "수정일자": 20260111, "X좌표": 1138864.68150558, "Y좌표": 1703519.1864642799, "집계구코드": 38100310060204, "읍면동": "경상남도_양산시_동면" }, "geometry": { "type": "Point", "coordinates": [ 129.027642835344381, 35.317592993369608 ] } },
{ "type": "Feature", "properties": { "결과": "O", "행정구역명": "양산시", "학원교습소명": "교습소", "학원명": "아이윌영어교습소", "분야명": "입시.검정 및 보습", "교습계열명": "보통교과", "교습과정목록명": "중등문법", "교습과정명": "보습", "도로명주소": "경상남도 양산시 동면 금오16길 20", "도로명상세주소": ", 3층 일부 (동면)", "수정일자": 20231018, "X좌표": 1138864.68150558, "Y좌표": 1703519.1864642799, "집계구코드": 38100310060204, "읍면동": "경상남도_양산시_동면" }, "geometry": { "type": "Point", "coordinates": [ 129.027642835344381, 35.317592993369608 ] } },
{ "type": "Feature", "properties": { "결과": "O", "행정구역명": "양산시", "학원교습소명": "학원", "학원명": "한솔플라톤아카데미석산독서논술학원", "분야명": "입시.검정 및 보습", "교습계열명": "보통교과", "교습과정목록명": "보습", "교습과정명": "보습", "도로명주소": "경상남도 양산시 동면 금오16길 20", "도로명상세주소": ", 201호 (동면)", "수정일자": 20260517, "X좌표": 1138864.68150558, "Y좌표": 1703519.1864642799, "집계구코드": 38100310060204, "읍면동": "경상남도_양산시_동면" }, "geometry": { "type": "Point", "coordinates": [ 129.027642835344381, 35.317592993369608 ] } },
{ "type": "Feature", "properties": { "결과": "O", "행정구역명": "양산시", "학원교습소명": "학원", "학원명": "크림미술학원 ", "분야명": "예능(대)", "교습계열명": "예능(중)", "교습과정목록명": "미술,음악", "교습과정명": "미술", "도로명주소": "경상남도 양산시 동면 금오16길 22", "도로명상세주소": ", 201호 (동면)", "수정일자": 20250817, "X좌표": 1138879.95536871, "Y좌표": 1703512.3991630401, "집계구코드": 38100310060204, "읍면동": "경상남도_양산시_동면" }, "geometry": { "type": "Point", "coordinates": [ 129.027809658104871, 35.31752969160295 ] } },
{ "type": "Feature", "properties": { "결과": "O", "행정구역명": "양산시", "학원교습소명": "학원", "학원명": "더엠수학학원", "분야명": "입시.검정 및 보습", "교습계열명": "보통교과", "교습과정목록명": "보습,", "교습과정명": "보습", "도로명주소": "경상남도 양산시 동면 금오16길 4", "도로명상세주소": ", 302호 (동면)", "수정일자": 20231018, "X좌표": 1138696.3832908201, "Y좌표": 1703533.0386914699, "집계구코드": 38100310060204, "읍면동": "경상남도_양산시_동면" }, "geometry": { "type": "Point", "coordinates": [ 129.025794327239367, 35.317741228111487 ] } },
{ "type": "Feature", "properties": { "결과": "O", "행정구역명": "양산시", "학원교습소명": "학원", "학원명": "삼성영어셀레나양산석산학원", "분야명": "국제화", "교습계열명": "보통교과", "교습과정목록명": null, "교습과정명": "보습", "도로명주소": "경상남도 양산시 동면 금오16길 4", "도로명상세주소": ", 와이즈메디타워 303호 (동면)", "수정일자": 20250921, "X좌표": 1138696.3832908201, "Y좌표": 1703533.0386914699, "집계구코드": 38100310060204, "읍면동": "경상남도_양산시_동면" }, "geometry": { "type": "Point", "coordinates": [ 129.025794327239367, 35.317741228111487 ] } },
{ "type": "Feature", "properties": { "결과": "O", "행정구역명": "양산시", "학원교습소명": "학원", "학원명": "엠베스트SE메가수학학원", "분야명": "입시.검정 및 보습", "교습계열명": "보통교과", "교습과정목록명": "보습", "교습과정명": "보습", "도로명주소": "경상남도 양산시 동면 금오16길 4", "도로명상세주소": ", 703호(와이즈메디타워) (동면)", "수정일자": 20260712, "X좌표": 1138696.3832908201, "Y좌표": 1703533.0386914699, "집계구코드": 38100310060204, "읍면동": "경상남도_양산시_동면" }, "geometry": { "type": "Point", "coordinates": [ 129.025794327239367, 35.317741228111487 ] } },
{ "type": "Feature", "properties": { "결과": "O", "행정구역명": "양산시", "학원교습소명": "학원", "학원명": "일프로수학전문학원", "분야명": "입시.검정 및 보습", "교습계열명": "보통교과", "교습과정목록명": null, "교습과정명": "보습", "도로명주소": "경상남도 양산시 동면 금오16길 4", "도로명상세주소": ", 와이즈메디타워 701호 (동면)", "수정일자": 20231018, "X좌표": 1138696.3832908201, "Y좌표": 1703533.0386914699, "집계구코드": 38100310060204, "읍면동": "경상남도_양산시_동면" }, "geometry": { "type": "Point", "coordinates": [ 129.025794327239367, 35.317741228111487 ] } },
{ "type": "Feature", "properties": { "결과": "O", "행정구역명": "양산시", "학원교습소명": "학원", "학원명": "잉글리시아이석산점영어학원", "분야명": "국제화", "교습계열명": "외국어", "교습과정목록명": "실용외국어(유아/초·중·고)", "교습과정명": "실용외국어(유아/초·중·고)", "도로명주소": "경상남도 양산시 동면 금오16길 4", "도로명상세주소": "와이즈메디타워 702호", "수정일자": 20250105, "X좌표": 1138696.3832908201, "Y좌표": 1703533.0386914699, "집계구코드": 38100310060204, "읍면동": "경상남도_양산시_동면" }, "geometry": { "type": "Point", "coordinates": [ 129.025794327239367, 35.317741228111487 ] } },
{ "type": "Feature", "properties": { "결과": "O", "행정구역명": "양산시", "학원교습소명": "학원", "학원명": "차영어입시전문학원", "분야명": "입시.검정 및 보습", "교습계열명": "보통교과", "교습과정목록명": "보습", "교습과정명": "보습", "도로명주소": "경상남도 양산시 동면 금오16길 4", "도로명상세주소": ", 301호", "수정일자": 20260726, "X좌표": 1138696.3832908201, "Y좌표": 1703533.0386914699, "집계구코드": 38100310060204, "읍면동": "경상남도_양산시_동면" }, "geometry": { "type": "Point", "coordinates": [ 129.025794327239367, 35.317741228111487 ] } },
{ "type": "Feature", "properties": { "결과": "O", "행정구역명": "양산시", "학원교습소명": "교습소", "학원명": "그림아트스튜디오석산원미술교습소", "분야명": "예능(대)", "교습계열명": "예능(중)", "교습과정목록명": "미술초급A", "교습과정명": "미술", "도로명주소": "경상남도 양산시 동면 금오16길 6", "도로명상세주소": "1층 102호", "수정일자": 20260111, "X좌표": 1138732.97735056, "Y좌표": 1703532.0321825501, "집계구코드": 38100310060204, "읍면동": "경상남도_양산시_동면" }, "geometry": { "type": "Point", "coordinates": [ 129.026196599483228, 35.317727075707403 ] } },
{ "type": "Feature", "properties": { "결과": "O", "행정구역명": "양산시", "학원교습소명": "교습소", "학원명": "석산윤쌤수학교습소", "분야명": "입시.검정 및 보습", "교습계열명": null, "교습과정목록명": null, "교습과정명": null, "도로명주소": "경상남도 양산시 동면 금오16길 6", "도로명상세주소": "302호", "수정일자": 20250504, "X좌표": 1138732.97735056, "Y좌표": 1703532.0321825501, "집계구코드": 38100310060204, "읍면동": "경상남도_양산시_동면" }, "geometry": { "type": "Point", "coordinates": [ 129.026196599483228, 35.317727075707403 ] } },
{ "type": "Feature", "properties": { "결과": "O", "행정구역명": "양산시", "학원교습소명": "학원", "학원명": "뮤엠영어에이블어학원", "분야명": "국제화", "교습계열명": "외국어", "교습과정목록명": "실용외국어(유아/초·중·고)", "교습과정명": "실용외국어(유아/초·중·고)", "도로명주소": "경상남도 양산시 동면 금오16길 6", "도로명상세주소": ", 3층 일부(좌측실) (동면)", "수정일자": 20260308, "X좌표": 1138732.97735056, "Y좌표": 1703532.0321825501, "집계구코드": 38100310060204, "읍면동": "경상남도_양산시_동면" }, "geometry": { "type": "Point", "coordinates": [ 129.026196599483228, 35.317727075707403 ] } },
{ "type": "Feature", "properties": { "결과": "O", "행정구역명": "양산시", "학원교습소명": "학원", "학원명": "샘즈음악학원", "분야명": "예능(대)", "교습계열명": "예능(중)", "교습과정목록명": "음악", "교습과정명": "음악", "도로명주소": "경상남도 양산시 동면 금오16길 65", "도로명상세주소": ", 상가1동 201호 (동면, e편한세상 남양산)", "수정일자": 20241215, "X좌표": 1138840.5046488701, "Y좌표": 1703806.5108580999, "집계구코드": 38100310020105, "읍면동": "경상남도_양산시_동면" }, "geometry": { "type": "Point", "coordinates": [ 129.027425662554208, 35.320186223950515 ] } },
{ "type": "Feature", "properties": { "결과": "O", "행정구역명": "양산시", "학원교습소명": "학원", "학원명": "글로벌어학원", "분야명": "국제화", "교습계열명": "외국어", "교습과정목록명": "실용외국어(유아/초·중·고)", "교습과정명": "실용외국어(유아/초·중·고)", "도로명주소": "경상남도 양산시 동면 금오16길 8", "도로명상세주소": ", 3층 전체 (동면)", "수정일자": 20231231, "X좌표": 1138750.14340379, "Y좌표": 1703528.68777697, "집계구코드": 38100310060204, "읍면동": "경상남도_양산시_동면" }, "geometry": { "type": "Point", "coordinates": [ 129.026384816306461, 35.317694546596208 ] } },
{ "type": "Feature", "properties": { "결과": "O", "행정구역명": "양산시", "학원교습소명": "학원", "학원명": "비끄아트미술학원", "분야명": "예능(대)", "교습계열명": "예능(중)", "교습과정목록명": "미술", "교습과정명": "미술", "도로명주소": "경상남도 양산시 동면 금오16길 8", "도로명상세주소": ", 2층 일부-좌측실 (동면)", "수정일자": 20260111, "X좌표": 1138750.14340379, "Y좌표": 1703528.68777697, "집계구코드": 38100310060204, "읍면동": "경상남도_양산시_동면" }, "geometry": { "type": "Point", "coordinates": [ 129.026384816306461, 35.317694546596208 ] } },
{ "type": "Feature", "properties": { "결과": "O", "행정구역명": "양산시", "학원교습소명": "학원", "학원명": "원리수학원", "분야명": "입시.검정 및 보습", "교습계열명": "보통교과", "교습과정목록명": "보습", "교습과정명": "보습", "도로명주소": "경상남도 양산시 동면 금오16길 8", "도로명상세주소": ", 2층 일부(우측실) (동면)", "수정일자": 20241215, "X좌표": 1138750.14340379, "Y좌표": 1703528.68777697, "집계구코드": 38100310060204, "읍면동": "경상남도_양산시_동면" }, "geometry": { "type": "Point", "coordinates": [ 129.026384816306461, 35.317694546596208 ] } },
{ "type": "Feature", "properties": { "결과": "O", "행정구역명": "양산시", "학원교습소명": "학원", "학원명": "상상학원", "분야명": "입시.검정 및 보습", "교습계열명": "보통교과", "교습과정목록명": "보습", "교습과정명": "보습", "도로명주소": "경상남도 양산시 동면 금오2길 66", "도로명상세주소": "301호, 302호, 303호", "수정일자": 20251221, "X좌표": 1138661.71672304, "Y좌표": 1703133.6100856301, "집계구코드": 38100310040002, "읍면동": "경상남도_양산시_동면" }, "geometry": { "type": "Point", "coordinates": [ 129.025345462241631, 35.31414568343741 ] } },
{ "type": "Feature", "properties": { "결과": "O", "행정구역명": "양산시", "학원교습소명": "교습소", "학원명": "자트미술교습소", "분야명": "예능(대)", "교습계열명": "예능(중)", "교습과정목록명": null, "교습과정명": "미술", "도로명주소": "경상남도 양산시 동면 금오5길 18-38", "도로명상세주소": ", 1층 일부 (동면)", "수정일자": 20231018, "X좌표": 1138385.91767703, "Y좌표": 1702734.71231962, "집계구코드": 38100310080003, "읍면동": "경상남도_양산시_동면" }, "geometry": { "type": "Point", "coordinates": [ 129.022245112087006, 35.31058833379096 ] } },
{ "type": "Feature", "properties": { "결과": "O", "행정구역명": "양산시", "학원교습소명": "학원", "학원명": "리안커피아카데미학원", "분야명": "직업기술", "교습계열명": "산업응용기술", "교습과정목록명": "식음료품(바리스타,소믈리에),", "교습과정명": "식음료품(바리스타,소믈리에)", "도로명주소": "경상남도 양산시 동면 금오8길 26", "도로명상세주소": ", 1층 (동면)", "수정일자": 20231018, "X좌표": 1138853.94564095, "Y좌표": 1702850.13540732, "집계구코드": 38100310040001, "읍면동": "경상남도_양산시_동면" }, "geometry": { "type": "Point", "coordinates": [ 129.027411354326603, 35.311563820350884 ] } },
{ "type": "Feature", "properties": { "결과": "O", "행정구역명": "양산시", "학원교습소명": "학원", "학원명": "그라운디댄스학원", "분야명": "예능(대)", "교습계열명": "예능(중)", "교습과정목록명": null, "교습과정명": "무용", "도로명주소": "경상남도 양산시 동면 금오로 249", "도로명상세주소": ", 502호 (동면)", "수정일자": 20231018, "X좌표": 1138763.5299389199, "Y좌표": 1703349.1026534999, "집계구코드": 38100310060204, "읍면동": "경상남도_양산시_동면" }, "geometry": { "type": "Point", "coordinates": [ 129.026501608558647, 35.31607395061647 ] } },
{ "type": "Feature", "properties": { "결과": "O", "행정구역명": "양산시", "학원교습소명": "학원", "학원명": "머스트(MUST)홈케어기술전문학원", "분야명": "직업기술", "교습계열명": null, "교습과정목록명": null, "교습과정명": null, "도로명주소": "경상남도 양산시 동면 금오로 249", "도로명상세주소": "405호", "수정일자": 20240519, "X좌표": 1138763.5299389199, "Y좌표": 1703349.1026534999, "집계구코드": 38100310060204, "읍면동": "경상남도_양산시_동면" }, "geometry": { "type": "Point", "coordinates": [ 129.026501608558647, 35.31607395061647 ] } },
{ "type": "Feature", "properties": { "결과": "O", "행정구역명": "양산시", "학원교습소명": "학원", "학원명": "인플루이무용학원", "분야명": "예능(대)", "교습계열명": null, "교습과정목록명": null, "교습과정명": null, "도로명주소": "경상남도 양산시 동면 금오로 249", "도로명상세주소": "404호", "수정일자": 20240421, "X좌표": 1138763.5299389199, "Y좌표": 1703349.1026534999, "집계구코드": 38100310060204, "읍면동": "경상남도_양산시_동면" }, "geometry": { "type": "Point", "coordinates": [ 129.026501608558647, 35.31607395061647 ] } },
{ "type": "Feature", "properties": { "결과": "O", "행정구역명": "양산시", "학원교습소명": "학원", "학원명": "아바스튜디오발레학원", "분야명": "예능(대)", "교습계열명": "예능(중)", "교습과정목록명": "무용", "교습과정명": "무용", "도로명주소": "경상남도 양산시 동면 금오로 256", "도로명상세주소": "201호", "수정일자": 20240407, "X좌표": 1138823.5914145201, "Y좌표": 1703262.65712686, "집계구코드": 38100310040002, "읍면동": "경상남도_양산시_동면" }, "geometry": { "type": "Point", "coordinates": [ 129.027147468750456, 35.315286409568792 ] } },
{ "type": "Feature", "properties": { "결과": "O", "행정구역명": "양산시", "학원교습소명": "학원", "학원명": "드로잉포레미술학원", "분야명": "예능(대)", "교습계열명": "예능(중)", "교습과정목록명": "미술", "교습과정명": "미술", "도로명주소": "경상남도 양산시 동면 내송내안2길 13", "도로명상세주소": ", 송림플러스 제1동 202호(동면)", "수정일자": 20260405, "X좌표": 1142287.9203399301, "Y좌표": 1703853.8844951, "집계구코드": 38100310070002, "읍면동": "경상남도_양산시_동면" }, "geometry": { "type": "Point", "coordinates": [ 129.06534747319597, 35.320128243208586 ] } },
{ "type": "Feature", "properties": { "결과": "O", "행정구역명": "양산시", "학원교습소명": "학원", "학원명": "사이언스랩사송점과학학원", "분야명": "입시.검정 및 보습", "교습계열명": "보통교과", "교습과정목록명": "보습", "교습과정명": "보습", "도로명주소": "경상남도 양산시 동면 내송내안2길 13", "도로명상세주소": "205호", "수정일자": 20250330, "X좌표": 1142287.9203399301, "Y좌표": 1703853.8844951, "집계구코드": 38100310070002, "읍면동": "경상남도_양산시_동면" }, "geometry": { "type": "Point", "coordinates": [ 129.06534747319597, 35.320128243208586 ] } },
{ "type": "Feature", "properties": { "결과": "O", "행정구역명": "양산시", "학원교습소명": "교습소", "학원명": "이수학교습소", "분야명": "입시.검정 및 보습", "교습계열명": null, "교습과정목록명": null, "교습과정명": null, "도로명주소": "경상남도 양산시 동면 내송내안2길 17", "도로명상세주소": "204호", "수정일자": 20240526, "X좌표": 1142320.04329943, "Y좌표": 1703821.66580806, "집계구코드": 38100310070002, "읍면동": "경상남도_양산시_동면" }, "geometry": { "type": "Point", "coordinates": [ 129.065695149542705, 35.3198332621905 ] } },
{ "type": "Feature", "properties": { "결과": "O", "행정구역명": "양산시", "학원교습소명": "교습소", "학원명": "미래엔영어사송클래스원영어교습소", "분야명": "입시.검정 및 보습", "교습계열명": "보통교과", "교습과정목록명": "초등영어A", "교습과정명": "보습", "도로명주소": "경상남도 양산시 동면 내송내안2길 25", "도로명상세주소": "승원프라자 201호(동면)", "수정일자": 20260329, "X좌표": 1142382.8303104599, "Y좌표": 1703766.4505124399, "집계구코드": 38100310070002, "읍면동": "경상남도_양산시_동면" }, "geometry": { "type": "Point", "coordinates": [ 129.066376053713839, 35.319326629197882 ] } },
{ "type": "Feature", "properties": { "결과": "O", "행정구역명": "양산시", "학원교습소명": "학원", "학원명": "로이아트미술학원", "분야명": "예능(대)", "교습계열명": "예능(중)", "교습과정목록명": "미술", "교습과정명": "미술", "도로명주소": "경상남도 양산시 동면 내송내안2길 25", "도로명상세주소": "승원프라자 제1동 301호", "수정일자": 20260816, "X좌표": 1142382.8303104599, "Y좌표": 1703766.4505124399, "집계구코드": 38100310070002, "읍면동": "경상남도_양산시_동면" }, "geometry": { "type": "Point", "coordinates": [ 129.066376053713839, 35.319326629197882 ] } },
{ "type": "Feature", "properties": { "결과": "O", "행정구역명": "양산시", "학원교습소명": "학원", "학원명": "뮤엘음악학원", "분야명": "예능(대)", "교습계열명": "예능(중)", "교습과정목록명": "음악", "교습과정명": "음악", "도로명주소": "경상남도 양산시 동면 내송내안2길 25", "도로명상세주소": ", 승원프라자 302호 (동면)", "수정일자": 20250803, "X좌표": 1142382.8303104599, "Y좌표": 1703766.4505124399, "집계구코드": 38100310070002, "읍면동": "경상남도_양산시_동면" }, "geometry": { "type": "Point", "coordinates": [ 129.066376053713839, 35.319326629197882 ] } },
{ "type": "Feature", "properties": { "결과": "O", "행정구역명": "양산시", "학원교습소명": "학원", "학원명": "에이드영수학원", "분야명": "입시.검정 및 보습", "교습계열명": "보통교과", "교습과정목록명": "보습", "교습과정명": "보습", "도로명주소": "경상남도 양산시 동면 내송내안2길 29", "도로명상세주소": "우성센트럴 201호", "수정일자": 20251123, "X좌표": 1142408.6659939699, "Y좌표": 1703741.9779771301, "집계구코드": 38100310070002, "읍면동": "경상남도_양산시_동면" }, "geometry": { "type": "Point", "coordinates": [ 129.06665592586026, 35.319102362062345 ] } },
{ "type": "Feature", "properties": { "결과": "O", "행정구역명": "양산시", "학원교습소명": "학원", "학원명": "드림발레하우스학원", "분야명": "예능(대)", "교습계열명": "예능(중)", "교습과정목록명": "무용,음악", "교습과정명": "무용", "도로명주소": "경상남도 양산시 동면 내송내안2길 33", "도로명상세주소": "303호", "수정일자": 20250831, "X좌표": 1142432.5148825301, "Y좌표": 1703722.3450371099, "집계구코드": 38100310070002, "읍면동": "경상남도_양산시_동면" }, "geometry": { "type": "Point", "coordinates": [ 129.066914788517664, 35.31892199962077 ] } },
{ "type": "Feature", "properties": { "결과": "O", "행정구역명": "양산시", "학원교습소명": "학원", "학원명": "리썸음악학원", "분야명": "예능(대)", "교습계열명": "예능(중)", "교습과정목록명": null, "교습과정명": "음악", "도로명주소": "경상남도 양산시 동면 내송내안2길 33", "도로명상세주소": ", 301호 (동면)", "수정일자": 20231018, "X좌표": 1142432.5148825301, "Y좌표": 1703722.3450371099, "집계구코드": 38100310070002, "읍면동": "경상남도_양산시_동면" }, "geometry": { "type": "Point", "coordinates": [ 129.066914788517664, 35.31892199962077 ] } },
{ "type": "Feature", "properties": { "결과": "O", "행정구역명": "양산시", "학원교습소명": "학원", "학원명": "아트폴리사송미술학원", "분야명": "예능(대)", "교습계열명": "예능(중)", "교습과정목록명": "미술,음악", "교습과정명": "미술", "도로명주소": "경상남도 양산시 동면 내송내안2길 33", "도로명상세주소": ", 402호 (동면)", "수정일자": 20260809, "X좌표": 1142432.5148825301, "Y좌표": 1703722.3450371099, "집계구코드": 38100310070002, "읍면동": "경상남도_양산시_동면" }, "geometry": { "type": "Point", "coordinates": [ 129.066914788517664, 35.31892199962077 ] } },
{ "type": "Feature", "properties": { "결과": "O", "행정구역명": "양산시", "학원교습소명": "학원", "학원명": "애니아트더샵미술학원", "분야명": "예능(대)", "교습계열명": null, "교습과정목록명": null, "교습과정명": null, "도로명주소": "경상남도 양산시 동면 내송내안2길 35", "도로명상세주소": "203호", "수정일자": 20250713, "X좌표": 1142452.42569219, "Y좌표": 1703703.9860805001, "집계구코드": 38100310070002, "읍면동": "경상남도_양산시_동면" }, "geometry": { "type": "Point", "coordinates": [ 129.067130562949274, 35.318753681242441 ] } },
{ "type": "Feature", "properties": { "결과": "O", "행정구역명": "양산시", "학원교습소명": "학원", "학원명": "투에이비(2AB)스토리어학원", "분야명": "국제화", "교습계열명": "외국어", "교습과정목록명": null, "교습과정명": "실용외국어(유아/초·중·고)", "도로명주소": "경상남도 양산시 동면 내송내안2길 35", "도로명상세주소": ", 3층 일부 (동면)", "수정일자": 20231018, "X좌표": 1142452.42569219, "Y좌표": 1703703.9860805001, "집계구코드": 38100310070002, "읍면동": "경상남도_양산시_동면" }, "geometry": { "type": "Point", "coordinates": [ 129.067130562949274, 35.318753681242441 ] } },
{ "type": "Feature", "properties": { "결과": "O", "행정구역명": "양산시", "학원교습소명": "학원", "학원명": "하이엠수학학원", "분야명": "입시.검정 및 보습", "교습계열명": null, "교습과정목록명": null, "교습과정명": null, "도로명주소": "경상남도 양산시 동면 내송내안2길 35", "도로명상세주소": "202호", "수정일자": 20251005, "X좌표": 1142452.42569219, "Y좌표": 1703703.9860805001, "집계구코드": 38100310070002, "읍면동": "경상남도_양산시_동면" }, "geometry": { "type": "Point", "coordinates": [ 129.067130562949274, 35.318753681242441 ] } },
{ "type": "Feature", "properties": { "결과": "O", "행정구역명": "양산시", "학원교습소명": "학원", "학원명": "아떼르무용학원", "분야명": "예능(대)", "교습계열명": "예능(중)", "교습과정목록명": "무용", "교습과정명": "무용", "도로명주소": "경상남도 양산시 동면 내송내안2길 41", "도로명상세주소": "사송웰시빌딩2 302호", "수정일자": 20240121, "X좌표": 1142489.88319898, "Y좌표": 1703659.9720757599, "집계구코드": 38100310070002, "읍면동": "경상남도_양산시_동면" }, "geometry": { "type": "Point", "coordinates": [ 129.067534840712568, 35.31835161658924 ] } },
{ "type": "Feature", "properties": { "결과": "O", "행정구역명": "양산시", "학원교습소명": "학원", "학원명": "로고스영어학원", "분야명": "입시.검정 및 보습", "교습계열명": "보통교과", "교습과정목록명": "보습", "교습과정명": "보습", "도로명주소": "경상남도 양산시 동면 내송로 109", "도로명상세주소": ", 302호 (동면)", "수정일자": 20260308, "X좌표": 1142477.6029675, "Y좌표": 1703735.9947841601, "집계구코드": 38100310070002, "읍면동": "경상남도_양산시_동면" }, "geometry": { "type": "Point", "coordinates": [ 129.067413016461785, 35.319038604625483 ] } },
{ "type": "Feature", "properties": { "결과": "O", "행정구역명": "양산시", "학원교습소명": "학원", "학원명": "브레인수학학원", "분야명": "입시.검정 및 보습", "교습계열명": "보통교과", "교습과정목록명": "보습", "교습과정명": "보습", "도로명주소": "경상남도 양산시 동면 내송로 109", "도로명상세주소": ", 드림프라자 제1동 201호 (동면)", "수정일자": 20250914, "X좌표": 1142477.6029675, "Y좌표": 1703735.9947841601, "집계구코드": 38100310070002, "읍면동": "경상남도_양산시_동면" }, "geometry": { "type": "Point", "coordinates": [ 129.067413016461785, 35.319038604625483 ] } },
{ "type": "Feature", "properties": { "결과": "O", "행정구역명": "양산시", "학원교습소명": "학원", "학원명": "비쥬음악학원", "분야명": "예능(대)", "교습계열명": "예능(중)", "교습과정목록명": "음악", "교습과정명": "음악", "도로명주소": "경상남도 양산시 동면 내송로 109", "도로명상세주소": ", 드림프라자 202호 (동면)", "수정일자": 20241215, "X좌표": 1142477.6029675, "Y좌표": 1703735.9947841601, "집계구코드": 38100310070002, "읍면동": "경상남도_양산시_동면" }, "geometry": { "type": "Point", "coordinates": [ 129.067413016461785, 35.319038604625483 ] } },
{ "type": "Feature", "properties": { "결과": "O", "행정구역명": "양산시", "학원교습소명": "교습소", "학원명": "고려이룸수학교습소", "분야명": "입시.검정 및 보습", "교습계열명": "보통교과", "교습과정목록명": "초등수학(2)", "교습과정명": "보습", "도로명주소": "경상남도 양산시 동면 내송로 113", "도로명상세주소": "다온빌딩 403호", "수정일자": 20260614, "X좌표": 1142504.12800378, "Y좌표": 1703705.64089129, "집계구코드": 38100310070002, "읍면동": "경상남도_양산시_동면" }, "geometry": { "type": "Point", "coordinates": [ 129.067699442402159, 35.318761224772217 ] } },
{ "type": "Feature", "properties": { "결과": "O", "행정구역명": "양산시", "학원교습소명": "학원", "학원명": "과학에물드는시간과학전문학원", "분야명": "입시.검정 및 보습", "교습계열명": null, "교습과정목록명": null, "교습과정명": null, "도로명주소": "경상남도 양산시 동면 내송로 113", "도로명상세주소": "다온빌딩 301호", "수정일자": 20260215, "X좌표": 1142504.12800378, "Y좌표": 1703705.64089129, "집계구코드": 38100310070002, "읍면동": "경상남도_양산시_동면" }, "geometry": { "type": "Point", "coordinates": [ 129.067699442402159, 35.318761224772217 ] } },
{ "type": "Feature", "properties": { "결과": "O", "행정구역명": "양산시", "학원교습소명": "학원", "학원명": "리드인독서논술학원", "분야명": "입시.검정 및 보습", "교습계열명": "보통교과", "교습과정목록명": "보습", "교습과정명": "보습", "도로명주소": "경상남도 양산시 동면 내송로 113", "도로명상세주소": "302호(다온빌딩)", "수정일자": 20260412, "X좌표": 1142504.12800378, "Y좌표": 1703705.64089129, "집계구코드": 38100310070002, "읍면동": "경상남도_양산시_동면" }, "geometry": { "type": "Point", "coordinates": [ 129.067699442402159, 35.318761224772217 ] } },
{ "type": "Feature", "properties": { "결과": "O", "행정구역명": "양산시", "학원교습소명": "학원", "학원명": "제이디학원", "분야명": "입시.검정 및 보습", "교습계열명": null, "교습과정목록명": null, "교습과정명": null, "도로명주소": "경상남도 양산시 동면 내송로 113", "도로명상세주소": "401호", "수정일자": 20240825, "X좌표": 1142504.12800378, "Y좌표": 1703705.64089129, "집계구코드": 38100310070002, "읍면동": "경상남도_양산시_동면" }, "geometry": { "type": "Point", "coordinates": [ 129.067699442402159, 35.318761224772217 ] } },
{ "type": "Feature", "properties": { "결과": "O", "행정구역명": "양산시", "학원교습소명": "교습소", "학원명": "아트&하트양산사송웨이브미술교습소", "분야명": "예능(대)", "교습계열명": null, "교습과정목록명": null, "교습과정명": null, "도로명주소": "경상남도 양산시 동면 내송로 115", "도로명상세주소": ", 사송웨이브  301호우측일부(301-1)", "수정일자": 20260405, "X좌표": 1142518.2941231199, "Y좌표": 1703686.19025555, "집계구코드": 38100310070002, "읍면동": "경상남도_양산시_동면" }, "geometry": { "type": "Point", "coordinates": [ 129.067851848186137, 35.318583884482138 ] } },
{ "type": "Feature", "properties": { "결과": "O", "행정구역명": "양산시", "학원교습소명": "교습소", "학원명": "윤샘수학교습소", "분야명": "입시.검정 및 보습", "교습계열명": "보통교과", "교습과정목록명": "초등수학(1)", "교습과정명": "보습", "도로명주소": "경상남도 양산시 동면 내송로 115", "도로명상세주소": ", 301호 좌측 일부 (동면, 사송웨이브)", "수정일자": 20231224, "X좌표": 1142518.2941231199, "Y좌표": 1703686.19025555, "집계구코드": 38100310070002, "읍면동": "경상남도_양산시_동면" }, "geometry": { "type": "Point", "coordinates": [ 129.067851848186137, 35.318583884482138 ] } },
{ "type": "Feature", "properties": { "결과": "O", "행정구역명": "양산시", "학원교습소명": "학원", "학원명": "브라이튼영어학원", "분야명": "입시.검정 및 보습", "교습계열명": "보통교과", "교습과정목록명": "보습", "교습과정명": "보습", "도로명주소": "경상남도 양산시 동면 내송로 115", "도로명상세주소": "302호", "수정일자": 20260111, "X좌표": 1142518.2941231199, "Y좌표": 1703686.19025555, "집계구코드": 38100310070002, "읍면동": "경상남도_양산시_동면" }, "geometry": { "type": "Point", "coordinates": [ 129.067851848186137, 35.318583884482138 ] } },
{ "type": "Feature", "properties": { "결과": "O", "행정구역명": "양산시", "학원교습소명": "교습소", "학원명": "숩피아노음악교습소", "분야명": "예능(대)", "교습계열명": "예능(중)", "교습과정목록명": "초급(1)", "교습과정명": "음악", "도로명주소": "경상남도 양산시 동면 내송큰들1길 29", "도로명상세주소": ", 106호", "수정일자": 20260607, "X좌표": 1142437.8463775199, "Y좌표": 1703770.2451230499, "집계구코드": 38100310070002, "읍면동": "경상남도_양산시_동면" }, "geometry": { "type": "Point", "coordinates": [ 129.066981752420361, 35.319352991060747 ] } },
{ "type": "Feature", "properties": { "결과": "O", "행정구역명": "양산시", "학원교습소명": "교습소", "학원명": "플라톤독서토론논술교습소", "분야명": "입시.검정 및 보습", "교습계열명": "보통교과", "교습과정목록명": "중등독서논술", "교습과정명": "보습", "도로명주소": "경상남도 양산시 동면 내송큰들1길 29", "도로명상세주소": "현대프라자 101호", "수정일자": 20260419, "X좌표": 1142437.8463775199, "Y좌표": 1703770.2451230499, "집계구코드": 38100310070002, "읍면동": "경상남도_양산시_동면" }, "geometry": { "type": "Point", "coordinates": [ 129.066981752420361, 35.319352991060747 ] } },
{ "type": "Feature", "properties": { "결과": "O", "행정구역명": "양산시", "학원교습소명": "학원", "학원명": "기탄사고력교실사송학원", "분야명": "입시.검정 및 보습", "교습계열명": "보통교과", "교습과정목록명": "보습", "교습과정명": "보습", "도로명주소": "경상남도 양산시 동면 내송큰들1길 29", "도로명상세주소": "303호", "수정일자": 20250921, "X좌표": 1142437.8463775199, "Y좌표": 1703770.2451230499, "집계구코드": 38100310070002, "읍면동": "경상남도_양산시_동면" }, "geometry": { "type": "Point", "coordinates": [ 129.066981752420361, 35.319352991060747 ] } },
{ "type": "Feature", "properties": { "결과": "O", "행정구역명": "양산시", "학원교습소명": "학원", "학원명": "삼성영어셀레나사송학원", "분야명": "국제화", "교습계열명": null, "교습과정목록명": null, "교습과정명": null, "도로명주소": "경상남도 양산시 동면 내송큰들1길 29", "도로명상세주소": "201호", "수정일자": 20240303, "X좌표": 1142437.8463775199, "Y좌표": 1703770.2451230499, "집계구코드": 38100310070002, "읍면동": "경상남도_양산시_동면" }, "geometry": { "type": "Point", "coordinates": [ 129.066981752420361, 35.319352991060747 ] } },
{ "type": "Feature", "properties": { "결과": "O", "행정구역명": "양산시", "학원교습소명": "학원", "학원명": "우주에서온영어수학학원", "분야명": "입시.검정 및 보습", "교습계열명": null, "교습과정목록명": null, "교습과정명": null, "도로명주소": "경상남도 양산시 동면 내송큰들1길 29", "도로명상세주소": ", 203호(동면, 현대프라자)", "수정일자": 20260809, "X좌표": 1142437.8463775199, "Y좌표": 1703770.2451230499, "집계구코드": 38100310070002, "읍면동": "경상남도_양산시_동면" }, "geometry": { "type": "Point", "coordinates": [ 129.066981752420361, 35.319352991060747 ] } },
{ "type": "Feature", "properties": { "결과": "O", "행정구역명": "양산시", "학원교습소명": "학원", "학원명": "햇살담은미술학원", "분야명": "예능(대)", "교습계열명": "예능(중)", "교습과정목록명": null, "교습과정명": "미술", "도로명주소": "경상남도 양산시 동면 내송큰들1길 29", "도로명상세주소": ", 401호 (동면, 현대프라자)", "수정일자": 20231018, "X좌표": 1142437.8463775199, "Y좌표": 1703770.2451230499, "집계구코드": 38100310070002, "읍면동": "경상남도_양산시_동면" }, "geometry": { "type": "Point", "coordinates": [ 129.066981752420361, 35.319352991060747 ] } },
{ "type": "Feature", "properties": { "결과": "O", "행정구역명": "양산시", "학원교습소명": "교습소", "학원명": "익투스로봇코딩교구교습소", "분야명": "기타(대)", "교습계열명": "기타(중)", "교습과정목록명": "초급로봇코딩1", "교습과정명": "기타(소)", "도로명주소": "경상남도 양산시 동면 내송큰들로 107", "도로명상세주소": "상가동 312호 중 우측 일부(사송더샵데시앙 3단지)", "수정일자": 20250914, "X좌표": 1142517.2135761699, "Y좌표": 1704137.9621079799, "집계구코드": 38100310070401, "읍면동": "경상남도_양산시_동면" }, "geometry": { "type": "Point", "coordinates": [ 129.067918589943901, 35.322656119243661 ] } },
{ "type": "Feature", "properties": { "결과": "O", "행정구역명": "양산시", "학원교습소명": "교습소", "학원명": "참수학교습소", "분야명": "입시.검정 및 보습", "교습계열명": "보통교과", "교습과정목록명": "중학수학1", "교습과정명": "보습", "도로명주소": "경상남도 양산시 동면 내송큰들로 107", "도로명상세주소": "상가동 312호 중 좌측일부(사송더샵데시앙 3단지)", "수정일자": 20250907, "X좌표": 1142517.2135761699, "Y좌표": 1704137.9621079799, "집계구코드": 38100310070401, "읍면동": "경상남도_양산시_동면" }, "geometry": { "type": "Point", "coordinates": [ 129.067918589943901, 35.322656119243661 ] } },
{ "type": "Feature", "properties": { "결과": "O", "행정구역명": "양산시", "학원교습소명": "학원", "학원명": "수학하이잉글리시아이사송학원", "분야명": "입시.검정 및 보습", "교습계열명": "보통교과", "교습과정목록명": "보습", "교습과정명": "보습", "도로명주소": "경상남도 양산시 동면 내송큰들로 107", "도로명상세주소": "상가동 310,311호(동면)(사송더샵데시앙 3단지)", "수정일자": 20260315, "X좌표": 1142517.2135761699, "Y좌표": 1704137.9621079799, "집계구코드": 38100310070401, "읍면동": "경상남도_양산시_동면" }, "geometry": { "type": "Point", "coordinates": [ 129.067918589943901, 35.322656119243661 ] } },
{ "type": "Feature", "properties": { "결과": "O", "행정구역명": "양산시", "학원교습소명": "교습소", "학원명": "사송티클래스수학교습소", "분야명": "입시.검정 및 보습", "교습계열명": "보통교과", "교습과정목록명": "중등수학A", "교습과정명": "보습", "도로명주소": "경상남도 양산시 동면 내송큰들로 141", "도로명상세주소": "(사송더샵데시앙 1단지) 상가동 107호", "수정일자": 20260517, "X좌표": 1142447.9434404001, "Y좌표": 1703921.38365601, "집계구코드": 38100310070304, "읍면동": "경상남도_양산시_동면" }, "geometry": { "type": "Point", "coordinates": [ 129.067119084934404, 35.320713851175071 ] } },
{ "type": "Feature", "properties": { "결과": "O", "행정구역명": "양산시", "학원교습소명": "교습소", "학원명": "아벨수학교습소", "분야명": "입시.검정 및 보습", "교습계열명": "보통교과", "교습과정목록명": "중등수학1", "교습과정명": "보습", "도로명주소": "경상남도 양산시 동면 내송큰들로 35", "도로명상세주소": ", 에듀프라자 302호 우측 일부 (동면)", "수정일자": 20260614, "X좌표": 1142535.88260209, "Y좌표": 1703672.5377492199, "집계구코드": 38100310070002, "읍면동": "경상남도_양산시_동면" }, "geometry": { "type": "Point", "coordinates": [ 129.068042899344505, 35.318458317736216 ] } },
{ "type": "Feature", "properties": { "결과": "O", "행정구역명": "양산시", "학원교습소명": "교습소", "학원명": "윤선생우리집앞영어교실사송영어교습소", "분야명": "국제화", "교습계열명": "외국어", "교습과정목록명": null, "교습과정명": "실용외국어(유아/초·중·고)", "도로명주소": "경상남도 양산시 동면 내송큰들로 35", "도로명상세주소": ", 에듀프라자 302호 좌측 일부 (동면)", "수정일자": 20231018, "X좌표": 1142535.88260209, "Y좌표": 1703672.5377492199, "집계구코드": 38100310070002, "읍면동": "경상남도_양산시_동면" }, "geometry": { "type": "Point", "coordinates": [ 129.068042899344505, 35.318458317736216 ] } },
{ "type": "Feature", "properties": { "결과": "O", "행정구역명": "양산시", "학원교습소명": "학원", "학원명": "이룸SM학원", "분야명": "입시.검정 및 보습", "교습계열명": "보통교과", "교습과정목록명": "보습", "교습과정명": "보습", "도로명주소": "경상남도 양산시 동면 내송큰들로 35", "도로명상세주소": "301호", "수정일자": 20251123, "X좌표": 1142535.88260209, "Y좌표": 1703672.5377492199, "집계구코드": 38100310070002, "읍면동": "경상남도_양산시_동면" }, "geometry": { "type": "Point", "coordinates": [ 129.068042899344505, 35.318458317736216 ] } },
{ "type": "Feature", "properties": { "결과": "O", "행정구역명": "양산시", "학원교습소명": "학원", "학원명": "그리미뚝딱미술학원", "분야명": "예능(대)", "교습계열명": "예능(중)", "교습과정목록명": null, "교습과정명": "미술", "도로명주소": "경상남도 양산시 동면 내송큰들로 39", "도로명상세주소": ", 더원빌딩 202호 ", "수정일자": 20231018, "X좌표": 1142561.0840722299, "Y좌표": 1703689.39124595, "집계구코드": 38100310070002, "읍면동": "경상남도_양산시_동면" }, "geometry": { "type": "Point", "coordinates": [ 129.068322982865936, 35.318606632843718 ] } },
{ "type": "Feature", "properties": { "결과": "O", "행정구역명": "양산시", "학원교습소명": "학원", "학원명": "아르떼음악학원", "분야명": "예능(대)", "교습계열명": "예능(중)", "교습과정목록명": "음악", "교습과정명": "음악", "도로명주소": "경상남도 양산시 동면 내송큰들로 39", "도로명상세주소": ", 더원 빌딩 201호 (동면)", "수정일자": 20260607, "X좌표": 1142561.0840722299, "Y좌표": 1703689.39124595, "집계구코드": 38100310070002, "읍면동": "경상남도_양산시_동면" }, "geometry": { "type": "Point", "coordinates": [ 129.068322982865936, 35.318606632843718 ] } },
{ "type": "Feature", "properties": { "결과": "O", "행정구역명": "양산시", "학원교습소명": "학원", "학원명": "율림음악아이꼬모디자인미술학원", "분야명": "예능(대)", "교습계열명": "예능(중)", "교습과정목록명": "미술,음악", "교습과정명": "음악", "도로명주소": "경상남도 양산시 동면 내송큰들로 43", "도로명상세주소": "301호", "수정일자": 20240526, "X좌표": 1142584.50661656, "Y좌표": 1703725.8166022, "집계구코드": 38100310070002, "읍면동": "경상남도_양산시_동면" }, "geometry": { "type": "Point", "coordinates": [ 129.068586911364093, 35.318931613586706 ] } },
{ "type": "Feature", "properties": { "결과": "O", "행정구역명": "양산시", "학원교습소명": "학원", "학원명": "책통클럽아소비학원", "분야명": "입시.검정 및 보습", "교습계열명": "보통교과", "교습과정목록명": "보습", "교습과정명": "보습", "도로명주소": "경상남도 양산시 동면 내송큰들로 43", "도로명상세주소": "사송웰시빌딩 302호, 303호", "수정일자": 20250817, "X좌표": 1142584.50661656, "Y좌표": 1703725.8166022, "집계구코드": 38100310070002, "읍면동": "경상남도_양산시_동면" }, "geometry": { "type": "Point", "coordinates": [ 129.068586911364093, 35.318931613586706 ] } },
{ "type": "Feature", "properties": { "결과": "O", "행정구역명": "양산시", "학원교습소명": "학원", "학원명": "케이엠이지(KMEG)국영수학원", "분야명": "입시.검정 및 보습", "교습계열명": "보통교과", "교습과정목록명": null, "교습과정명": "보습", "도로명주소": "경상남도 양산시 동면 내송큰들로 45", "도로명상세주소": ", 사송빌딩 202호 (동면)", "수정일자": 20231018, "X좌표": 1142607.1479547999, "Y좌표": 1703746.4738400199, "집계구코드": 38100310070002, "읍면동": "경상남도_양산시_동면" }, "geometry": { "type": "Point", "coordinates": [ 129.068839504941224, 35.319114578049913 ] } },
{ "type": "Feature", "properties": { "결과": "O", "행정구역명": "양산시", "학원교습소명": "교습소", "학원명": "미래엔영어사송트루엘점영어교습소", "분야명": "입시.검정 및 보습", "교습계열명": "보통교과", "교습과정목록명": "초등영어E", "교습과정명": "보습", "도로명주소": "경상남도 양산시 동면 내송큰들로 84", "도로명상세주소": "2층 10호(사송 트루엘)", "수정일자": 20260111, "X좌표": 1142984.4602165499, "Y좌표": 1704064.44505775, "집계구코드": 38100310070702, "읍면동": "경상남도_양산시_동면" }, "geometry": { "type": "Point", "coordinates": [ 129.073044492518335, 35.321926707733752 ] } },
{ "type": "Feature", "properties": { "결과": "O", "행정구역명": "양산시", "학원교습소명": "교습소", "학원명": "상승영어교습소", "분야명": "입시.검정 및 보습", "교습계열명": "보통교과", "교습과정목록명": "초등영어", "교습과정명": "보습", "도로명주소": "경상남도 양산시 동면 내송큰들로 84", "도로명상세주소": ",사송 트루엘 근린생활시설 2층 9호 (사송 트루엘)", "수정일자": 20260412, "X좌표": 1142984.4602165499, "Y좌표": 1704064.44505775, "집계구코드": 38100310070702, "읍면동": "경상남도_양산시_동면" }, "geometry": { "type": "Point", "coordinates": [ 129.073044492518335, 35.321926707733752 ] } },
{ "type": "Feature", "properties": { "결과": "O", "행정구역명": "양산시", "학원교습소명": "학원", "학원명": "금송프라임학원", "분야명": "입시.검정 및 보습", "교습계열명": "보통교과", "교습과정목록명": "보습", "교습과정명": "보습", "도로명주소": "경상남도 양산시 동면 사송로 107", "도로명상세주소": "와이에스사송퍼스트 201호", "수정일자": 20260823, "X좌표": 1142876.8362825799, "Y좌표": 1702544.78919384, "집계구코드": 38100310050002, "읍면동": "경상남도_양산시_동면" }, "geometry": { "type": "Point", "coordinates": [ 129.071595793370193, 35.308244581074604 ] } },
{ "type": "Feature", "properties": { "결과": "O", "행정구역명": "양산시", "학원교습소명": "학원", "학원명": "피노플로미술학원", "분야명": "예능(대)", "교습계열명": null, "교습과정목록명": null, "교습과정명": null, "도로명주소": "경상남도 양산시 동면 사송로 107", "도로명상세주소": ", 202호", "수정일자": 20260308, "X좌표": 1142876.8362825799, "Y좌표": 1702544.78919384, "집계구코드": 38100310050002, "읍면동": "경상남도_양산시_동면" }, "geometry": { "type": "Point", "coordinates": [ 129.071595793370193, 35.308244581074604 ] } },
{ "type": "Feature", "properties": { "결과": "O", "행정구역명": "양산시", "학원교습소명": "학원", "학원명": "드림뮤직음악학원", "분야명": "예능(대)", "교습계열명": null, "교습과정목록명": null, "교습과정명": null, "도로명주소": "경상남도 양산시 동면 사송로 113", "도로명상세주소": "303호", "수정일자": 20240721, "X좌표": 1142825.77311996, "Y좌표": 1702604.44978306, "집계구코드": 38100310050002, "읍면동": "경상남도_양산시_동면" }, "geometry": { "type": "Point", "coordinates": [ 129.07104470389416, 35.308789634029843 ] } },
{ "type": "Feature", "properties": { "결과": "O", "행정구역명": "양산시", "학원교습소명": "학원", "학원명": "미래엔수학사송원탑학원", "분야명": "입시.검정 및 보습", "교습계열명": "보통교과", "교습과정목록명": "보습", "교습과정명": "보습", "도로명주소": "경상남도 양산시 동면 사송로 113", "도로명상세주소": "301호", "수정일자": 20260301, "X좌표": 1142825.77311996, "Y좌표": 1702604.44978306, "집계구코드": 38100310050002, "읍면동": "경상남도_양산시_동면" }, "geometry": { "type": "Point", "coordinates": [ 129.07104470389416, 35.308789634029843 ] } },
{ "type": "Feature", "properties": { "결과": "O", "행정구역명": "양산시", "학원교습소명": "학원", "학원명": "비욘드잉글리쉬사송캠퍼스학원", "분야명": "입시.검정 및 보습", "교습계열명": "보통교과", "교습과정목록명": "보습", "교습과정명": "보습", "도로명주소": "경상남도 양산시 동면 사송로 113", "도로명상세주소": "203호(동면, 사송센트럴파크 1차)", "수정일자": 20250126, "X좌표": 1142825.77311996, "Y좌표": 1702604.44978306, "집계구코드": 38100310050002, "읍면동": "경상남도_양산시_동면" }, "geometry": { "type": "Point", "coordinates": [ 129.07104470389416, 35.308789634029843 ] } },
{ "type": "Feature", "properties": { "결과": "O", "행정구역명": "양산시", "학원교습소명": "학원", "학원명": "사송에이플학원", "분야명": "입시.검정 및 보습", "교습계열명": "보통교과", "교습과정목록명": "보습", "교습과정명": "보습", "도로명주소": "경상남도 양산시 동면 사송로 113", "도로명상세주소": "201호(사송 센트럴파크 1차)", "수정일자": 20260809, "X좌표": 1142825.77311996, "Y좌표": 1702604.44978306, "집계구코드": 38100310050002, "읍면동": "경상남도_양산시_동면" }, "geometry": { "type": "Point", "coordinates": [ 129.07104470389416, 35.308789634029843 ] } },
{ "type": "Feature", "properties": { "결과": "O", "행정구역명": "양산시", "학원교습소명": "교습소", "학원명": "다시봄수학교습소", "분야명": "입시.검정 및 보습", "교습계열명": "보통교과", "교습과정목록명": "중등수학특강", "교습과정명": "보습", "도로명주소": "경상남도 양산시 동면 사송로 119", "도로명상세주소": "하나타워 205호", "수정일자": 20260906, "X좌표": 1142807.55668222, "Y좌표": 1702623.66489646, "집계구코드": 38100310050002, "읍면동": "경상남도_양산시_동면" }, "geometry": { "type": "Point", "coordinates": [ 129.070847744169498, 35.308965433734272 ] } },
{ "type": "Feature", "properties": { "결과": "O", "행정구역명": "양산시", "학원교습소명": "교습소", "학원명": "뮤엠영어금송초점영어교습소", "분야명": "입시.검정 및 보습", "교습계열명": "보통교과", "교습과정목록명": "초등영어(1)", "교습과정명": "보습", "도로명주소": "경상남도 양산시 동면 사송로 119", "도로명상세주소": "203호", "수정일자": 20241215, "X좌표": 1142807.55668222, "Y좌표": 1702623.66489646, "집계구코드": 38100310050002, "읍면동": "경상남도_양산시_동면" }, "geometry": { "type": "Point", "coordinates": [ 129.070847744169498, 35.308965433734272 ] } },
{ "type": "Feature", "properties": { "결과": "O", "행정구역명": "양산시", "학원교습소명": "학원", "학원명": "그랑음악학원", "분야명": "예능(대)", "교습계열명": "예능(중)", "교습과정목록명": "음악", "교습과정명": "음악", "도로명주소": "경상남도 양산시 동면 사송로 119", "도로명상세주소": "402호", "수정일자": 20260301, "X좌표": 1142807.55668222, "Y좌표": 1702623.66489646, "집계구코드": 38100310050002, "읍면동": "경상남도_양산시_동면" }, "geometry": { "type": "Point", "coordinates": [ 129.070847744169498, 35.308965433734272 ] } },
{ "type": "Feature", "properties": { "결과": "O", "행정구역명": "양산시", "학원교습소명": "학원", "학원명": "사송신도시점비끄아트미술학원", "분야명": "예능(대)", "교습계열명": null, "교습과정목록명": null, "교습과정명": null, "도로명주소": "경상남도 양산시 동면 사송로 119", "도로명상세주소": "401호", "수정일자": 20260201, "X좌표": 1142807.55668222, "Y좌표": 1702623.66489646, "집계구코드": 38100310050002, "읍면동": "경상남도_양산시_동면" }, "geometry": { "type": "Point", "coordinates": [ 129.070847744169498, 35.308965433734272 ] } },
{ "type": "Feature", "properties": { "결과": "O", "행정구역명": "양산시", "학원교습소명": "교습소", "학원명": "로그인수학교습소", "분야명": "입시.검정 및 보습", "교습계열명": "보통교과", "교습과정목록명": "초등수학1", "교습과정명": "보습", "도로명주소": "경상남도 양산시 동면 사송로 133", "도로명상세주소": "상가동 206호(더샵데시앙 3차)", "수정일자": 20260308, "X좌표": 1142593.4489879501, "Y좌표": 1702636.18180268, "집계구코드": 38100310051202, "읍면동": "경상남도_양산시_동면" }, "geometry": { "type": "Point", "coordinates": [ 129.068495578110486, 35.309108822292671 ] } },
{ "type": "Feature", "properties": { "결과": "O", "행정구역명": "양산시", "학원교습소명": "교습소", "학원명": "삼공삼공영어금송영어교습소", "분야명": "입시.검정 및 보습", "교습계열명": null, "교습과정목록명": null, "교습과정명": null, "도로명주소": "경상남도 양산시 동면 사송로 133", "도로명상세주소": "상가동 201호(더샵데시앙 3차)", "수정일자": 20250420, "X좌표": 1142593.4489879501, "Y좌표": 1702636.18180268, "집계구코드": 38100310051202, "읍면동": "경상남도_양산시_동면" }, "geometry": { "type": "Point", "coordinates": [ 129.068495578110486, 35.309108822292671 ] } },
{ "type": "Feature", "properties": { "결과": "O", "행정구역명": "양산시", "학원교습소명": "학원", "학원명": "아발론랭콘잉글리쉬하이원수학학원", "분야명": "종합(대)", "교습계열명": null, "교습과정목록명": "보습,실용외국어(유아/초·중·고)", "교습과정명": null, "도로명주소": "경상남도 양산시 동면 삼송로 101", "도로명상세주소": "태주빌딩 202호", "수정일자": 20250608, "X좌표": 1142521.7039975901, "Y좌표": 1703376.06176399, "집계구코드": 38100310070002, "읍면동": "경상남도_양산시_동면" }, "geometry": { "type": "Point", "coordinates": [ 129.067835381533001, 35.315788029293891 ] } },
{ "type": "Feature", "properties": { "결과": "O", "행정구역명": "양산시", "학원교습소명": "교습소", "학원명": "뮤음악사랑음악교습소", "분야명": "예능(대)", "교습계열명": "예능(중)", "교습과정목록명": "초급피아노", "교습과정명": "음악", "도로명주소": "경상남도 양산시 동면 석산1길 10", "도로명상세주소": ", 상가 303호, 304호 (동면, 석산한신휴플러스아파트)", "수정일자": 20240128, "X좌표": 1139136.8824658301, "Y좌표": 1702967.47150336, "집계구코드": 38100310050501, "읍면동": "경상남도_양산시_동면" }, "geometry": { "type": "Point", "coordinates": [ 129.030542635341988, 35.312582110866529 ] } },
{ "type": "Feature", "properties": { "결과": "O", "행정구역명": "양산시", "학원교습소명": "학원", "학원명": "함께하는학원", "분야명": "입시.검정 및 보습", "교습계열명": "보통교과", "교습과정목록명": "보습,", "교습과정명": "보습", "도로명주소": "경상남도 양산시 동면 석산1길 9", "도로명상세주소": ", 1층 (동면)", "수정일자": 20231018, "X좌표": 1139081.3415608199, "Y좌표": 1702775.90326833, "집계구코드": 38100310050004, "읍면동": "경상남도_양산시_동면" }, "geometry": { "type": "Point", "coordinates": [ 129.029899342682342, 35.310863092763967 ] } },
{ "type": "Feature", "properties": { "결과": "O", "행정구역명": "양산시", "학원교습소명": "교습소", "학원명": "더바른수학교습소", "분야명": "입시.검정 및 보습", "교습계열명": "보통교과", "교습과정목록명": "중등수학(2)", "교습과정명": "보습", "도로명주소": "경상남도 양산시 동면 외송로 30", "도로명상세주소": "728동 205호(사송더샵데시앙2차 7단지)", "수정일자": 20251221, "X좌표": 1143191.03316962, "Y좌표": 1703066.65768027, "집계구코드": 38100310070104, "읍면동": "경상남도_양산시_동면" }, "geometry": { "type": "Point", "coordinates": [ 129.075141896142753, 35.312903516069049 ] } },
{ "type": "Feature", "properties": { "결과": "O", "행정구역명": "양산시", "학원교습소명": "교습소", "학원명": "비끄아트미술교습소", "분야명": "예능(대)", "교습계열명": null, "교습과정목록명": null, "교습과정명": null, "도로명주소": "경상남도 양산시 동면 외송로 30", "도로명상세주소": "상가동 113호(사송더샵데시앙2차 7단지)", "수정일자": 20260215, "X좌표": 1143191.03316962, "Y좌표": 1703066.65768027, "집계구코드": 38100310070104, "읍면동": "경상남도_양산시_동면" }, "geometry": { "type": "Point", "coordinates": [ 129.075141896142753, 35.312903516069049 ] } },
{ "type": "Feature", "properties": { "결과": "O", "행정구역명": "양산시", "학원교습소명": "교습소", "학원명": "온피아노음악교습소", "분야명": "예능(대)", "교습계열명": "예능(중)", "교습과정목록명": "피아노초급", "교습과정명": "음악", "도로명주소": "경상남도 양산시 동면 외송로 30", "도로명상세주소": "(사송더샵데시앙2차 7단지) 728동 7-206호", "수정일자": 20231018, "X좌표": 1143191.03316962, "Y좌표": 1703066.65768027, "집계구코드": 38100310070104, "읍면동": "경상남도_양산시_동면" }, "geometry": { "type": "Point", "coordinates": [ 129.075141896142753, 35.312903516069049 ] } },
{ "type": "Feature", "properties": { "결과": "O", "행정구역명": "양산시", "학원교습소명": "교습소", "학원명": "이린잉글리쉬영어교습소", "분야명": "입시.검정 및 보습", "교습계열명": null, "교습과정목록명": null, "교습과정명": null, "도로명주소": "경상남도 양산시 동면 외송로 30", "도로명상세주소": "상가동 7-117호(사송더샵데시앙2차 7단지)", "수정일자": 20251207, "X좌표": 1143191.03316962, "Y좌표": 1703066.65768027, "집계구코드": 38100310070104, "읍면동": "경상남도_양산시_동면" }, "geometry": { "type": "Point", "coordinates": [ 129.075141896142753, 35.312903516069049 ] } },
{ "type": "Feature", "properties": { "결과": "O", "행정구역명": "양산시", "학원교습소명": "교습소", "학원명": "사송캘리미술교습소", "분야명": "예능(대)", "교습계열명": "예능(중)", "교습과정목록명": "입시(1)", "교습과정명": "미술", "도로명주소": "경상남도 양산시 동면 외송로 60", "도로명상세주소": "(사송더샵데시앙2차 5단지) 521동 204호", "수정일자": 20250921, "X좌표": 1143002.3564965399, "Y좌표": 1703326.9151981899, "집계구코드": 38100310070601, "읍면동": "경상남도_양산시_동면" }, "geometry": { "type": "Point", "coordinates": [ 129.073112531041659, 35.315276378443123 ] } },
{ "type": "Feature", "properties": { "결과": "O", "행정구역명": "양산시", "학원교습소명": "교습소", "학원명": "한양피아노음악교습소", "분야명": "예능(대)", "교습계열명": "예능(중)", "교습과정목록명": "피아노중급(2)", "교습과정명": "음악", "도로명주소": "경상남도 양산시 동면 외송로 60", "도로명상세주소": "사송더？럿？시앙2차5단지 521동 104호(사송더샵데시앙2차 5단지)", "수정일자": 20250928, "X좌표": 1143002.3564965399, "Y좌표": 1703326.9151981899, "집계구코드": 38100310070601, "읍면동": "경상남도_양산시_동면" }, "geometry": { "type": "Point", "coordinates": [ 129.073112531041659, 35.315276378443123 ] } },
{ "type": "Feature", "properties": { "결과": "O", "행정구역명": "양산시", "학원교습소명": "학원", "학원명": "지앤비영어패럴랙스수학학원", "분야명": "입시.검정 및 보습", "교습계열명": "보통교과", "교습과정목록명": "보습", "교습과정명": "보습", "도로명주소": "경상남도 양산시 동면 외송로 60", "도로명상세주소": "521동 201,202,205호(사송더샵데시앙2차 5단지)", "수정일자": 20251221, "X좌표": 1143002.3564965399, "Y좌표": 1703326.9151981899, "집계구코드": 38100310070601, "읍면동": "경상남도_양산시_동면" }, "geometry": { "type": "Point", "coordinates": [ 129.073112531041659, 35.315276378443123 ] } },
{ "type": "Feature", "properties": { "결과": "O", "행정구역명": "양산시", "학원교습소명": "교습소", "학원명": "올백이젠수학교습소", "분야명": "입시.검정 및 보습", "교습계열명": "보통교과", "교습과정목록명": "초등수학(1)", "교습과정명": "보습", "도로명주소": "경상남도 양산시 두전길 40", "도로명상세주소": ", 6동 302호 (어곡동, 삼성파크빌 상가)", "수정일자": 20240303, "X좌표": 1138713.9471227699, "Y좌표": 1710721.61200881, "집계구코드": 38100530010601, "읍면동": "경상남도_양산시_강서동" }, "geometry": { "type": "Point", "coordinates": [ 129.027206957985356, 35.382534501293044 ] } },
{ "type": "Feature", "properties": { "결과": "O", "행정구역명": "양산시", "학원교습소명": "교습소", "학원명": "윤선생우리집앞영어교실어곡영어교습소", "분야명": "입시.검정 및 보습", "교습계열명": "보통교과", "교습과정목록명": "영어A", "교습과정명": "보습", "도로명주소": "경상남도 양산시 두전길 40", "도로명상세주소": ", 상가 6동 301호 (어곡동)", "수정일자": 20240303, "X좌표": 1138713.9471227699, "Y좌표": 1710721.61200881, "집계구코드": 38100530010601, "읍면동": "경상남도_양산시_강서동" }, "geometry": { "type": "Point", "coordinates": [ 129.027206957985356, 35.382534501293044 ] } },
{ "type": "Feature", "properties": { "결과": "O", "행정구역명": "양산시", "학원교습소명": "학원", "학원명": "소나타음악학원", "분야명": "예능(대)", "교습계열명": "예능(중)", "교습과정목록명": "음악", "교습과정명": "음악", "도로명주소": "경상남도 양산시 두전길 40", "도로명상세주소": ", 304호 일부, 305호 (어곡동, 삼성파크빌 상가)", "수정일자": 20241117, "X좌표": 1138713.9471227699, "Y좌표": 1710721.61200881, "집계구코드": 38100530010601, "읍면동": "경상남도_양산시_강서동" }, "geometry": { "type": "Point", "coordinates": [ 129.027206957985356, 35.382534501293044 ] } },
{ "type": "Feature", "properties": { "결과": "O", "행정구역명": "양산시", "학원교습소명": "학원", "학원명": "GnB어학음악학원", "분야명": "종합(대)", "교습계열명": null, "교습과정목록명": "보습,음악", "교습과정명": null, "도로명주소": "경상남도 양산시 두전길 42", "도로명상세주소": ", 7동 B102호, B106호 (어곡동, 삼성파크빌아파트)", "수정일자": 20250810, "X좌표": 1138712.14387113, "Y좌표": 1710689.4856738001, "집계구코드": 38100530010601, "읍면동": "경상남도_양산시_강서동" }, "geometry": { "type": "Point", "coordinates": [ 129.027181652396649, 35.382245176391962 ] } },
{ "type": "Feature", "properties": { "결과": "O", "행정구역명": "양산시", "학원교습소명": "학원", "학원명": "타임1인독서실", "분야명": "독서실", "교습계열명": "독서", "교습과정목록명": null, "교습과정명": "독서실", "도로명주소": "경상남도 양산시 명동뒷길 27", "도로명상세주소": ", 2층 (명동)", "수정일자": 20231018, "X좌표": 1151554.27955248, "Y좌표": 1713041.3743286401, "집계구코드": 38100540030002, "읍면동": "경상남도_양산시_서창동" }, "geometry": { "type": "Point", "coordinates": [ 129.168955501510169, 35.401573235745147 ] } },
{ "type": "Feature", "properties": { "결과": "O", "행정구역명": "양산시", "학원교습소명": "학원", "학원명": "웅진씽크빅스마트올클래스지유학원", "분야명": "입시.검정 및 보습", "교습계열명": "보통교과", "교습과정목록명": "보습", "교습과정명": "보습", "도로명주소": "경상남도 양산시 명동뒷길 29", "도로명상세주소": ", 2층 (명동)", "수정일자": 20251026, "X좌표": 1151554.4471127801, "Y좌표": 1713054.6136985701, "집계구코드": 38100540030002, "읍면동": "경상남도_양산시_서창동" }, "geometry": { "type": "Point", "coordinates": [ 129.168959806020212, 35.40169253677378 ] } },
{ "type": "Feature", "properties": { "결과": "O", "행정구역명": "양산시", "학원교습소명": "교습소", "학원명": "한우리독서토론논술주진논술교습소", "분야명": "입시.검정 및 보습", "교습계열명": null, "교습과정목록명": null, "교습과정명": null, "도로명주소": "경상남도 양산시 모래들길 57-27", "도로명상세주소": "109동 2호(주진동, 서희스타힐즈)(주진동,서희스타힐스)", "수정일자": 20260621, "X좌표": 1150348.05162334, "Y좌표": 1712442.31745416, "집계구코드": 38100550020303, "읍면동": "경상남도_양산시_소주동" }, "geometry": { "type": "Point", "coordinates": [ 129.155566761718006, 35.396356670738946 ] } },
{ "type": "Feature", "properties": { "결과": "O", "행정구역명": "양산시", "학원교습소명": "학원", "학원명": "멜로디음악학원", "분야명": "예능(대)", "교습계열명": "예능(중)", "교습과정목록명": "음악", "교습과정명": "음악", "도로명주소": "경상남도 양산시 물금읍 가촌새터길 12", "도로명상세주소": ", 1층 (물금읍)", "수정일자": 20260222, "X좌표": 1135533.98881596, "Y좌표": 1703300.69124295, "집계구코드": 38100120050012, "읍면동": "경상남도_양산시_물금읍" }, "geometry": { "type": "Point", "coordinates": [ 128.990977104291147, 35.316080815386734 ] } },
{ "type": "Feature", "properties": { "결과": "O", "행정구역명": "양산시", "학원교습소명": "교습소", "학원명": "더플러스수학교습소", "분야명": "입시.검정 및 보습", "교습계열명": "보통교과", "교습과정목록명": "초등수학(1)", "교습과정명": "보습", "도로명주소": "경상남도 양산시 물금읍 가촌서로 11", "도로명상세주소": ", 상가 104호 (물금읍, 양산물금 한신 더휴 아파트)", "수정일자": 20240303, "X좌표": 1135288.00533614, "Y좌표": 1703368.50883518, "집계구코드": 38100120050805, "읍면동": "경상남도_양산시_물금읍" }, "geometry": { "type": "Point", "coordinates": [ 128.98828311512537, 35.316725449973596 ] } },
{ "type": "Feature", "properties": { "결과": "O", "행정구역명": "양산시", "학원교습소명": "교습소", "학원명": "삼성영어셀레나한신더휴영어교습소", "분야명": "입시.검정 및 보습", "교습계열명": "보통교과", "교습과정목록명": "중등영어3", "교습과정명": "보습", "도로명주소": "경상남도 양산시 물금읍 가촌서로 11", "도로명상세주소": "상가동 105호(양산물금 한신 더휴 아파트)", "수정일자": 20240825, "X좌표": 1135288.00533614, "Y좌표": 1703368.50883518, "집계구코드": 38100120050805, "읍면동": "경상남도_양산시_물금읍" }, "geometry": { "type": "Point", "coordinates": [ 128.98828311512537, 35.316725449973596 ] } },
{ "type": "Feature", "properties": { "결과": "O", "행정구역명": "양산시", "학원교습소명": "교습소", "학원명": "아트앤유미술교습소", "분야명": "예능(대)", "교습계열명": "예능(중)", "교습과정목록명": "초급", "교습과정명": "미술", "도로명주소": "경상남도 양산시 물금읍 가촌서로 11", "도로명상세주소": ", 상가동 204호 (물금읍, 양산물금 한신 더휴 아파트)", "수정일자": 20231018, "X좌표": 1135288.00533614, "Y좌표": 1703368.50883518, "집계구코드": 38100120050805, "읍면동": "경상남도_양산시_물금읍" }, "geometry": { "type": "Point", "coordinates": [ 128.98828311512537, 35.316725449973596 ] } },
{ "type": "Feature", "properties": { "결과": "O", "행정구역명": "양산시", "학원교습소명": "교습소", "학원명": "예소음악교습소", "분야명": "예능(대)", "교습계열명": "예능(중)", "교습과정목록명": null, "교습과정명": "음악", "도로명주소": "경상남도 양산시 물금읍 가촌서로 11", "도로명상세주소": ", 205호 (물금읍, 양산물금 한신 더휴 아파트)", "수정일자": 20231018, "X좌표": 1135288.00533614, "Y좌표": 1703368.50883518, "집계구코드": 38100120050805, "읍면동": "경상남도_양산시_물금읍" }, "geometry": { "type": "Point", "coordinates": [ 128.98828311512537, 35.316725449973596 ] } },
{ "type": "Feature", "properties": { "결과": "O", "행정구역명": "양산시", "학원교습소명": "학원", "학원명": "신아윤수학학원", "분야명": "입시.검정 및 보습", "교습계열명": null, "교습과정목록명": null, "교습과정명": null, "도로명주소": "경상남도 양산시 물금읍 가촌서로 13", "도로명상세주소": "1층, 2층(물금읍)", "수정일자": 20260621, "X좌표": 1135373.7554281701, "Y좌표": 1703642.2629680501, "집계구코드": 38100120050015, "읍면동": "경상남도_양산시_물금읍" }, "geometry": { "type": "Point", "coordinates": [ 128.989271405129386, 35.319181432747811 ] } },
{ "type": "Feature", "properties": { "결과": "O", "행정구역명": "양산시", "학원교습소명": "학원", "학원명": "지앤비&패럴랙스학원", "분야명": "입시.검정 및 보습", "교습계열명": "보통교과", "교습과정목록명": "보습", "교습과정명": "보습", "도로명주소": "경상남도 양산시 물금읍 가촌서로 24-1", "도로명상세주소": ", 2층 (물금읍)", "수정일자": 20260614, "X좌표": 1135473.4418782101, "Y좌표": 1703711.93102275, "집계구코드": 38100120050015, "읍면동": "경상남도_양산시_물금읍" }, "geometry": { "type": "Point", "coordinates": [ 128.990379268432179, 35.319795903100115 ] } },
{ "type": "Feature", "properties": { "결과": "O", "행정구역명": "양산시", "학원교습소명": "교습소", "학원명": "T클래스하늘채수학교습소", "분야명": "입시.검정 및 보습", "교습계열명": null, "교습과정목록명": null, "교습과정명": null, "도로명주소": "경상남도 양산시 물금읍 가촌서로 45", "도로명상세주소": "121동 205호 (물금읍, 양산코오롱하늘채)(양산코오롱하늘채)", "수정일자": 20260419, "X좌표": 1135447.2235846899, "Y좌표": 1703933.8964846099, "집계구코드": 38100120050401, "읍면동": "경상남도_양산시_물금읍" }, "geometry": { "type": "Point", "coordinates": [ 128.990127635715197, 35.321800233179097 ] } },
{ "type": "Feature", "properties": { "결과": "O", "행정구역명": "양산시", "학원교습소명": "교습소", "학원명": "윤슬미술교습소", "분야명": "예능(대)", "교습계열명": "예능(중)", "교습과정목록명": "고등미술 초급", "교습과정명": "미술", "도로명주소": "경상남도 양산시 물금읍 가촌서로 45", "도로명상세주소": ", 121동 202-1 (물금읍, 양산코오롱하늘채)", "수정일자": 20260308, "X좌표": 1135447.2235846899, "Y좌표": 1703933.8964846099, "집계구코드": 38100120050401, "읍면동": "경상남도_양산시_물금읍" }, "geometry": { "type": "Point", "coordinates": [ 128.990127635715197, 35.321800233179097 ] } },
{ "type": "Feature", "properties": { "결과": "O", "행정구역명": "양산시", "학원교습소명": "학원", "학원명": "새얀음악학원", "분야명": "예능(대)", "교습계열명": "예능(중)", "교습과정목록명": "음악", "교습과정명": "음악", "도로명주소": "경상남도 양산시 물금읍 가촌서로 45", "도로명상세주소": ", 121동 203호 (물금읍, 양산코오롱하늘채)", "수정일자": 20260222, "X좌표": 1135447.2235846899, "Y좌표": 1703933.8964846099, "집계구코드": 38100120050401, "읍면동": "경상남도_양산시_물금읍" }, "geometry": { "type": "Point", "coordinates": [ 128.990127635715197, 35.321800233179097 ] } },
{ "type": "Feature", "properties": { "결과": "O", "행정구역명": "양산시", "학원교습소명": "교습소", "학원명": "뮤엠영어동일영어교습소", "분야명": "입시.검정 및 보습", "교습계열명": "보통교과", "교습과정목록명": "영어(초등W)", "교습과정명": "보습", "도로명주소": "경상남도 양산시 물금읍 가촌서로 93", "도로명상세주소": ", 301동 208호 (물금읍, 양산 물금 동일스위트)", "수정일자": 20231018, "X좌표": 1135785.8282777299, "Y좌표": 1704313.0398331599, "집계구코드": 38100120051806, "읍면동": "경상남도_양산시_물금읍" }, "geometry": { "type": "Point", "coordinates": [ 128.993914558448807, 35.325171825579382 ] } },
{ "type": "Feature", "properties": { "결과": "O", "행정구역명": "양산시", "학원교습소명": "교습소", "학원명": "별솔피아노교습소", "분야명": "예능(대)", "교습계열명": "예능(중)", "교습과정목록명": "피아노 초급", "교습과정명": "음악", "도로명주소": "경상남도 양산시 물금읍 가촌서로 93", "도로명상세주소": ", 상가 301동 204호 (물금읍, 양산 물금 동일스위트)", "수정일자": 20260118, "X좌표": 1135785.8282777299, "Y좌표": 1704313.0398331599, "집계구코드": 38100120051806, "읍면동": "경상남도_양산시_물금읍" }, "geometry": { "type": "Point", "coordinates": [ 128.993914558448807, 35.325171825579382 ] } },
{ "type": "Feature", "properties": { "결과": "O", "행정구역명": "양산시", "학원교습소명": "교습소", "학원명": "올라수학교습소", "분야명": "입시.검정 및 보습", "교습계열명": "보통교과", "교습과정목록명": null, "교습과정명": "보습", "도로명주소": "경상남도 양산시 물금읍 가촌서로 93", "도로명상세주소": ", 301동 207호 (물금읍, 양산 물금 동일스위트)", "수정일자": 20231018, "X좌표": 1135785.8282777299, "Y좌표": 1704313.0398331599, "집계구코드": 38100120051806, "읍면동": "경상남도_양산시_물금읍" }, "geometry": { "type": "Point", "coordinates": [ 128.993914558448807, 35.325171825579382 ] } },
{ "type": "Feature", "properties": { "결과": "O", "행정구역명": "양산시", "학원교습소명": "학원", "학원명": "힐탑영수학원", "분야명": "입시.검정 및 보습", "교습계열명": "보통교과", "교습과정목록명": "보습", "교습과정명": "보습", "도로명주소": "경상남도 양산시 물금읍 가촌서로 93", "도로명상세주소": ", 301동 201호, 202호, 203호 (물금읍, 양산 물금 동일스위트)", "수정일자": 20251102, "X좌표": 1135785.8282777299, "Y좌표": 1704313.0398331599, "집계구코드": 38100120051806, "읍면동": "경상남도_양산시_물금읍" }, "geometry": { "type": "Point", "coordinates": [ 128.993914558448807, 35.325171825579382 ] } },
{ "type": "Feature", "properties": { "결과": "O", "행정구역명": "양산시", "학원교습소명": "학원", "학원명": "효성음악학원", "분야명": "예능(대)", "교습계열명": "예능(중)", "교습과정목록명": "음악", "교습과정명": "음악", "도로명주소": "경상남도 양산시 물금읍 동중1길 28", "도로명상세주소": ", 302호 (물금읍, 범우상가)", "수정일자": 20260222, "X좌표": 1136579.2232253801, "Y좌표": 1704914.5427803199, "집계구코드": 38100120050014, "읍면동": "경상남도_양산시_물금읍" }, "geometry": { "type": "Point", "coordinates": [ 129.002741173270294, 35.33048552020967 ] } },
{ "type": "Feature", "properties": { "결과": "O", "행정구역명": "양산시", "학원교습소명": "교습소", "학원명": "강은영피아노교습소", "분야명": "예능(대)", "교습계열명": "예능(중)", "교습과정목록명": "피아노 초급", "교습과정명": "음악", "도로명주소": "경상남도 양산시 물금읍 동중6길 6", "도로명상세주소": ", 2층 201호 (물금읍)", "수정일자": 20260118, "X좌표": 1136899.2600006899, "Y좌표": 1704942.75183422, "집계구코드": 38100120050029, "읍면동": "경상남도_양산시_물금읍" }, "geometry": { "type": "Point", "coordinates": [ 129.006266078742186, 35.330695976249302 ] } },
{ "type": "Feature", "properties": { "결과": "O", "행정구역명": "양산시", "학원교습소명": "교습소", "학원명": "윌영어교습소", "분야명": "입시.검정 및 보습", "교습계열명": "보통교과", "교습과정목록명": null, "교습과정명": "보습", "도로명주소": "경상남도 양산시 물금읍 목화1길 6-18", "도로명상세주소": ", 1층 일부(우측실) (물금읍)", "수정일자": 20231018, "X좌표": 1136204.5535444999, "Y좌표": 1704763.11542106, "집계구코드": 38100120050016, "읍면동": "경상남도_양산시_물금읍" }, "geometry": { "type": "Point", "coordinates": [ 128.998594853117027, 35.329171740614001 ] } },
{ "type": "Feature", "properties": { "결과": "O", "행정구역명": "양산시", "학원교습소명": "학원", "학원명": "호크마단과학원", "분야명": "입시.검정 및 보습", "교습계열명": "보통교과", "교습과정목록명": "보습", "교습과정명": "보습", "도로명주소": "경상남도 양산시 물금읍 목화1길 7", "도로명상세주소": "(물금읍, 호크단과학원)", "수정일자": 20260215, "X좌표": 1136112.01824604, "Y좌표": 1704720.5406560299, "집계구코드": 38100120050016, "읍면동": "경상남도_양산시_물금읍" }, "geometry": { "type": "Point", "coordinates": [ 128.997569961199588, 35.328800591920967 ] } },
{ "type": "Feature", "properties": { "결과": "O", "행정구역명": "양산시", "학원교습소명": "학원", "학원명": "투티음악학원", "분야명": "예능(대)", "교습계열명": "예능(중)", "교습과정목록명": "음악", "교습과정명": "음악", "도로명주소": "경상남도 양산시 물금읍 목화8길 8-14", "도로명상세주소": ", 1층(물금읍)", "수정일자": 20251116, "X좌표": 1136621.01893235, "Y좌표": 1705312.78852915, "집계구코드": 38100120050032, "읍면동": "경상남도_양산시_물금읍" }, "geometry": { "type": "Point", "coordinates": [ 129.003267379117887, 35.33406952480572 ] } },
{ "type": "Feature", "properties": { "결과": "O", "행정구역명": "양산시", "학원교습소명": "학원", "학원명": "뮤즈원음악학원", "분야명": "예능(대)", "교습계열명": "예능(중)", "교습과정목록명": "음악", "교습과정명": "음악", "도로명주소": "경상남도 양산시 물금읍 목화로 84", "도로명상세주소": ", 204호 (물금읍, 제로마트)", "수정일자": 20260315, "X좌표": 1136684.14598909, "Y좌표": 1705255.7395297501, "집계구코드": 38100120050007, "읍면동": "경상남도_양산시_물금읍" }, "geometry": { "type": "Point", "coordinates": [ 129.003952236390518, 35.333546656689578 ] } },
{ "type": "Feature", "properties": { "결과": "O", "행정구역명": "양산시", "학원교습소명": "학원", "학원명": "양산제일학원", "분야명": "입시.검정 및 보습", "교습계열명": "보통교과", "교습과정목록명": "보습", "교습과정명": "보습", "도로명주소": "경상남도 양산시 물금읍 목화로 87", "도로명상세주소": ", 1층 일부, 2층 일부 (물금읍, 양산제일학원)", "수정일자": 20260719, "X좌표": 1136688.62649406, "Y좌표": 1705306.72406679, "집계구코드": 38100120050007, "읍면동": "경상남도_양산시_물금읍" }, "geometry": { "type": "Point", "coordinates": [ 129.004010036712657, 35.334005609299837 ] } },
{ "type": "Feature", "properties": { "결과": "O", "행정구역명": "양산시", "학원교습소명": "학원", "학원명": "아소비큐미르딱풀리는수학물금학원", "분야명": "입시.검정 및 보습", "교습계열명": "보통교과", "교습과정목록명": "보습", "교습과정명": "보습", "도로명주소": "경상남도 양산시 물금읍 물금1길 20", "도로명상세주소": "우정타워 202호", "수정일자": 20260412, "X좌표": 1135276.8701180499, "Y좌표": 1702523.3579982901, "집계구코드": 38100120050010, "읍면동": "경상남도_양산시_물금읍" }, "geometry": { "type": "Point", "coordinates": [ 128.98802109089786, 35.309108831279502 ] } },
{ "type": "Feature", "properties": { "결과": "O", "행정구역명": "양산시", "학원교습소명": "교습소", "학원명": "서일영어교습소", "분야명": "입시.검정 및 보습", "교습계열명": "보통교과", "교습과정목록명": "고등영어(1)", "교습과정명": "보습", "도로명주소": "경상남도 양산시 물금읍 물금로 134", "도로명상세주소": "상가동 109호(양산물금사랑으로부영1단지)", "수정일자": 20260607, "X좌표": 1136038.0724756401, "Y좌표": 1703129.66305964, "집계구코드": 38100120054303, "읍면동": "경상남도_양산시_물금읍" }, "geometry": { "type": "Point", "coordinates": [ 128.996492320481991, 35.314470691190316 ] } },
{ "type": "Feature", "properties": { "결과": "O", "행정구역명": "양산시", "학원교습소명": "교습소", "학원명": "수학나무수학교습소", "분야명": "입시.검정 및 보습", "교습계열명": "보통교과", "교습과정목록명": "사고력수학", "교습과정명": "보습", "도로명주소": "경상남도 양산시 물금읍 물금로 134", "도로명상세주소": "상가동 108호(양산물금사랑으로부영1단지)", "수정일자": 20240630, "X좌표": 1136038.0724756401, "Y좌표": 1703129.66305964, "집계구코드": 38100120054303, "읍면동": "경상남도_양산시_물금읍" }, "geometry": { "type": "Point", "coordinates": [ 128.996492320481991, 35.314470691190316 ] } },
{ "type": "Feature", "properties": { "결과": "O", "행정구역명": "양산시", "학원교습소명": "교습소", "학원명": "잉글리시아이가촌점영어교습소", "분야명": "입시.검정 및 보습", "교습계열명": null, "교습과정목록명": null, "교습과정명": null, "도로명주소": "경상남도 양산시 물금읍 물금로 134", "도로명상세주소": "상가동 103호(양산물금사랑으로부영1단지)", "수정일자": 20250406, "X좌표": 1136038.0724756401, "Y좌표": 1703129.66305964, "집계구코드": 38100120054303, "읍면동": "경상남도_양산시_물금읍" }, "geometry": { "type": "Point", "coordinates": [ 128.996492320481991, 35.314470691190316 ] } },
{ "type": "Feature", "properties": { "결과": "O", "행정구역명": "양산시", "학원교습소명": "학원", "학원명": "위즈음악학원", "분야명": "예능(대)", "교습계열명": "예능(중)", "교습과정목록명": "음악", "교습과정명": "음악", "도로명주소": "경상남도 양산시 물금읍 물금로 134", "도로명상세주소": ", 203호 (물금읍, 양산물금사랑으로부영1단지)", "수정일자": 20260809, "X좌표": 1136038.0724756401, "Y좌표": 1703129.66305964, "집계구코드": 38100120054303, "읍면동": "경상남도_양산시_물금읍" }, "geometry": { "type": "Point", "coordinates": [ 128.996492320481991, 35.314470691190316 ] } },
{ "type": "Feature", "properties": { "결과": "O", "행정구역명": "양산시", "학원교습소명": "학원", "학원명": "증산그랑음악학원", "분야명": "예능(대)", "교습계열명": "예능(중)", "교습과정목록명": "음악", "교습과정명": "음악", "도로명주소": "경상남도 양산시 물금읍 물금로 134", "도로명상세주소": ", 201호 (물금읍, 양산물금사랑으로부영1단지)", "수정일자": 20260308, "X좌표": 1136038.0724756401, "Y좌표": 1703129.66305964, "집계구코드": 38100120054303, "읍면동": "경상남도_양산시_물금읍" }, "geometry": { "type": "Point", "coordinates": [ 128.996492320481991, 35.314470691190316 ] } },
{ "type": "Feature", "properties": { "결과": "O", "행정구역명": "양산시", "학원교습소명": "교습소", "학원명": "딱풀리는수학교습소", "분야명": "입시.검정 및 보습", "교습계열명": null, "교습과정목록명": null, "교습과정명": null, "도로명주소": "경상남도 양산시 물금읍 물금로 160", "도로명상세주소": "상가동 104호(양우내안애2차아파트)", "수정일자": 20250921, "X좌표": 1136227.4484413899, "Y좌표": 1703395.7429986401, "집계구코드": 38100120053903, "읍면동": "경상남도_양산시_물금읍" }, "geometry": { "type": "Point", "coordinates": [ 128.998619177482766, 35.316843306381799 ] } },
{ "type": "Feature", "properties": { "결과": "O", "행정구역명": "양산시", "학원교습소명": "교습소", "학원명": "윤선생우리집앞영어교실양우영어교습소", "분야명": "국제화", "교습계열명": "외국어", "교습과정목록명": "내국인초급(P)", "교습과정명": "실용외국어(유아/초·중·고)", "도로명주소": "경상남도 양산시 물금읍 물금로 160", "도로명상세주소": ", 양우내안애2차아파트 상가동 201호 (물금읍, 양우내안애2차아파트)", "수정일자": 20250622, "X좌표": 1136227.4484413899, "Y좌표": 1703395.7429986401, "집계구코드": 38100120053903, "읍면동": "경상남도_양산시_물금읍" }, "geometry": { "type": "Point", "coordinates": [ 128.998619177482766, 35.316843306381799 ] } },
{ "type": "Feature", "properties": { "결과": "O", "행정구역명": "양산시", "학원교습소명": "학원", "학원명": "별하랑국어학원", "분야명": "입시.검정 및 보습", "교습계열명": null, "교습과정목록명": null, "교습과정명": null, "도로명주소": "경상남도 양산시 물금읍 물금로 178", "도로명상세주소": "303호", "수정일자": 20240825, "X좌표": 1136317.80541073, "Y좌표": 1703605.1235384799, "집계구코드": 38100120050018, "읍면동": "경상남도_양산시_물금읍" }, "geometry": { "type": "Point", "coordinates": [ 128.999647728924231, 35.31871831322799 ] } },
{ "type": "Feature", "properties": { "결과": "O", "행정구역명": "양산시", "학원교습소명": "학원", "학원명": "양산스팅실용음악학원", "분야명": "예능(대)", "교습계열명": "예능(중)", "교습과정목록명": "음악,", "교습과정명": "음악", "도로명주소": "경상남도 양산시 물금읍 물금로 178", "도로명상세주소": ", 203호 (물금읍, 양우월드프라자)", "수정일자": 20260111, "X좌표": 1136317.80541073, "Y좌표": 1703605.1235384799, "집계구코드": 38100120050018, "읍면동": "경상남도_양산시_물금읍" }, "geometry": { "type": "Point", "coordinates": [ 128.999647728924231, 35.31871831322799 ] } },
{ "type": "Feature", "properties": { "결과": "O", "행정구역명": "양산시", "학원교습소명": "학원", "학원명": "뮤담음악학원", "분야명": "예능(대)", "교습계열명": "예능(중)", "교습과정목록명": "음악", "교습과정명": "음악", "도로명주소": "경상남도 양산시 물금읍 물금로 182", "도로명상세주소": ", 301호 및 302호 (물금읍, 금융프라자)", "수정일자": 20250831, "X좌표": 1136351.27756648, "Y좌표": 1703627.82759443, "집계구코드": 38100120050018, "읍면동": "경상남도_양산시_물금읍" }, "geometry": { "type": "Point", "coordinates": [ 129.00001962754996, 35.318918397516363 ] } },
{ "type": "Feature", "properties": { "결과": "O", "행정구역명": "양산시", "학원교습소명": "학원", "학원명": "바비무용학원", "분야명": "예능(대)", "교습계열명": "예능(중)", "교습과정목록명": "무용,음악", "교습과정명": "무용", "도로명주소": "경상남도 양산시 물금읍 물금로 27", "도로명상세주소": "우정타워1 202호", "수정일자": 20251221, "X좌표": 1135301.5776333399, "Y좌표": 1702491.8183167099, "집계구코드": 38100120050010, "읍면동": "경상남도_양산시_물금읍" }, "geometry": { "type": "Point", "coordinates": [ 128.98828757912392, 35.308821190643435 ] } },
{ "type": "Feature", "properties": { "결과": "O", "행정구역명": "양산시", "학원교습소명": "학원", "학원명": "윤슬에듀학원", "분야명": "입시.검정 및 보습", "교습계열명": "보통교과", "교습과정목록명": "보습", "교습과정명": "보습", "도로명주소": "경상남도 양산시 물금읍 물금로 27", "도로명상세주소": ", 우정타워1 601호 (물금읍)", "수정일자": 20240825, "X좌표": 1135301.5776333399, "Y좌표": 1702491.8183167099, "집계구코드": 38100120050010, "읍면동": "경상남도_양산시_물금읍" }, "geometry": { "type": "Point", "coordinates": [ 128.98828757912392, 35.308821190643435 ] } },
{ "type": "Feature", "properties": { "결과": "O", "행정구역명": "양산시", "학원교습소명": "학원", "학원명": "프라하음악학원", "분야명": "예능(대)", "교습계열명": "예능(중)", "교습과정목록명": "음악", "교습과정명": "음악", "도로명주소": "경상남도 양산시 물금읍 물금로 27", "도로명상세주소": ", 우정타워1 602호 (물금읍)", "수정일자": 20260201, "X좌표": 1135301.5776333399, "Y좌표": 1702491.8183167099, "집계구코드": 38100120050010, "읍면동": "경상남도_양산시_물금읍" }, "geometry": { "type": "Point", "coordinates": [ 128.98828757912392, 35.308821190643435 ] } },
{ "type": "Feature", "properties": { "결과": "O", "행정구역명": "양산시", "학원교습소명": "교습소", "학원명": "J.A수학교습소", "분야명": "입시.검정 및 보습", "교습계열명": "보통교과", "교습과정목록명": "초등수학1", "교습과정명": "보습", "도로명주소": "경상남도 양산시 물금읍 물금로 41", "도로명상세주소": "상가동 207호(양산물금양우내안애5차리버파크)", "수정일자": 20260308, "X좌표": 1135256.9496078801, "Y좌표": 1702655.31107238, "집계구코드": 38100120053201, "읍면동": "경상남도_양산시_물금읍" }, "geometry": { "type": "Point", "coordinates": [ 128.987823818196063, 35.310300942955365 ] } },
{ "type": "Feature", "properties": { "결과": "O", "행정구역명": "양산시", "학원교습소명": "교습소", "학원명": "미키영어교습소", "분야명": "입시.검정 및 보습", "교습계열명": null, "교습과정목록명": null, "교습과정명": null, "도로명주소": "경상남도 양산시 물금읍 물금로 41", "도로명상세주소": "상가동 213호(양산물금양우내안애5차리버파크)", "수정일자": 20260308, "X좌표": 1135256.9496078801, "Y좌표": 1702655.31107238, "집계구코드": 38100120053201, "읍면동": "경상남도_양산시_물금읍" }, "geometry": { "type": "Point", "coordinates": [ 128.987823818196063, 35.310300942955365 ] } },
{ "type": "Feature", "properties": { "결과": "O", "행정구역명": "양산시", "학원교습소명": "교습소", "학원명": "윤선생우리집앞영어교실가양초점영어교습소", "분야명": "입시.검정 및 보습", "교습계열명": null, "교습과정목록명": null, "교습과정명": null, "도로명주소": "경상남도 양산시 물금읍 물금로 41", "도로명상세주소": " 상가동 203호(양산물금양우내안애5차리버파크)", "수정일자": 20251221, "X좌표": 1135256.9496078801, "Y좌표": 1702655.31107238, "집계구코드": 38100120053201, "읍면동": "경상남도_양산시_물금읍" }, "geometry": { "type": "Point", "coordinates": [ 128.987823818196063, 35.310300942955365 ] } },
{ "type": "Feature", "properties": { "결과": "O", "행정구역명": "양산시", "학원교습소명": "교습소", "학원명": "이룸수능국어교습소", "분야명": "입시.검정 및 보습", "교습계열명": "보통교과", "교습과정목록명": "고등국어(4)", "교습과정명": "보습", "도로명주소": "경상남도 양산시 물금읍 물금로 41", "도로명상세주소": ", 상가동 214호 (물금읍, 양우내안애5차리버파크)", "수정일자": 20250914, "X좌표": 1135256.9496078801, "Y좌표": 1702655.31107238, "집계구코드": 38100120053201, "읍면동": "경상남도_양산시_물금읍" }, "geometry": { "type": "Point", "coordinates": [ 128.987823818196063, 35.310300942955365 ] } },
{ "type": "Feature", "properties": { "결과": "O", "행정구역명": "양산시", "학원교습소명": "교습소", "학원명": "조이영어교습소", "분야명": "입시.검정 및 보습", "교습계열명": "보통교과", "교습과정목록명": "초등영어1", "교습과정명": "보습", "도로명주소": "경상남도 양산시 물금읍 물금로 41", "도로명상세주소": ", 상가동 206호 (물금읍, 양산물금양우내안애5차리버파크)", "수정일자": 20250622, "X좌표": 1135256.9496078801, "Y좌표": 1702655.31107238, "집계구코드": 38100120053201, "읍면동": "경상남도_양산시_물금읍" }, "geometry": { "type": "Point", "coordinates": [ 128.987823818196063, 35.310300942955365 ] } },
{ "type": "Feature", "properties": { "결과": "O", "행정구역명": "양산시", "학원교습소명": "교습소", "학원명": "헤이즐영어교습소", "분야명": "입시.검정 및 보습", "교습계열명": "보통교과", "교습과정목록명": "초등영어(1)", "교습과정명": "보습", "도로명주소": "경상남도 양산시 물금읍 물금로 41", "도로명상세주소": "상가동 212호(양산물금양우내안애5차리버파크)", "수정일자": 20240303, "X좌표": 1135256.9496078801, "Y좌표": 1702655.31107238, "집계구코드": 38100120053201, "읍면동": "경상남도_양산시_물금읍" }, "geometry": { "type": "Point", "coordinates": [ 128.987823818196063, 35.310300942955365 ] } },
{ "type": "Feature", "properties": { "결과": "O", "행정구역명": "양산시", "학원교습소명": "학원", "학원명": "양우해법수학영어전과목학원", "분야명": "입시.검정 및 보습", "교습계열명": "보통교과", "교습과정목록명": "보습", "교습과정명": "보습", "도로명주소": "경상남도 양산시 물금읍 물금로 41", "도로명상세주소": ", 상가동 202호, 205호 (물금읍, 양산물금양우내안애5차리버파크)", "수정일자": 20260301, "X좌표": 1135256.9496078801, "Y좌표": 1702655.31107238, "집계구코드": 38100120053201, "읍면동": "경상남도_양산시_물금읍" }, "geometry": { "type": "Point", "coordinates": [ 128.987823818196063, 35.310300942955365 ] } },
{ "type": "Feature", "properties": { "결과": "O", "행정구역명": "양산시", "학원교습소명": "교습소", "학원명": "링키영어증산점영어교습소", "분야명": "국제화", "교습계열명": null, "교습과정목록명": null, "교습과정명": null, "도로명주소": "경상남도 양산시 물금읍 물금로 57", "도로명상세주소": "상가2동 108호(양산 이지더원 5차 아파트)", "수정일자": 20250504, "X좌표": 1135513.36883694, "Y좌표": 1702740.8744538999, "집계구코드": 38100120050101, "읍면동": "경상남도_양산시_물금읍" }, "geometry": { "type": "Point", "coordinates": [ 128.990657727281047, 35.311037471880624 ] } },
{ "type": "Feature", "properties": { "결과": "O", "행정구역명": "양산시", "학원교습소명": "교습소", "학원명": "수담수학교습소", "분야명": "입시.검정 및 보습", "교습계열명": null, "교습과정목록명": null, "교습과정명": null, "도로명주소": "경상남도 양산시 물금읍 물금로 57", "도로명상세주소": ", 상가1동 104호 (물금읍, 양산 이지더원 5차 아파트)(양산 이지더원 5차 아파트)", "수정일자": 20260816, "X좌표": 1135513.36883694, "Y좌표": 1702740.8744538999, "집계구코드": 38100120050101, "읍면동": "경상남도_양산시_물금읍" }, "geometry": { "type": "Point", "coordinates": [ 128.990657727281047, 35.311037471880624 ] } },
{ "type": "Feature", "properties": { "결과": "O", "행정구역명": "양산시", "학원교습소명": "교습소", "학원명": "이지잉글리시영어교습소", "분야명": "입시.검정 및 보습", "교습계열명": "보통교과", "교습과정목록명": null, "교습과정명": "보습", "도로명주소": "경상남도 양산시 물금읍 물금로 57", "도로명상세주소": ", 상가제2동 106호 (물금읍, 양산 이지더원 5차 아파트)", "수정일자": 20231018, "X좌표": 1135513.36883694, "Y좌표": 1702740.8744538999, "집계구코드": 38100120050101, "읍면동": "경상남도_양산시_물금읍" }, "geometry": { "type": "Point", "coordinates": [ 128.990657727281047, 35.311037471880624 ] } },
{ "type": "Feature", "properties": { "결과": "O", "행정구역명": "양산시", "학원교습소명": "학원", "학원명": "꿈꾸는다빈치미술학원", "분야명": "예능(대)", "교습계열명": "예능(중)", "교습과정목록명": "미술", "교습과정명": "미술", "도로명주소": "경상남도 양산시 물금읍 물금로 57", "도로명상세주소": ", 양산이지더원5차아파트상가2동 206호 (물금읍)", "수정일자": 20240602, "X좌표": 1135513.36883694, "Y좌표": 1702740.8744538999, "집계구코드": 38100120050101, "읍면동": "경상남도_양산시_물금읍" }, "geometry": { "type": "Point", "coordinates": [ 128.990657727281047, 35.311037471880624 ] } },
{ "type": "Feature", "properties": { "결과": "O", "행정구역명": "양산시", "학원교습소명": "학원", "학원명": "루크음악학원", "분야명": "예능(대)", "교습계열명": "예능(중)", "교습과정목록명": "음악", "교습과정명": "음악", "도로명주소": "경상남도 양산시 물금읍 물금로 57", "도로명상세주소": ", 양산이지더원5차아파트상가2동 203호 (물금읍)", "수정일자": 20240825, "X좌표": 1135513.36883694, "Y좌표": 1702740.8744538999, "집계구코드": 38100120050101, "읍면동": "경상남도_양산시_물금읍" }, "geometry": { "type": "Point", "coordinates": [ 128.990657727281047, 35.311037471880624 ] } },
{ "type": "Feature", "properties": { "결과": "O", "행정구역명": "양산시", "학원교습소명": "학원", "학원명": "베른음악학원", "분야명": "예능(대)", "교습계열명": "예능(중)", "교습과정목록명": "음악", "교습과정명": "음악", "도로명주소": "경상남도 양산시 물금읍 물금로 57", "도로명상세주소": ", 양산이지더원5차아파트상가2동 201호 (물금읍)", "수정일자": 20240407, "X좌표": 1135513.36883694, "Y좌표": 1702740.8744538999, "집계구코드": 38100120050101, "읍면동": "경상남도_양산시_물금읍" }, "geometry": { "type": "Point", "coordinates": [ 128.990657727281047, 35.311037471880624 ] } },
{ "type": "Feature", "properties": { "결과": "O", "행정구역명": "양산시", "학원교습소명": "학원", "학원명": "센텀영어수학학원", "분야명": "종합(대)", "교습계열명": "보통교과", "교습과정목록명": "보습,실용외국어(유아/초·중·고)", "교습과정명": "보습", "도로명주소": "경상남도 양산시 물금읍 물금로 57", "도로명상세주소": ", 양산이지더원5차아파트상가2동 202호, 204호, 205호  (물금읍)", "수정일자": 20260614, "X좌표": 1135513.36883694, "Y좌표": 1702740.8744538999, "집계구코드": 38100120050101, "읍면동": "경상남도_양산시_물금읍" }, "geometry": { "type": "Point", "coordinates": [ 128.990657727281047, 35.311037471880624 ] } },
{ "type": "Feature", "properties": { "결과": "O", "행정구역명": "양산시", "학원교습소명": "학원", "학원명": "조이피아노음악학원", "분야명": "예능(대)", "교습계열명": "예능(중)", "교습과정목록명": "음악,", "교습과정명": "음악", "도로명주소": "경상남도 양산시 물금읍 물금로 57", "도로명상세주소": ", 양산이지더원5차아파트상가1동 201호 (물금읍)", "수정일자": 20231018, "X좌표": 1135513.36883694, "Y좌표": 1702740.8744538999, "집계구코드": 38100120050101, "읍면동": "경상남도_양산시_물금읍" }, "geometry": { "type": "Point", "coordinates": [ 128.990657727281047, 35.311037471880624 ] } },
{ "type": "Feature", "properties": { "결과": "O", "행정구역명": "양산시", "학원교습소명": "교습소", "학원명": "꿈을그리다미술교습소", "분야명": "예능(대)", "교습계열명": "예능(중)", "교습과정목록명": "고급1", "교습과정명": "미술", "도로명주소": "경상남도 양산시 물금읍 물금로 75", "도로명상세주소": ", 이지더원그랜드파크상가동 204호 (물금읍)", "수정일자": 20260329, "X좌표": 1135639.04919844, "Y좌표": 1702888.3738902099, "집계구코드": 38100120054109, "읍면동": "경상남도_양산시_물금읍" }, "geometry": { "type": "Point", "coordinates": [ 128.992064224565155, 35.312349970525055 ] } },
{ "type": "Feature", "properties": { "결과": "O", "행정구역명": "양산시", "학원교습소명": "교습소", "학원명": "문어랑독서교습소", "분야명": "입시.검정 및 보습", "교습계열명": null, "교습과정목록명": null, "교습과정명": null, "도로명주소": "경상남도 양산시 물금읍 물금로 75", "도로명상세주소": "이지더원 그랜드파크 상가동 202호(이지더원 그랜드파크)", "수정일자": 20240804, "X좌표": 1135639.04919844, "Y좌표": 1702888.3738902099, "집계구코드": 38100120054109, "읍면동": "경상남도_양산시_물금읍" }, "geometry": { "type": "Point", "coordinates": [ 128.992064224565155, 35.312349970525055 ] } },
{ "type": "Feature", "properties": { "결과": "O", "행정구역명": "양산시", "학원교습소명": "교습소", "학원명": "뿡쌤영어교습소", "분야명": "국제화", "교습계열명": "외국어", "교습과정목록명": "영어(초급)", "교습과정명": "실용외국어(유아/초·중·고)", "도로명주소": "경상남도 양산시 물금읍 물금로 75", "도로명상세주소": ", 209호 (물금읍)", "수정일자": 20231224, "X좌표": 1135639.04919844, "Y좌표": 1702888.3738902099, "집계구코드": 38100120054109, "읍면동": "경상남도_양산시_물금읍" }, "geometry": { "type": "Point", "coordinates": [ 128.992064224565155, 35.312349970525055 ] } },
{ "type": "Feature", "properties": { "결과": "O", "행정구역명": "양산시", "학원교습소명": "교습소", "학원명": "윤피아노음악교습소", "분야명": "예능(대)", "교습계열명": "예능(중)", "교습과정목록명": "피아노중급2", "교습과정명": "음악", "도로명주소": "경상남도 양산시 물금읍 물금로 75", "도로명상세주소": ", 이지더원그랜드파크 상가동 205호 (물금읍)", "수정일자": 20260308, "X좌표": 1135639.04919844, "Y좌표": 1702888.3738902099, "집계구코드": 38100120054109, "읍면동": "경상남도_양산시_물금읍" }, "geometry": { "type": "Point", "coordinates": [ 128.992064224565155, 35.312349970525055 ] } },
{ "type": "Feature", "properties": { "결과": "O", "행정구역명": "양산시", "학원교습소명": "교습소", "학원명": "이지2차스마트해법영어교습소", "분야명": "입시.검정 및 보습", "교습계열명": "보통교과", "교습과정목록명": "초등영어A", "교습과정명": "보습", "도로명주소": "경상남도 양산시 물금읍 물금로 75", "도로명상세주소": "이지더원그랜드파크 상가동 201호 (물금읍)(이지더원 그랜드파크)", "수정일자": 20260329, "X좌표": 1135639.04919844, "Y좌표": 1702888.3738902099, "집계구코드": 38100120054109, "읍면동": "경상남도_양산시_물금읍" }, "geometry": { "type": "Point", "coordinates": [ 128.992064224565155, 35.312349970525055 ] } },
{ "type": "Feature", "properties": { "결과": "O", "행정구역명": "양산시", "학원교습소명": "교습소", "학원명": "이지아수학교습소", "분야명": "입시.검정 및 보습", "교습계열명": "보통교과", "교습과정목록명": "초등수학A", "교습과정명": "보습", "도로명주소": "경상남도 양산시 물금읍 물금로 75", "도로명상세주소": "상가동 207호(이지더원 그랜드파크)", "수정일자": 20240303, "X좌표": 1135639.04919844, "Y좌표": 1702888.3738902099, "집계구코드": 38100120054109, "읍면동": "경상남도_양산시_물금읍" }, "geometry": { "type": "Point", "coordinates": [ 128.992064224565155, 35.312349970525055 ] } },
{ "type": "Feature", "properties": { "결과": "O", "행정구역명": "양산시", "학원교습소명": "교습소", "학원명": "미래엔수학교습소", "분야명": "입시.검정 및 보습", "교습계열명": "보통교과", "교습과정목록명": "초등수학(1)", "교습과정명": "보습", "도로명주소": "경상남도 양산시 물금읍 물금로 76", "도로명상세주소": ", 상가동 201호 (물금읍, 한양수자인더퍼스트)", "수정일자": 20250907, "X좌표": 1135705.61788552, "Y좌표": 1702901.8611868301, "집계구코드": 38100120050202, "읍면동": "경상남도_양산시_물금읍" }, "geometry": { "type": "Point", "coordinates": [ 128.992798509875712, 35.312462507121388 ] } },
{ "type": "Feature", "properties": { "결과": "O", "행정구역명": "양산시", "학원교습소명": "교습소", "학원명": "스마트해법수학교습소", "분야명": "입시.검정 및 보습", "교습계열명": "보통교과", "교습과정목록명": "고등수학(1)", "교습과정명": "보습", "도로명주소": "경상남도 양산시 물금읍 물금로 76", "도로명상세주소": ", 상가동 202호 (물금읍, 한양수자인더퍼스트)", "수정일자": 20260111, "X좌표": 1135705.61788552, "Y좌표": 1702901.8611868301, "집계구코드": 38100120050202, "읍면동": "경상남도_양산시_물금읍" }, "geometry": { "type": "Point", "coordinates": [ 128.992798509875712, 35.312462507121388 ] } },
{ "type": "Feature", "properties": { "결과": "O", "행정구역명": "양산시", "학원교습소명": "교습소", "학원명": "아이감성그림미술교습소", "분야명": "예능(대)", "교습계열명": "예능(중)", "교습과정목록명": "입시(조형제작)", "교습과정명": "미술", "도로명주소": "경상남도 양산시 물금읍 물금로 76", "도로명상세주소": ", 양산신도시한양수자인더퍼스트 상가동 205호 (물금읍, 한양수자인더퍼스트)", "수정일자": 20240303, "X좌표": 1135705.61788552, "Y좌표": 1702901.8611868301, "집계구코드": 38100120050202, "읍면동": "경상남도_양산시_물금읍" }, "geometry": { "type": "Point", "coordinates": [ 128.992798509875712, 35.312462507121388 ] } },
{ "type": "Feature", "properties": { "결과": "O", "행정구역명": "양산시", "학원교습소명": "교습소", "학원명": "제이입시영어교습소", "분야명": "입시.검정 및 보습", "교습계열명": "보통교과", "교습과정목록명": "중등영어1", "교습과정명": "보습", "도로명주소": "경상남도 양산시 물금읍 물금로 76", "도로명상세주소": "204호 (물금읍,양산신도시한양수자인더퍼스트)", "수정일자": 20260222, "X좌표": 1135705.61788552, "Y좌표": 1702901.8611868301, "집계구코드": 38100120050202, "읍면동": "경상남도_양산시_물금읍" }, "geometry": { "type": "Point", "coordinates": [ 128.992798509875712, 35.312462507121388 ] } },
{ "type": "Feature", "properties": { "결과": "O", "행정구역명": "양산시", "학원교습소명": "학원", "학원명": "오르다샘앤클래스물금학원", "분야명": "기타(대)", "교습계열명": "기타(중)", "교습과정목록명": "기타(소)", "교습과정명": "기타(소)", "도로명주소": "경상남도 양산시 물금읍 물금로 9", "도로명상세주소": ", 401호 (물금읍)", "수정일자": 20241124, "X좌표": 1135183.8183663599, "Y좌표": 1702359.90923114, "집계구코드": 38100120050010, "읍면동": "경상남도_양산시_물금읍" }, "geometry": { "type": "Point", "coordinates": [ 128.986970879269961, 35.307648103564169 ] } },
{ "type": "Feature", "properties": { "결과": "O", "행정구역명": "양산시", "학원교습소명": "교습소", "학원명": "바른수학교습소", "분야명": "입시.검정 및 보습", "교습계열명": null, "교습과정목록명": null, "교습과정명": null, "도로명주소": "경상남도 양산시 물금읍 물금로 96-17", "도로명상세주소": "에코타워 103호 일부", "수정일자": 20251221, "X좌표": 1135833.9705558801, "Y좌표": 1702974.4489257301, "집계구코드": 38100120050035, "읍면동": "경상남도_양산시_물금읍" }, "geometry": { "type": "Point", "coordinates": [ 128.994222032243528, 35.313099369410921 ] } },
{ "type": "Feature", "properties": { "결과": "O", "행정구역명": "양산시", "학원교습소명": "교습소", "학원명": "차이홍물금중국어교습소", "분야명": "국제화", "교습계열명": "외국어", "교습과정목록명": "중국어회화1", "교습과정명": "실용외국어(유아/초·중·고)", "도로명주소": "경상남도 양산시 물금읍 물금로 96-17", "도로명상세주소": "104호 일부", "수정일자": 20260906, "X좌표": 1135833.9705558801, "Y좌표": 1702974.4489257301, "집계구코드": 38100120050035, "읍면동": "경상남도_양산시_물금읍" }, "geometry": { "type": "Point", "coordinates": [ 128.994222032243528, 35.313099369410921 ] } },
{ "type": "Feature", "properties": { "결과": "O", "행정구역명": "양산시", "학원교습소명": "학원", "학원명": "BK영어학원", "분야명": "입시.검정 및 보습", "교습계열명": "보통교과", "교습과정목록명": "보습,", "교습과정명": "보습", "도로명주소": "경상남도 양산시 물금읍 물금로 96-17", "도로명상세주소": ", 에코타워 402호 (물금읍)", "수정일자": 20231018, "X좌표": 1135833.9705558801, "Y좌표": 1702974.4489257301, "집계구코드": 38100120050035, "읍면동": "경상남도_양산시_물금읍" }, "geometry": { "type": "Point", "coordinates": [ 128.994222032243528, 35.313099369410921 ] } },
{ "type": "Feature", "properties": { "결과": "O", "행정구역명": "양산시", "학원교습소명": "학원", "학원명": "근수학논술학원", "분야명": "입시.검정 및 보습", "교습계열명": "보통교과", "교습과정목록명": "보습", "교습과정명": "보습", "도로명주소": "경상남도 양산시 물금읍 물금로 96-17", "도로명상세주소": ", 에코타워 303호 (물금읍)", "수정일자": 20250330, "X좌표": 1135833.9705558801, "Y좌표": 1702974.4489257301, "집계구코드": 38100120050035, "읍면동": "경상남도_양산시_물금읍" }, "geometry": { "type": "Point", "coordinates": [ 128.994222032243528, 35.313099369410921 ] } },
{ "type": "Feature", "properties": { "결과": "O", "행정구역명": "양산시", "학원교습소명": "학원", "학원명": "눈높이러닝센터물금학원", "분야명": "입시.검정 및 보습", "교습계열명": "보통교과", "교습과정목록명": "보습", "교습과정명": "보습", "도로명주소": "경상남도 양산시 물금읍 물금로 96-17", "도로명상세주소": ", 에코타워 301호, 302호 (물금읍)", "수정일자": 20251005, "X좌표": 1135833.9705558801, "Y좌표": 1702974.4489257301, "집계구코드": 38100120050035, "읍면동": "경상남도_양산시_물금읍" }, "geometry": { "type": "Point", "coordinates": [ 128.994222032243528, 35.313099369410921 ] } },
{ "type": "Feature", "properties": { "결과": "O", "행정구역명": "양산시", "학원교습소명": "학원", "학원명": "메타보드수학독서학원", "분야명": "입시.검정 및 보습", "교습계열명": "보통교과", "교습과정목록명": "보습", "교습과정명": "보습", "도로명주소": "경상남도 양산시 물금읍 물금로 96-17", "도로명상세주소": ", 에코타워 501호 (물금읍)", "수정일자": 20250223, "X좌표": 1135833.9705558801, "Y좌표": 1702974.4489257301, "집계구코드": 38100120050035, "읍면동": "경상남도_양산시_물금읍" }, "geometry": { "type": "Point", "coordinates": [ 128.994222032243528, 35.313099369410921 ] } },
{ "type": "Feature", "properties": { "결과": "O", "행정구역명": "양산시", "학원교습소명": "학원", "학원명": "슈가음악학원", "분야명": "예능(대)", "교습계열명": "예능(중)", "교습과정목록명": "음악", "교습과정명": "음악", "도로명주소": "경상남도 양산시 물금읍 물금로 96-17", "도로명상세주소": ", 에코타워 403호 (물금읍)", "수정일자": 20240303, "X좌표": 1135833.9705558801, "Y좌표": 1702974.4489257301, "집계구코드": 38100120050035, "읍면동": "경상남도_양산시_물금읍" }, "geometry": { "type": "Point", "coordinates": [ 128.994222032243528, 35.313099369410921 ] } },
{ "type": "Feature", "properties": { "결과": "O", "행정구역명": "양산시", "학원교습소명": "학원", "학원명": "올백영수학원", "분야명": "입시.검정 및 보습", "교습계열명": "보통교과", "교습과정목록명": "보습", "교습과정명": "보습", "도로명주소": "경상남도 양산시 물금읍 물금로 96-17", "도로명상세주소": ", 에코타워 401호 (물금읍)", "수정일자": 20250518, "X좌표": 1135833.9705558801, "Y좌표": 1702974.4489257301, "집계구코드": 38100120050035, "읍면동": "경상남도_양산시_물금읍" }, "geometry": { "type": "Point", "coordinates": [ 128.994222032243528, 35.313099369410921 ] } },
{ "type": "Feature", "properties": { "결과": "O", "행정구역명": "양산시", "학원교습소명": "학원", "학원명": "윤선생IGSE아카데미·매쓰프로양산가촌학원", "분야명": "입시.검정 및 보습", "교습계열명": "보통교과", "교습과정목록명": "보습", "교습과정명": "보습", "도로명주소": "경상남도 양산시 물금읍 물금로 96-17", "도로명상세주소": ", 에코타워 203호 (물금읍)", "수정일자": 20241222, "X좌표": 1135833.9705558801, "Y좌표": 1702974.4489257301, "집계구코드": 38100120050035, "읍면동": "경상남도_양산시_물금읍" }, "geometry": { "type": "Point", "coordinates": [ 128.994222032243528, 35.313099369410921 ] } },
{ "type": "Feature", "properties": { "결과": "O", "행정구역명": "양산시", "학원교습소명": "학원", "학원명": "윤수학영어학원", "분야명": "입시.검정 및 보습", "교습계열명": "보통교과", "교습과정목록명": "보습", "교습과정명": "보습", "도로명주소": "경상남도 양산시 물금읍 물금로 96-17", "도로명상세주소": ", 에코타워 502호 (물금읍)", "수정일자": 20260301, "X좌표": 1135833.9705558801, "Y좌표": 1702974.4489257301, "집계구코드": 38100120050035, "읍면동": "경상남도_양산시_물금읍" }, "geometry": { "type": "Point", "coordinates": [ 128.994222032243528, 35.313099369410921 ] } },
{ "type": "Feature", "properties": { "결과": "O", "행정구역명": "양산시", "학원교습소명": "학원", "학원명": "지니어스어학원", "분야명": "국제화", "교습계열명": "외국어", "교습과정목록명": "실용외국어(유아/초·중·고)", "교습과정명": "실용외국어(유아/초·중·고)", "도로명주소": "경상남도 양산시 물금읍 물금로 96-17", "도로명상세주소": ", 에코타워 202호 (물금읍)", "수정일자": 20260621, "X좌표": 1135833.9705558801, "Y좌표": 1702974.4489257301, "집계구코드": 38100120050035, "읍면동": "경상남도_양산시_물금읍" }, "geometry": { "type": "Point", "coordinates": [ 128.994222032243528, 35.313099369410921 ] } },
{ "type": "Feature", "properties": { "결과": "O", "행정구역명": "양산시", "학원교습소명": "학원", "학원명": "3M수학전문학원", "분야명": "입시.검정 및 보습", "교습계열명": "보통교과", "교습과정목록명": "보습", "교습과정명": "보습", "도로명주소": "경상남도 양산시 물금읍 물금로 96-21", "도로명상세주소": ", 센트럴파크 302호 (물금읍)", "수정일자": 20250727, "X좌표": 1135856.1810162801, "Y좌표": 1702956.57724533, "집계구코드": 38100120050035, "읍면동": "경상남도_양산시_물금읍" }, "geometry": { "type": "Point", "coordinates": [ 128.99446331724053, 35.312935256927197 ] } },
{ "type": "Feature", "properties": { "결과": "O", "행정구역명": "양산시", "학원교습소명": "학원", "학원명": "가우스영재수학학원", "분야명": "입시.검정 및 보습", "교습계열명": "보통교과", "교습과정목록명": "보습", "교습과정명": "보습", "도로명주소": "경상남도 양산시 물금읍 물금로 96-21", "도로명상세주소": ", 센트럴파크 501호 (물금읍)", "수정일자": 20251221, "X좌표": 1135856.1810162801, "Y좌표": 1702956.57724533, "집계구코드": 38100120050035, "읍면동": "경상남도_양산시_물금읍" }, "geometry": { "type": "Point", "coordinates": [ 128.99446331724053, 35.312935256927197 ] } },
{ "type": "Feature", "properties": { "결과": "O", "행정구역명": "양산시", "학원교습소명": "학원", "학원명": "라라피아노음악학원", "분야명": "예능(대)", "교습계열명": "예능(중)", "교습과정목록명": "음악", "교습과정명": "음악", "도로명주소": "경상남도 양산시 물금읍 물금로 96-21", "도로명상세주소": ", 센트럴파크 403호 (물금읍)", "수정일자": 20250504, "X좌표": 1135856.1810162801, "Y좌표": 1702956.57724533, "집계구코드": 38100120050035, "읍면동": "경상남도_양산시_물금읍" }, "geometry": { "type": "Point", "coordinates": [ 128.99446331724053, 35.312935256927197 ] } },
{ "type": "Feature", "properties": { "결과": "O", "행정구역명": "양산시", "학원교습소명": "학원", "학원명": "라플라스학원", "분야명": "입시.검정 및 보습", "교습계열명": "보통교과", "교습과정목록명": "보습", "교습과정명": "보습", "도로명주소": "경상남도 양산시 물금읍 물금로 96-21", "도로명상세주소": ", 센트럴파크 402호 (물금읍)", "수정일자": 20250706, "X좌표": 1135856.1810162801, "Y좌표": 1702956.57724533, "집계구코드": 38100120050035, "읍면동": "경상남도_양산시_물금읍" }, "geometry": { "type": "Point", "coordinates": [ 128.99446331724053, 35.312935256927197 ] } },
{ "type": "Feature", "properties": { "결과": "O", "행정구역명": "양산시", "학원교습소명": "학원", "학원명": "생각정원속독학원", "분야명": "입시.검정 및 보습", "교습계열명": "보통교과", "교습과정목록명": null, "교습과정명": "전문교과제외", "도로명주소": "경상남도 양산시 물금읍 물금로 96-21", "도로명상세주소": ", 센트럴파크 201호 (물금읍)", "수정일자": 20260906, "X좌표": 1135856.1810162801, "Y좌표": 1702956.57724533, "집계구코드": 38100120050035, "읍면동": "경상남도_양산시_물금읍" }, "geometry": { "type": "Point", "coordinates": [ 128.99446331724053, 35.312935256927197 ] } },
{ "type": "Feature", "properties": { "결과": "O", "행정구역명": "양산시", "학원교습소명": "학원", "학원명": "쎈수학러닝센터최강수학김호영어학원", "분야명": "입시.검정 및 보습", "교습계열명": "보통교과", "교습과정목록명": "보습", "교습과정명": "보습", "도로명주소": "경상남도 양산시 물금읍 물금로 96-21", "도로명상세주소": ", 센트럴파크 301호 (물금읍)", "수정일자": 20251221, "X좌표": 1135856.1810162801, "Y좌표": 1702956.57724533, "집계구코드": 38100120050035, "읍면동": "경상남도_양산시_물금읍" }, "geometry": { "type": "Point", "coordinates": [ 128.99446331724053, 35.312935256927197 ] } },
{ "type": "Feature", "properties": { "결과": "O", "행정구역명": "양산시", "학원교습소명": "학원", "학원명": "애니아트미술학원", "분야명": "예능(대)", "교습계열명": "예능(중)", "교습과정목록명": "미술", "교습과정명": "미술", "도로명주소": "경상남도 양산시 물금읍 물금로 96-21", "도로명상세주소": ", 503호 (물금읍)", "수정일자": 20260329, "X좌표": 1135856.1810162801, "Y좌표": 1702956.57724533, "집계구코드": 38100120050035, "읍면동": "경상남도_양산시_물금읍" }, "geometry": { "type": "Point", "coordinates": [ 128.99446331724053, 35.312935256927197 ] } },
{ "type": "Feature", "properties": { "결과": "O", "행정구역명": "양산시", "학원교습소명": "학원", "학원명": "에듀탑영수학원", "분야명": "입시.검정 및 보습", "교습계열명": "보통교과", "교습과정목록명": "보습", "교습과정명": "보습", "도로명주소": "경상남도 양산시 물금읍 물금로 96-21", "도로명상세주소": ", 센트럴파크 401호 (물금읍)", "수정일자": 20241229, "X좌표": 1135856.1810162801, "Y좌표": 1702956.57724533, "집계구코드": 38100120050035, "읍면동": "경상남도_양산시_물금읍" }, "geometry": { "type": "Point", "coordinates": [ 128.99446331724053, 35.312935256927197 ] } },
{ "type": "Feature", "properties": { "결과": "O", "행정구역명": "양산시", "학원교습소명": "학원", "학원명": "이지스어학원", "분야명": "국제화", "교습계열명": "외국어", "교습과정목록명": "실용외국어(유아/초·중·고)", "교습과정명": "실용외국어(유아/초·중·고)", "도로명주소": "경상남도 양산시 물금읍 물금로 96-21", "도로명상세주소": ", 센트럴파크 203호 (물금읍)", "수정일자": 20260315, "X좌표": 1135856.1810162801, "Y좌표": 1702956.57724533, "집계구코드": 38100120050035, "읍면동": "경상남도_양산시_물금읍" }, "geometry": { "type": "Point", "coordinates": [ 128.99446331724053, 35.312935256927197 ] } },
{ "type": "Feature", "properties": { "결과": "O", "행정구역명": "양산시", "학원교습소명": "학원", "학원명": "이지스프리미엄어학원", "분야명": "국제화", "교습계열명": "외국어", "교습과정목록명": "실용외국어(유아/초·중·고)", "교습과정명": "실용외국어(유아/초·중·고)", "도로명주소": "경상남도 양산시 물금읍 물금로 96-21", "도로명상세주소": ", 센트럴파크 202호 (물금읍)", "수정일자": 20260201, "X좌표": 1135856.1810162801, "Y좌표": 1702956.57724533, "집계구코드": 38100120050035, "읍면동": "경상남도_양산시_물금읍" }, "geometry": { "type": "Point", "coordinates": [ 128.99446331724053, 35.312935256927197 ] } },
{ "type": "Feature", "properties": { "결과": "O", "행정구역명": "양산시", "학원교습소명": "학원", "학원명": "지니어스리더스어학원", "분야명": "국제화", "교습계열명": "외국어", "교습과정목록명": "실용외국어(유아/초·중·고)", "교습과정명": "실용외국어(유아/초·중·고)", "도로명주소": "경상남도 양산시 물금읍 물금로 96-21", "도로명상세주소": ", 303호 (물금읍)", "수정일자": 20260621, "X좌표": 1135856.1810162801, "Y좌표": 1702956.57724533, "집계구코드": 38100120050035, "읍면동": "경상남도_양산시_물금읍" }, "geometry": { "type": "Point", "coordinates": [ 128.99446331724053, 35.312935256927197 ] } },
{ "type": "Feature", "properties": { "결과": "O", "행정구역명": "양산시", "학원교습소명": "학원", "학원명": "키포인트학원", "분야명": "입시.검정 및 보습", "교습계열명": "보통교과", "교습과정목록명": "보습", "교습과정명": "보습", "도로명주소": "경상남도 양산시 물금읍 물금로 96-21", "도로명상세주소": ", 센트럴파크 502호 (물금읍)", "수정일자": 20231224, "X좌표": 1135856.1810162801, "Y좌표": 1702956.57724533, "집계구코드": 38100120050035, "읍면동": "경상남도_양산시_물금읍" }, "geometry": { "type": "Point", "coordinates": [ 128.99446331724053, 35.312935256927197 ] } },
{ "type": "Feature", "properties": { "결과": "O", "행정구역명": "양산시", "학원교습소명": "학원", "학원명": "증산분원해바라기미술학원", "분야명": "예능(대)", "교습계열명": "예능(중)", "교습과정목록명": "미술", "교습과정명": "미술", "도로명주소": "경상남도 양산시 물금읍 백호2길 17-5", "도로명상세주소": ", 1층 (물금읍)", "수정일자": 20260405, "X좌표": 1136198.17200658, "Y좌표": 1703681.9172578801, "집계구코드": 38100120050033, "읍면동": "경상남도_양산시_물금읍" }, "geometry": { "type": "Point", "coordinates": [ 128.998344801120282, 35.319426836130688 ] } },
{ "type": "Feature", "properties": { "결과": "O", "행정구역명": "양산시", "학원교습소명": "학원", "학원명": "양진구미술학원", "분야명": "예능(대)", "교습계열명": "예능(중)", "교습과정목록명": "미술", "교습과정명": "미술", "도로명주소": "경상남도 양산시 물금읍 백호2길 18-20", "도로명상세주소": ", 1층 (물금읍)", "수정일자": 20231127, "X좌표": 1136117.0919805199, "Y좌표": 1703764.9441198499, "집계구코드": 38100120050018, "읍면동": "경상남도_양산시_물금읍" }, "geometry": { "type": "Point", "coordinates": [ 128.997466894803665, 35.320186278747478 ] } },
{ "type": "Feature", "properties": { "결과": "O", "행정구역명": "양산시", "학원교습소명": "교습소", "학원명": "청명수학교습소", "분야명": "입시.검정 및 보습", "교습계열명": "보통교과", "교습과정목록명": "초등수학1", "교습과정명": "보습", "도로명주소": "경상남도 양산시 물금읍 백호로 155", "도로명상세주소": ", 411동 104호 (물금읍, 양산신도시4차동원로얄듀크비스타)", "수정일자": 20250223, "X좌표": 1137195.5339866499, "Y좌표": 1702973.8246953001, "집계구코드": 38100120050302, "읍면동": "경상남도_양산시_물금읍" }, "geometry": { "type": "Point", "coordinates": [ 129.009195001427429, 35.312907760000385 ] } },
{ "type": "Feature", "properties": { "결과": "O", "행정구역명": "양산시", "학원교습소명": "교습소", "학원명": "와이매쓰수학교습소", "분야명": "입시.검정 및 보습", "교습계열명": "보통교과", "교습과정목록명": "초등수학1", "교습과정명": "보습", "도로명주소": "경상남도 양산시 물금읍 백호로 156", "도로명상세주소": "202동 206호(우성스마트시티뷰)", "수정일자": 20250803, "X좌표": 1137109.6934424399, "Y좌표": 1702825.3998207301, "집계구코드": 38100120050701, "읍면동": "경상남도_양산시_물금읍" }, "geometry": { "type": "Point", "coordinates": [ 129.008226178222401, 35.311581661633255 ] } },
{ "type": "Feature", "properties": { "결과": "O", "행정구역명": "양산시", "학원교습소명": "교습소", "학원명": "코넬잉글리쉬영어교습소", "분야명": "입시.검정 및 보습", "교습계열명": null, "교습과정목록명": null, "교습과정명": null, "도로명주소": "경상남도 양산시 물금읍 백호로 156", "도로명상세주소": "202동 202호(우성스마트시티뷰)", "수정일자": 20250706, "X좌표": 1137109.6934424399, "Y좌표": 1702825.3998207301, "집계구코드": 38100120050701, "읍면동": "경상남도_양산시_물금읍" }, "geometry": { "type": "Point", "coordinates": [ 129.008226178222401, 35.311581661633255 ] } },
{ "type": "Feature", "properties": { "결과": "O", "행정구역명": "양산시", "학원교습소명": "교습소", "학원명": "큐비트과학교습소", "분야명": "입시.검정 및 보습", "교습계열명": "보통교과", "교습과정목록명": "초등과학", "교습과정명": "보습", "도로명주소": "경상남도 양산시 물금읍 백호로 156", "도로명상세주소": ",우성스마트시티뷰 202동 113-1호 (물금읍)(우성스마트시티뷰)", "수정일자": 20260712, "X좌표": 1137109.6934424399, "Y좌표": 1702825.3998207301, "집계구코드": 38100120050701, "읍면동": "경상남도_양산시_물금읍" }, "geometry": { "type": "Point", "coordinates": [ 129.008226178222401, 35.311581661633255 ] } },
{ "type": "Feature", "properties": { "결과": "O", "행정구역명": "양산시", "학원교습소명": "교습소", "학원명": "한우리독서토론논술교습소", "분야명": "입시.검정 및 보습", "교습계열명": "보통교과", "교습과정목록명": "초등논술", "교습과정명": "보습", "도로명주소": "경상남도 양산시 물금읍 백호로 156", "도로명상세주소": "203동 103-1호(우성스마트시티뷰)", "수정일자": 20251221, "X좌표": 1137109.6934424399, "Y좌표": 1702825.3998207301, "집계구코드": 38100120050701, "읍면동": "경상남도_양산시_물금읍" }, "geometry": { "type": "Point", "coordinates": [ 129.008226178222401, 35.311581661633255 ] } },
{ "type": "Feature", "properties": { "결과": "O", "행정구역명": "양산시", "학원교습소명": "학원", "학원명": "리만수학전문학원", "분야명": "입시.검정 및 보습", "교습계열명": "보통교과", "교습과정목록명": null, "교습과정명": "보습", "도로명주소": "경상남도 양산시 물금읍 백호로 156", "도로명상세주소": ", 우성스마트시티뷰 202동 207호 (물금읍)", "수정일자": 20231018, "X좌표": 1137109.6934424399, "Y좌표": 1702825.3998207301, "집계구코드": 38100120050701, "읍면동": "경상남도_양산시_물금읍" }, "geometry": { "type": "Point", "coordinates": [ 129.008226178222401, 35.311581661633255 ] } },
{ "type": "Feature", "properties": { "결과": "O", "행정구역명": "양산시", "학원교습소명": "학원", "학원명": "파리음악학원", "분야명": "예능(대)", "교습계열명": "예능(중)", "교습과정목록명": "음악", "교습과정명": "음악", "도로명주소": "경상남도 양산시 물금읍 백호로 156", "도로명상세주소": ", 우성스마트시티뷰상가 202동 208호 (물금읍)", "수정일자": 20260802, "X좌표": 1137109.6934424399, "Y좌표": 1702825.3998207301, "집계구코드": 38100120050701, "읍면동": "경상남도_양산시_물금읍" }, "geometry": { "type": "Point", "coordinates": [ 129.008226178222401, 35.311581661633255 ] } },
{ "type": "Feature", "properties": { "결과": "O", "행정구역명": "양산시", "학원교습소명": "학원", "학원명": "해랑별미술학원", "분야명": "예능(대)", "교습계열명": "예능(중)", "교습과정목록명": "미술", "교습과정명": "미술", "도로명주소": "경상남도 양산시 물금읍 백호로 54", "도로명상세주소": "영프라자 306호", "수정일자": 20260301, "X좌표": 1136432.8930808899, "Y좌표": 1703626.4534139601, "집계구코드": 38100120050018, "읍면동": "경상남도_양산시_물금읍" }, "geometry": { "type": "Point", "coordinates": [ 129.000916987843198, 35.318894870168329 ] } },
{ "type": "Feature", "properties": { "결과": "O", "행정구역명": "양산시", "학원교습소명": "교습소", "학원명": "승연영어교습소", "분야명": "입시.검정 및 보습", "교습계열명": null, "교습과정목록명": null, "교습과정명": null, "도로명주소": "경상남도 양산시 물금읍 백호로 70", "도로명상세주소": ", 103-1호", "수정일자": 20260322, "X좌표": 1136542.8570071601, "Y좌표": 1703511.9293442999, "집계구코드": 38100120050018, "읍면동": "경상남도_양산시_물금읍" }, "geometry": { "type": "Point", "coordinates": [ 129.002107251600364, 35.317847545539621 ] } },
{ "type": "Feature", "properties": { "결과": "O", "행정구역명": "양산시", "학원교습소명": "학원", "학원명": "바름홈케어학원", "분야명": "직업기술", "교습계열명": "일반서비스", "교습과정목록명": "청소", "교습과정명": "청소", "도로명주소": "경상남도 양산시 물금읍 백호로 70", "도로명상세주소": ", 301호", "수정일자": 20260419, "X좌표": 1136542.8570071601, "Y좌표": 1703511.9293442999, "집계구코드": 38100120050018, "읍면동": "경상남도_양산시_물금읍" }, "geometry": { "type": "Point", "coordinates": [ 129.002107251600364, 35.317847545539621 ] } },
{ "type": "Feature", "properties": { "결과": "O", "행정구역명": "양산시", "학원교습소명": "교습소", "학원명": "아셀영어교습소", "분야명": "입시.검정 및 보습", "교습계열명": "보통교과", "교습과정목록명": "영어초등", "교습과정명": "보습", "도로명주소": "경상남도 양산시 물금읍 백호로 74", "도로명상세주소": ", 203호 일부(좌측) (물금읍, 지오플러스)", "수정일자": 20231018, "X좌표": 1136563.69881858, "Y좌표": 1703493.5281209, "집계구코드": 38100120050018, "읍면동": "경상남도_양산시_물금읍" }, "geometry": { "type": "Point", "coordinates": [ 129.002333393680118, 35.317678831309664 ] } },
{ "type": "Feature", "properties": { "결과": "O", "행정구역명": "양산시", "학원교습소명": "학원", "학원명": "스카이캠퍼스관리형학습관학원", "분야명": "입시.검정 및 보습", "교습계열명": null, "교습과정목록명": null, "교습과정명": null, "도로명주소": "경상남도 양산시 물금읍 백호로 74", "도로명상세주소": "304호", "수정일자": 20240310, "X좌표": 1136563.69881858, "Y좌표": 1703493.5281209, "집계구코드": 38100120050018, "읍면동": "경상남도_양산시_물금읍" }, "geometry": { "type": "Point", "coordinates": [ 129.002333393680118, 35.317678831309664 ] } },
{ "type": "Feature", "properties": { "결과": "O", "행정구역명": "양산시", "학원교습소명": "학원", "학원명": "아름다운소리음악학원", "분야명": "예능(대)", "교습계열명": "예능(중)", "교습과정목록명": "음악,", "교습과정명": "음악", "도로명주소": "경상남도 양산시 물금읍 백호로 74", "도로명상세주소": ", 203호 (물금읍, 지오플러스)", "수정일자": 20231018, "X좌표": 1136563.69881858, "Y좌표": 1703493.5281209, "집계구코드": 38100120050018, "읍면동": "경상남도_양산시_물금읍" }, "geometry": { "type": "Point", "coordinates": [ 129.002333393680118, 35.317678831309664 ] } },
{ "type": "Feature", "properties": { "결과": "O", "행정구역명": "양산시", "학원교습소명": "학원", "학원명": "크리아트물금미술학원", "분야명": "예능(대)", "교습계열명": "예능(중)", "교습과정목록명": "미술", "교습과정명": "미술", "도로명주소": "경상남도 양산시 물금읍 백호로 76", "도로명상세주소": "인정에코타운 308호", "수정일자": 20250907, "X좌표": 1136582.9080384001, "Y좌표": 1703466.76588149, "집계구코드": 38100120050018, "읍면동": "경상남도_양산시_물금읍" }, "geometry": { "type": "Point", "coordinates": [ 129.002540185929007, 35.317434974812699 ] } },
{ "type": "Feature", "properties": { "결과": "O", "행정구역명": "양산시", "학원교습소명": "교습소", "학원명": "그림터미술교습소", "분야명": "예능(대)", "교습계열명": null, "교습과정목록명": null, "교습과정명": null, "도로명주소": "경상남도 양산시 물금읍 백호로 91", "도로명상세주소": "상가동 207호(반도유보라4차아파트)", "수정일자": 20240526, "X좌표": 1136883.2789244801, "Y좌표": 1703514.57347061, "집계구코드": 38100120051706, "읍면동": "경상남도_양산시_물금읍" }, "geometry": { "type": "Point", "coordinates": [ 129.00585152164561, 35.317824803582603 ] } },
{ "type": "Feature", "properties": { "결과": "O", "행정구역명": "양산시", "학원교습소명": "교습소", "학원명": "라라음악교습소", "분야명": "예능(대)", "교습계열명": "예능(중)", "교습과정목록명": "피아노초급", "교습과정명": "음악", "도로명주소": "경상남도 양산시 물금읍 백호로 91", "도로명상세주소": ", B동(301동) 113호 (물금읍, 반도유보라4차아파트)", "수정일자": 20231018, "X좌표": 1136883.2789244801, "Y좌표": 1703514.57347061, "집계구코드": 38100120051706, "읍면동": "경상남도_양산시_물금읍" }, "geometry": { "type": "Point", "coordinates": [ 129.00585152164561, 35.317824803582603 ] } },
{ "type": "Feature", "properties": { "결과": "O", "행정구역명": "양산시", "학원교습소명": "교습소", "학원명": "메타영어교습소", "분야명": "입시.검정 및 보습", "교습계열명": "보통교과", "교습과정목록명": "중등영어(2)", "교습과정명": "보습", "도로명주소": "경상남도 양산시 물금읍 백호로 91", "도로명상세주소": "상가동 212호(반도유보라4차아파트)", "수정일자": 20250921, "X좌표": 1136883.2789244801, "Y좌표": 1703514.57347061, "집계구코드": 38100120051706, "읍면동": "경상남도_양산시_물금읍" }, "geometry": { "type": "Point", "coordinates": [ 129.00585152164561, 35.317824803582603 ] } },
{ "type": "Feature", "properties": { "결과": "O", "행정구역명": "양산시", "학원교습소명": "교습소", "학원명": "스토리피아영어교습소", "분야명": "입시.검정 및 보습", "교습계열명": "보통교과", "교습과정목록명": "영어초급", "교습과정명": "보습", "도로명주소": "경상남도 양산시 물금읍 백호로 91", "도로명상세주소": ", 반동유보라4차아파트 B동(301동) 208호 (물금읍)", "수정일자": 20240303, "X좌표": 1136883.2789244801, "Y좌표": 1703514.57347061, "집계구코드": 38100120051706, "읍면동": "경상남도_양산시_물금읍" }, "geometry": { "type": "Point", "coordinates": [ 129.00585152164561, 35.317824803582603 ] } },
{ "type": "Feature", "properties": { "결과": "O", "행정구역명": "양산시", "학원교습소명": "교습소", "학원명": "쏠랑수학교습소", "분야명": "입시.검정 및 보습", "교습계열명": null, "교습과정목록명": null, "교습과정명": null, "도로명주소": "경상남도 양산시 물금읍 백호로 91", "도로명상세주소": "반도유보라4차 B(301동) 115호(반도유보라4차아파트)", "수정일자": 20250727, "X좌표": 1136883.2789244801, "Y좌표": 1703514.57347061, "집계구코드": 38100120051706, "읍면동": "경상남도_양산시_물금읍" }, "geometry": { "type": "Point", "coordinates": [ 129.00585152164561, 35.317824803582603 ] } },
{ "type": "Feature", "properties": { "결과": "O", "행정구역명": "양산시", "학원교습소명": "교습소", "학원명": "아트앤스토리미술교습소", "분야명": "예능(대)", "교습계열명": "예능(중)", "교습과정목록명": "미술 입시1(조형제작)", "교습과정명": "미술", "도로명주소": "경상남도 양산시 물금읍 백호로 91", "도로명상세주소": ", B동(301동) 108호 (물금읍, 반도유보라4차아파트)", "수정일자": 20260215, "X좌표": 1136883.2789244801, "Y좌표": 1703514.57347061, "집계구코드": 38100120051706, "읍면동": "경상남도_양산시_물금읍" }, "geometry": { "type": "Point", "coordinates": [ 129.00585152164561, 35.317824803582603 ] } },
{ "type": "Feature", "properties": { "결과": "O", "행정구역명": "양산시", "학원교습소명": "교습소", "학원명": "오로지피아노음악교습소", "분야명": "예능(대)", "교습계열명": "예능(중)", "교습과정목록명": "피아노고급(3)", "교습과정명": "음악", "도로명주소": "경상남도 양산시 물금읍 백호로 91", "도로명상세주소": "상가동 211호(반도유보라4차아파트)", "수정일자": 20250601, "X좌표": 1136883.2789244801, "Y좌표": 1703514.57347061, "집계구코드": 38100120051706, "읍면동": "경상남도_양산시_물금읍" }, "geometry": { "type": "Point", "coordinates": [ 129.00585152164561, 35.317824803582603 ] } },
{ "type": "Feature", "properties": { "결과": "O", "행정구역명": "양산시", "학원교습소명": "교습소", "학원명": "요리수연산수학교습소", "분야명": "기타(대)", "교습계열명": "기타(중)", "교습과정목록명": "교구학습5", "교습과정명": "기타(소)", "도로명주소": "경상남도 양산시 물금읍 백호로 91", "도로명상세주소": "상가동 210호(반도유보라4차아파트)", "수정일자": 20241229, "X좌표": 1136883.2789244801, "Y좌표": 1703514.57347061, "집계구코드": 38100120051706, "읍면동": "경상남도_양산시_물금읍" }, "geometry": { "type": "Point", "coordinates": [ 129.00585152164561, 35.317824803582603 ] } },
{ "type": "Feature", "properties": { "결과": "O", "행정구역명": "양산시", "학원교습소명": "교습소", "학원명": "윤샘국어교습소", "분야명": "입시.검정 및 보습", "교습계열명": "보통교과", "교습과정목록명": null, "교습과정명": "보습", "도로명주소": "경상남도 양산시 물금읍 백호로 91", "도로명상세주소": ", B동(301동) 209호 (물금읍, 반도유보라4차아파트)", "수정일자": 20231018, "X좌표": 1136883.2789244801, "Y좌표": 1703514.57347061, "집계구코드": 38100120051706, "읍면동": "경상남도_양산시_물금읍" }, "geometry": { "type": "Point", "coordinates": [ 129.00585152164561, 35.317824803582603 ] } },
{ "type": "Feature", "properties": { "결과": "O", "행정구역명": "양산시", "학원교습소명": "교습소", "학원명": "증산K수학교습소", "분야명": "입시.검정 및 보습", "교습계열명": "보통교과", "교습과정목록명": "수학(중등 주5회)", "교습과정명": "보습", "도로명주소": "경상남도 양산시 물금읍 백호로 91", "도로명상세주소": ", B동(301동) 102호 (물금읍, 반도유보라4차아파트)", "수정일자": 20250302, "X좌표": 1136883.2789244801, "Y좌표": 1703514.57347061, "집계구코드": 38100120051706, "읍면동": "경상남도_양산시_물금읍" }, "geometry": { "type": "Point", "coordinates": [ 129.00585152164561, 35.317824803582603 ] } },
{ "type": "Feature", "properties": { "결과": "O", "행정구역명": "양산시", "학원교습소명": "교습소", "학원명": "케이티잉글리쉬영어교습소", "분야명": "입시.검정 및 보습", "교습계열명": "보통교과", "교습과정목록명": "초등영어A", "교습과정명": "보습", "도로명주소": "경상남도 양산시 물금읍 백호로 91", "도로명상세주소": "B동(301동) 112호 (물금읍, 반도유보라4차아파트)(반도유보라4차아파트)", "수정일자": 20260809, "X좌표": 1136883.2789244801, "Y좌표": 1703514.57347061, "집계구코드": 38100120051706, "읍면동": "경상남도_양산시_물금읍" }, "geometry": { "type": "Point", "coordinates": [ 129.00585152164561, 35.317824803582603 ] } },
{ "type": "Feature", "properties": { "결과": "O", "행정구역명": "양산시", "학원교습소명": "교습소", "학원명": "하루수학교습소", "분야명": "입시.검정 및 보습", "교습계열명": "보통교과", "교습과정목록명": "초등D", "교습과정명": "보습", "도로명주소": "경상남도 양산시 물금읍 백호로 91", "도로명상세주소": "상가동 107호(반도유보라4차아파트)", "수정일자": 20260614, "X좌표": 1136883.2789244801, "Y좌표": 1703514.57347061, "집계구코드": 38100120051706, "읍면동": "경상남도_양산시_물금읍" }, "geometry": { "type": "Point", "coordinates": [ 129.00585152164561, 35.317824803582603 ] } },
{ "type": "Feature", "properties": { "결과": "O", "행정구역명": "양산시", "학원교습소명": "교습소", "학원명": "해법독서논술교습소", "분야명": "입시.검정 및 보습", "교습계열명": null, "교습과정목록명": null, "교습과정명": null, "도로명주소": "경상남도 양산시 물금읍 백호로 91", "도로명상세주소": ", 반도유보라4차 상가 B동(301동) 104호(반도유보라4차아파트)", "수정일자": 20260419, "X좌표": 1136883.2789244801, "Y좌표": 1703514.57347061, "집계구코드": 38100120051706, "읍면동": "경상남도_양산시_물금읍" }, "geometry": { "type": "Point", "coordinates": [ 129.00585152164561, 35.317824803582603 ] } },
{ "type": "Feature", "properties": { "결과": "O", "행정구역명": "양산시", "학원교습소명": "교습소", "학원명": "행복한피아노스튜디오피아노교습소", "분야명": "예능(대)", "교습계열명": "예능(중)", "교습과정목록명": "초급1", "교습과정명": "음악", "도로명주소": "경상남도 양산시 물금읍 백호로 91", "도로명상세주소": ", B동(301동) 205호 (물금읍, 반도유보라4차아파트)", "수정일자": 20240310, "X좌표": 1136883.2789244801, "Y좌표": 1703514.57347061, "집계구코드": 38100120051706, "읍면동": "경상남도_양산시_물금읍" }, "geometry": { "type": "Point", "coordinates": [ 129.00585152164561, 35.317824803582603 ] } },
{ "type": "Feature", "properties": { "결과": "O", "행정구역명": "양산시", "학원교습소명": "학원", "학원명": "한걸음수학학원", "분야명": "입시.검정 및 보습", "교습계열명": null, "교습과정목록명": null, "교습과정명": null, "도로명주소": "경상남도 양산시 물금읍 백호로 91", "도로명상세주소": ", 제B(301)동 110호, 111호(반도유보라4차아파트)", "수정일자": 20260111, "X좌표": 1136883.2789244801, "Y좌표": 1703514.57347061, "집계구코드": 38100120051706, "읍면동": "경상남도_양산시_물금읍" }, "geometry": { "type": "Point", "coordinates": [ 129.00585152164561, 35.317824803582603 ] } },
{ "type": "Feature", "properties": { "결과": "O", "행정구역명": "양산시", "학원교습소명": "학원", "학원명": "생각정원속독증산학원", "분야명": "입시.검정 및 보습", "교습계열명": "기타(중)", "교습과정목록명": null, "교습과정명": "속독", "도로명주소": "경상남도 양산시 물금읍 백호로 92", "도로명상세주소": ", A동 205호 (물금읍, 트윈애비뉴)", "수정일자": 20260906, "X좌표": 1136679.22428278, "Y좌표": 1703363.54943006, "집계구코드": 38100120050018, "읍면동": "경상남도_양산시_물금읍" }, "geometry": { "type": "Point", "coordinates": [ 129.003582205140077, 35.316491427022534 ] } },
{ "type": "Feature", "properties": { "결과": "O", "행정구역명": "양산시", "학원교습소명": "학원", "학원명": "아미띠에어린이미술관학원", "분야명": "예능(대)", "교습계열명": "예능(중)", "교습과정목록명": "미술", "교습과정명": "미술", "도로명주소": "경상남도 양산시 물금읍 백호로 92", "도로명상세주소": ", A동 203호 일부(우측실) (물금읍, 트윈애비뉴)", "수정일자": 20240623, "X좌표": 1136679.22428278, "Y좌표": 1703363.54943006, "집계구코드": 38100120050018, "읍면동": "경상남도_양산시_물금읍" }, "geometry": { "type": "Point", "coordinates": [ 129.003582205140077, 35.316491427022534 ] } },
{ "type": "Feature", "properties": { "결과": "O", "행정구역명": "양산시", "학원교습소명": "학원", "학원명": "엘본어학원", "분야명": "입시.검정 및 보습", "교습계열명": "보통교과", "교습과정목록명": "보습", "교습과정명": "보습", "도로명주소": "경상남도 양산시 물금읍 백호로 92", "도로명상세주소": ", B동 203,204호 (물금읍, 트윈애비뉴)", "수정일자": 20250608, "X좌표": 1136679.22428278, "Y좌표": 1703363.54943006, "집계구코드": 38100120050018, "읍면동": "경상남도_양산시_물금읍" }, "geometry": { "type": "Point", "coordinates": [ 129.003582205140077, 35.316491427022534 ] } },
{ "type": "Feature", "properties": { "결과": "O", "행정구역명": "양산시", "학원교습소명": "학원", "학원명": "정진국어논술학원", "분야명": "입시.검정 및 보습", "교습계열명": null, "교습과정목록명": null, "교습과정명": null, "도로명주소": "경상남도 양산시 물금읍 백호로 92", "도로명상세주소": "204호", "수정일자": 20260111, "X좌표": 1136679.22428278, "Y좌표": 1703363.54943006, "집계구코드": 38100120050018, "읍면동": "경상남도_양산시_물금읍" }, "geometry": { "type": "Point", "coordinates": [ 129.003582205140077, 35.316491427022534 ] } },
{ "type": "Feature", "properties": { "결과": "O", "행정구역명": "양산시", "학원교습소명": "교습소", "학원명": "HM수학교습소", "분야명": "입시.검정 및 보습", "교습계열명": "보통교과", "교습과정목록명": "초등수학A", "교습과정명": "보습", "도로명주소": "경상남도 양산시 물금읍 백호로 96", "도로명상세주소": "119호", "수정일자": 20260628, "X좌표": 1136698.7665681599, "Y좌표": 1703318.8631424799, "집계구코드": 38100120050018, "읍면동": "경상남도_양산시_물금읍" }, "geometry": { "type": "Point", "coordinates": [ 129.003789662049428, 35.316085958171477 ] } },
{ "type": "Feature", "properties": { "결과": "O", "행정구역명": "양산시", "학원교습소명": "교습소", "학원명": "이화멘토영어교습소", "분야명": "입시.검정 및 보습", "교습계열명": "보통교과", "교습과정목록명": "고등영어1", "교습과정명": "보습", "도로명주소": "경상남도 양산시 물금읍 백호로 96", "도로명상세주소": "미소프라자 207-1호", "수정일자": 20260712, "X좌표": 1136698.7665681599, "Y좌표": 1703318.8631424799, "집계구코드": 38100120050018, "읍면동": "경상남도_양산시_물금읍" }, "geometry": { "type": "Point", "coordinates": [ 129.003789662049428, 35.316085958171477 ] } },
{ "type": "Feature", "properties": { "결과": "O", "행정구역명": "양산시", "학원교습소명": "교습소", "학원명": "파인아트영재교육미술교습소", "분야명": "예능(대)", "교습계열명": null, "교습과정목록명": null, "교습과정명": null, "도로명주소": "경상남도 양산시 물금읍 백호로 96", "도로명상세주소": "204호", "수정일자": 20241117, "X좌표": 1136698.7665681599, "Y좌표": 1703318.8631424799, "집계구코드": 38100120050018, "읍면동": "경상남도_양산시_물금읍" }, "geometry": { "type": "Point", "coordinates": [ 129.003789662049428, 35.316085958171477 ] } },
{ "type": "Feature", "properties": { "결과": "O", "행정구역명": "양산시", "학원교습소명": "교습소", "학원명": "플라톤아카데미슬기로운논술교습소", "분야명": "입시.검정 및 보습", "교습계열명": "보통교과", "교습과정목록명": "초등교과논술1", "교습과정명": "보습", "도로명주소": "경상남도 양산시 물금읍 백호로 96", "도로명상세주소": ", 208호 (물금읍, 미소프라자)", "수정일자": 20260517, "X좌표": 1136698.7665681599, "Y좌표": 1703318.8631424799, "집계구코드": 38100120050018, "읍면동": "경상남도_양산시_물금읍" }, "geometry": { "type": "Point", "coordinates": [ 129.003789662049428, 35.316085958171477 ] } },
{ "type": "Feature", "properties": { "결과": "O", "행정구역명": "양산시", "학원교습소명": "교습소", "학원명": "하이엠수학양산증산점수학교습소", "분야명": "입시.검정 및 보습", "교습계열명": "보통교과", "교습과정목록명": "초등수학", "교습과정명": "보습", "도로명주소": "경상남도 양산시 물금읍 백호로 96", "도로명상세주소": ", 117호(물금읍, 미소프라자)", "수정일자": 20260201, "X좌표": 1136698.7665681599, "Y좌표": 1703318.8631424799, "집계구코드": 38100120050018, "읍면동": "경상남도_양산시_물금읍" }, "geometry": { "type": "Point", "coordinates": [ 129.003789662049428, 35.316085958171477 ] } },
{ "type": "Feature", "properties": { "결과": "O", "행정구역명": "양산시", "학원교습소명": "학원", "학원명": "ITC영어양산증산점영어학원", "분야명": "국제화", "교습계열명": null, "교습과정목록명": null, "교습과정명": null, "도로명주소": "경상남도 양산시 물금읍 백호로 96", "도로명상세주소": "202호", "수정일자": 20260308, "X좌표": 1136698.7665681599, "Y좌표": 1703318.8631424799, "집계구코드": 38100120050018, "읍면동": "경상남도_양산시_물금읍" }, "geometry": { "type": "Point", "coordinates": [ 129.003789662049428, 35.316085958171477 ] } },
{ "type": "Feature", "properties": { "결과": "O", "행정구역명": "양산시", "학원교습소명": "학원", "학원명": "노블영수학원", "분야명": "입시.검정 및 보습", "교습계열명": "보통교과", "교습과정목록명": "보습", "교습과정명": "보습", "도로명주소": "경상남도 양산시 물금읍 백호로 96", "도로명상세주소": ", 303호 (물금읍, 미소프라자)", "수정일자": 20260726, "X좌표": 1136698.7665681599, "Y좌표": 1703318.8631424799, "집계구코드": 38100120050018, "읍면동": "경상남도_양산시_물금읍" }, "geometry": { "type": "Point", "coordinates": [ 129.003789662049428, 35.316085958171477 ] } },
{ "type": "Feature", "properties": { "결과": "O", "행정구역명": "양산시", "학원교습소명": "학원", "학원명": "르블랑발레스튜디오학원", "분야명": "예능(대)", "교습계열명": null, "교습과정목록명": null, "교습과정명": null, "도로명주소": "경상남도 양산시 물금읍 백호로 96", "도로명상세주소": "201호", "수정일자": 20240121, "X좌표": 1136698.7665681599, "Y좌표": 1703318.8631424799, "집계구코드": 38100120050018, "읍면동": "경상남도_양산시_물금읍" }, "geometry": { "type": "Point", "coordinates": [ 129.003789662049428, 35.316085958171477 ] } },
{ "type": "Feature", "properties": { "결과": "O", "행정구역명": "양산시", "학원교습소명": "학원", "학원명": "맥수학영어단과학원", "분야명": "입시.검정 및 보습", "교습계열명": "보통교과", "교습과정목록명": "보습", "교습과정명": "보습", "도로명주소": "경상남도 양산시 물금읍 백호로 96", "도로명상세주소": ", 미소프라자 203호(일부) (물금읍)", "수정일자": 20251005, "X좌표": 1136698.7665681599, "Y좌표": 1703318.8631424799, "집계구코드": 38100120050018, "읍면동": "경상남도_양산시_물금읍" }, "geometry": { "type": "Point", "coordinates": [ 129.003789662049428, 35.316085958171477 ] } },
{ "type": "Feature", "properties": { "결과": "O", "행정구역명": "양산시", "학원교습소명": "학원", "학원명": "메타플러스수학학원", "분야명": "입시.검정 및 보습", "교습계열명": "보통교과", "교습과정목록명": "보습", "교습과정명": "보습", "도로명주소": "경상남도 양산시 물금읍 백호로 96", "도로명상세주소": ", 207호 일부(우측실) (물금읍, 미소프라자)", "수정일자": 20250831, "X좌표": 1136698.7665681599, "Y좌표": 1703318.8631424799, "집계구코드": 38100120050018, "읍면동": "경상남도_양산시_물금읍" }, "geometry": { "type": "Point", "coordinates": [ 129.003789662049428, 35.316085958171477 ] } },
{ "type": "Feature", "properties": { "결과": "O", "행정구역명": "양산시", "학원교습소명": "학원", "학원명": "에듀스텔라과학전문학원", "분야명": "입시.검정 및 보습", "교습계열명": "보통교과", "교습과정목록명": "보습,진학지도", "교습과정명": "보습", "도로명주소": "경상남도 양산시 물금읍 백호로 96", "도로명상세주소": ", 205호 (물금읍, 미소프라자)", "수정일자": 20250706, "X좌표": 1136698.7665681599, "Y좌표": 1703318.8631424799, "집계구코드": 38100120050018, "읍면동": "경상남도_양산시_물금읍" }, "geometry": { "type": "Point", "coordinates": [ 129.003789662049428, 35.316085958171477 ] } },
{ "type": "Feature", "properties": { "결과": "O", "행정구역명": "양산시", "학원교습소명": "학원", "학원명": "이샘수학학원", "분야명": "입시.검정 및 보습", "교습계열명": "보통교과", "교습과정목록명": "보습,", "교습과정명": "보습", "도로명주소": "경상남도 양산시 물금읍 백호로 96", "도로명상세주소": ", 301호 일부(좌측실) (물금읍, 미소프라자)", "수정일자": 20231018, "X좌표": 1136698.7665681599, "Y좌표": 1703318.8631424799, "집계구코드": 38100120050018, "읍면동": "경상남도_양산시_물금읍" }, "geometry": { "type": "Point", "coordinates": [ 129.003789662049428, 35.316085958171477 ] } },
{ "type": "Feature", "properties": { "결과": "O", "행정구역명": "양산시", "학원교습소명": "학원", "학원명": "큐브통합학원", "분야명": "입시.검정 및 보습", "교습계열명": "보통교과", "교습과정목록명": "보습", "교습과정명": "보습", "도로명주소": "경상남도 양산시 물금읍 백호로 96", "도로명상세주소": ", 301호 (물금읍, 미소프라자)", "수정일자": 20240908, "X좌표": 1136698.7665681599, "Y좌표": 1703318.8631424799, "집계구코드": 38100120050018, "읍면동": "경상남도_양산시_물금읍" }, "geometry": { "type": "Point", "coordinates": [ 129.003789662049428, 35.316085958171477 ] } },
{ "type": "Feature", "properties": { "결과": "O", "행정구역명": "양산시", "학원교습소명": "학원", "학원명": "플로리다영어학원", "분야명": "입시.검정 및 보습", "교습계열명": "보통교과", "교습과정목록명": "보습,", "교습과정명": "보습", "도로명주소": "경상남도 양산시 물금읍 백호로 96", "도로명상세주소": ", 미소프라자 204호 일부 (물금읍, 미소프라자)", "수정일자": 20250810, "X좌표": 1136698.7665681599, "Y좌표": 1703318.8631424799, "집계구코드": 38100120050018, "읍면동": "경상남도_양산시_물금읍" }, "geometry": { "type": "Point", "coordinates": [ 129.003789662049428, 35.316085958171477 ] } },
{ "type": "Feature", "properties": { "결과": "O", "행정구역명": "양산시", "학원교습소명": "교습소", "학원명": "연세S영어교습소", "분야명": "입시.검정 및 보습", "교습계열명": "보통교과", "교습과정목록명": "중등영어", "교습과정명": "보습", "도로명주소": "경상남도 양산시 물금읍 범구로 11", "도로명상세주소": ", 국보프라자 202호 (물금읍)", "수정일자": 20250504, "X좌표": 1137539.4121486, "Y좌표": 1704681.61440308, "집계구코드": 38100120030001, "읍면동": "경상남도_양산시_물금읍" }, "geometry": { "type": "Point", "coordinates": [ 129.013263437185117, 35.328254186908367 ] } },
{ "type": "Feature", "properties": { "결과": "O", "행정구역명": "양산시", "학원교습소명": "교습소", "학원명": "이지영기타교습소", "분야명": "예능(대)", "교습계열명": "예능(중)", "교습과정목록명": "기타(입시1반)", "교습과정명": "음악", "도로명주소": "경상남도 양산시 물금읍 범구로 11", "도로명상세주소": ", 국보프라자 206호 (물금읍)", "수정일자": 20231217, "X좌표": 1137539.4121486, "Y좌표": 1704681.61440308, "집계구코드": 38100120030001, "읍면동": "경상남도_양산시_물금읍" }, "geometry": { "type": "Point", "coordinates": [ 129.013263437185117, 35.328254186908367 ] } },
{ "type": "Feature", "properties": { "결과": "O", "행정구역명": "양산시", "학원교습소명": "교습소", "학원명": "돋움문해력센터논술교습소", "분야명": "입시.검정 및 보습", "교습계열명": "보통교과", "교습과정목록명": "초등논술", "교습과정명": "보습", "도로명주소": "경상남도 양산시 물금읍 범구로 14", "도로명상세주소": "오슬로파크 J동 10호(양산 유림노르웨이숲)", "수정일자": 20260315, "X좌표": 1137405.66424967, "Y좌표": 1704478.3112775199, "집계구코드": 38100120030001, "읍면동": "경상남도_양산시_물금읍" }, "geometry": { "type": "Point", "coordinates": [ 129.011758221496677, 35.326440059829373 ] } },
{ "type": "Feature", "properties": { "결과": "O", "행정구역명": "양산시", "학원교습소명": "교습소", "학원명": "스튜디오휘게음악교습소", "분야명": "예능(대)", "교습계열명": "예능(중)", "교습과정목록명": "입시집중심화A", "교습과정명": "음악", "도로명주소": "경상남도 양산시 물금읍 범구로 14", "도로명상세주소": ", 오슬로파크 H동 1호(1층) (물금읍, 양산 유림노르웨이숲)", "수정일자": 20250803, "X좌표": 1137405.66424967, "Y좌표": 1704478.3112775199, "집계구코드": 38100120030001, "읍면동": "경상남도_양산시_물금읍" }, "geometry": { "type": "Point", "coordinates": [ 129.011758221496677, 35.326440059829373 ] } },
{ "type": "Feature", "properties": { "결과": "O", "행정구역명": "양산시", "학원교습소명": "교습소", "학원명": "피카르디성악교습소", "분야명": "예능(대)", "교습계열명": "예능(중)", "교습과정목록명": "고급성악4", "교습과정명": "음악", "도로명주소": "경상남도 양산시 물금읍 범구로 14", "도로명상세주소": "오슬로파크 H동 3호(1층)", "수정일자": 20240908, "X좌표": 1137405.66424967, "Y좌표": 1704478.3112775199, "집계구코드": 38100120030001, "읍면동": "경상남도_양산시_물금읍" }, "geometry": { "type": "Point", "coordinates": [ 129.011758221496677, 35.326440059829373 ] } },
{ "type": "Feature", "properties": { "결과": "O", "행정구역명": "양산시", "학원교습소명": "교습소", "학원명": "찐수학교습소", "분야명": "입시.검정 및 보습", "교습계열명": "보통교과", "교습과정목록명": "초등수학5", "교습과정명": "보습", "도로명주소": "경상남도 양산시 물금읍 범구로 15", "도로명상세주소": "1층 109호", "수정일자": 20250803, "X좌표": 1137564.58409317, "Y좌표": 1704658.15497891, "집계구코드": 38100120030001, "읍면동": "경상남도_양산시_물금읍" }, "geometry": { "type": "Point", "coordinates": [ 129.013536360378794, 35.328039262001099 ] } },
{ "type": "Feature", "properties": { "결과": "O", "행정구역명": "양산시", "학원교습소명": "학원", "학원명": "스피드수학학원", "분야명": "입시.검정 및 보습", "교습계열명": "보통교과", "교습과정목록명": "보습,", "교습과정명": "보습", "도로명주소": "경상남도 양산시 물금읍 범구로 15", "도로명상세주소": ", 701호 (물금읍, 희윤스마티움)", "수정일자": 20231018, "X좌표": 1137564.58409317, "Y좌표": 1704658.15497891, "집계구코드": 38100120030001, "읍면동": "경상남도_양산시_물금읍" }, "geometry": { "type": "Point", "coordinates": [ 129.013536360378794, 35.328039262001099 ] } },
{ "type": "Feature", "properties": { "결과": "O", "행정구역명": "양산시", "학원교습소명": "학원", "학원명": "플랜에이독서실", "분야명": "독서실", "교습계열명": "독서", "교습과정목록명": "독서실(유아/초·중·고),", "교습과정명": "독서실(유아/초·중·고)", "도로명주소": "경상남도 양산시 물금읍 범구로 15", "도로명상세주소": ", 702호 일부, 703호 일부 (물금읍, 희윤스마티움)", "수정일자": 20231018, "X좌표": 1137564.58409317, "Y좌표": 1704658.15497891, "집계구코드": 38100120030001, "읍면동": "경상남도_양산시_물금읍" }, "geometry": { "type": "Point", "coordinates": [ 129.013536360378794, 35.328039262001099 ] } },
{ "type": "Feature", "properties": { "결과": "O", "행정구역명": "양산시", "학원교습소명": "학원", "학원명": "계명음악학원", "분야명": "예능(대)", "교습계열명": "예능(중)", "교습과정목록명": "음악", "교습과정명": "음악", "도로명주소": "경상남도 양산시 물금읍 범구로 23", "도로명상세주소": ", 오스타프라자 505호 (물금읍)", "수정일자": 20240121, "X좌표": 1137611.4091387901, "Y좌표": 1704611.2621881999, "집계구코드": 38100120030001, "읍면동": "경상남도_양산시_물금읍" }, "geometry": { "type": "Point", "coordinates": [ 129.014043503446828, 35.327610130084729 ] } },
{ "type": "Feature", "properties": { "결과": "O", "행정구역명": "양산시", "학원교습소명": "학원", "학원명": "아르떼키즈스피치학원", "분야명": "기타(대)", "교습계열명": "기타(중)", "교습과정목록명": "연극", "교습과정명": "연극", "도로명주소": "경상남도 양산시 물금읍 범구로 23", "도로명상세주소": "404호", "수정일자": 20240310, "X좌표": 1137611.4091387901, "Y좌표": 1704611.2621881999, "집계구코드": 38100120030001, "읍면동": "경상남도_양산시_물금읍" }, "geometry": { "type": "Point", "coordinates": [ 129.014043503446828, 35.327610130084729 ] } },
{ "type": "Feature", "properties": { "결과": "O", "행정구역명": "양산시", "학원교습소명": "학원", "학원명": "양산범어아소비학원", "분야명": "입시.검정 및 보습", "교습계열명": "보통교과", "교습과정목록명": "보습", "교습과정명": "보습", "도로명주소": "경상남도 양산시 물금읍 범구로 23", "도로명상세주소": ", 오스타프라자 204호 (물금읍)", "수정일자": 20250323, "X좌표": 1137611.4091387901, "Y좌표": 1704611.2621881999, "집계구코드": 38100120030001, "읍면동": "경상남도_양산시_물금읍" }, "geometry": { "type": "Point", "coordinates": [ 129.014043503446828, 35.327610130084729 ] } },
{ "type": "Feature", "properties": { "결과": "O", "행정구역명": "양산시", "학원교습소명": "학원", "학원명": "양산범어큐미르학원", "분야명": "입시.검정 및 보습", "교습계열명": "보통교과", "교습과정목록명": "보습", "교습과정명": "보습", "도로명주소": "경상남도 양산시 물금읍 범구로 23", "도로명상세주소": "오스타프라자 205호", "수정일자": 20250330, "X좌표": 1137611.4091387901, "Y좌표": 1704611.2621881999, "집계구코드": 38100120030001, "읍면동": "경상남도_양산시_물금읍" }, "geometry": { "type": "Point", "coordinates": [ 129.014043503446828, 35.327610130084729 ] } },
{ "type": "Feature", "properties": { "결과": "O", "행정구역명": "양산시", "학원교습소명": "학원", "학원명": "이디에이(EDA)드럼학원", "분야명": "예능(대)", "교습계열명": null, "교습과정목록명": null, "교습과정명": null, "도로명주소": "경상남도 양산시 물금읍 범구로 23", "도로명상세주소": "603호", "수정일자": 20240303, "X좌표": 1137611.4091387901, "Y좌표": 1704611.2621881999, "집계구코드": 38100120030001, "읍면동": "경상남도_양산시_물금읍" }, "geometry": { "type": "Point", "coordinates": [ 129.014043503446828, 35.327610130084729 ] } },
{ "type": "Feature", "properties": { "결과": "O", "행정구역명": "양산시", "학원교습소명": "학원", "학원명": "작문영어학원", "분야명": "국제화", "교습계열명": null, "교습과정목록명": null, "교습과정명": null, "도로명주소": "경상남도 양산시 물금읍 범구로 23", "도로명상세주소": "오스타프라자 405호", "수정일자": 20260201, "X좌표": 1137611.4091387901, "Y좌표": 1704611.2621881999, "집계구코드": 38100120030001, "읍면동": "경상남도_양산시_물금읍" }, "geometry": { "type": "Point", "coordinates": [ 129.014043503446828, 35.327610130084729 ] } },
{ "type": "Feature", "properties": { "결과": "O", "행정구역명": "양산시", "학원교습소명": "학원", "학원명": "참샘수학학원", "분야명": "입시.검정 및 보습", "교습계열명": "보통교과", "교습과정목록명": "보습", "교습과정명": "보습", "도로명주소": "경상남도 양산시 물금읍 범구로 23", "도로명상세주소": ", 202호 (물금읍)", "수정일자": 20250921, "X좌표": 1137611.4091387901, "Y좌표": 1704611.2621881999, "집계구코드": 38100120030001, "읍면동": "경상남도_양산시_물금읍" }, "geometry": { "type": "Point", "coordinates": [ 129.014043503446828, 35.327610130084729 ] } },
{ "type": "Feature", "properties": { "결과": "O", "행정구역명": "양산시", "학원교습소명": "교습소", "학원명": "과외1수학교습소", "분야명": "입시.검정 및 보습", "교습계열명": null, "교습과정목록명": null, "교습과정명": null, "도로명주소": "경상남도 양산시 물금읍 범구로 25", "도로명상세주소": "302호 좌측 일부", "수정일자": 20251026, "X좌표": 1137633.0754311699, "Y좌표": 1704588.4789072999, "집계구코드": 38100120030001, "읍면동": "경상남도_양산시_물금읍" }, "geometry": { "type": "Point", "coordinates": [ 129.014277977924962, 35.327401781154009 ] } },
{ "type": "Feature", "properties": { "결과": "O", "행정구역명": "양산시", "학원교습소명": "교습소", "학원명": "원더영어교습소", "분야명": "입시.검정 및 보습", "교습계열명": "보통교과", "교습과정목록명": "중등영어기본", "교습과정명": "보습", "도로명주소": "경상남도 양산시 물금읍 범구로 25", "도로명상세주소": "디온플레이스메디빌딩 302호 중 우측일부", "수정일자": 20260517, "X좌표": 1137633.0754311699, "Y좌표": 1704588.4789072999, "집계구코드": 38100120030001, "읍면동": "경상남도_양산시_물금읍" }, "geometry": { "type": "Point", "coordinates": [ 129.014277977924962, 35.327401781154009 ] } },
{ "type": "Feature", "properties": { "결과": "O", "행정구역명": "양산시", "학원교습소명": "학원", "학원명": "S·Y뮤지컬&성악아카데미학원", "분야명": "예능(대)", "교습계열명": "예능(중)", "교습과정목록명": null, "교습과정명": "음악", "도로명주소": "경상남도 양산시 물금읍 범구로 25", "도로명상세주소": ", 201호 (물금읍)", "수정일자": 20231018, "X좌표": 1137633.0754311699, "Y좌표": 1704588.4789072999, "집계구코드": 38100120030001, "읍면동": "경상남도_양산시_물금읍" }, "geometry": { "type": "Point", "coordinates": [ 129.014277977924962, 35.327401781154009 ] } },
{ "type": "Feature", "properties": { "결과": "O", "행정구역명": "양산시", "학원교습소명": "학원", "학원명": "청담독서실", "분야명": "독서실", "교습계열명": "독서", "교습과정목록명": null, "교습과정명": "독서실(유아/초·중·고)", "도로명주소": "경상남도 양산시 물금읍 범구로 25", "도로명상세주소": ", 디온플레이스&메디 근린생활시설 502호 및 501호(일부) (물금읍)", "수정일자": 20231018, "X좌표": 1137633.0754311699, "Y좌표": 1704588.4789072999, "집계구코드": 38100120030001, "읍면동": "경상남도_양산시_물금읍" }, "geometry": { "type": "Point", "coordinates": [ 129.014277977924962, 35.327401781154009 ] } },
{ "type": "Feature", "properties": { "결과": "O", "행정구역명": "양산시", "학원교습소명": "학원", "학원명": "일신칸타빌레음악학원", "분야명": "예능(대)", "교습계열명": "예능(중)", "교습과정목록명": "음악,", "교습과정명": "음악", "도로명주소": "경상남도 양산시 물금읍 범어로 13", "도로명상세주소": ", 상가동 107호 (물금읍, 일신건영휴먼빌)", "수정일자": 20231018, "X좌표": 1137326.1767466101, "Y좌표": 1705131.8964990601, "집계구코드": 38100120010403, "읍면동": "경상남도_양산시_물금읍" }, "geometry": { "type": "Point", "coordinates": [ 129.010993612402814, 35.332342280848316 ] } },
{ "type": "Feature", "properties": { "결과": "O", "행정구역명": "양산시", "학원교습소명": "교습소", "학원명": "예솔피아노교습소", "분야명": "예능(대)", "교습계열명": "예능(중)", "교습과정목록명": "피아노초급 A", "교습과정명": "음악", "도로명주소": "경상남도 양산시 물금읍 범어로 29", "도로명상세주소": ", 203호, 204호 (물금읍, 효성백년가약아파트 상가)", "수정일자": 20260308, "X좌표": 1137444.28306595, "Y좌표": 1704999.1045416601, "집계구코드": 38100120010303, "읍면동": "경상남도_양산시_물금읍" }, "geometry": { "type": "Point", "coordinates": [ 129.01227042685295, 35.331129074009276 ] } },
{ "type": "Feature", "properties": { "결과": "O", "행정구역명": "양산시", "학원교습소명": "학원", "학원명": "TOP솔루션학원", "분야명": "입시.검정 및 보습", "교습계열명": "보통교과", "교습과정목록명": "보습", "교습과정명": "보습", "도로명주소": "경상남도 양산시 물금읍 범어로 29", "도로명상세주소": ",  상가동 201,202호 (물금읍, 효성백년가약아파트 상가)", "수정일자": 20260308, "X좌표": 1137444.28306595, "Y좌표": 1704999.1045416601, "집계구코드": 38100120010303, "읍면동": "경상남도_양산시_물금읍" }, "geometry": { "type": "Point", "coordinates": [ 129.01227042685295, 35.331129074009276 ] } },
{ "type": "Feature", "properties": { "결과": "O", "행정구역명": "양산시", "학원교습소명": "학원", "학원명": "US영어학원", "분야명": "입시.검정 및 보습", "교습계열명": "보통교과", "교습과정목록명": "보습", "교습과정명": "보습", "도로명주소": "경상남도 양산시 물금읍 범어로 29", "도로명상세주소": ", 205호, 206호, 207호 (물금읍, 효성백년가약아파트 상가)", "수정일자": 20250302, "X좌표": 1137444.28306595, "Y좌표": 1704999.1045416601, "집계구코드": 38100120010303, "읍면동": "경상남도_양산시_물금읍" }, "geometry": { "type": "Point", "coordinates": [ 129.01227042685295, 35.331129074009276 ] } },
{ "type": "Feature", "properties": { "결과": "O", "행정구역명": "양산시", "학원교습소명": "학원", "학원명": "더울림음악학원", "분야명": "예능(대)", "교습계열명": "예능(중)", "교습과정목록명": "음악", "교습과정명": "음악", "도로명주소": "경상남도 양산시 물금읍 범어로 60", "도로명상세주소": ", 청암프라자 504호 (물금읍)", "수정일자": 20240303, "X좌표": 1137612.4371372501, "Y좌표": 1704759.0844318001, "집계구코드": 38100120030001, "읍면동": "경상남도_양산시_물금읍" }, "geometry": { "type": "Point", "coordinates": [ 129.014079661062766, 35.328942427798452 ] } },
{ "type": "Feature", "properties": { "결과": "O", "행정구역명": "양산시", "학원교습소명": "학원", "학원명": "도하무용학원", "분야명": "예능(대)", "교습계열명": "예능(중)", "교습과정목록명": "무용,", "교습과정명": "무용", "도로명주소": "경상남도 양산시 물금읍 범어로 60", "도로명상세주소": ", 청암프라자 501호 (물금읍)", "수정일자": 20231018, "X좌표": 1137612.4371372501, "Y좌표": 1704759.0844318001, "집계구코드": 38100120030001, "읍면동": "경상남도_양산시_물금읍" }, "geometry": { "type": "Point", "coordinates": [ 129.014079661062766, 35.328942427798452 ] } },
{ "type": "Feature", "properties": { "결과": "O", "행정구역명": "양산시", "학원교습소명": "학원", "학원명": "범어세경학원", "분야명": "입시.검정 및 보습", "교습계열명": "보통교과", "교습과정목록명": "보습", "교습과정명": "보습", "도로명주소": "경상남도 양산시 물금읍 범어로 60", "도로명상세주소": ", 803호 (물금읍)", "수정일자": 20231127, "X좌표": 1137612.4371372501, "Y좌표": 1704759.0844318001, "집계구코드": 38100120030001, "읍면동": "경상남도_양산시_물금읍" }, "geometry": { "type": "Point", "coordinates": [ 129.014079661062766, 35.328942427798452 ] } },
{ "type": "Feature", "properties": { "결과": "O", "행정구역명": "양산시", "학원교습소명": "학원", "학원명": "성민국영수학원", "분야명": "입시.검정 및 보습", "교습계열명": "보통교과", "교습과정목록명": "보습", "교습과정명": "보습", "도로명주소": "경상남도 양산시 물금읍 범어로 60", "도로명상세주소": ", 603호 (물금읍)", "수정일자": 20241006, "X좌표": 1137612.4371372501, "Y좌표": 1704759.0844318001, "집계구코드": 38100120030001, "읍면동": "경상남도_양산시_물금읍" }, "geometry": { "type": "Point", "coordinates": [ 129.014079661062766, 35.328942427798452 ] } },
{ "type": "Feature", "properties": { "결과": "O", "행정구역명": "양산시", "학원교습소명": "학원", "학원명": "스카이영어전문어학원", "분야명": "국제화", "교습계열명": "외국어", "교습과정목록명": "실용외국어(유아/초·중·고),", "교습과정명": "실용외국어(유아/초·중·고)", "도로명주소": "경상남도 양산시 물금읍 범어로 60", "도로명상세주소": ", 401호 (물금읍)", "수정일자": 20231018, "X좌표": 1137612.4371372501, "Y좌표": 1704759.0844318001, "집계구코드": 38100120030001, "읍면동": "경상남도_양산시_물금읍" }, "geometry": { "type": "Point", "coordinates": [ 129.014079661062766, 35.328942427798452 ] } },
{ "type": "Feature", "properties": { "결과": "O", "행정구역명": "양산시", "학원교습소명": "학원", "학원명": "에이블수학전문학원", "분야명": "입시.검정 및 보습", "교습계열명": null, "교습과정목록명": null, "교습과정명": null, "도로명주소": "경상남도 양산시 물금읍 범어로 60", "도로명상세주소": ", 4층", "수정일자": 20260111, "X좌표": 1137612.4371372501, "Y좌표": 1704759.0844318001, "집계구코드": 38100120030001, "읍면동": "경상남도_양산시_물금읍" }, "geometry": { "type": "Point", "coordinates": [ 129.014079661062766, 35.328942427798452 ] } },
{ "type": "Feature", "properties": { "결과": "O", "행정구역명": "양산시", "학원교습소명": "학원", "학원명": "제이엠수학전문학원", "분야명": "입시.검정 및 보습", "교습계열명": "보통교과", "교습과정목록명": "보습", "교습과정명": "보습", "도로명주소": "경상남도 양산시 물금읍 범어로 60", "도로명상세주소": ", 403호 (물금읍)", "수정일자": 20240519, "X좌표": 1137612.4371372501, "Y좌표": 1704759.0844318001, "집계구코드": 38100120030001, "읍면동": "경상남도_양산시_물금읍" }, "geometry": { "type": "Point", "coordinates": [ 129.014079661062766, 35.328942427798452 ] } },
{ "type": "Feature", "properties": { "결과": "O", "행정구역명": "양산시", "학원교습소명": "학원", "학원명": "한양영수과외학원", "분야명": "입시.검정 및 보습", "교습계열명": "보통교과", "교습과정목록명": "보습", "교습과정명": "보습", "도로명주소": "경상남도 양산시 물금읍 범어로 60", "도로명상세주소": ", 601호 (물금읍)", "수정일자": 20260308, "X좌표": 1137612.4371372501, "Y좌표": 1704759.0844318001, "집계구코드": 38100120030001, "읍면동": "경상남도_양산시_물금읍" }, "geometry": { "type": "Point", "coordinates": [ 129.014079661062766, 35.328942427798452 ] } },
{ "type": "Feature", "properties": { "결과": "O", "행정구역명": "양산시", "학원교습소명": "학원", "학원명": "해피아이즈학원", "분야명": "기타(대)", "교습계열명": null, "교습과정목록명": null, "교습과정명": null, "도로명주소": "경상남도 양산시 물금읍 범어로 60", "도로명상세주소": ", 503호", "수정일자": 20250803, "X좌표": 1137612.4371372501, "Y좌표": 1704759.0844318001, "집계구코드": 38100120030001, "읍면동": "경상남도_양산시_물금읍" }, "geometry": { "type": "Point", "coordinates": [ 129.014079661062766, 35.328942427798452 ] } },
{ "type": "Feature", "properties": { "결과": "O", "행정구역명": "양산시", "학원교습소명": "학원", "학원명": "GnB어학원범어캠퍼스학원", "분야명": "국제화", "교습계열명": "외국어", "교습과정목록명": "실용외국어(유아/초·중·고)", "교습과정명": "실용외국어(유아/초·중·고)", "도로명주소": "경상남도 양산시 물금읍 범어로 62", "도로명상세주소": ", 502호 (물금읍, 치선타운)", "수정일자": 20240310, "X좌표": 1137633.6897519201, "Y좌표": 1704737.35954789, "집계구코드": 38100120030001, "읍면동": "경상남도_양산시_물금읍" }, "geometry": { "type": "Point", "coordinates": [ 129.01430976707195, 35.328743675921544 ] } },
{ "type": "Feature", "properties": { "결과": "O", "행정구역명": "양산시", "학원교습소명": "학원", "학원명": "공감:IN학원", "분야명": "입시.검정 및 보습", "교습계열명": "보통교과", "교습과정목록명": "보습", "교습과정명": "보습", "도로명주소": "경상남도 양산시 물금읍 범어로 62", "도로명상세주소": ", 204호 (물금읍, 치선타운)", "수정일자": 20250720, "X좌표": 1137633.6897519201, "Y좌표": 1704737.35954789, "집계구코드": 38100120030001, "읍면동": "경상남도_양산시_물금읍" }, "geometry": { "type": "Point", "coordinates": [ 129.01430976707195, 35.328743675921544 ] } },
{ "type": "Feature", "properties": { "결과": "O", "행정구역명": "양산시", "학원교습소명": "학원", "학원명": "미래탐구타임투라이즈어학원", "분야명": "종합(대)", "교습계열명": null, "교습과정목록명": "보습,", "교습과정명": null, "도로명주소": "경상남도 양산시 물금읍 범어로 62", "도로명상세주소": ", 702호일부, 703호, 704호 (물금읍, 치선타운)", "수정일자": 20251026, "X좌표": 1137633.6897519201, "Y좌표": 1704737.35954789, "집계구코드": 38100120030001, "읍면동": "경상남도_양산시_물금읍" }, "geometry": { "type": "Point", "coordinates": [ 129.01430976707195, 35.328743675921544 ] } },
{ "type": "Feature", "properties": { "결과": "O", "행정구역명": "양산시", "학원교습소명": "학원", "학원명": "서울명성학원", "분야명": "입시.검정 및 보습", "교습계열명": "보통교과", "교습과정목록명": "보습", "교습과정명": "보습", "도로명주소": "경상남도 양산시 물금읍 범어로 62", "도로명상세주소": ",2층 205호( 치선타운, 물금읍)", "수정일자": 20260816, "X좌표": 1137633.6897519201, "Y좌표": 1704737.35954789, "집계구코드": 38100120030001, "읍면동": "경상남도_양산시_물금읍" }, "geometry": { "type": "Point", "coordinates": [ 129.01430976707195, 35.328743675921544 ] } },
{ "type": "Feature", "properties": { "결과": "O", "행정구역명": "양산시", "학원교습소명": "학원", "학원명": "애니포스만화학원", "분야명": "예능(대)", "교습계열명": null, "교습과정목록명": null, "교습과정명": null, "도로명주소": "경상남도 양산시 물금읍 범어로 62", "도로명상세주소": "202호, 203호", "수정일자": 20250803, "X좌표": 1137633.6897519201, "Y좌표": 1704737.35954789, "집계구코드": 38100120030001, "읍면동": "경상남도_양산시_물금읍" }, "geometry": { "type": "Point", "coordinates": [ 129.01430976707195, 35.328743675921544 ] } },
{ "type": "Feature", "properties": { "결과": "O", "행정구역명": "양산시", "학원교습소명": "학원", "학원명": "이에이치영어학원", "분야명": "입시.검정 및 보습", "교습계열명": null, "교습과정목록명": null, "교습과정명": null, "도로명주소": "경상남도 양산시 물금읍 범어로 62", "도로명상세주소": ", 201호", "수정일자": 20251123, "X좌표": 1137633.6897519201, "Y좌표": 1704737.35954789, "집계구코드": 38100120030001, "읍면동": "경상남도_양산시_물금읍" }, "geometry": { "type": "Point", "coordinates": [ 129.01430976707195, 35.328743675921544 ] } },
{ "type": "Feature", "properties": { "결과": "O", "행정구역명": "양산시", "학원교습소명": "학원", "학원명": "젠실용음악학원", "분야명": "예능(대)", "교습계열명": "예능(중)", "교습과정목록명": "음악,", "교습과정명": "음악", "도로명주소": "경상남도 양산시 물금읍 범어로 62", "도로명상세주소": ", 501호 (물금읍, 치선타운)", "수정일자": 20231018, "X좌표": 1137633.6897519201, "Y좌표": 1704737.35954789, "집계구코드": 38100120030001, "읍면동": "경상남도_양산시_물금읍" }, "geometry": { "type": "Point", "coordinates": [ 129.01430976707195, 35.328743675921544 ] } },
{ "type": "Feature", "properties": { "결과": "O", "행정구역명": "양산시", "학원교습소명": "학원", "학원명": "참좋은과외전문학원", "분야명": "입시.검정 및 보습", "교습계열명": "보통교과", "교습과정목록명": "보습", "교습과정명": "보습", "도로명주소": "경상남도 양산시 물금읍 범어로 62", "도로명상세주소": "801호, 802호, 803호 (물금읍, 치선타운)", "수정일자": 20260517, "X좌표": 1137633.6897519201, "Y좌표": 1704737.35954789, "집계구코드": 38100120030001, "읍면동": "경상남도_양산시_물금읍" }, "geometry": { "type": "Point", "coordinates": [ 129.01430976707195, 35.328743675921544 ] } },
{ "type": "Feature", "properties": { "결과": "O", "행정구역명": "양산시", "학원교습소명": "학원", "학원명": "참좋은학원", "분야명": "입시.검정 및 보습", "교습계열명": "보통교과", "교습과정목록명": "보습", "교습과정명": "보습", "도로명주소": "경상남도 양산시 물금읍 범어로 62", "도로명상세주소": ", 504호, 505호, 601호 (물금읍, 치선타운)", "수정일자": 20260517, "X좌표": 1137633.6897519201, "Y좌표": 1704737.35954789, "집계구코드": 38100120030001, "읍면동": "경상남도_양산시_물금읍" }, "geometry": { "type": "Point", "coordinates": [ 129.01430976707195, 35.328743675921544 ] } },
{ "type": "Feature", "properties": { "결과": "O", "행정구역명": "양산시", "학원교습소명": "학원", "학원명": "추선생수학영어과학학원", "분야명": "입시.검정 및 보습", "교습계열명": "보통교과", "교습과정목록명": null, "교습과정명": "보습", "도로명주소": "경상남도 양산시 물금읍 범어로 62", "도로명상세주소": ", 401호 (물금읍, 치선타운)", "수정일자": 20231018, "X좌표": 1137633.6897519201, "Y좌표": 1704737.35954789, "집계구코드": 38100120030001, "읍면동": "경상남도_양산시_물금읍" }, "geometry": { "type": "Point", "coordinates": [ 129.01430976707195, 35.328743675921544 ] } },
{ "type": "Feature", "properties": { "결과": "O", "행정구역명": "양산시", "학원교습소명": "학원", "학원명": "코끼리의미술가방미술학원", "분야명": "예능(대)", "교습계열명": "예능(중)", "교습과정목록명": "미술", "교습과정명": "미술", "도로명주소": "경상남도 양산시 물금읍 범어로 62", "도로명상세주소": ", 402호 (물금읍, 치선타운)", "수정일자": 20250622, "X좌표": 1137633.6897519201, "Y좌표": 1704737.35954789, "집계구코드": 38100120030001, "읍면동": "경상남도_양산시_물금읍" }, "geometry": { "type": "Point", "coordinates": [ 129.01430976707195, 35.328743675921544 ] } },
{ "type": "Feature", "properties": { "결과": "O", "행정구역명": "양산시", "학원교습소명": "학원", "학원명": "패럴랙스영수학원", "분야명": "입시.검정 및 보습", "교습계열명": "보통교과", "교습과정목록명": "보습", "교습과정명": "보습", "도로명주소": "경상남도 양산시 물금읍 범어로 62", "도로명상세주소": ", 치선타운 701호 (물금읍)", "수정일자": 20240714, "X좌표": 1137633.6897519201, "Y좌표": 1704737.35954789, "집계구코드": 38100120030001, "읍면동": "경상남도_양산시_물금읍" }, "geometry": { "type": "Point", "coordinates": [ 129.01430976707195, 35.328743675921544 ] } },
{ "type": "Feature", "properties": { "결과": "O", "행정구역명": "양산시", "학원교습소명": "학원", "학원명": "헤럴드어학원", "분야명": "종합(대)", "교습계열명": null, "교습과정목록명": "실용외국어(유아/초·중·고)", "교습과정명": null, "도로명주소": "경상남도 양산시 물금읍 범어로 62", "도로명상세주소": ", 304호 (물금읍, 치선타운)", "수정일자": 20250504, "X좌표": 1137633.6897519201, "Y좌표": 1704737.35954789, "집계구코드": 38100120030001, "읍면동": "경상남도_양산시_물금읍" }, "geometry": { "type": "Point", "coordinates": [ 129.01430976707195, 35.328743675921544 ] } },
{ "type": "Feature", "properties": { "결과": "O", "행정구역명": "양산시", "학원교습소명": "학원", "학원명": "깊은셈수학원", "분야명": "입시.검정 및 보습", "교습계열명": "보통교과", "교습과정목록명": "보습", "교습과정명": "보습", "도로명주소": "경상남도 양산시 물금읍 범어로 64", "도로명상세주소": ", 한양프라자 401호 일부(\"404호\") (물금읍)", "수정일자": 20260308, "X좌표": 1137655.53563231, "Y좌표": 1704714.6914085101, "집계구코드": 38100120030001, "읍면동": "경상남도_양산시_물금읍" }, "geometry": { "type": "Point", "coordinates": [ 129.01454623866681, 35.328536339558994 ] } },
{ "type": "Feature", "properties": { "결과": "O", "행정구역명": "양산시", "학원교습소명": "학원", "학원명": "수학발전소학원", "분야명": "입시.검정 및 보습", "교습계열명": "보통교과", "교습과정목록명": "보습", "교습과정명": "보습", "도로명주소": "경상남도 양산시 물금읍 범어로 64", "도로명상세주소": ", 한양프라자 702호 (물금읍)", "수정일자": 20260906, "X좌표": 1137655.53563231, "Y좌표": 1704714.6914085101, "집계구코드": 38100120030001, "읍면동": "경상남도_양산시_물금읍" }, "geometry": { "type": "Point", "coordinates": [ 129.01454623866681, 35.328536339558994 ] } },
{ "type": "Feature", "properties": { "결과": "O", "행정구역명": "양산시", "학원교습소명": "학원", "학원명": "위너스영어학원", "분야명": "입시.검정 및 보습", "교습계열명": "보통교과", "교습과정목록명": "보습", "교습과정명": "보습", "도로명주소": "경상남도 양산시 물금읍 범어로 64", "도로명상세주소": ", 501-1호 (물금읍, 한양프라자)", "수정일자": 20260215, "X좌표": 1137655.53563231, "Y좌표": 1704714.6914085101, "집계구코드": 38100120030001, "읍면동": "경상남도_양산시_물금읍" }, "geometry": { "type": "Point", "coordinates": [ 129.01454623866681, 35.328536339558994 ] } },
{ "type": "Feature", "properties": { "결과": "O", "행정구역명": "양산시", "학원교습소명": "학원", "학원명": "윤선생IGSE아카데미양산물금학원", "분야명": "입시.검정 및 보습", "교습계열명": "보통교과", "교습과정목록명": "보습", "교습과정명": "보습", "도로명주소": "경상남도 양산시 물금읍 범어로 64", "도로명상세주소": ", 403호 (물금읍, 한양프라자)", "수정일자": 20240929, "X좌표": 1137655.53563231, "Y좌표": 1704714.6914085101, "집계구코드": 38100120030001, "읍면동": "경상남도_양산시_물금읍" }, "geometry": { "type": "Point", "coordinates": [ 129.01454623866681, 35.328536339558994 ] } },
{ "type": "Feature", "properties": { "결과": "O", "행정구역명": "양산시", "학원교습소명": "학원", "학원명": "컨트롤수학X프리즌관리형학원", "분야명": "입시.검정 및 보습", "교습계열명": null, "교습과정목록명": null, "교습과정명": null, "도로명주소": "경상남도 양산시 물금읍 범어로 64", "도로명상세주소": "502호", "수정일자": 20260405, "X좌표": 1137655.53563231, "Y좌표": 1704714.6914085101, "집계구코드": 38100120030001, "읍면동": "경상남도_양산시_물금읍" }, "geometry": { "type": "Point", "coordinates": [ 129.01454623866681, 35.328536339558994 ] } },
{ "type": "Feature", "properties": { "결과": "O", "행정구역명": "양산시", "학원교습소명": "학원", "학원명": "키포인트영수학원", "분야명": "입시.검정 및 보습", "교습계열명": "보통교과", "교습과정목록명": "보습", "교습과정명": "보습", "도로명주소": "경상남도 양산시 물금읍 범어로 64", "도로명상세주소": ", 501-2호 (물금읍, 한양프라자)", "수정일자": 20260412, "X좌표": 1137655.53563231, "Y좌표": 1704714.6914085101, "집계구코드": 38100120030001, "읍면동": "경상남도_양산시_물금읍" }, "geometry": { "type": "Point", "coordinates": [ 129.01454623866681, 35.328536339558994 ] } },
{ "type": "Feature", "properties": { "결과": "O", "행정구역명": "양산시", "학원교습소명": "학원", "학원명": "펜타영어학원", "분야명": "입시.검정 및 보습", "교습계열명": "보통교과", "교습과정목록명": "보습", "교습과정명": "보습", "도로명주소": "경상남도 양산시 물금읍 범어로 64", "도로명상세주소": "한양프라자 503호", "수정일자": 20260816, "X좌표": 1137655.53563231, "Y좌표": 1704714.6914085101, "집계구코드": 38100120030001, "읍면동": "경상남도_양산시_물금읍" }, "geometry": { "type": "Point", "coordinates": [ 129.01454623866681, 35.328536339558994 ] } },
{ "type": "Feature", "properties": { "결과": "O", "행정구역명": "양산시", "학원교습소명": "학원", "학원명": "해냄학원", "분야명": "입시.검정 및 보습", "교습계열명": "보통교과", "교습과정목록명": "보습", "교습과정명": "보습", "도로명주소": "경상남도 양산시 물금읍 범어로 64", "도로명상세주소": ", 401호 (물금읍, 한양프라자)", "수정일자": 20241215, "X좌표": 1137655.53563231, "Y좌표": 1704714.6914085101, "집계구코드": 38100120030001, "읍면동": "경상남도_양산시_물금읍" }, "geometry": { "type": "Point", "coordinates": [ 129.01454623866681, 35.328536339558994 ] } },
{ "type": "Feature", "properties": { "결과": "O", "행정구역명": "양산시", "학원교습소명": "학원", "학원명": "남경태수학전문학원", "분야명": "입시.검정 및 보습", "교습계열명": null, "교습과정목록명": null, "교습과정명": null, "도로명주소": "경상남도 양산시 물금읍 범어로 70", "도로명상세주소": "201호 일부", "수정일자": 20250330, "X좌표": 1137685.6012418801, "Y좌표": 1704691.771405, "집계구코드": 38100120030001, "읍면동": "경상남도_양산시_물금읍" }, "geometry": { "type": "Point", "coordinates": [ 129.014873075323095, 35.328325599501625 ] } },
{ "type": "Feature", "properties": { "결과": "O", "행정구역명": "양산시", "학원교습소명": "학원", "학원명": "모아독서실", "분야명": "독서실", "교습계열명": "독서", "교습과정목록명": "독서실,독서실(유아/초·중·고)", "교습과정명": "독서실", "도로명주소": "경상남도 양산시 물금읍 범어로 70", "도로명상세주소": ", 2층 (물금읍)", "수정일자": 20231217, "X좌표": 1137685.6012418801, "Y좌표": 1704691.771405, "집계구코드": 38100120030001, "읍면동": "경상남도_양산시_물금읍" }, "geometry": { "type": "Point", "coordinates": [ 129.014873075323095, 35.328325599501625 ] } },
{ "type": "Feature", "properties": { "결과": "O", "행정구역명": "양산시", "학원교습소명": "학원", "학원명": "공부의철인학원", "분야명": "입시.검정 및 보습", "교습계열명": "보통교과", "교습과정목록명": "보습", "교습과정명": "보습", "도로명주소": "경상남도 양산시 물금읍 범어로 72", "도로명상세주소": ", 희창1 402호, 403호 (물금읍)", "수정일자": 20251026, "X좌표": 1137702.3697281401, "Y좌표": 1704669.2790536201, "집계구코드": 38100120030001, "읍면동": "경상남도_양산시_물금읍" }, "geometry": { "type": "Point", "coordinates": [ 129.015053727828558, 35.328120546585659 ] } },
{ "type": "Feature", "properties": { "결과": "O", "행정구역명": "양산시", "학원교습소명": "학원", "학원명": "김민의대관학원", "분야명": "입시.검정 및 보습", "교습계열명": "보통교과", "교습과정목록명": "보습", "교습과정명": "보습", "도로명주소": "경상남도 양산시 물금읍 범어로 72", "도로명상세주소": ", 희창빌딩1 803호 (물금읍)", "수정일자": 20251026, "X좌표": 1137702.3697281401, "Y좌표": 1704669.2790536201, "집계구코드": 38100120030001, "읍면동": "경상남도_양산시_물금읍" }, "geometry": { "type": "Point", "coordinates": [ 129.015053727828558, 35.328120546585659 ] } },
{ "type": "Feature", "properties": { "결과": "O", "행정구역명": "양산시", "학원교습소명": "학원", "학원명": "백샘국영수학원", "분야명": "입시.검정 및 보습", "교습계열명": "보통교과", "교습과정목록명": "보습", "교습과정명": "보습", "도로명주소": "경상남도 양산시 물금읍 범어로 72", "도로명상세주소": ", 희창1 501호 (물금읍)", "수정일자": 20260322, "X좌표": 1137702.3697281401, "Y좌표": 1704669.2790536201, "집계구코드": 38100120030001, "읍면동": "경상남도_양산시_물금읍" }, "geometry": { "type": "Point", "coordinates": [ 129.015053727828558, 35.328120546585659 ] } },
{ "type": "Feature", "properties": { "결과": "O", "행정구역명": "양산시", "학원교습소명": "학원", "학원명": "백샘플러스국영수학원", "분야명": "입시.검정 및 보습", "교습계열명": "보통교과", "교습과정목록명": "보습", "교습과정명": "보습", "도로명주소": "경상남도 양산시 물금읍 범어로 72", "도로명상세주소": ", 희창1빌딩 602호 (물금읍)", "수정일자": 20260322, "X좌표": 1137702.3697281401, "Y좌표": 1704669.2790536201, "집계구코드": 38100120030001, "읍면동": "경상남도_양산시_물금읍" }, "geometry": { "type": "Point", "coordinates": [ 129.015053727828558, 35.328120546585659 ] } },
{ "type": "Feature", "properties": { "결과": "O", "행정구역명": "양산시", "학원교습소명": "학원", "학원명": "양산에이닷영어학원", "분야명": "입시.검정 및 보습", "교습계열명": "보통교과", "교습과정목록명": "보습", "교습과정명": "보습", "도로명주소": "경상남도 양산시 물금읍 범어로 72", "도로명상세주소": ", 희창1빌딩 701호 (물금읍)", "수정일자": 20260809, "X좌표": 1137702.3697281401, "Y좌표": 1704669.2790536201, "집계구코드": 38100120030001, "읍면동": "경상남도_양산시_물금읍" }, "geometry": { "type": "Point", "coordinates": [ 129.015053727828558, 35.328120546585659 ] } },
{ "type": "Feature", "properties": { "결과": "O", "행정구역명": "양산시", "학원교습소명": "학원", "학원명": "에듀케레바른학습관독서실", "분야명": "독서실", "교습계열명": "독서", "교습과정목록명": "독서실(유아/초·중·고)", "교습과정명": "독서실(유아/초·중·고)", "도로명주소": "경상남도 양산시 물금읍 범어로 72", "도로명상세주소": "희창1빌딩 601호 ", "수정일자": 20240428, "X좌표": 1137702.3697281401, "Y좌표": 1704669.2790536201, "집계구코드": 38100120030001, "읍면동": "경상남도_양산시_물금읍" }, "geometry": { "type": "Point", "coordinates": [ 129.015053727828558, 35.328120546585659 ] } },
{ "type": "Feature", "properties": { "결과": "O", "행정구역명": "양산시", "학원교습소명": "학원", "학원명": "에듀케레영어수학학원", "분야명": "입시.검정 및 보습", "교습계열명": "보통교과", "교습과정목록명": "보습,진학지도", "교습과정명": "보습", "도로명주소": "경상남도 양산시 물금읍 범어로 72", "도로명상세주소": ", 603호 (물금읍)", "수정일자": 20251005, "X좌표": 1137702.3697281401, "Y좌표": 1704669.2790536201, "집계구코드": 38100120030001, "읍면동": "경상남도_양산시_물금읍" }, "geometry": { "type": "Point", "coordinates": [ 129.015053727828558, 35.328120546585659 ] } },
{ "type": "Feature", "properties": { "결과": "O", "행정구역명": "양산시", "학원교습소명": "학원", "학원명": "엠베스트SE학원", "분야명": "입시.검정 및 보습", "교습계열명": "보통교과", "교습과정목록명": "보습", "교습과정명": "보습", "도로명주소": "경상남도 양산시 물금읍 범어로 72", "도로명상세주소": ", 희창1 903호 (물금읍)", "수정일자": 20250316, "X좌표": 1137702.3697281401, "Y좌표": 1704669.2790536201, "집계구코드": 38100120030001, "읍면동": "경상남도_양산시_물금읍" }, "geometry": { "type": "Point", "coordinates": [ 129.015053727828558, 35.328120546585659 ] } },
{ "type": "Feature", "properties": { "결과": "O", "행정구역명": "양산시", "학원교습소명": "학원", "학원명": "이음영어학원", "분야명": "입시.검정 및 보습", "교습계열명": "보통교과", "교습과정목록명": "보습", "교습과정명": "보습", "도로명주소": "경상남도 양산시 물금읍 범어로 72", "도로명상세주소": ", 희창1 801호 (물금읍)", "수정일자": 20250907, "X좌표": 1137702.3697281401, "Y좌표": 1704669.2790536201, "집계구코드": 38100120030001, "읍면동": "경상남도_양산시_물금읍" }, "geometry": { "type": "Point", "coordinates": [ 129.015053727828558, 35.328120546585659 ] } },
{ "type": "Feature", "properties": { "결과": "O", "행정구역명": "양산시", "학원교습소명": "학원", "학원명": "코렘어학원ICT관학원", "분야명": "종합(대)", "교습계열명": null, "교습과정목록명": "보습,실용외국어(유아/초·중·고)", "교습과정명": null, "도로명주소": "경상남도 양산시 물금읍 범어로 72", "도로명상세주소": "희창1빌딩 1001호, 1002호, 1003호", "수정일자": 20260628, "X좌표": 1137702.3697281401, "Y좌표": 1704669.2790536201, "집계구코드": 38100120030001, "읍면동": "경상남도_양산시_물금읍" }, "geometry": { "type": "Point", "coordinates": [ 129.015053727828558, 35.328120546585659 ] } },
{ "type": "Feature", "properties": { "결과": "O", "행정구역명": "양산시", "학원교습소명": "학원", "학원명": "템퍼스관리형학원", "분야명": "입시.검정 및 보습", "교습계열명": "보통교과", "교습과정목록명": "보습", "교습과정명": "보습", "도로명주소": "경상남도 양산시 물금읍 범어로 72", "도로명상세주소": "702호", "수정일자": 20260111, "X좌표": 1137702.3697281401, "Y좌표": 1704669.2790536201, "집계구코드": 38100120030001, "읍면동": "경상남도_양산시_물금읍" }, "geometry": { "type": "Point", "coordinates": [ 129.015053727828558, 35.328120546585659 ] } },
{ "type": "Feature", "properties": { "결과": "O", "행정구역명": "양산시", "학원교습소명": "학원", "학원명": "헤세드어학원", "분야명": "국제화", "교습계열명": "외국어", "교습과정목록명": "실용외국어(유아/초·중·고)", "교습과정명": "실용외국어(유아/초·중·고)", "도로명주소": "경상남도 양산시 물금읍 범어로 76", "도로명상세주소": ", 201호 (물금읍, 네오코아)", "수정일자": 20240630, "X좌표": 1137725.4486430499, "Y좌표": 1704646.80889355, "집계구코드": 38100120030001, "읍면동": "경상남도_양산시_물금읍" }, "geometry": { "type": "Point", "coordinates": [ 129.015303791070835, 35.327914823371692 ] } },
{ "type": "Feature", "properties": { "결과": "O", "행정구역명": "양산시", "학원교습소명": "학원", "학원명": "보라음악학원", "분야명": "예능(대)", "교습계열명": "예능(중)", "교습과정목록명": "음악,", "교습과정명": "음악", "도로명주소": "경상남도 양산시 물금읍 범어로 77", "도로명상세주소": ", 상가동 202호 (물금읍, 우미린아파트)", "수정일자": 20231018, "X좌표": 1137769.7148718999, "Y좌표": 1704672.82454148, "집계구코드": 38100120030403, "읍면동": "경상남도_양산시_물금읍" }, "geometry": { "type": "Point", "coordinates": [ 129.015795050246709, 35.328143218423143 ] } },
{ "type": "Feature", "properties": { "결과": "O", "행정구역명": "양산시", "학원교습소명": "학원", "학원명": "짐스코렘어학원", "분야명": "종합(대)", "교습계열명": null, "교습과정목록명": "기타(소),미술,실용외국어(유아/초·중·고)", "교습과정명": null, "도로명주소": "경상남도 양산시 물금읍 범어로 96", "도로명상세주소": ", 301호·302호·303호 (물금읍)", "수정일자": 20260628, "X좌표": 1137866.7988428299, "Y좌표": 1704499.7291208501, "집계구코드": 38100120040002, "읍면동": "경상남도_양산시_물금읍" }, "geometry": { "type": "Point", "coordinates": [ 129.016833719612066, 35.326569578412453 ] } },
{ "type": "Feature", "properties": { "결과": "O", "행정구역명": "양산시", "학원교습소명": "학원", "학원명": "정애견미용학원", "분야명": "직업기술", "교습계열명": "일반서비스", "교습과정목록명": "애견미용", "교습과정명": "애견미용", "도로명주소": "경상남도 양산시 물금읍 부산대학로 144", "도로명상세주소": ",203호(신양산코아루캠퍼스시티,물금읍)", "수정일자": 20260517, "X좌표": 1137347.0874147101, "Y좌표": 1703342.14942782, "집계구코드": 38100120050021, "읍면동": "경상남도_양산시_물금읍" }, "geometry": { "type": "Point", "coordinates": [ 129.010923380365199, 35.316206959857404 ] } },
{ "type": "Feature", "properties": { "결과": "O", "행정구역명": "양산시", "학원교습소명": "학원", "학원명": "메종아트무용학원", "분야명": "예능(대)", "교습계열명": "예능(중)", "교습과정목록명": "무용,음악", "교습과정명": "무용", "도로명주소": "경상남도 양산시 물금읍 삽량로 30", "도로명상세주소": "디온플레이스 308호", "수정일자": 20250316, "X좌표": 1137499.7074595401, "Y좌표": 1704726.6995125699, "집계구코드": 38100120030001, "읍면동": "경상남도_양산시_물금읍" }, "geometry": { "type": "Point", "coordinates": [ 129.012834299392068, 35.328666041475799 ] } },
{ "type": "Feature", "properties": { "결과": "O", "행정구역명": "양산시", "학원교습소명": "학원", "학원명": "샘이깊은국어학원", "분야명": "입시.검정 및 보습", "교습계열명": null, "교습과정목록명": null, "교습과정명": null, "도로명주소": "경상남도 양산시 물금읍 삽량로 30", "도로명상세주소": "디온플레이스, 304호", "수정일자": 20250921, "X좌표": 1137499.7074595401, "Y좌표": 1704726.6995125699, "집계구코드": 38100120030001, "읍면동": "경상남도_양산시_물금읍" }, "geometry": { "type": "Point", "coordinates": [ 129.012834299392068, 35.328666041475799 ] } },
{ "type": "Feature", "properties": { "결과": "O", "행정구역명": "양산시", "학원교습소명": "학원", "학원명": "컨트롤수학학원", "분야명": "입시.검정 및 보습", "교습계열명": "보통교과", "교습과정목록명": "보습", "교습과정명": "보습", "도로명주소": "경상남도 양산시 물금읍 삽량로 30", "도로명상세주소": "디온플레이스 207호", "수정일자": 20250921, "X좌표": 1137499.7074595401, "Y좌표": 1704726.6995125699, "집계구코드": 38100120030001, "읍면동": "경상남도_양산시_물금읍" }, "geometry": { "type": "Point", "coordinates": [ 129.012834299392068, 35.328666041475799 ] } },
{ "type": "Feature", "properties": { "결과": "O", "행정구역명": "양산시", "학원교습소명": "학원", "학원명": "ECC어학원", "분야명": "국제화", "교습계열명": "외국어", "교습과정목록명": "실용외국어(유아/초·중·고)", "교습과정명": "실용외국어(유아/초·중·고)", "도로명주소": "경상남도 양산시 물금읍 삽량로 36", "도로명상세주소": ", 602호 (물금읍, 스타프라자 빌딩)", "수정일자": 20260308, "X좌표": 1137554.5471389701, "Y좌표": 1704763.3844035901, "집계구코드": 38100120030001, "읍면동": "경상남도_양산시_물금읍" }, "geometry": { "type": "Point", "coordinates": [ 129.013443647608426, 35.328989160909401 ] } },
{ "type": "Feature", "properties": { "결과": "O", "행정구역명": "양산시", "학원교습소명": "학원", "학원명": "극진수학학원", "분야명": "입시.검정 및 보습", "교습계열명": "보통교과", "교습과정목록명": "보습", "교습과정명": "보습", "도로명주소": "경상남도 양산시 물금읍 삽량로 36", "도로명상세주소": ", 603호 (물금읍, 스타프라자 빌딩)", "수정일자": 20250831, "X좌표": 1137554.5471389701, "Y좌표": 1704763.3844035901, "집계구코드": 38100120030001, "읍면동": "경상남도_양산시_물금읍" }, "geometry": { "type": "Point", "coordinates": [ 129.013443647608426, 35.328989160909401 ] } },
{ "type": "Feature", "properties": { "결과": "O", "행정구역명": "양산시", "학원교습소명": "학원", "학원명": "예스영어학원", "분야명": "입시.검정 및 보습", "교습계열명": "보통교과", "교습과정목록명": "보습", "교습과정명": "보습", "도로명주소": "경상남도 양산시 물금읍 삽량로 36", "도로명상세주소": ", 304호 (물금읍, 스타프라자 빌딩)", "수정일자": 20260315, "X좌표": 1137554.5471389701, "Y좌표": 1704763.3844035901, "집계구코드": 38100120030001, "읍면동": "경상남도_양산시_물금읍" }, "geometry": { "type": "Point", "coordinates": [ 129.013443647608426, 35.328989160909401 ] } },
{ "type": "Feature", "properties": { "결과": "O", "행정구역명": "양산시", "학원교습소명": "학원", "학원명": "헤럴드커피교육학원", "분야명": "직업기술", "교습계열명": "산업응용기술", "교습과정목록명": "식음료품(바리스타,소믈리에)", "교습과정명": "식음료품(바리스타,소믈리에)", "도로명주소": "경상남도 양산시 물금읍 삽량로 36", "도로명상세주소": ", 305호 (물금읍, 스타프라자 빌딩)", "수정일자": 20241222, "X좌표": 1137554.5471389701, "Y좌표": 1704763.3844035901, "집계구코드": 38100120030001, "읍면동": "경상남도_양산시_물금읍" }, "geometry": { "type": "Point", "coordinates": [ 129.013443647608426, 35.328989160909401 ] } },
{ "type": "Feature", "properties": { "결과": "O", "행정구역명": "양산시", "학원교습소명": "학원", "학원명": "더매쓰수학전문학원", "분야명": "입시.검정 및 보습", "교습계열명": "보통교과", "교습과정목록명": "보습", "교습과정명": "보습", "도로명주소": "경상남도 양산시 물금읍 삽량로 40", "도로명상세주소": ", 204호 일부 (물금읍, 세종프라자 빌딩)", "수정일자": 20260419, "X좌표": 1137570.3396962299, "Y좌표": 1704801.5803533101, "집계구코드": 38100120030001, "읍면동": "경상남도_양산시_물금읍" }, "geometry": { "type": "Point", "coordinates": [ 129.013623770669511, 35.329331276362467 ] } },
{ "type": "Feature", "properties": { "결과": "O", "행정구역명": "양산시", "학원교습소명": "학원", "학원명": "스터디템퍼스독서실", "분야명": "독서실", "교습계열명": null, "교습과정목록명": null, "교습과정명": null, "도로명주소": "경상남도 양산시 물금읍 삽량로 40", "도로명상세주소": "8층 804호", "수정일자": 20260111, "X좌표": 1137570.3396962299, "Y좌표": 1704801.5803533101, "집계구코드": 38100120030001, "읍면동": "경상남도_양산시_물금읍" }, "geometry": { "type": "Point", "coordinates": [ 129.013623770669511, 35.329331276362467 ] } },
{ "type": "Feature", "properties": { "결과": "O", "행정구역명": "양산시", "학원교습소명": "학원", "학원명": "스터디템퍼스학원", "분야명": "입시.검정 및 보습", "교습계열명": "보통교과", "교습과정목록명": null, "교습과정명": "보습", "도로명주소": "경상남도 양산시 물금읍 삽량로 40", "도로명상세주소": ", 801호 (물금읍, 세종프라자 빌딩)", "수정일자": 20231018, "X좌표": 1137570.3396962299, "Y좌표": 1704801.5803533101, "집계구코드": 38100120030001, "읍면동": "경상남도_양산시_물금읍" }, "geometry": { "type": "Point", "coordinates": [ 129.013623770669511, 35.329331276362467 ] } },
{ "type": "Feature", "properties": { "결과": "O", "행정구역명": "양산시", "학원교습소명": "학원", "학원명": "와이즈만영재교육학원", "분야명": "입시.검정 및 보습", "교습계열명": "보통교과", "교습과정목록명": "보습", "교습과정명": "보습", "도로명주소": "경상남도 양산시 물금읍 삽량로 40", "도로명상세주소": ", 세종메디컬센터 703호 일부 (물금읍)", "수정일자": 20251221, "X좌표": 1137570.3396962299, "Y좌표": 1704801.5803533101, "집계구코드": 38100120030001, "읍면동": "경상남도_양산시_물금읍" }, "geometry": { "type": "Point", "coordinates": [ 129.013623770669511, 35.329331276362467 ] } },
{ "type": "Feature", "properties": { "결과": "O", "행정구역명": "양산시", "학원교습소명": "학원", "학원명": "탑영어수학학원", "분야명": "입시.검정 및 보습", "교습계열명": "보통교과", "교습과정목록명": "보습", "교습과정명": "보습", "도로명주소": "경상남도 양산시 물금읍 삽량로 40", "도로명상세주소": ", 204호 일부 (물금읍, 세종프라자 빌딩)", "수정일자": 20241117, "X좌표": 1137570.3396962299, "Y좌표": 1704801.5803533101, "집계구코드": 38100120030001, "읍면동": "경상남도_양산시_물금읍" }, "geometry": { "type": "Point", "coordinates": [ 129.013623770669511, 35.329331276362467 ] } },
{ "type": "Feature", "properties": { "결과": "O", "행정구역명": "양산시", "학원교습소명": "학원", "학원명": "포쌤MJ수학과학학원", "분야명": "입시.검정 및 보습", "교습계열명": "보통교과", "교습과정목록명": "보습", "교습과정명": "보습", "도로명주소": "경상남도 양산시 물금읍 삽량로 40", "도로명상세주소": "701호, 702호", "수정일자": 20260607, "X좌표": 1137570.3396962299, "Y좌표": 1704801.5803533101, "집계구코드": 38100120030001, "읍면동": "경상남도_양산시_물금읍" }, "geometry": { "type": "Point", "coordinates": [ 129.013623770669511, 35.329331276362467 ] } },
{ "type": "Feature", "properties": { "결과": "O", "행정구역명": "양산시", "학원교습소명": "학원", "학원명": "아이원아카데미학원", "분야명": "종합(대)", "교습계열명": null, "교습과정목록명": "무용,미술,음악", "교습과정명": null, "도로명주소": "경상남도 양산시 물금읍 새실2길 27", "도로명상세주소": "301호, 401호 (물금읍)", "수정일자": 20251005, "X좌표": 1137243.3557670501, "Y좌표": 1703423.1805019199, "집계구코드": 38100120050024, "읍면동": "경상남도_양산시_물금읍" }, "geometry": { "type": "Point", "coordinates": [ 129.009796183925346, 35.316951612055234 ] } },
{ "type": "Feature", "properties": { "결과": "O", "행정구역명": "양산시", "학원교습소명": "학원", "학원명": "양산물금유투엠수학학원", "분야명": "입시.검정 및 보습", "교습계열명": "보통교과", "교습과정목록명": "보습", "교습과정명": "보습", "도로명주소": "경상남도 양산시 물금읍 새실2길 27", "도로명상세주소": ", 201호", "수정일자": 20251026, "X좌표": 1137243.3557670501, "Y좌표": 1703423.1805019199, "집계구코드": 38100120050024, "읍면동": "경상남도_양산시_물금읍" }, "geometry": { "type": "Point", "coordinates": [ 129.009796183925346, 35.316951612055234 ] } },
{ "type": "Feature", "properties": { "결과": "O", "행정구역명": "양산시", "학원교습소명": "학원", "학원명": "파머스어학원", "분야명": "국제화", "교습계열명": "외국어", "교습과정목록명": "실용외국어(유아/초·중·고)", "교습과정명": "실용외국어(유아/초·중·고)", "도로명주소": "경상남도 양산시 물금읍 새실2길 27", "도로명상세주소": "5층", "수정일자": 20260607, "X좌표": 1137243.3557670501, "Y좌표": 1703423.1805019199, "집계구코드": 38100120050024, "읍면동": "경상남도_양산시_물금읍" }, "geometry": { "type": "Point", "coordinates": [ 129.009796183925346, 35.316951612055234 ] } },
{ "type": "Feature", "properties": { "결과": "O", "행정구역명": "양산시", "학원교습소명": "교습소", "학원명": "ERC영어독서클럽영어교습소", "분야명": "국제화", "교습계열명": "외국어", "교습과정목록명": "초등고급영어5", "교습과정명": "실용외국어(유아/초·중·고)", "도로명주소": "경상남도 양산시 물금읍 새실로 11", "도로명상세주소": ", 727동 201호 일부 (물금읍, 양산 대방노블랜드 7차 메가시티)", "수정일자": 20250216, "X좌표": 1135672.52773834, "Y좌표": 1703177.5360866401, "집계구코드": 38100120050606, "읍면동": "경상남도_양산시_물금읍" }, "geometry": { "type": "Point", "coordinates": [ 128.992480277925353, 35.31495190723097 ] } },
{ "type": "Feature", "properties": { "결과": "O", "행정구역명": "양산시", "학원교습소명": "교습소", "학원명": "말하는수학교습소", "분야명": "입시.검정 및 보습", "교습계열명": "보통교과", "교습과정목록명": "수학(중등)", "교습과정명": "보습", "도로명주소": "경상남도 양산시 물금읍 새실로 11", "도로명상세주소": ", 727동 201호 일부 (물금읍, 양산 대방노블랜드 7차 메가시티)", "수정일자": 20250406, "X좌표": 1135672.52773834, "Y좌표": 1703177.5360866401, "집계구코드": 38100120050606, "읍면동": "경상남도_양산시_물금읍" }, "geometry": { "type": "Point", "coordinates": [ 128.992480277925353, 35.31495190723097 ] } },
{ "type": "Feature", "properties": { "결과": "O", "행정구역명": "양산시", "학원교습소명": "교습소", "학원명": "한나피아노음악교습소", "분야명": "예능(대)", "교습계열명": null, "교습과정목록명": null, "교습과정명": null, "도로명주소": "경상남도 양산시 물금읍 새실로 11", "도로명상세주소": "(양산 대방노블랜드 7차 메가시티) 상가동 202호 일부", "수정일자": 20231018, "X좌표": 1135672.52773834, "Y좌표": 1703177.5360866401, "집계구코드": 38100120050606, "읍면동": "경상남도_양산시_물금읍" }, "geometry": { "type": "Point", "coordinates": [ 128.992480277925353, 35.31495190723097 ] } },
{ "type": "Feature", "properties": { "결과": "O", "행정구역명": "양산시", "학원교습소명": "학원", "학원명": "기탄사고력교실대방7차학원", "분야명": "입시.검정 및 보습", "교습계열명": null, "교습과정목록명": null, "교습과정명": null, "도로명주소": "경상남도 양산시 물금읍 새실로 11", "도로명상세주소": "728동 204호 (양산 대방노블랜드 7차 메가시티 근린생활시설-2))", "수정일자": 20260802, "X좌표": 1135672.52773834, "Y좌표": 1703177.5360866401, "집계구코드": 38100120050606, "읍면동": "경상남도_양산시_물금읍" }, "geometry": { "type": "Point", "coordinates": [ 128.992480277925353, 35.31495190723097 ] } },
{ "type": "Feature", "properties": { "결과": "O", "행정구역명": "양산시", "학원교습소명": "학원", "학원명": "박선주뮤직톡음악학원", "분야명": "예능(대)", "교습계열명": "예능(중)", "교습과정목록명": "음악", "교습과정명": "음악", "도로명주소": "경상남도 양산시 물금읍 새실로 11", "도로명상세주소": ", 728동 203호 (물금읍, 양산 대방노블랜드 7차 메가시티)", "수정일자": 20260301, "X좌표": 1135672.52773834, "Y좌표": 1703177.5360866401, "집계구코드": 38100120050606, "읍면동": "경상남도_양산시_물금읍" }, "geometry": { "type": "Point", "coordinates": [ 128.992480277925353, 35.31495190723097 ] } },
{ "type": "Feature", "properties": { "결과": "O", "행정구역명": "양산시", "학원교습소명": "학원", "학원명": "수성영수학원", "분야명": "입시.검정 및 보습", "교습계열명": "보통교과", "교습과정목록명": "보습", "교습과정명": "보습", "도로명주소": "경상남도 양산시 물금읍 새실로 11", "도로명상세주소": ", 728동 201호 (물금읍, 양산 대방노블랜드 7차 메가시티)", "수정일자": 20260215, "X좌표": 1135672.52773834, "Y좌표": 1703177.5360866401, "집계구코드": 38100120050606, "읍면동": "경상남도_양산시_물금읍" }, "geometry": { "type": "Point", "coordinates": [ 128.992480277925353, 35.31495190723097 ] } },
{ "type": "Feature", "properties": { "결과": "O", "행정구역명": "양산시", "학원교습소명": "학원", "학원명": "영수잘하는학원", "분야명": "입시.검정 및 보습", "교습계열명": "보통교과", "교습과정목록명": "보습", "교습과정명": "보습", "도로명주소": "경상남도 양산시 물금읍 새실로 11", "도로명상세주소": ", 상가 728동 202호 (물금읍, 양산 대방노블랜드 7차 메가시티)", "수정일자": 20260517, "X좌표": 1135672.52773834, "Y좌표": 1703177.5360866401, "집계구코드": 38100120050606, "읍면동": "경상남도_양산시_물금읍" }, "geometry": { "type": "Point", "coordinates": [ 128.992480277925353, 35.31495190723097 ] } },
{ "type": "Feature", "properties": { "결과": "O", "행정구역명": "양산시", "학원교습소명": "교습소", "학원명": "뮤엠영어교습소", "분야명": "입시.검정 및 보습", "교습계열명": "보통교과", "교습과정목록명": "영어(초중등A)", "교습과정명": "보습", "도로명주소": "경상남도 양산시 물금읍 새실로 115", "도로명상세주소": ", 양산물금 대방노블랜드 5차 에듀카운티 521동 상가 201호 일부(좌측) (물금읍, 양산물금 대방노블랜드 5차 에듀카운티)", "수정일자": 20231018, "X좌표": 1136348.59558738, "Y좌표": 1702869.2806275401, "집계구코드": 38100120054005, "읍면동": "경상남도_양산시_물금읍" }, "geometry": { "type": "Point", "coordinates": [ 128.99986386074238, 35.312081317965635 ] } },
{ "type": "Feature", "properties": { "결과": "O", "행정구역명": "양산시", "학원교습소명": "교습소", "학원명": "와이즈수학교습소", "분야명": "입시.검정 및 보습", "교습계열명": "보통교과", "교습과정목록명": "고등수학", "교습과정명": "보습", "도로명주소": "경상남도 양산시 물금읍 새실로 115", "도로명상세주소": ", 521동 상가 202호 (물금읍, 양산물금 대방노블랜드 5차 에듀카운티)", "수정일자": 20250216, "X좌표": 1136348.59558738, "Y좌표": 1702869.2806275401, "집계구코드": 38100120054005, "읍면동": "경상남도_양산시_물금읍" }, "geometry": { "type": "Point", "coordinates": [ 128.99986386074238, 35.312081317965635 ] } },
{ "type": "Feature", "properties": { "결과": "O", "행정구역명": "양산시", "학원교습소명": "교습소", "학원명": "이야기숲국어교습소", "분야명": "입시.검정 및 보습", "교습계열명": "보통교과", "교습과정목록명": "초등국어", "교습과정명": "보습", "도로명주소": "경상남도 양산시 물금읍 새실로 115", "도로명상세주소": ", 521동 상가 201호 일부 (물금읍, 양산물금 대방노블랜드 5차 에듀카운티)", "수정일자": 20250209, "X좌표": 1136348.59558738, "Y좌표": 1702869.2806275401, "집계구코드": 38100120054005, "읍면동": "경상남도_양산시_물금읍" }, "geometry": { "type": "Point", "coordinates": [ 128.99986386074238, 35.312081317965635 ] } },
{ "type": "Feature", "properties": { "결과": "O", "행정구역명": "양산시", "학원교습소명": "학원", "학원명": "아소비해법영어교실학원", "분야명": "입시.검정 및 보습", "교습계열명": "보통교과", "교습과정목록명": "보습", "교습과정명": "보습", "도로명주소": "경상남도 양산시 물금읍 새실로 115", "도로명상세주소": ", 상가동 203호 (물금읍, 양산물금 대방노블랜드 5차 에듀카운티)", "수정일자": 20260111, "X좌표": 1136348.59558738, "Y좌표": 1702869.2806275401, "집계구코드": 38100120054005, "읍면동": "경상남도_양산시_물금읍" }, "geometry": { "type": "Point", "coordinates": [ 128.99986386074238, 35.312081317965635 ] } },
{ "type": "Feature", "properties": { "결과": "O", "행정구역명": "양산시", "학원교습소명": "교습소", "학원명": "생각을그리는놀이미술교습소", "분야명": "예능(대)", "교습계열명": "예능(중)", "교습과정목록명": "조형제작A", "교습과정명": "미술", "도로명주소": "경상남도 양산시 물금읍 새실로 116", "도로명상세주소": ", 양산물금 대방노블랜드6차 더클래스 615동 (상가) 202호 (물금읍)", "수정일자": 20231018, "X좌표": 1136388.62096558, "Y좌표": 1702676.8034502501, "집계구코드": 38100120054203, "읍면동": "경상남도_양산시_물금읍" }, "geometry": { "type": "Point", "coordinates": [ 129.000271970765368, 35.31034089108509 ] } },
{ "type": "Feature", "properties": { "결과": "O", "행정구역명": "양산시", "학원교습소명": "학원", "학원명": "뮤즈음악학원", "분야명": "예능(대)", "교습계열명": "예능(중)", "교습과정목록명": "음악", "교습과정명": "음악", "도로명주소": "경상남도 양산시 물금읍 새실로 116", "도로명상세주소": ", 양산물금대방노블랜드 6차 상가 201호 (물금읍)", "수정일자": 20250330, "X좌표": 1136388.62096558, "Y좌표": 1702676.8034502501, "집계구코드": 38100120054203, "읍면동": "경상남도_양산시_물금읍" }, "geometry": { "type": "Point", "coordinates": [ 129.000271970765368, 35.31034089108509 ] } },
{ "type": "Feature", "properties": { "결과": "O", "행정구역명": "양산시", "학원교습소명": "교습소", "학원명": "놀작아이룸미술교습소", "분야명": "예능(대)", "교습계열명": "예능(중)", "교습과정목록명": "미술고급1", "교습과정명": "미술", "도로명주소": "경상남도 양산시 물금읍 새실로 159", "도로명상세주소": "나래메트로시티 D동 111호", "수정일자": 20250316, "X좌표": 1136744.63616536, "Y좌표": 1703235.12586395, "집계구코드": 38100120050018, "읍면동": "경상남도_양산시_물금읍" }, "geometry": { "type": "Point", "coordinates": [ 129.00428012736441, 35.315324886806515 ] } },
{ "type": "Feature", "properties": { "결과": "O", "행정구역명": "양산시", "학원교습소명": "교습소", "학원명": "다원국어논술교습소", "분야명": "입시.검정 및 보습", "교습계열명": null, "교습과정목록명": null, "교습과정명": null, "도로명주소": "경상남도 양산시 물금읍 새실로 159", "도로명상세주소": "나래메트로시티 D동 106-1호", "수정일자": 20250223, "X좌표": 1136744.63616536, "Y좌표": 1703235.12586395, "집계구코드": 38100120050018, "읍면동": "경상남도_양산시_물금읍" }, "geometry": { "type": "Point", "coordinates": [ 129.00428012736441, 35.315324886806515 ] } },
{ "type": "Feature", "properties": { "결과": "O", "행정구역명": "양산시", "학원교습소명": "교습소", "학원명": "문해숲독서논술교습소", "분야명": "입시.검정 및 보습", "교습계열명": null, "교습과정목록명": null, "교습과정명": null, "도로명주소": "경상남도 양산시 물금읍 새실로 159", "도로명상세주소": "C동 107호", "수정일자": 20260315, "X좌표": 1136744.63616536, "Y좌표": 1703235.12586395, "집계구코드": 38100120050018, "읍면동": "경상남도_양산시_물금읍" }, "geometry": { "type": "Point", "coordinates": [ 129.00428012736441, 35.315324886806515 ] } },
{ "type": "Feature", "properties": { "결과": "O", "행정구역명": "양산시", "학원교습소명": "교습소", "학원명": "브레인조이코딩교습소", "분야명": "기타(대)", "교습계열명": "기타(중)", "교습과정목록명": "코딩A", "교습과정명": "기타(소)", "도로명주소": "경상남도 양산시 물금읍 새실로 159", "도로명상세주소": "F동 106호", "수정일자": 20260712, "X좌표": 1136744.63616536, "Y좌표": 1703235.12586395, "집계구코드": 38100120050018, "읍면동": "경상남도_양산시_물금읍" }, "geometry": { "type": "Point", "coordinates": [ 129.00428012736441, 35.315324886806515 ] } },
{ "type": "Feature", "properties": { "결과": "O", "행정구역명": "양산시", "학원교습소명": "교습소", "학원명": "상승수학교습소", "분야명": "입시.검정 및 보습", "교습계열명": "보통교과", "교습과정목록명": "초등수학", "교습과정명": "보습", "도로명주소": "경상남도 양산시 물금읍 새실로 159", "도로명상세주소": "F동 112호", "수정일자": 20251116, "X좌표": 1136744.63616536, "Y좌표": 1703235.12586395, "집계구코드": 38100120050018, "읍면동": "경상남도_양산시_물금읍" }, "geometry": { "type": "Point", "coordinates": [ 129.00428012736441, 35.315324886806515 ] } },
{ "type": "Feature", "properties": { "결과": "O", "행정구역명": "양산시", "학원교습소명": "교습소", "학원명": "성운수학교습소", "분야명": "입시.검정 및 보습", "교습계열명": null, "교습과정목록명": null, "교습과정명": null, "도로명주소": "경상남도 양산시 물금읍 새실로 159", "도로명상세주소": "나래메트로시티 F동 109호 일부 (물금읍)", "수정일자": 20260705, "X좌표": 1136744.63616536, "Y좌표": 1703235.12586395, "집계구코드": 38100120050018, "읍면동": "경상남도_양산시_물금읍" }, "geometry": { "type": "Point", "coordinates": [ 129.00428012736441, 35.315324886806515 ] } },
{ "type": "Feature", "properties": { "결과": "O", "행정구역명": "양산시", "학원교습소명": "교습소", "학원명": "에스디영어교습소", "분야명": "입시.검정 및 보습", "교습계열명": "보통교과", "교습과정목록명": "초등영어", "교습과정명": "보습", "도로명주소": "경상남도 양산시 물금읍 새실로 159", "도로명상세주소": "나래메트로시티 D동 114호 일부", "수정일자": 20260906, "X좌표": 1136744.63616536, "Y좌표": 1703235.12586395, "집계구코드": 38100120050018, "읍면동": "경상남도_양산시_물금읍" }, "geometry": { "type": "Point", "coordinates": [ 129.00428012736441, 35.315324886806515 ] } },
{ "type": "Feature", "properties": { "결과": "O", "행정구역명": "양산시", "학원교습소명": "교습소", "학원명": "하이매쓰수학교습소", "분야명": "입시.검정 및 보습", "교습계열명": "보통교과", "교습과정목록명": null, "교습과정명": "보습", "도로명주소": "경상남도 양산시 물금읍 새실로 159", "도로명상세주소": ", 나래메트로시티 A동 117-1호 (물금읍, 나래메트로시티)", "수정일자": 20250330, "X좌표": 1136744.63616536, "Y좌표": 1703235.12586395, "집계구코드": 38100120050018, "읍면동": "경상남도_양산시_물금읍" }, "geometry": { "type": "Point", "coordinates": [ 129.00428012736441, 35.315324886806515 ] } },
{ "type": "Feature", "properties": { "결과": "O", "행정구역명": "양산시", "학원교습소명": "교습소", "학원명": "혜윰논술교습소", "분야명": "입시.검정 및 보습", "교습계열명": "보통교과", "교습과정목록명": "초등국어논술1", "교습과정명": "보습", "도로명주소": "경상남도 양산시 물금읍 새실로 159", "도로명상세주소": "나래메트로시티 C동 114호", "수정일자": 20260906, "X좌표": 1136744.63616536, "Y좌표": 1703235.12586395, "집계구코드": 38100120050018, "읍면동": "경상남도_양산시_물금읍" }, "geometry": { "type": "Point", "coordinates": [ 129.00428012736441, 35.315324886806515 ] } },
{ "type": "Feature", "properties": { "결과": "O", "행정구역명": "양산시", "학원교습소명": "학원", "학원명": "3M수학전문증산학원", "분야명": "입시.검정 및 보습", "교습계열명": "보통교과", "교습과정목록명": "보습", "교습과정명": "보습", "도로명주소": "경상남도 양산시 물금읍 새실로 159", "도로명상세주소": "나래메트로시티 A동 401호 일부(우측)", "수정일자": 20250727, "X좌표": 1136744.63616536, "Y좌표": 1703235.12586395, "집계구코드": 38100120050018, "읍면동": "경상남도_양산시_물금읍" }, "geometry": { "type": "Point", "coordinates": [ 129.00428012736441, 35.315324886806515 ] } },
{ "type": "Feature", "properties": { "결과": "O", "행정구역명": "양산시", "학원교습소명": "학원", "학원명": "EM학원", "분야명": "입시.검정 및 보습", "교습계열명": "보통교과", "교습과정목록명": "보습", "교습과정명": "보습", "도로명주소": "경상남도 양산시 물금읍 새실로 159", "도로명상세주소": "나래메트로시티 C동 112호", "수정일자": 20260705, "X좌표": 1136744.63616536, "Y좌표": 1703235.12586395, "집계구코드": 38100120050018, "읍면동": "경상남도_양산시_물금읍" }, "geometry": { "type": "Point", "coordinates": [ 129.00428012736441, 35.315324886806515 ] } },
{ "type": "Feature", "properties": { "결과": "O", "행정구역명": "양산시", "학원교습소명": "학원", "학원명": "JK어학원", "분야명": "국제화", "교습계열명": "외국어", "교습과정목록명": "실용외국어(유아/초·중·고)", "교습과정명": "실용외국어(유아/초·중·고)", "도로명주소": "경상남도 양산시 물금읍 새실로 159", "도로명상세주소": ", 나래메트로시티 A동 202호 (물금읍, 나래메트로시티)", "수정일자": 20231211, "X좌표": 1136744.63616536, "Y좌표": 1703235.12586395, "집계구코드": 38100120050018, "읍면동": "경상남도_양산시_물금읍" }, "geometry": { "type": "Point", "coordinates": [ 129.00428012736441, 35.315324886806515 ] } },
{ "type": "Feature", "properties": { "결과": "O", "행정구역명": "양산시", "학원교습소명": "학원", "학원명": "글로벌어학원증산학원", "분야명": "국제화", "교습계열명": null, "교습과정목록명": null, "교습과정명": null, "도로명주소": "경상남도 양산시 물금읍 새실로 159", "도로명상세주소": "나래메트로시티 G동 202호", "수정일자": 20240121, "X좌표": 1136744.63616536, "Y좌표": 1703235.12586395, "집계구코드": 38100120050018, "읍면동": "경상남도_양산시_물금읍" }, "geometry": { "type": "Point", "coordinates": [ 129.00428012736441, 35.315324886806515 ] } },
{ "type": "Feature", "properties": { "결과": "O", "행정구역명": "양산시", "학원교습소명": "학원", "학원명": "나래컴퓨터학원", "분야명": "직업기술", "교습계열명": "컴퓨터", "교습과정목록명": "컴퓨터", "교습과정명": "컴퓨터", "도로명주소": "경상남도 양산시 물금읍 새실로 159", "도로명상세주소": ", B동 206호 (물금읍, 나래메트로시티)", "수정일자": 20251130, "X좌표": 1136744.63616536, "Y좌표": 1703235.12586395, "집계구코드": 38100120050018, "읍면동": "경상남도_양산시_물금읍" }, "geometry": { "type": "Point", "coordinates": [ 129.00428012736441, 35.315324886806515 ] } },
{ "type": "Feature", "properties": { "결과": "O", "행정구역명": "양산시", "학원교습소명": "학원", "학원명": "눈높이러닝센터증산학원", "분야명": "입시.검정 및 보습", "교습계열명": "보통교과", "교습과정목록명": "보습", "교습과정명": "보습", "도로명주소": "경상남도 양산시 물금읍 새실로 159", "도로명상세주소": ", 나래메트로시티 A동 407호 (물금읍)", "수정일자": 20251005, "X좌표": 1136744.63616536, "Y좌표": 1703235.12586395, "집계구코드": 38100120050018, "읍면동": "경상남도_양산시_물금읍" }, "geometry": { "type": "Point", "coordinates": [ 129.00428012736441, 35.315324886806515 ] } },
{ "type": "Feature", "properties": { "결과": "O", "행정구역명": "양산시", "학원교습소명": "학원", "학원명": "단디영어어학원", "분야명": "국제화", "교습계열명": "외국어", "교습과정목록명": "실용외국어(유아/초·중·고)", "교습과정명": "실용외국어(유아/초·중·고)", "도로명주소": "경상남도 양산시 물금읍 새실로 159", "도로명상세주소": "나래메트로시티 B동 110호", "수정일자": 20251221, "X좌표": 1136744.63616536, "Y좌표": 1703235.12586395, "집계구코드": 38100120050018, "읍면동": "경상남도_양산시_물금읍" }, "geometry": { "type": "Point", "coordinates": [ 129.00428012736441, 35.315324886806515 ] } },
{ "type": "Feature", "properties": { "결과": "O", "행정구역명": "양산시", "학원교습소명": "학원", "학원명": "리드인독서중심논술학원", "분야명": "입시.검정 및 보습", "교습계열명": "보통교과", "교습과정목록명": "보습,", "교습과정명": "보습", "도로명주소": "경상남도 양산시 물금읍 새실로 159", "도로명상세주소": ", A동 206호 (물금읍, 나래메트로시티)", "수정일자": 20231018, "X좌표": 1136744.63616536, "Y좌표": 1703235.12586395, "집계구코드": 38100120050018, "읍면동": "경상남도_양산시_물금읍" }, "geometry": { "type": "Point", "coordinates": [ 129.00428012736441, 35.315324886806515 ] } },
{ "type": "Feature", "properties": { "결과": "O", "행정구역명": "양산시", "학원교습소명": "학원", "학원명": "삼성영어양산신도시학원", "분야명": "국제화", "교습계열명": "외국어", "교습과정목록명": "실용외국어(유아/초·중·고),", "교습과정명": "실용외국어(유아/초·중·고)", "도로명주소": "경상남도 양산시 물금읍 새실로 159", "도로명상세주소": ", A동 205호 (물금읍, 나래메트로시티)", "수정일자": 20231018, "X좌표": 1136744.63616536, "Y좌표": 1703235.12586395, "집계구코드": 38100120050018, "읍면동": "경상남도_양산시_물금읍" }, "geometry": { "type": "Point", "coordinates": [ 129.00428012736441, 35.315324886806515 ] } },
{ "type": "Feature", "properties": { "결과": "O", "행정구역명": "양산시", "학원교습소명": "학원", "학원명": "생각하는미술관미술학원", "분야명": "예능(대)", "교습계열명": null, "교습과정목록명": "미술,", "교습과정명": null, "도로명주소": "경상남도 양산시 물금읍 새실로 159", "도로명상세주소": ", 나래메트로시티 B동 304호 (물금읍, 나래메트로시티)", "수정일자": 20231018, "X좌표": 1136744.63616536, "Y좌표": 1703235.12586395, "집계구코드": 38100120050018, "읍면동": "경상남도_양산시_물금읍" }, "geometry": { "type": "Point", "coordinates": [ 129.00428012736441, 35.315324886806515 ] } },
{ "type": "Feature", "properties": { "결과": "O", "행정구역명": "양산시", "학원교습소명": "학원", "학원명": "씨투엠수학전문학원", "분야명": "종합(대)", "교습계열명": null, "교습과정목록명": "기타(소),보습", "교습과정명": null, "도로명주소": "경상남도 양산시 물금읍 새실로 159", "도로명상세주소": ", 나래메트로시티 B동 302호 (물금읍)", "수정일자": 20260517, "X좌표": 1136744.63616536, "Y좌표": 1703235.12586395, "집계구코드": 38100120050018, "읍면동": "경상남도_양산시_물금읍" }, "geometry": { "type": "Point", "coordinates": [ 129.00428012736441, 35.315324886806515 ] } },
{ "type": "Feature", "properties": { "결과": "O", "행정구역명": "양산시", "학원교습소명": "학원", "학원명": "아트리오미술학원", "분야명": "예능(대)", "교습계열명": "예능(중)", "교습과정목록명": "미술", "교습과정명": "미술", "도로명주소": "경상남도 양산시 물금읍 새실로 159", "도로명상세주소": ", B동 204-1호 (물금읍, 나래메트로시티)", "수정일자": 20260308, "X좌표": 1136744.63616536, "Y좌표": 1703235.12586395, "집계구코드": 38100120050018, "읍면동": "경상남도_양산시_물금읍" }, "geometry": { "type": "Point", "coordinates": [ 129.00428012736441, 35.315324886806515 ] } },
{ "type": "Feature", "properties": { "결과": "O", "행정구역명": "양산시", "학원교습소명": "학원", "학원명": "아티제음악학원", "분야명": "예능(대)", "교습계열명": "예능(중)", "교습과정목록명": "음악", "교습과정명": "음악", "도로명주소": "경상남도 양산시 물금읍 새실로 159", "도로명상세주소": ", 나래메트로시티 A동 401호 일부(좌측실) (물금읍)", "수정일자": 20250706, "X좌표": 1136744.63616536, "Y좌표": 1703235.12586395, "집계구코드": 38100120050018, "읍면동": "경상남도_양산시_물금읍" }, "geometry": { "type": "Point", "coordinates": [ 129.00428012736441, 35.315324886806515 ] } },
{ "type": "Feature", "properties": { "결과": "O", "행정구역명": "양산시", "학원교습소명": "학원", "학원명": "영어핏학원", "분야명": "입시.검정 및 보습", "교습계열명": "보통교과", "교습과정목록명": "보습", "교습과정명": "보습", "도로명주소": "경상남도 양산시 물금읍 새실로 159", "도로명상세주소": "F동 108호", "수정일자": 20260816, "X좌표": 1136744.63616536, "Y좌표": 1703235.12586395, "집계구코드": 38100120050018, "읍면동": "경상남도_양산시_물금읍" }, "geometry": { "type": "Point", "coordinates": [ 129.00428012736441, 35.315324886806515 ] } },
{ "type": "Feature", "properties": { "결과": "O", "행정구역명": "양산시", "학원교습소명": "학원", "학원명": "원댄스아카데미학원", "분야명": "예능(대)", "교습계열명": "예능(중)", "교습과정목록명": "무용,", "교습과정명": "무용", "도로명주소": "경상남도 양산시 물금읍 새실로 159", "도로명상세주소": ", 나래메트로시티 B동 205호  (물금읍)", "수정일자": 20231018, "X좌표": 1136744.63616536, "Y좌표": 1703235.12586395, "집계구코드": 38100120050018, "읍면동": "경상남도_양산시_물금읍" }, "geometry": { "type": "Point", "coordinates": [ 129.00428012736441, 35.315324886806515 ] } },
{ "type": "Feature", "properties": { "결과": "O", "행정구역명": "양산시", "학원교습소명": "학원", "학원명": "윤선생IGSE아카데미양산증산학원", "분야명": "입시.검정 및 보습", "교습계열명": "보통교과", "교습과정목록명": null, "교습과정명": "보통교과", "도로명주소": "경상남도 양산시 물금읍 새실로 159", "도로명상세주소": ", 나래메트로시티 B동 401호 (물금읍)", "수정일자": 20231018, "X좌표": 1136744.63616536, "Y좌표": 1703235.12586395, "집계구코드": 38100120050018, "읍면동": "경상남도_양산시_물금읍" }, "geometry": { "type": "Point", "coordinates": [ 129.00428012736441, 35.315324886806515 ] } },
{ "type": "Feature", "properties": { "결과": "O", "행정구역명": "양산시", "학원교습소명": "학원", "학원명": "윤혜은영어학원", "분야명": "입시.검정 및 보습", "교습계열명": null, "교습과정목록명": null, "교습과정명": null, "도로명주소": "경상남도 양산시 물금읍 새실로 159", "도로명상세주소": "나래메트로시티 D동 110호", "수정일자": 20251005, "X좌표": 1136744.63616536, "Y좌표": 1703235.12586395, "집계구코드": 38100120050018, "읍면동": "경상남도_양산시_물금읍" }, "geometry": { "type": "Point", "coordinates": [ 129.00428012736441, 35.315324886806515 ] } },
{ "type": "Feature", "properties": { "결과": "O", "행정구역명": "양산시", "학원교습소명": "학원", "학원명": "잉글리쉬무무수학의달인학원", "분야명": "입시.검정 및 보습", "교습계열명": "보통교과", "교습과정목록명": "보습", "교습과정명": "보습", "도로명주소": "경상남도 양산시 물금읍 새실로 159", "도로명상세주소": ", 나래메트로시티 A동 402호 (물금읍)", "수정일자": 20241117, "X좌표": 1136744.63616536, "Y좌표": 1703235.12586395, "집계구코드": 38100120050018, "읍면동": "경상남도_양산시_물금읍" }, "geometry": { "type": "Point", "coordinates": [ 129.00428012736441, 35.315324886806515 ] } },
{ "type": "Feature", "properties": { "결과": "O", "행정구역명": "양산시", "학원교습소명": "학원", "학원명": "증산클라비어음악학원", "분야명": "예능(대)", "교습계열명": "예능(중)", "교습과정목록명": "음악", "교습과정명": "음악", "도로명주소": "경상남도 양산시 물금읍 새실로 159", "도로명상세주소": ", 나래메트로시티 B동 403호 (물금읍)", "수정일자": 20231022, "X좌표": 1136744.63616536, "Y좌표": 1703235.12586395, "집계구코드": 38100120050018, "읍면동": "경상남도_양산시_물금읍" }, "geometry": { "type": "Point", "coordinates": [ 129.00428012736441, 35.315324886806515 ] } },
{ "type": "Feature", "properties": { "결과": "O", "행정구역명": "양산시", "학원교습소명": "학원", "학원명": "증산피어나음악학원", "분야명": "예능(대)", "교습계열명": "예능(중)", "교습과정목록명": "음악", "교습과정명": "음악", "도로명주소": "경상남도 양산시 물금읍 새실로 159", "도로명상세주소": ", A동 306호 (물금읍, 나래메트로시티)", "수정일자": 20251026, "X좌표": 1136744.63616536, "Y좌표": 1703235.12586395, "집계구코드": 38100120050018, "읍면동": "경상남도_양산시_물금읍" }, "geometry": { "type": "Point", "coordinates": [ 129.00428012736441, 35.315324886806515 ] } },
{ "type": "Feature", "properties": { "결과": "O", "행정구역명": "양산시", "학원교습소명": "학원", "학원명": "참솔학원", "분야명": "입시.검정 및 보습", "교습계열명": null, "교습과정목록명": null, "교습과정명": null, "도로명주소": "경상남도 양산시 물금읍 새실로 159", "도로명상세주소": "D동 201호", "수정일자": 20250622, "X좌표": 1136744.63616536, "Y좌표": 1703235.12586395, "집계구코드": 38100120050018, "읍면동": "경상남도_양산시_물금읍" }, "geometry": { "type": "Point", "coordinates": [ 129.00428012736441, 35.315324886806515 ] } },
{ "type": "Feature", "properties": { "결과": "O", "행정구역명": "양산시", "학원교습소명": "학원", "학원명": "참수학학원", "분야명": "입시.검정 및 보습", "교습계열명": "보통교과", "교습과정목록명": "보습", "교습과정명": "보습", "도로명주소": "경상남도 양산시 물금읍 새실로 159", "도로명상세주소": ", E동 202호 (물금읍, 나래메트로시티)", "수정일자": 20250727, "X좌표": 1136744.63616536, "Y좌표": 1703235.12586395, "집계구코드": 38100120050018, "읍면동": "경상남도_양산시_물금읍" }, "geometry": { "type": "Point", "coordinates": [ 129.00428012736441, 35.315324886806515 ] } },
{ "type": "Feature", "properties": { "결과": "O", "행정구역명": "양산시", "학원교습소명": "학원", "학원명": "최강상어영어수학학원", "분야명": "입시.검정 및 보습", "교습계열명": "보통교과", "교습과정목록명": "보습", "교습과정명": "보습", "도로명주소": "경상남도 양산시 물금읍 새실로 159", "도로명상세주소": ", B동 405호 (물금읍, 나래메트로시티)", "수정일자": 20250727, "X좌표": 1136744.63616536, "Y좌표": 1703235.12586395, "집계구코드": 38100120050018, "읍면동": "경상남도_양산시_물금읍" }, "geometry": { "type": "Point", "coordinates": [ 129.00428012736441, 35.315324886806515 ] } },
{ "type": "Feature", "properties": { "결과": "O", "행정구역명": "양산시", "학원교습소명": "학원", "학원명": "코너스톤어학원", "분야명": "국제화", "교습계열명": "외국어", "교습과정목록명": "실용외국어(유아/초·중·고)", "교습과정명": "실용외국어(유아/초·중·고)", "도로명주소": "경상남도 양산시 물금읍 새실로 159", "도로명상세주소": ", 나래메트로시티 상가A동 307호 -1(307호일부) (물금읍, 나래메트로시티)", "수정일자": 20231211, "X좌표": 1136744.63616536, "Y좌표": 1703235.12586395, "집계구코드": 38100120050018, "읍면동": "경상남도_양산시_물금읍" }, "geometry": { "type": "Point", "coordinates": [ 129.00428012736441, 35.315324886806515 ] } },
{ "type": "Feature", "properties": { "결과": "O", "행정구역명": "양산시", "학원교습소명": "학원", "학원명": "크러쉬영어전문학원", "분야명": "입시.검정 및 보습", "교습계열명": "보통교과", "교습과정목록명": "보습", "교습과정명": "보습", "도로명주소": "경상남도 양산시 물금읍 새실로 159", "도로명상세주소": ", B동 203호 (물금읍, 나래메트로시티)", "수정일자": 20241229, "X좌표": 1136744.63616536, "Y좌표": 1703235.12586395, "집계구코드": 38100120050018, "읍면동": "경상남도_양산시_물금읍" }, "geometry": { "type": "Point", "coordinates": [ 129.00428012736441, 35.315324886806515 ] } },
{ "type": "Feature", "properties": { "결과": "O", "행정구역명": "양산시", "학원교습소명": "학원", "학원명": "킹스베일리어학원", "분야명": "입시.검정 및 보습", "교습계열명": "보통교과", "교습과정목록명": "보습", "교습과정명": "보습", "도로명주소": "경상남도 양산시 물금읍 새실로 159", "도로명상세주소": ", B동 303호 (물금읍, 나래메트로시티)", "수정일자": 20240526, "X좌표": 1136744.63616536, "Y좌표": 1703235.12586395, "집계구코드": 38100120050018, "읍면동": "경상남도_양산시_물금읍" }, "geometry": { "type": "Point", "coordinates": [ 129.00428012736441, 35.315324886806515 ] } },
{ "type": "Feature", "properties": { "결과": "O", "행정구역명": "양산시", "학원교습소명": "학원", "학원명": "팬그램어학원", "분야명": "국제화", "교습계열명": "외국어", "교습과정목록명": "실용외국어(유아/초·중·고)", "교습과정명": "실용외국어(유아/초·중·고)", "도로명주소": "경상남도 양산시 물금읍 새실로 159", "도로명상세주소": ", B동 404호 (물금읍, 나래메트로시티)", "수정일자": 20260607, "X좌표": 1136744.63616536, "Y좌표": 1703235.12586395, "집계구코드": 38100120050018, "읍면동": "경상남도_양산시_물금읍" }, "geometry": { "type": "Point", "coordinates": [ 129.00428012736441, 35.315324886806515 ] } },
{ "type": "Feature", "properties": { "결과": "O", "행정구역명": "양산시", "학원교습소명": "학원", "학원명": "하모니음악학원", "분야명": "예능(대)", "교습계열명": "예능(중)", "교습과정목록명": "음악", "교습과정명": "음악", "도로명주소": "경상남도 양산시 물금읍 새실로 159", "도로명상세주소": ", B동 107호 (물금읍, 나래메트로시티)", "수정일자": 20260201, "X좌표": 1136744.63616536, "Y좌표": 1703235.12586395, "집계구코드": 38100120050018, "읍면동": "경상남도_양산시_물금읍" }, "geometry": { "type": "Point", "coordinates": [ 129.00428012736441, 35.315324886806515 ] } },
{ "type": "Feature", "properties": { "결과": "O", "행정구역명": "양산시", "학원교습소명": "학원", "학원명": "한우리독서토론논술학원", "분야명": "입시.검정 및 보습", "교습계열명": "보통교과", "교습과정목록명": "보습", "교습과정명": "보습", "도로명주소": "경상남도 양산시 물금읍 새실로 159", "도로명상세주소": ", 나래메트로시티 A동 403호 (물금읍)", "수정일자": 20251221, "X좌표": 1136744.63616536, "Y좌표": 1703235.12586395, "집계구코드": 38100120050018, "읍면동": "경상남도_양산시_물금읍" }, "geometry": { "type": "Point", "coordinates": [ 129.00428012736441, 35.315324886806515 ] } },
{ "type": "Feature", "properties": { "결과": "O", "행정구역명": "양산시", "학원교습소명": "학원", "학원명": "헬로미술왕학원", "분야명": "예능(대)", "교습계열명": "예능(중)", "교습과정목록명": "미술,", "교습과정명": "미술", "도로명주소": "경상남도 양산시 물금읍 새실로 159", "도로명상세주소": ", A동 307호 일부(좌측) (물금읍, 나래메트로시티)", "수정일자": 20231018, "X좌표": 1136744.63616536, "Y좌표": 1703235.12586395, "집계구코드": 38100120050018, "읍면동": "경상남도_양산시_물금읍" }, "geometry": { "type": "Point", "coordinates": [ 129.00428012736441, 35.315324886806515 ] } },
{ "type": "Feature", "properties": { "결과": "O", "행정구역명": "양산시", "학원교습소명": "학원", "학원명": "헬로피아니스트학원", "분야명": "예능(대)", "교습계열명": "예능(중)", "교습과정목록명": "음악,", "교습과정명": "음악", "도로명주소": "경상남도 양산시 물금읍 새실로 159", "도로명상세주소": ", 나래메트로시티 A동 404호 (물금읍)", "수정일자": 20231018, "X좌표": 1136744.63616536, "Y좌표": 1703235.12586395, "집계구코드": 38100120050018, "읍면동": "경상남도_양산시_물금읍" }, "geometry": { "type": "Point", "coordinates": [ 129.00428012736441, 35.315324886806515 ] } },
{ "type": "Feature", "properties": { "결과": "O", "행정구역명": "양산시", "학원교습소명": "학원", "학원명": "로드십학원", "분야명": "입시.검정 및 보습", "교습계열명": "보통교과", "교습과정목록명": "보습", "교습과정명": "보습", "도로명주소": "경상남도 양산시 물금읍 새실로 38", "도로명상세주소": "402호(애플타운)", "수정일자": 20251109, "X좌표": 1135849.68519468, "Y좌표": 1702996.44762455, "집계구코드": 38100120050035, "읍면동": "경상남도_양산시_물금읍" }, "geometry": { "type": "Point", "coordinates": [ 128.994398494642297, 35.313295527481557 ] } },
{ "type": "Feature", "properties": { "결과": "O", "행정구역명": "양산시", "학원교습소명": "학원", "학원명": "잉글리시아이카이수학학원", "분야명": "입시.검정 및 보습", "교습계열명": "보통교과", "교습과정목록명": "보습", "교습과정명": "보습", "도로명주소": "경상남도 양산시 물금읍 새실로 38", "도로명상세주소": "301호", "수정일자": 20250105, "X좌표": 1135849.68519468, "Y좌표": 1702996.44762455, "집계구코드": 38100120050035, "읍면동": "경상남도_양산시_물금읍" }, "geometry": { "type": "Point", "coordinates": [ 128.994398494642297, 35.313295527481557 ] } },
{ "type": "Feature", "properties": { "결과": "O", "행정구역명": "양산시", "학원교습소명": "학원", "학원명": "GnB증산패럴랙스학원", "분야명": "종합(대)", "교습계열명": null, "교습과정목록명": "보습,실용외국어(유아/초·중·고)", "교습과정명": null, "도로명주소": "경상남도 양산시 물금읍 새실로 42", "도로명상세주소": ", JK타워 202호, 302호 (물금읍)", "수정일자": 20260712, "X좌표": 1135872.0993355301, "Y좌표": 1702980.2313814899, "집계구코드": 38100120050035, "읍면동": "경상남도_양산시_물금읍" }, "geometry": { "type": "Point", "coordinates": [ 128.994642294293186, 35.313146308897032 ] } },
{ "type": "Feature", "properties": { "결과": "O", "행정구역명": "양산시", "학원교습소명": "학원", "학원명": "리드인국어논술학원", "분야명": "입시.검정 및 보습", "교습계열명": "보통교과", "교습과정목록명": "보습", "교습과정명": "보습", "도로명주소": "경상남도 양산시 물금읍 새실로 44", "도로명상세주소": "203호", "수정일자": 20240519, "X좌표": 1135897.29427582, "Y좌표": 1702963.4992279799, "집계구코드": 38100120050035, "읍면동": "경상남도_양산시_물금읍" }, "geometry": { "type": "Point", "coordinates": [ 128.994916587917118, 35.312992061354159 ] } },
{ "type": "Feature", "properties": { "결과": "O", "행정구역명": "양산시", "학원교습소명": "학원", "학원명": "수학의힘이지스어학원", "분야명": "입시.검정 및 보습", "교습계열명": "보통교과", "교습과정목록명": "보습", "교습과정명": "보습", "도로명주소": "경상남도 양산시 물금읍 새실로 44", "도로명상세주소": ", 202호", "수정일자": 20260405, "X좌표": 1135897.29427582, "Y좌표": 1702963.4992279799, "집계구코드": 38100120050035, "읍면동": "경상남도_양산시_물금읍" }, "geometry": { "type": "Point", "coordinates": [ 128.994916587917118, 35.312992061354159 ] } },
{ "type": "Feature", "properties": { "결과": "O", "행정구역명": "양산시", "학원교습소명": "학원", "학원명": "양산수학의힘학원", "분야명": "입시.검정 및 보습", "교습계열명": "보통교과", "교습과정목록명": "보습", "교습과정명": "보습", "도로명주소": "경상남도 양산시 물금읍 새실로 44", "도로명상세주소": "글로벌빌딩 403호", "수정일자": 20260405, "X좌표": 1135897.29427582, "Y좌표": 1702963.4992279799, "집계구코드": 38100120050035, "읍면동": "경상남도_양산시_물금읍" }, "geometry": { "type": "Point", "coordinates": [ 128.994916587917118, 35.312992061354159 ] } },
{ "type": "Feature", "properties": { "결과": "O", "행정구역명": "양산시", "학원교습소명": "학원", "학원명": "염박사영수학원", "분야명": "입시.검정 및 보습", "교습계열명": "보통교과", "교습과정목록명": "보습", "교습과정명": "보습", "도로명주소": "경상남도 양산시 물금읍 새실로 44", "도로명상세주소": ", 글로벌빌딩 301호 (물금읍)", "수정일자": 20260712, "X좌표": 1135897.29427582, "Y좌표": 1702963.4992279799, "집계구코드": 38100120050035, "읍면동": "경상남도_양산시_물금읍" }, "geometry": { "type": "Point", "coordinates": [ 128.994916587917118, 35.312992061354159 ] } },
{ "type": "Feature", "properties": { "결과": "O", "행정구역명": "양산시", "학원교습소명": "학원", "학원명": "웰튼영어라온국어학원", "분야명": "입시.검정 및 보습", "교습계열명": "보통교과", "교습과정목록명": "보습", "교습과정명": "보습", "도로명주소": "경상남도 양산시 물금읍 새실로 44", "도로명상세주소": ", 글로벌빌딩 401호 (물금읍)", "수정일자": 20260111, "X좌표": 1135897.29427582, "Y좌표": 1702963.4992279799, "집계구코드": 38100120050035, "읍면동": "경상남도_양산시_물금읍" }, "geometry": { "type": "Point", "coordinates": [ 128.994916587917118, 35.312992061354159 ] } },
{ "type": "Feature", "properties": { "결과": "O", "행정구역명": "양산시", "학원교습소명": "학원", "학원명": "제이매쓰수학전문학원", "분야명": "입시.검정 및 보습", "교습계열명": "보통교과", "교습과정목록명": "보습", "교습과정명": "보습", "도로명주소": "경상남도 양산시 물금읍 새실로 44", "도로명상세주소": "201호", "수정일자": 20250420, "X좌표": 1135897.29427582, "Y좌표": 1702963.4992279799, "집계구코드": 38100120050035, "읍면동": "경상남도_양산시_물금읍" }, "geometry": { "type": "Point", "coordinates": [ 128.994916587917118, 35.312992061354159 ] } },
{ "type": "Feature", "properties": { "결과": "O", "행정구역명": "양산시", "학원교습소명": "학원", "학원명": "퍼스트수학학원", "분야명": "입시.검정 및 보습", "교습계열명": "보통교과", "교습과정목록명": "보습", "교습과정명": "보습", "도로명주소": "경상남도 양산시 물금읍 새실로 44", "도로명상세주소": ", 글로벌빌딩 402호 (물금읍)", "수정일자": 20251221, "X좌표": 1135897.29427582, "Y좌표": 1702963.4992279799, "집계구코드": 38100120050035, "읍면동": "경상남도_양산시_물금읍" }, "geometry": { "type": "Point", "coordinates": [ 128.994916587917118, 35.312992061354159 ] } },
{ "type": "Feature", "properties": { "결과": "O", "행정구역명": "양산시", "학원교습소명": "교습소", "학원명": "그릿잉글리시영어교습소", "분야명": "입시.검정 및 보습", "교습계열명": "보통교과", "교습과정목록명": "중등영어C", "교습과정명": "보습", "도로명주소": "경상남도 양산시 물금읍 새실로 53", "도로명상세주소": "108동 101호(양산물금 이지더원 1차)", "수정일자": 20260201, "X좌표": 1136075.7410202799, "Y좌표": 1702993.54017721, "집계구코드": 38100120053501, "읍면동": "경상남도_양산시_물금읍" }, "geometry": { "type": "Point", "coordinates": [ 128.996883956350558, 35.313238566507778 ] } },
{ "type": "Feature", "properties": { "결과": "O", "행정구역명": "양산시", "학원교습소명": "교습소", "학원명": "별아트미술교습소", "분야명": "예능(대)", "교습계열명": null, "교습과정목록명": null, "교습과정명": null, "도로명주소": "경상남도 양산시 물금읍 새실로 53", "도로명상세주소": "이지더원 1차 에듀파크 108동 108호", "수정일자": 20260301, "X좌표": 1136075.7410202799, "Y좌표": 1702993.54017721, "집계구코드": 38100120053501, "읍면동": "경상남도_양산시_물금읍" }, "geometry": { "type": "Point", "coordinates": [ 128.996883956350558, 35.313238566507778 ] } },
{ "type": "Feature", "properties": { "결과": "O", "행정구역명": "양산시", "학원교습소명": "교습소", "학원명": "씸플수학교습소", "분야명": "입시.검정 및 보습", "교습계열명": null, "교습과정목록명": null, "교습과정명": null, "도로명주소": "경상남도 양산시 물금읍 새실로 53", "도로명상세주소": "108동 109호(양산물금 이지더원 1차)", "수정일자": 20260111, "X좌표": 1136075.7410202799, "Y좌표": 1702993.54017721, "집계구코드": 38100120053501, "읍면동": "경상남도_양산시_물금읍" }, "geometry": { "type": "Point", "coordinates": [ 128.996883956350558, 35.313238566507778 ] } },
{ "type": "Feature", "properties": { "결과": "O", "행정구역명": "양산시", "학원교습소명": "교습소", "학원명": "켈리영어교습소", "분야명": "입시.검정 및 보습", "교습계열명": null, "교습과정목록명": null, "교습과정명": null, "도로명주소": "경상남도 양산시 물금읍 새실로 53", "도로명상세주소": "108동 106호(양산물금 이지더원 1차)", "수정일자": 20231217, "X좌표": 1136075.7410202799, "Y좌표": 1702993.54017721, "집계구코드": 38100120053501, "읍면동": "경상남도_양산시_물금읍" }, "geometry": { "type": "Point", "coordinates": [ 128.996883956350558, 35.313238566507778 ] } },
{ "type": "Feature", "properties": { "결과": "O", "행정구역명": "양산시", "학원교습소명": "학원", "학원명": "프랜시스파커어학원", "분야명": "종합(대)", "교습계열명": null, "교습과정목록명": "기타(소),실용외국어(유아/초·중·고)", "교습과정명": null, "도로명주소": "경상남도 양산시 물금읍 서들5길 20-1", "도로명상세주소": ", 201호, 301호 (물금읍)", "수정일자": 20260315, "X좌표": 1136844.2825064, "Y좌표": 1702281.1174661, "집계구코드": 38100120050001, "읍면동": "경상남도_양산시_물금읍" }, "geometry": { "type": "Point", "coordinates": [ 129.005216614638982, 35.306711951466106 ] } },
{ "type": "Feature", "properties": { "결과": "O", "행정구역명": "양산시", "학원교습소명": "학원", "학원명": "증산간호학원", "분야명": "직업기술", "교습계열명": "간호보조기술", "교습과정목록명": "간호조무사,", "교습과정명": "간호조무사", "도로명주소": "경상남도 양산시 물금읍 서들8길 49", "도로명상세주소": ", 503호 및 504호 (물금읍)", "수정일자": 20231018, "X좌표": 1137189.3290906099, "Y좌표": 1702437.23057547, "집계구코드": 38100120050002, "읍면동": "경상남도_양산시_물금읍" }, "geometry": { "type": "Point", "coordinates": [ 129.00903691448309, 35.308071837204402 ] } },
{ "type": "Feature", "properties": { "결과": "O", "행정구역명": "양산시", "학원교습소명": "학원", "학원명": "널위한수학전문학원", "분야명": "입시.검정 및 보습", "교습계열명": "보통교과", "교습과정목록명": "보습", "교습과정명": "보습", "도로명주소": "경상남도 양산시 물금읍 서들로 138", "도로명상세주소": ", 403호 (물금읍, 나래스타)", "수정일자": 20231206, "X좌표": 1136910.7178632501, "Y좌표": 1702788.56559952, "집계구코드": 38100120050002, "읍면동": "경상남도_양산시_물금읍" }, "geometry": { "type": "Point", "coordinates": [ 129.00603193735688, 35.311276919629456 ] } },
{ "type": "Feature", "properties": { "결과": "O", "행정구역명": "양산시", "학원교습소명": "학원", "학원명": "성수어학원", "분야명": "국제화", "교습계열명": "외국어", "교습과정목록명": "실용외국어(유아/초·중·고)", "교습과정명": "실용외국어(유아/초·중·고)", "도로명주소": "경상남도 양산시 물금읍 서들로 138", "도로명상세주소": ", 나래스타 403호 (물금읍)", "수정일자": 20260215, "X좌표": 1136910.7178632501, "Y좌표": 1702788.56559952, "집계구코드": 38100120050002, "읍면동": "경상남도_양산시_물금읍" }, "geometry": { "type": "Point", "coordinates": [ 129.00603193735688, 35.311276919629456 ] } },
{ "type": "Feature", "properties": { "결과": "O", "행정구역명": "양산시", "학원교습소명": "학원", "학원명": "아소비큐미르양산증산학원", "분야명": "입시.검정 및 보습", "교습계열명": "보통교과", "교습과정목록명": "보습", "교습과정명": "보습", "도로명주소": "경상남도 양산시 물금읍 서들로 138", "도로명상세주소": ", 202호 (물금읍, 나래스타)", "수정일자": 20260315, "X좌표": 1136910.7178632501, "Y좌표": 1702788.56559952, "집계구코드": 38100120050002, "읍면동": "경상남도_양산시_물금읍" }, "geometry": { "type": "Point", "coordinates": [ 129.00603193735688, 35.311276919629456 ] } },
{ "type": "Feature", "properties": { "결과": "O", "행정구역명": "양산시", "학원교습소명": "학원", "학원명": "에이리스트댄스학원", "분야명": "예능(대)", "교습계열명": "예능(중)", "교습과정목록명": "무용", "교습과정명": "무용", "도로명주소": "경상남도 양산시 물금읍 서들로 138", "도로명상세주소": "나래스타 305호", "수정일자": 20260705, "X좌표": 1136910.7178632501, "Y좌표": 1702788.56559952, "집계구코드": 38100120050002, "읍면동": "경상남도_양산시_물금읍" }, "geometry": { "type": "Point", "coordinates": [ 129.00603193735688, 35.311276919629456 ] } },
{ "type": "Feature", "properties": { "결과": "O", "행정구역명": "양산시", "학원교습소명": "학원", "학원명": "하비미술학원", "분야명": "예능(대)", "교습계열명": "예능(중)", "교습과정목록명": "미술", "교습과정명": "미술", "도로명주소": "경상남도 양산시 물금읍 서들로 138", "도로명상세주소": "302호", "수정일자": 20250817, "X좌표": 1136910.7178632501, "Y좌표": 1702788.56559952, "집계구코드": 38100120050002, "읍면동": "경상남도_양산시_물금읍" }, "geometry": { "type": "Point", "coordinates": [ 129.00603193735688, 35.311276919629456 ] } },
{ "type": "Feature", "properties": { "결과": "O", "행정구역명": "양산시", "학원교습소명": "학원", "학원명": "NE능률하이영어학원", "분야명": "입시.검정 및 보습", "교습계열명": "보통교과", "교습과정목록명": "보습", "교습과정명": "보습", "도로명주소": "경상남도 양산시 물금읍 서들로 142", "도로명상세주소": ", 302호 (물금읍, 세원스타)", "수정일자": 20240929, "X좌표": 1136936.41826816, "Y좌표": 1702811.39018629, "집계구코드": 38100120050002, "읍면동": "경상남도_양산시_물금읍" }, "geometry": { "type": "Point", "coordinates": [ 129.006318372444838, 35.311479136246582 ] } },
{ "type": "Feature", "properties": { "결과": "O", "행정구역명": "양산시", "학원교습소명": "학원", "학원명": "김화주뮤직아카데미음악학원", "분야명": "예능(대)", "교습계열명": "예능(중)", "교습과정목록명": "음악", "교습과정명": "음악", "도로명주소": "경상남도 양산시 물금읍 서들로 142", "도로명상세주소": ", 세원스타 402호 (물금읍)", "수정일자": 20260301, "X좌표": 1136936.41826816, "Y좌표": 1702811.39018629, "집계구코드": 38100120050002, "읍면동": "경상남도_양산시_물금읍" }, "geometry": { "type": "Point", "coordinates": [ 129.006318372444838, 35.311479136246582 ] } },
{ "type": "Feature", "properties": { "결과": "O", "행정구역명": "양산시", "학원교습소명": "학원", "학원명": "노앤박수학과학학원", "분야명": "입시.검정 및 보습", "교습계열명": "보통교과", "교습과정목록명": "보습", "교습과정명": "보습", "도로명주소": "경상남도 양산시 물금읍 서들로 142", "도로명상세주소": "세원스타 204호", "수정일자": 20251221, "X좌표": 1136936.41826816, "Y좌표": 1702811.39018629, "집계구코드": 38100120050002, "읍면동": "경상남도_양산시_물금읍" }, "geometry": { "type": "Point", "coordinates": [ 129.006318372444838, 35.311479136246582 ] } },
{ "type": "Feature", "properties": { "결과": "O", "행정구역명": "양산시", "학원교습소명": "학원", "학원명": "별빛팔레트미술학원", "분야명": "예능(대)", "교습계열명": "예능(중)", "교습과정목록명": "미술", "교습과정명": "미술", "도로명주소": "경상남도 양산시 물금읍 서들로 142", "도로명상세주소": "세원스타 301호", "수정일자": 20260621, "X좌표": 1136936.41826816, "Y좌표": 1702811.39018629, "집계구코드": 38100120050002, "읍면동": "경상남도_양산시_물금읍" }, "geometry": { "type": "Point", "coordinates": [ 129.006318372444838, 35.311479136246582 ] } },
{ "type": "Feature", "properties": { "결과": "O", "행정구역명": "양산시", "학원교습소명": "학원", "학원명": "예스셈수학전문교육학원", "분야명": "입시.검정 및 보습", "교습계열명": "보통교과", "교습과정목록명": "보습", "교습과정명": "보습", "도로명주소": "경상남도 양산시 물금읍 서들로 142", "도로명상세주소": ", 세원스타 303호, 304호 (물금읍)", "수정일자": 20250323, "X좌표": 1136936.41826816, "Y좌표": 1702811.39018629, "집계구코드": 38100120050002, "읍면동": "경상남도_양산시_물금읍" }, "geometry": { "type": "Point", "coordinates": [ 129.006318372444838, 35.311479136246582 ] } },
{ "type": "Feature", "properties": { "결과": "O", "행정구역명": "양산시", "학원교습소명": "학원", "학원명": "게이트영어학원", "분야명": "입시.검정 및 보습", "교습계열명": "보통교과", "교습과정목록명": "보습", "교습과정명": "보습", "도로명주소": "경상남도 양산시 물금읍 서들로 148", "도로명상세주소": ", 207호 (물금읍, 채움)", "수정일자": 20231224, "X좌표": 1136971.81785518, "Y좌표": 1702863.3069871699, "집계구코드": 38100120050002, "읍면동": "경상남도_양산시_물금읍" }, "geometry": { "type": "Point", "coordinates": [ 129.006716332655429, 35.311942255807963 ] } },
{ "type": "Feature", "properties": { "결과": "O", "행정구역명": "양산시", "학원교습소명": "학원", "학원명": "달콤영어학원", "분야명": "국제화", "교습계열명": "외국어", "교습과정목록명": "실용외국어(유아/초·중·고)", "교습과정명": "실용외국어(유아/초·중·고)", "도로명주소": "경상남도 양산시 물금읍 서들로 148", "도로명상세주소": ", 채움 602호 (물금읍)", "수정일자": 20240317, "X좌표": 1136971.81785518, "Y좌표": 1702863.3069871699, "집계구코드": 38100120050002, "읍면동": "경상남도_양산시_물금읍" }, "geometry": { "type": "Point", "coordinates": [ 129.006716332655429, 35.311942255807963 ] } },
{ "type": "Feature", "properties": { "결과": "O", "행정구역명": "양산시", "학원교습소명": "학원", "학원명": "리딩리더어학원", "분야명": "국제화", "교습계열명": "외국어", "교습과정목록명": "실용외국어(유아/초·중·고)", "교습과정명": "실용외국어(유아/초·중·고)", "도로명주소": "경상남도 양산시 물금읍 서들로 148", "도로명상세주소": "301호(물금읍)", "수정일자": 20260802, "X좌표": 1136971.81785518, "Y좌표": 1702863.3069871699, "집계구코드": 38100120050002, "읍면동": "경상남도_양산시_물금읍" }, "geometry": { "type": "Point", "coordinates": [ 129.006716332655429, 35.311942255807963 ] } },
{ "type": "Feature", "properties": { "결과": "O", "행정구역명": "양산시", "학원교습소명": "학원", "학원명": "물금최강영어학원", "분야명": "입시.검정 및 보습", "교습계열명": null, "교습과정목록명": null, "교습과정명": null, "도로명주소": "경상남도 양산시 물금읍 서들로 148", "도로명상세주소": ", 603호 (물금읍, 채움)", "수정일자": 20260816, "X좌표": 1136971.81785518, "Y좌표": 1702863.3069871699, "집계구코드": 38100120050002, "읍면동": "경상남도_양산시_물금읍" }, "geometry": { "type": "Point", "coordinates": [ 129.006716332655429, 35.311942255807963 ] } },
{ "type": "Feature", "properties": { "결과": "O", "행정구역명": "양산시", "학원교습소명": "학원", "학원명": "브레인영재교육학원", "분야명": "종합(대)", "교습계열명": null, "교습과정목록명": "기타(소),보습", "교습과정명": null, "도로명주소": "경상남도 양산시 물금읍 서들로 148", "도로명상세주소": ", 304호 (물금읍, 채움)", "수정일자": 20240623, "X좌표": 1136971.81785518, "Y좌표": 1702863.3069871699, "집계구코드": 38100120050002, "읍면동": "경상남도_양산시_물금읍" }, "geometry": { "type": "Point", "coordinates": [ 129.006716332655429, 35.311942255807963 ] } },
{ "type": "Feature", "properties": { "결과": "O", "행정구역명": "양산시", "학원교습소명": "학원", "학원명": "브릴란트음악학원", "분야명": "예능(대)", "교습계열명": "예능(중)", "교습과정목록명": "음악", "교습과정명": "음악", "도로명주소": "경상남도 양산시 물금읍 서들로 148", "도로명상세주소": ", 204호 (물금읍, 채움)", "수정일자": 20231231, "X좌표": 1136971.81785518, "Y좌표": 1702863.3069871699, "집계구코드": 38100120050002, "읍면동": "경상남도_양산시_물금읍" }, "geometry": { "type": "Point", "coordinates": [ 129.006716332655429, 35.311942255807963 ] } },
{ "type": "Feature", "properties": { "결과": "O", "행정구역명": "양산시", "학원교습소명": "학원", "학원명": "스픽앤그로영어학원", "분야명": "국제화", "교습계열명": null, "교습과정목록명": null, "교습과정명": null, "도로명주소": "경상남도 양산시 물금읍 서들로 148", "도로명상세주소": "채움상가 606호(물금읍)", "수정일자": 20260809, "X좌표": 1136971.81785518, "Y좌표": 1702863.3069871699, "집계구코드": 38100120050002, "읍면동": "경상남도_양산시_물금읍" }, "geometry": { "type": "Point", "coordinates": [ 129.006716332655429, 35.311942255807963 ] } },
{ "type": "Feature", "properties": { "결과": "O", "행정구역명": "양산시", "학원교습소명": "학원", "학원명": "아담리즈수학양산물금센터학원", "분야명": "기타(대)", "교습계열명": "기타(중)", "교습과정목록명": "기타(중)", "교습과정명": "기타(중)", "도로명주소": "경상남도 양산시 물금읍 서들로 148", "도로명상세주소": ", 채움 401호 (물금읍)", "수정일자": 20260201, "X좌표": 1136971.81785518, "Y좌표": 1702863.3069871699, "집계구코드": 38100120050002, "읍면동": "경상남도_양산시_물금읍" }, "geometry": { "type": "Point", "coordinates": [ 129.006716332655429, 35.311942255807963 ] } },
{ "type": "Feature", "properties": { "결과": "O", "행정구역명": "양산시", "학원교습소명": "학원", "학원명": "야호창작소미술학원", "분야명": "예능(대)", "교습계열명": "예능(중)", "교습과정목록명": null, "교습과정명": "예능(중)", "도로명주소": "경상남도 양산시 물금읍 서들로 148", "도로명상세주소": ", 채움 상가  503호 (물금읍)", "수정일자": 20231018, "X좌표": 1136971.81785518, "Y좌표": 1702863.3069871699, "집계구코드": 38100120050002, "읍면동": "경상남도_양산시_물금읍" }, "geometry": { "type": "Point", "coordinates": [ 129.006716332655429, 35.311942255807963 ] } },
{ "type": "Feature", "properties": { "결과": "O", "행정구역명": "양산시", "학원교습소명": "학원", "학원명": "에이플영수학원", "분야명": "입시.검정 및 보습", "교습계열명": "보통교과", "교습과정목록명": "보습,", "교습과정명": "보습", "도로명주소": "경상남도 양산시 물금읍 서들로 148", "도로명상세주소": ", 203호 (물금읍, 채움)", "수정일자": 20231018, "X좌표": 1136971.81785518, "Y좌표": 1702863.3069871699, "집계구코드": 38100120050002, "읍면동": "경상남도_양산시_물금읍" }, "geometry": { "type": "Point", "coordinates": [ 129.006716332655429, 35.311942255807963 ] } },
{ "type": "Feature", "properties": { "결과": "O", "행정구역명": "양산시", "학원교습소명": "학원", "학원명": "외대어학원", "분야명": "국제화", "교습계열명": "외국어", "교습과정목록명": "실용외국어(유아/초·중·고)", "교습과정명": "실용외국어(유아/초·중·고)", "도로명주소": "경상남도 양산시 물금읍 서들로 148", "도로명상세주소": ", 505호 (물금읍, 채움)", "수정일자": 20260301, "X좌표": 1136971.81785518, "Y좌표": 1702863.3069871699, "집계구코드": 38100120050002, "읍면동": "경상남도_양산시_물금읍" }, "geometry": { "type": "Point", "coordinates": [ 129.006716332655429, 35.311942255807963 ] } },
{ "type": "Feature", "properties": { "결과": "O", "행정구역명": "양산시", "학원교습소명": "학원", "학원명": "증산독서실", "분야명": "독서실", "교습계열명": "독서", "교습과정목록명": "독서실", "교습과정명": "독서실", "도로명주소": "경상남도 양산시 물금읍 서들로 148", "도로명상세주소": ", 302호 및 303호 일부 (물금읍, 채움)", "수정일자": 20250615, "X좌표": 1136971.81785518, "Y좌표": 1702863.3069871699, "집계구코드": 38100120050002, "읍면동": "경상남도_양산시_물금읍" }, "geometry": { "type": "Point", "coordinates": [ 129.006716332655429, 35.311942255807963 ] } },
{ "type": "Feature", "properties": { "결과": "O", "행정구역명": "양산시", "학원교습소명": "학원", "학원명": "채움차수학학원", "분야명": "입시.검정 및 보습", "교습계열명": null, "교습과정목록명": null, "교습과정명": null, "도로명주소": "경상남도 양산시 물금읍 서들로 148", "도로명상세주소": "604호", "수정일자": 20240128, "X좌표": 1136971.81785518, "Y좌표": 1702863.3069871699, "집계구코드": 38100120050002, "읍면동": "경상남도_양산시_물금읍" }, "geometry": { "type": "Point", "coordinates": [ 129.006716332655429, 35.311942255807963 ] } },
{ "type": "Feature", "properties": { "결과": "O", "행정구역명": "양산시", "학원교습소명": "학원", "학원명": "책나무증산독서학원", "분야명": "입시.검정 및 보습", "교습계열명": "보통교과", "교습과정목록명": "보습", "교습과정명": "보습", "도로명주소": "경상남도 양산시 물금읍 서들로 148", "도로명상세주소": ", 202호 (물금읍, 채움)", "수정일자": 20251228, "X좌표": 1136971.81785518, "Y좌표": 1702863.3069871699, "집계구코드": 38100120050002, "읍면동": "경상남도_양산시_물금읍" }, "geometry": { "type": "Point", "coordinates": [ 129.006716332655429, 35.311942255807963 ] } },
{ "type": "Feature", "properties": { "결과": "O", "행정구역명": "양산시", "학원교습소명": "학원", "학원명": "청담영수학원", "분야명": "입시.검정 및 보습", "교습계열명": "보통교과", "교습과정목록명": "보습", "교습과정명": "보습", "도로명주소": "경상남도 양산시 물금읍 서들로 148", "도로명상세주소": ", 채움 507호 (물금읍)", "수정일자": 20260712, "X좌표": 1136971.81785518, "Y좌표": 1702863.3069871699, "집계구코드": 38100120050002, "읍면동": "경상남도_양산시_물금읍" }, "geometry": { "type": "Point", "coordinates": [ 129.006716332655429, 35.311942255807963 ] } },
{ "type": "Feature", "properties": { "결과": "O", "행정구역명": "양산시", "학원교습소명": "학원", "학원명": "하이탑수학학원", "분야명": "입시.검정 및 보습", "교습계열명": "보통교과", "교습과정목록명": "보습", "교습과정명": "보습", "도로명주소": "경상남도 양산시 물금읍 서들로 148", "도로명상세주소": ", 402호", "수정일자": 20260201, "X좌표": 1136971.81785518, "Y좌표": 1702863.3069871699, "집계구코드": 38100120050002, "읍면동": "경상남도_양산시_물금읍" }, "geometry": { "type": "Point", "coordinates": [ 129.006716332655429, 35.311942255807963 ] } },
{ "type": "Feature", "properties": { "결과": "O", "행정구역명": "양산시", "학원교습소명": "학원", "학원명": "홉킨스수학학원", "분야명": "입시.검정 및 보습", "교습계열명": "보통교과", "교습과정목록명": "보습", "교습과정명": "보습", "도로명주소": "경상남도 양산시 물금읍 서들로 148", "도로명상세주소": "501호", "수정일자": 20241117, "X좌표": 1136971.81785518, "Y좌표": 1702863.3069871699, "집계구코드": 38100120050002, "읍면동": "경상남도_양산시_물금읍" }, "geometry": { "type": "Point", "coordinates": [ 129.006716332655429, 35.311942255807963 ] } },
{ "type": "Feature", "properties": { "결과": "O", "행정구역명": "양산시", "학원교습소명": "교습소", "학원명": "더봄수학교습소", "분야명": "입시.검정 및 보습", "교습계열명": null, "교습과정목록명": null, "교습과정명": null, "도로명주소": "경상남도 양산시 물금읍 서들로 179", "도로명상세주소": "(반도유보라3차아파트) 상가동 102호", "수정일자": 20231018, "X좌표": 1137182.2668709999, "Y좌표": 1703140.36955125, "집계구코드": 38100120051503, "읍면동": "경상남도_양산시_물금읍" }, "geometry": { "type": "Point", "coordinates": [ 129.009076994716736, 35.314410789385683 ] } },
{ "type": "Feature", "properties": { "결과": "O", "행정구역명": "양산시", "학원교습소명": "교습소", "학원명": "소원피아노교습소", "분야명": "예능(대)", "교습계열명": "예능(중)", "교습과정목록명": "초급피아노", "교습과정명": "음악", "도로명주소": "경상남도 양산시 물금읍 신주1길 46", "도로명상세주소": "(양산물금 대방노블랜드 아파트 1차) 124동 203호", "수정일자": 20240908, "X좌표": 1137967.6602711701, "Y좌표": 1705628.39235453, "집계구코드": 38100120010107, "읍면동": "경상남도_양산시_물금읍" }, "geometry": { "type": "Point", "coordinates": [ 129.018133330601529, 35.336729166954669 ] } },
{ "type": "Feature", "properties": { "결과": "O", "행정구역명": "양산시", "학원교습소명": "교습소", "학원명": "수지쌤영어교실영어교습소", "분야명": "입시.검정 및 보습", "교습계열명": "보통교과", "교습과정목록명": "초등영어A", "교습과정명": "보습", "도로명주소": "경상남도 양산시 물금읍 신주1길 46", "도로명상세주소": "상가동 202호(양산물금 대방노블랜드 아파트 1차)", "수정일자": 20260315, "X좌표": 1137967.6602711701, "Y좌표": 1705628.39235453, "집계구코드": 38100120010107, "읍면동": "경상남도_양산시_물금읍" }, "geometry": { "type": "Point", "coordinates": [ 129.018133330601529, 35.336729166954669 ] } },
{ "type": "Feature", "properties": { "결과": "O", "행정구역명": "양산시", "학원교습소명": "교습소", "학원명": "NZ1영어교습소", "분야명": "입시.검정 및 보습", "교습계열명": "보통교과", "교습과정목록명": "초등영어B", "교습과정명": "보습", "도로명주소": "경상남도 양산시 물금읍 신주로 14", "도로명상세주소": ", 202동 우측 일부 (물금읍, 반도유보라아파트)", "수정일자": 20260607, "X좌표": 1137553.39296407, "Y좌표": 1705404.33173455, "집계구코드": 38100120010201, "읍면동": "경상남도_양산시_물금읍" }, "geometry": { "type": "Point", "coordinates": [ 129.013538676949594, 35.334766685540295 ] } },
{ "type": "Feature", "properties": { "결과": "O", "행정구역명": "양산시", "학원교습소명": "교습소", "학원명": "NZ2영어교습소", "분야명": "국제화", "교습계열명": "외국어", "교습과정목록명": "고급영어A", "교습과정명": "실용외국어(유아/초·중·고)", "도로명주소": "경상남도 양산시 물금읍 신주로 14", "도로명상세주소": ", 202호 좌측 일부 (물금읍, 반도유보라아파트)", "수정일자": 20260607, "X좌표": 1137553.39296407, "Y좌표": 1705404.33173455, "집계구코드": 38100120010201, "읍면동": "경상남도_양산시_물금읍" }, "geometry": { "type": "Point", "coordinates": [ 129.013538676949594, 35.334766685540295 ] } },
{ "type": "Feature", "properties": { "결과": "O", "행정구역명": "양산시", "학원교습소명": "교습소", "학원명": "진수학교습소", "분야명": "입시.검정 및 보습", "교습계열명": "보통교과", "교습과정목록명": "고등수학2", "교습과정명": "보습", "도로명주소": "경상남도 양산시 물금읍 신주로 14", "도로명상세주소": ", 상가동 204호 (물금읍, 반도유보라아파트)", "수정일자": 20250316, "X좌표": 1137553.39296407, "Y좌표": 1705404.33173455, "집계구코드": 38100120010201, "읍면동": "경상남도_양산시_물금읍" }, "geometry": { "type": "Point", "coordinates": [ 129.013538676949594, 35.334766685540295 ] } },
{ "type": "Feature", "properties": { "결과": "O", "행정구역명": "양산시", "학원교습소명": "학원", "학원명": "위드엘뮤직아카데미학원", "분야명": "예능(대)", "교습계열명": "예능(중)", "교습과정목록명": null, "교습과정명": "음악", "도로명주소": "경상남도 양산시 물금읍 신주로 14", "도로명상세주소": ", 상가동 201호 (물금읍, 반도유보라아파트)", "수정일자": 20231018, "X좌표": 1137553.39296407, "Y좌표": 1705404.33173455, "집계구코드": 38100120010201, "읍면동": "경상남도_양산시_물금읍" }, "geometry": { "type": "Point", "coordinates": [ 129.013538676949594, 35.334766685540295 ] } },
{ "type": "Feature", "properties": { "결과": "O", "행정구역명": "양산시", "학원교습소명": "교습소", "학원명": "고운소리음악교습소", "분야명": "예능(대)", "교습계열명": "예능(중)", "교습과정목록명": "피아노고급1", "교습과정명": "음악", "도로명주소": "경상남도 양산시 물금읍 신주로 35-1", "도로명상세주소": ", 상가 207호 (물금읍, 양산2차e편한세상아파트)", "수정일자": 20251116, "X좌표": 1137834.8959015501, "Y좌표": 1705297.3609942901, "집계구코드": 38100120010501, "읍면동": "경상남도_양산시_물금읍" }, "geometry": { "type": "Point", "coordinates": [ 129.016617148879931, 35.333763660359402 ] } },
{ "type": "Feature", "properties": { "결과": "O", "행정구역명": "양산시", "학원교습소명": "교습소", "학원명": "수학의신과외수학교습소", "분야명": "입시.검정 및 보습", "교습계열명": "보통교과", "교습과정목록명": "초등수학A", "교습과정명": "보습", "도로명주소": "경상남도 양산시 물금읍 신주로 35-1", "도로명상세주소": ", 상가동 205호 (물금읍, 양산2차e편한세상아파트)", "수정일자": 20240317, "X좌표": 1137834.8959015501, "Y좌표": 1705297.3609942901, "집계구코드": 38100120010501, "읍면동": "경상남도_양산시_물금읍" }, "geometry": { "type": "Point", "coordinates": [ 129.016617148879931, 35.333763660359402 ] } },
{ "type": "Feature", "properties": { "결과": "O", "행정구역명": "양산시", "학원교습소명": "교습소", "학원명": "허쌤클리어수학교습소", "분야명": "입시.검정 및 보습", "교습계열명": "보통교과", "교습과정목록명": "미적분1(수2)", "교습과정명": "보습", "도로명주소": "경상남도 양산시 물금읍 신주로 35-1", "도로명상세주소": ", 상가동 204호 (물금읍, 양산2차e편한세상아파트)", "수정일자": 20241229, "X좌표": 1137834.8959015501, "Y좌표": 1705297.3609942901, "집계구코드": 38100120010501, "읍면동": "경상남도_양산시_물금읍" }, "geometry": { "type": "Point", "coordinates": [ 129.016617148879931, 35.333763660359402 ] } },
{ "type": "Feature", "properties": { "결과": "O", "행정구역명": "양산시", "학원교습소명": "학원", "학원명": "위드영어전문학원", "분야명": "입시.검정 및 보습", "교습계열명": "보통교과", "교습과정목록명": "보습", "교습과정명": "보습", "도로명주소": "경상남도 양산시 물금읍 신주로 35-1", "도로명상세주소": ", 상가동 202호, 203호 (물금읍, 양산2차e편한세상아파트)", "수정일자": 20250330, "X좌표": 1137834.8959015501, "Y좌표": 1705297.3609942901, "집계구코드": 38100120010501, "읍면동": "경상남도_양산시_물금읍" }, "geometry": { "type": "Point", "coordinates": [ 129.016617148879931, 35.333763660359402 ] } },
{ "type": "Feature", "properties": { "결과": "O", "행정구역명": "양산시", "학원교습소명": "교습소", "학원명": "FM영어교습소", "분야명": "국제화", "교습계열명": "외국어", "교습과정목록명": "내국인 고급A", "교습과정명": "실용외국어(유아/초·중·고)", "도로명주소": "경상남도 양산시 물금읍 신주로 36", "도로명상세주소": "우남퍼스트빌 상가동 104호", "수정일자": 20260201, "X좌표": 1137718.3369108101, "Y좌표": 1705234.51906845, "집계구코드": 38100120010602, "읍면동": "경상남도_양산시_물금읍" }, "geometry": { "type": "Point", "coordinates": [ 129.015324458314808, 35.333213297739029 ] } },
{ "type": "Feature", "properties": { "결과": "O", "행정구역명": "양산시", "학원교습소명": "학원", "학원명": "YBM잉글루범어어학원", "분야명": "입시.검정 및 보습", "교습계열명": "보통교과", "교습과정목록명": "보습", "교습과정명": "보습", "도로명주소": "경상남도 양산시 물금읍 신주로 43", "도로명상세주소": ", 501호, 503호 (물금읍, 남양프라자)", "수정일자": 20241215, "X좌표": 1137814.63812478, "Y좌표": 1705225.8517742399, "집계구코드": 38100120010503, "읍면동": "경상남도_양산시_물금읍" }, "geometry": { "type": "Point", "coordinates": [ 129.016382276942295, 35.333121887973491 ] } },
{ "type": "Feature", "properties": { "결과": "O", "행정구역명": "양산시", "학원교습소명": "학원", "학원명": "라임음악학원", "분야명": "예능(대)", "교습계열명": "예능(중)", "교습과정목록명": "음악,", "교습과정명": "음악", "도로명주소": "경상남도 양산시 물금읍 신주로 43", "도로명상세주소": ", 304호 (물금읍, 남양프라자)", "수정일자": 20231018, "X좌표": 1137814.63812478, "Y좌표": 1705225.8517742399, "집계구코드": 38100120010503, "읍면동": "경상남도_양산시_물금읍" }, "geometry": { "type": "Point", "coordinates": [ 129.016382276942295, 35.333121887973491 ] } },
{ "type": "Feature", "properties": { "결과": "O", "행정구역명": "양산시", "학원교습소명": "학원", "학원명": "물금아트스쿨미술학원", "분야명": "예능(대)", "교습계열명": "예능(중)", "교습과정목록명": "미술", "교습과정명": "미술", "도로명주소": "경상남도 양산시 물금읍 신주로 43", "도로명상세주소": ", 303호 (물금읍, 남양프라자)", "수정일자": 20250817, "X좌표": 1137814.63812478, "Y좌표": 1705225.8517742399, "집계구코드": 38100120010503, "읍면동": "경상남도_양산시_물금읍" }, "geometry": { "type": "Point", "coordinates": [ 129.016382276942295, 35.333121887973491 ] } },
{ "type": "Feature", "properties": { "결과": "O", "행정구역명": "양산시", "학원교습소명": "학원", "학원명": "성신영수학원", "분야명": "종합(대)", "교습계열명": null, "교습과정목록명": "보습,실용외국어(유아/초·중·고)", "교습과정명": null, "도로명주소": "경상남도 양산시 물금읍 신주로 43", "도로명상세주소": ", 402호 (물금읍, 남양프라자)", "수정일자": 20260809, "X좌표": 1137814.63812478, "Y좌표": 1705225.8517742399, "집계구코드": 38100120010503, "읍면동": "경상남도_양산시_물금읍" }, "geometry": { "type": "Point", "coordinates": [ 129.016382276942295, 35.333121887973491 ] } },
{ "type": "Feature", "properties": { "결과": "O", "행정구역명": "양산시", "학원교습소명": "학원", "학원명": "윤선생IGSE아카데미양산신주캠퍼스학원", "분야명": "입시.검정 및 보습", "교습계열명": "보통교과", "교습과정목록명": null, "교습과정명": "보습", "도로명주소": "경상남도 양산시 물금읍 신주로 43", "도로명상세주소": ", 205호 (물금읍, 남양프라자)", "수정일자": 20231018, "X좌표": 1137814.63812478, "Y좌표": 1705225.8517742399, "집계구코드": 38100120010503, "읍면동": "경상남도_양산시_물금읍" }, "geometry": { "type": "Point", "coordinates": [ 129.016382276942295, 35.333121887973491 ] } },
{ "type": "Feature", "properties": { "결과": "O", "행정구역명": "양산시", "학원교습소명": "학원", "학원명": "튼튼영어마스터클럽X라온제나어학원", "분야명": "국제화", "교습계열명": "외국어", "교습과정목록명": "실용외국어(유아/초·중·고),", "교습과정명": "실용외국어(유아/초·중·고)", "도로명주소": "경상남도 양산시 물금읍 신주로 43", "도로명상세주소": ", 202호 일부, 203호 (물금읍, 남양프라자)", "수정일자": 20231018, "X좌표": 1137814.63812478, "Y좌표": 1705225.8517742399, "집계구코드": 38100120010503, "읍면동": "경상남도_양산시_물금읍" }, "geometry": { "type": "Point", "coordinates": [ 129.016382276942295, 35.333121887973491 ] } },
{ "type": "Feature", "properties": { "결과": "O", "행정구역명": "양산시", "학원교습소명": "학원", "학원명": "하E영어학원", "분야명": "입시.검정 및 보습", "교습계열명": "보통교과", "교습과정목록명": "보습", "교습과정명": "보습", "도로명주소": "경상남도 양산시 물금읍 신주로 43", "도로명상세주소": ", 401호 (물금읍, 남양프라자)", "수정일자": 20260726, "X좌표": 1137814.63812478, "Y좌표": 1705225.8517742399, "집계구코드": 38100120010503, "읍면동": "경상남도_양산시_물금읍" }, "geometry": { "type": "Point", "coordinates": [ 129.016382276942295, 35.333121887973491 ] } },
{ "type": "Feature", "properties": { "결과": "O", "행정구역명": "양산시", "학원교습소명": "학원", "학원명": "강한수학전문학원", "분야명": "입시.검정 및 보습", "교습계열명": "보통교과", "교습과정목록명": "보습", "교습과정명": "보습", "도로명주소": "경상남도 양산시 물금읍 신주로 45", "도로명상세주소": ", 503호 (물금읍)", "수정일자": 20260906, "X좌표": 1137823.2071654601, "Y좌표": 1705212.6573773699, "집계구코드": 38100120010503, "읍면동": "경상남도_양산시_물금읍" }, "geometry": { "type": "Point", "coordinates": [ 129.016474311073551, 35.333001774076656 ] } },
{ "type": "Feature", "properties": { "결과": "O", "행정구역명": "양산시", "학원교습소명": "학원", "학원명": "대교하이캠퍼스신양산학원", "분야명": "입시.검정 및 보습", "교습계열명": "보통교과", "교습과정목록명": "보습", "교습과정명": "보습", "도로명주소": "경상남도 양산시 물금읍 신주로 45", "도로명상세주소": ", 501호 (물금읍)", "수정일자": 20251005, "X좌표": 1137823.2071654601, "Y좌표": 1705212.6573773699, "집계구코드": 38100120010503, "읍면동": "경상남도_양산시_물금읍" }, "geometry": { "type": "Point", "coordinates": [ 129.016474311073551, 35.333001774076656 ] } },
{ "type": "Feature", "properties": { "결과": "O", "행정구역명": "양산시", "학원교습소명": "학원", "학원명": "박샘수학학원", "분야명": "입시.검정 및 보습", "교습계열명": "보통교과", "교습과정목록명": "보습", "교습과정명": "보습", "도로명주소": "경상남도 양산시 물금읍 신주로 45", "도로명상세주소": ", 502호 (물금읍)", "수정일자": 20240728, "X좌표": 1137823.2071654601, "Y좌표": 1705212.6573773699, "집계구코드": 38100120010503, "읍면동": "경상남도_양산시_물금읍" }, "geometry": { "type": "Point", "coordinates": [ 129.016474311073551, 35.333001774076656 ] } },
{ "type": "Feature", "properties": { "결과": "O", "행정구역명": "양산시", "학원교습소명": "학원", "학원명": "수지쌤영어학원", "분야명": "입시.검정 및 보습", "교습계열명": null, "교습과정목록명": null, "교습과정명": null, "도로명주소": "경상남도 양산시 물금읍 신주로 45", "도로명상세주소": "302호(물금읍)", "수정일자": 20260329, "X좌표": 1137823.2071654601, "Y좌표": 1705212.6573773699, "집계구코드": 38100120010503, "읍면동": "경상남도_양산시_물금읍" }, "geometry": { "type": "Point", "coordinates": [ 129.016474311073551, 35.333001774076656 ] } },
{ "type": "Feature", "properties": { "결과": "O", "행정구역명": "양산시", "학원교습소명": "학원", "학원명": "쏠티음악학원", "분야명": "예능(대)", "교습계열명": "예능(중)", "교습과정목록명": "음악", "교습과정명": "음악", "도로명주소": "경상남도 양산시 물금읍 신주로 45", "도로명상세주소": ", 403호 (물금읍)", "수정일자": 20250330, "X좌표": 1137823.2071654601, "Y좌표": 1705212.6573773699, "집계구코드": 38100120010503, "읍면동": "경상남도_양산시_물금읍" }, "geometry": { "type": "Point", "coordinates": [ 129.016474311073551, 35.333001774076656 ] } },
{ "type": "Feature", "properties": { "결과": "O", "행정구역명": "양산시", "학원교습소명": "학원", "학원명": "참국어전문학원", "분야명": "입시.검정 및 보습", "교습계열명": "보통교과", "교습과정목록명": "보습", "교습과정명": "보습", "도로명주소": "경상남도 양산시 물금읍 신주로 45", "도로명상세주소": "301호", "수정일자": 20250914, "X좌표": 1137823.2071654601, "Y좌표": 1705212.6573773699, "집계구코드": 38100120010503, "읍면동": "경상남도_양산시_물금읍" }, "geometry": { "type": "Point", "coordinates": [ 129.016474311073551, 35.333001774076656 ] } },
{ "type": "Feature", "properties": { "결과": "O", "행정구역명": "양산시", "학원교습소명": "학원", "학원명": "터닝포인트영어학원", "분야명": "입시.검정 및 보습", "교습계열명": "보통교과", "교습과정목록명": "보습", "교습과정명": "보습", "도로명주소": "경상남도 양산시 물금읍 신주로 45", "도로명상세주소": ", 402호 (물금읍)", "수정일자": 20250803, "X좌표": 1137823.2071654601, "Y좌표": 1705212.6573773699, "집계구코드": 38100120010503, "읍면동": "경상남도_양산시_물금읍" }, "geometry": { "type": "Point", "coordinates": [ 129.016474311073551, 35.333001774076656 ] } },
{ "type": "Feature", "properties": { "결과": "O", "행정구역명": "양산시", "학원교습소명": "학원", "학원명": "필즈에듀영수학원", "분야명": "입시.검정 및 보습", "교습계열명": "보통교과", "교습과정목록명": "보습", "교습과정명": "보습", "도로명주소": "경상남도 양산시 물금읍 신주로 47", "도로명상세주소": ", 202호 (물금읍)", "수정일자": 20260906, "X좌표": 1137838.97701492, "Y좌표": 1705204.5245267199, "집계구코드": 38100120010503, "읍면동": "경상남도_양산시_물금읍" }, "geometry": { "type": "Point", "coordinates": [ 129.01664640336341, 35.332926289930107 ] } },
{ "type": "Feature", "properties": { "결과": "O", "행정구역명": "양산시", "학원교습소명": "학원", "학원명": "입시전문K2학원", "분야명": "입시.검정 및 보습", "교습계열명": "보통교과", "교습과정목록명": "보습", "교습과정명": "보습", "도로명주소": "경상남도 양산시 물금읍 신주로 47-1", "도로명상세주소": ", 301호", "수정일자": 20260607, "X좌표": 1137848.3072788799, "Y좌표": 1705188.6743554701, "집계구코드": 38100120010503, "읍면동": "경상남도_양산시_물금읍" }, "geometry": { "type": "Point", "coordinates": [ 129.016746362684955, 35.332782132215769 ] } },
{ "type": "Feature", "properties": { "결과": "O", "행정구역명": "양산시", "학원교습소명": "학원", "학원명": "잇올스파르타양산관리형독서실", "분야명": "독서실", "교습계열명": "독서", "교습과정목록명": "독서실(유아/초·중·고)", "교습과정명": "독서실(유아/초·중·고)", "도로명주소": "경상남도 양산시 물금읍 신주로 47-1", "도로명상세주소": ", 501호, 504호 (물금읍)", "수정일자": 20251130, "X좌표": 1137848.3072788799, "Y좌표": 1705188.6743554701, "집계구코드": 38100120010503, "읍면동": "경상남도_양산시_물금읍" }, "geometry": { "type": "Point", "coordinates": [ 129.016746362684955, 35.332782132215769 ] } },
{ "type": "Feature", "properties": { "결과": "O", "행정구역명": "양산시", "학원교습소명": "학원", "학원명": "잇올스파르타양산독학재수학원", "분야명": "입시.검정 및 보습", "교습계열명": "보통교과", "교습과정목록명": "보습", "교습과정명": "보습", "도로명주소": "경상남도 양산시 물금읍 신주로 47-1", "도로명상세주소": ", 502호, 503호 (물금읍)", "수정일자": 20251130, "X좌표": 1137848.3072788799, "Y좌표": 1705188.6743554701, "집계구코드": 38100120010503, "읍면동": "경상남도_양산시_물금읍" }, "geometry": { "type": "Point", "coordinates": [ 129.016746362684955, 35.332782132215769 ] } },
{ "type": "Feature", "properties": { "결과": "O", "행정구역명": "양산시", "학원교습소명": "학원", "학원명": "KSE영수학원", "분야명": "입시.검정 및 보습", "교습계열명": "보통교과", "교습과정목록명": null, "교습과정명": "보습", "도로명주소": "경상남도 양산시 물금읍 신주로 49", "도로명상세주소": ", 501호 (물금읍, S)", "수정일자": 20231018, "X좌표": 1137862.2910774299, "Y좌표": 1705178.0103883899, "집계구코드": 38100120010503, "읍면동": "경상남도_양산시_물금읍" }, "geometry": { "type": "Point", "coordinates": [ 129.016898382094013, 35.33268407933339 ] } },
{ "type": "Feature", "properties": { "결과": "O", "행정구역명": "양산시", "학원교습소명": "학원", "학원명": "위런어학원", "분야명": "국제화", "교습계열명": "외국어", "교습과정목록명": "실용외국어(유아/초·중·고)", "교습과정명": "실용외국어(유아/초·중·고)", "도로명주소": "경상남도 양산시 물금읍 신주로 49", "도로명상세주소": ", 301호 (물금읍, S)", "수정일자": 20260111, "X좌표": 1137862.2910774299, "Y좌표": 1705178.0103883899, "집계구코드": 38100120010503, "읍면동": "경상남도_양산시_물금읍" }, "geometry": { "type": "Point", "coordinates": [ 129.016898382094013, 35.33268407933339 ] } },
{ "type": "Feature", "properties": { "결과": "O", "행정구역명": "양산시", "학원교습소명": "학원", "학원명": "하이클래스학원", "분야명": "입시.검정 및 보습", "교습계열명": "보통교과", "교습과정목록명": "보습", "교습과정명": "보습", "도로명주소": "경상남도 양산시 물금읍 신주로 49", "도로명상세주소": "201호", "수정일자": 20251228, "X좌표": 1137862.2910774299, "Y좌표": 1705178.0103883899, "집계구코드": 38100120010503, "읍면동": "경상남도_양산시_물금읍" }, "geometry": { "type": "Point", "coordinates": [ 129.016898382094013, 35.33268407933339 ] } },
{ "type": "Feature", "properties": { "결과": "O", "행정구역명": "양산시", "학원교습소명": "교습소", "학원명": "NE능률주니어랩물금3영어교습소", "분야명": "입시.검정 및 보습", "교습계열명": "보통교과", "교습과정목록명": "초등영어", "교습과정명": "보습", "도로명주소": "경상남도 양산시 물금읍 신주로 73", "도로명상세주소": ", 신창비바패밀리 상가 204호 (물금읍)", "수정일자": 20240407, "X좌표": 1138033.7306884001, "Y좌표": 1705004.0515145799, "집계구코드": 38100120030507, "읍면동": "경상남도_양산시_물금읍" }, "geometry": { "type": "Point", "coordinates": [ 129.018754801702443, 35.331092373439695 ] } },
{ "type": "Feature", "properties": { "결과": "O", "행정구역명": "양산시", "학원교습소명": "교습소", "학원명": "굿모닝미술교습소", "분야명": "예능(대)", "교습계열명": "예능(중)", "교습과정목록명": "미술(고급5)", "교습과정명": "미술", "도로명주소": "경상남도 양산시 물금읍 신주로 73", "도로명상세주소": ", 상가 203호 (물금읍, 신창비바패밀리 상가)", "수정일자": 20240407, "X좌표": 1138033.7306884001, "Y좌표": 1705004.0515145799, "집계구코드": 38100120030507, "읍면동": "경상남도_양산시_물금읍" }, "geometry": { "type": "Point", "coordinates": [ 129.018754801702443, 35.331092373439695 ] } },
{ "type": "Feature", "properties": { "결과": "O", "행정구역명": "양산시", "학원교습소명": "교습소", "학원명": "미래엔영어신창비바영어교습소", "분야명": "입시.검정 및 보습", "교습계열명": null, "교습과정목록명": null, "교습과정명": null, "도로명주소": "경상남도 양산시 물금읍 신주로 73", "도로명상세주소": ", 신창비바패밀리 상가 102호 (물금읍)", "수정일자": 20260628, "X좌표": 1138033.7306884001, "Y좌표": 1705004.0515145799, "집계구코드": 38100120030507, "읍면동": "경상남도_양산시_물금읍" }, "geometry": { "type": "Point", "coordinates": [ 129.018754801702443, 35.331092373439695 ] } },
{ "type": "Feature", "properties": { "결과": "O", "행정구역명": "양산시", "학원교습소명": "교습소", "학원명": "민수쌤영어교습소", "분야명": "입시.검정 및 보습", "교습계열명": null, "교습과정목록명": null, "교습과정명": null, "도로명주소": "경상남도 양산시 물금읍 신주로 73", "도로명상세주소": "신창비바패밀리상가 416호", "수정일자": 20250330, "X좌표": 1138033.7306884001, "Y좌표": 1705004.0515145799, "집계구코드": 38100120030507, "읍면동": "경상남도_양산시_물금읍" }, "geometry": { "type": "Point", "coordinates": [ 129.018754801702443, 35.331092373439695 ] } },
{ "type": "Feature", "properties": { "결과": "O", "행정구역명": "양산시", "학원교습소명": "교습소", "학원명": "반조일본어교습소", "분야명": "입시.검정 및 보습", "교습계열명": "보통교과", "교습과정목록명": "일본어(초급)", "교습과정명": "입시", "도로명주소": "경상남도 양산시 물금읍 신주로 73", "도로명상세주소": ", 411호 (물금읍, 신창비바패밀리 상가)", "수정일자": 20231018, "X좌표": 1138033.7306884001, "Y좌표": 1705004.0515145799, "집계구코드": 38100120030507, "읍면동": "경상남도_양산시_물금읍" }, "geometry": { "type": "Point", "coordinates": [ 129.018754801702443, 35.331092373439695 ] } },
{ "type": "Feature", "properties": { "결과": "O", "행정구역명": "양산시", "학원교습소명": "교습소", "학원명": "삼성영어셀레나양산성산영어교습소", "분야명": "입시.검정 및 보습", "교습계열명": "보통교과", "교습과정목록명": "초등영어", "교습과정명": "보습", "도로명주소": "경상남도 양산시 물금읍 신주로 73", "도로명상세주소": ", 208호 (물금읍, 신창비바패밀리 상가)", "수정일자": 20260405, "X좌표": 1138033.7306884001, "Y좌표": 1705004.0515145799, "집계구코드": 38100120030507, "읍면동": "경상남도_양산시_물금읍" }, "geometry": { "type": "Point", "coordinates": [ 129.018754801702443, 35.331092373439695 ] } },
{ "type": "Feature", "properties": { "결과": "O", "행정구역명": "양산시", "학원교습소명": "교습소", "학원명": "세진수학교습소", "분야명": "입시.검정 및 보습", "교습계열명": "보통교과", "교습과정목록명": "고등수학1", "교습과정명": "보습", "도로명주소": "경상남도 양산시 물금읍 신주로 73", "도로명상세주소": "신창비바패밀리 상가동 215호", "수정일자": 20260308, "X좌표": 1138033.7306884001, "Y좌표": 1705004.0515145799, "집계구코드": 38100120030507, "읍면동": "경상남도_양산시_물금읍" }, "geometry": { "type": "Point", "coordinates": [ 129.018754801702443, 35.331092373439695 ] } },
{ "type": "Feature", "properties": { "결과": "O", "행정구역명": "양산시", "학원교습소명": "교습소", "학원명": "센텀수학교습소", "분야명": "입시.검정 및 보습", "교습계열명": "보통교과", "교습과정목록명": "고등수학1", "교습과정명": "보습", "도로명주소": "경상남도 양산시 물금읍 신주로 73", "도로명상세주소": ", 406호 (물금읍, 신창비바패밀리 상가)", "수정일자": 20250622, "X좌표": 1138033.7306884001, "Y좌표": 1705004.0515145799, "집계구코드": 38100120030507, "읍면동": "경상남도_양산시_물금읍" }, "geometry": { "type": "Point", "coordinates": [ 129.018754801702443, 35.331092373439695 ] } },
{ "type": "Feature", "properties": { "결과": "O", "행정구역명": "양산시", "학원교습소명": "교습소", "학원명": "솔루니물금독서논술교습소", "분야명": "입시.검정 및 보습", "교습계열명": "보통교과", "교습과정목록명": "초등논술", "교습과정명": "보습", "도로명주소": "경상남도 양산시 물금읍 신주로 73", "도로명상세주소": ", 205호 (물금읍, 신창비바패밀리 상가)", "수정일자": 20250615, "X좌표": 1138033.7306884001, "Y좌표": 1705004.0515145799, "집계구코드": 38100120030507, "읍면동": "경상남도_양산시_물금읍" }, "geometry": { "type": "Point", "coordinates": [ 129.018754801702443, 35.331092373439695 ] } },
{ "type": "Feature", "properties": { "결과": "O", "행정구역명": "양산시", "학원교습소명": "교습소", "학원명": "수수깨기수학교습소", "분야명": "입시.검정 및 보습", "교습계열명": "보통교과", "교습과정목록명": "고등수학(1)", "교습과정명": "보습", "도로명주소": "경상남도 양산시 물금읍 신주로 73", "도로명상세주소": ", 401호 (물금읍, 신창비바패밀리 상가)", "수정일자": 20251207, "X좌표": 1138033.7306884001, "Y좌표": 1705004.0515145799, "집계구코드": 38100120030507, "읍면동": "경상남도_양산시_물금읍" }, "geometry": { "type": "Point", "coordinates": [ 129.018754801702443, 35.331092373439695 ] } },
{ "type": "Feature", "properties": { "결과": "O", "행정구역명": "양산시", "학원교습소명": "교습소", "학원명": "시원국어교습소", "분야명": "입시.검정 및 보습", "교습계열명": "보통교과", "교습과정목록명": "중등국어(1)", "교습과정명": "보습", "도로명주소": "경상남도 양산시 물금읍 신주로 73", "도로명상세주소": ", 414호 (물금읍, 신창비바패밀리 상가)", "수정일자": 20231018, "X좌표": 1138033.7306884001, "Y좌표": 1705004.0515145799, "집계구코드": 38100120030507, "읍면동": "경상남도_양산시_물금읍" }, "geometry": { "type": "Point", "coordinates": [ 129.018754801702443, 35.331092373439695 ] } },
{ "type": "Feature", "properties": { "결과": "O", "행정구역명": "양산시", "학원교습소명": "교습소", "학원명": "엔케이(NK)수학교습소", "분야명": "입시.검정 및 보습", "교습계열명": "보통교과", "교습과정목록명": "수학특강(1)", "교습과정명": "보습", "도로명주소": "경상남도 양산시 물금읍 신주로 73", "도로명상세주소": "신창비바패밀리 상가동 206호", "수정일자": 20251221, "X좌표": 1138033.7306884001, "Y좌표": 1705004.0515145799, "집계구코드": 38100120030507, "읍면동": "경상남도_양산시_물금읍" }, "geometry": { "type": "Point", "coordinates": [ 129.018754801702443, 35.331092373439695 ] } },
{ "type": "Feature", "properties": { "결과": "O", "행정구역명": "양산시", "학원교습소명": "교습소", "학원명": "옥텟과학교습소", "분야명": "입시.검정 및 보습", "교습계열명": "보통교과", "교습과정목록명": "고3수능", "교습과정명": "보습", "도로명주소": "경상남도 양산시 물금읍 신주로 73", "도로명상세주소": ", 211호 (물금읍, 신창비바패밀리 상가)", "수정일자": 20240929, "X좌표": 1138033.7306884001, "Y좌표": 1705004.0515145799, "집계구코드": 38100120030507, "읍면동": "경상남도_양산시_물금읍" }, "geometry": { "type": "Point", "coordinates": [ 129.018754801702443, 35.331092373439695 ] } },
{ "type": "Feature", "properties": { "결과": "O", "행정구역명": "양산시", "학원교습소명": "교습소", "학원명": "원수학교습소", "분야명": "입시.검정 및 보습", "교습계열명": "보통교과", "교습과정목록명": "고등수학2", "교습과정명": "보습", "도로명주소": "경상남도 양산시 물금읍 신주로 73", "도로명상세주소": "신창비바패밀리 상가 316호", "수정일자": 20250105, "X좌표": 1138033.7306884001, "Y좌표": 1705004.0515145799, "집계구코드": 38100120030507, "읍면동": "경상남도_양산시_물금읍" }, "geometry": { "type": "Point", "coordinates": [ 129.018754801702443, 35.331092373439695 ] } },
{ "type": "Feature", "properties": { "결과": "O", "행정구역명": "양산시", "학원교습소명": "교습소", "학원명": "죽살수학교습소", "분야명": "입시.검정 및 보습", "교습계열명": null, "교습과정목록명": null, "교습과정명": null, "도로명주소": "경상남도 양산시 물금읍 신주로 73", "도로명상세주소": "신창비바패밀리 상가동 207호", "수정일자": 20251109, "X좌표": 1138033.7306884001, "Y좌표": 1705004.0515145799, "집계구코드": 38100120030507, "읍면동": "경상남도_양산시_물금읍" }, "geometry": { "type": "Point", "coordinates": [ 129.018754801702443, 35.331092373439695 ] } },
{ "type": "Feature", "properties": { "결과": "O", "행정구역명": "양산시", "학원교습소명": "교습소", "학원명": "지음글방독서토론논술교습소", "분야명": "입시.검정 및 보습", "교습계열명": "보통교과", "교습과정목록명": "초등논술", "교습과정명": "보습", "도로명주소": "경상남도 양산시 물금읍 신주로 73", "도로명상세주소": "403호", "수정일자": 20260809, "X좌표": 1138033.7306884001, "Y좌표": 1705004.0515145799, "집계구코드": 38100120030507, "읍면동": "경상남도_양산시_물금읍" }, "geometry": { "type": "Point", "coordinates": [ 129.018754801702443, 35.331092373439695 ] } },
{ "type": "Feature", "properties": { "결과": "O", "행정구역명": "양산시", "학원교습소명": "교습소", "학원명": "최쌤영어교습소", "분야명": "입시.검정 및 보습", "교습계열명": "보통교과", "교습과정목록명": "영어(초등)", "교습과정명": "보습", "도로명주소": "경상남도 양산시 물금읍 신주로 73", "도로명상세주소": ", 213호 (물금읍, 신창비바패밀리 상가)", "수정일자": 20231018, "X좌표": 1138033.7306884001, "Y좌표": 1705004.0515145799, "집계구코드": 38100120030507, "읍면동": "경상남도_양산시_물금읍" }, "geometry": { "type": "Point", "coordinates": [ 129.018754801702443, 35.331092373439695 ] } },
{ "type": "Feature", "properties": { "결과": "O", "행정구역명": "양산시", "학원교습소명": "교습소", "학원명": "코어-엠수학교습소", "분야명": "입시.검정 및 보습", "교습계열명": "보통교과", "교습과정목록명": null, "교습과정명": "보습", "도로명주소": "경상남도 양산시 물금읍 신주로 73", "도로명상세주소": ", 115호 (물금읍, 신창비바패밀리 상가)", "수정일자": 20231018, "X좌표": 1138033.7306884001, "Y좌표": 1705004.0515145799, "집계구코드": 38100120030507, "읍면동": "경상남도_양산시_물금읍" }, "geometry": { "type": "Point", "coordinates": [ 129.018754801702443, 35.331092373439695 ] } },
{ "type": "Feature", "properties": { "결과": "O", "행정구역명": "양산시", "학원교습소명": "교습소", "학원명": "파란고등수학교습소", "분야명": "입시.검정 및 보습", "교습계열명": null, "교습과정목록명": null, "교습과정명": null, "도로명주소": "경상남도 양산시 물금읍 신주로 73", "도로명상세주소": "상가동 402호", "수정일자": 20250518, "X좌표": 1138033.7306884001, "Y좌표": 1705004.0515145799, "집계구코드": 38100120030507, "읍면동": "경상남도_양산시_물금읍" }, "geometry": { "type": "Point", "coordinates": [ 129.018754801702443, 35.331092373439695 ] } },
{ "type": "Feature", "properties": { "결과": "O", "행정구역명": "양산시", "학원교습소명": "교습소", "학원명": "파란수학교습소", "분야명": "입시.검정 및 보습", "교습계열명": null, "교습과정목록명": "초등수학(1)", "교습과정명": null, "도로명주소": "경상남도 양산시 물금읍 신주로 73", "도로명상세주소": ", 405호 (물금읍, 신창비바패밀리 상가)", "수정일자": 20231018, "X좌표": 1138033.7306884001, "Y좌표": 1705004.0515145799, "집계구코드": 38100120030507, "읍면동": "경상남도_양산시_물금읍" }, "geometry": { "type": "Point", "coordinates": [ 129.018754801702443, 35.331092373439695 ] } },
{ "type": "Feature", "properties": { "결과": "O", "행정구역명": "양산시", "학원교습소명": "교습소", "학원명": "프리즘AI로봇교습소", "분야명": "기타(대)", "교습계열명": null, "교습과정목록명": null, "교습과정명": null, "도로명주소": "경상남도 양산시 물금읍 신주로 73", "도로명상세주소": ", 217호", "수정일자": 20260329, "X좌표": 1138033.7306884001, "Y좌표": 1705004.0515145799, "집계구코드": 38100120030507, "읍면동": "경상남도_양산시_물금읍" }, "geometry": { "type": "Point", "coordinates": [ 129.018754801702443, 35.331092373439695 ] } },
{ "type": "Feature", "properties": { "결과": "O", "행정구역명": "양산시", "학원교습소명": "교습소", "학원명": "하이얀미술교습소", "분야명": "예능(대)", "교습계열명": "예능(중)", "교습과정목록명": "고급3", "교습과정명": "미술", "도로명주소": "경상남도 양산시 물금읍 신주로 73", "도로명상세주소": "상가동 209호", "수정일자": 20260329, "X좌표": 1138033.7306884001, "Y좌표": 1705004.0515145799, "집계구코드": 38100120030507, "읍면동": "경상남도_양산시_물금읍" }, "geometry": { "type": "Point", "coordinates": [ 129.018754801702443, 35.331092373439695 ] } },
{ "type": "Feature", "properties": { "결과": "O", "행정구역명": "양산시", "학원교습소명": "교습소", "학원명": "효쌤영어교습소", "분야명": "입시.검정 및 보습", "교습계열명": null, "교습과정목록명": null, "교습과정명": null, "도로명주소": "경상남도 양산시 물금읍 신주로 73", "도로명상세주소": "신창비바패밀리 상가동 404호", "수정일자": 20240317, "X좌표": 1138033.7306884001, "Y좌표": 1705004.0515145799, "집계구코드": 38100120030507, "읍면동": "경상남도_양산시_물금읍" }, "geometry": { "type": "Point", "coordinates": [ 129.018754801702443, 35.331092373439695 ] } },
{ "type": "Feature", "properties": { "결과": "O", "행정구역명": "양산시", "학원교습소명": "학원", "학원명": "김수현바이올린전문학원", "분야명": "예능(대)", "교습계열명": null, "교습과정목록명": null, "교습과정명": null, "도로명주소": "경상남도 양산시 물금읍 신주로 73", "도로명상세주소": ", 308호, 309호(물금읍)", "수정일자": 20260906, "X좌표": 1138033.7306884001, "Y좌표": 1705004.0515145799, "집계구코드": 38100120030507, "읍면동": "경상남도_양산시_물금읍" }, "geometry": { "type": "Point", "coordinates": [ 129.018754801702443, 35.331092373439695 ] } },
{ "type": "Feature", "properties": { "결과": "O", "행정구역명": "양산시", "학원교습소명": "학원", "학원명": "꿀수학학원", "분야명": "입시.검정 및 보습", "교습계열명": "보통교과", "교습과정목록명": "보습", "교습과정명": "보습", "도로명주소": "경상남도 양산시 물금읍 신주로 73", "도로명상세주소": ", 306~307호 (물금읍, 신창비바패밀리 상가)", "수정일자": 20260607, "X좌표": 1138033.7306884001, "Y좌표": 1705004.0515145799, "집계구코드": 38100120030507, "읍면동": "경상남도_양산시_물금읍" }, "geometry": { "type": "Point", "coordinates": [ 129.018754801702443, 35.331092373439695 ] } },
{ "type": "Feature", "properties": { "결과": "O", "행정구역명": "양산시", "학원교습소명": "학원", "학원명": "더오름학원", "분야명": "입시.검정 및 보습", "교습계열명": "보통교과", "교습과정목록명": "보습", "교습과정명": "보습", "도로명주소": "경상남도 양산시 물금읍 신주로 73", "도로명상세주소": ", 315,317호 (물금읍, 신창비바패밀리 상가)", "수정일자": 20260607, "X좌표": 1138033.7306884001, "Y좌표": 1705004.0515145799, "집계구코드": 38100120030507, "읍면동": "경상남도_양산시_물금읍" }, "geometry": { "type": "Point", "coordinates": [ 129.018754801702443, 35.331092373439695 ] } },
{ "type": "Feature", "properties": { "결과": "O", "행정구역명": "양산시", "학원교습소명": "학원", "학원명": "매쓰팩토리수학학원", "분야명": "입시.검정 및 보습", "교습계열명": "보통교과", "교습과정목록명": "보습", "교습과정명": "보습", "도로명주소": "경상남도 양산시 물금읍 신주로 73", "도로명상세주소": ", 413호,415호,417호 (물금읍, 신창비바패밀리 상가)", "수정일자": 20260607, "X좌표": 1138033.7306884001, "Y좌표": 1705004.0515145799, "집계구코드": 38100120030507, "읍면동": "경상남도_양산시_물금읍" }, "geometry": { "type": "Point", "coordinates": [ 129.018754801702443, 35.331092373439695 ] } },
{ "type": "Feature", "properties": { "결과": "O", "행정구역명": "양산시", "학원교습소명": "학원", "학원명": "아이(I)현음악학원", "분야명": "예능(대)", "교습계열명": "예능(중)", "교습과정목록명": "음악", "교습과정명": "음악", "도로명주소": "경상남도 양산시 물금읍 신주로 73", "도로명상세주소": ", 214호, 216호 (물금읍, 신창비바패밀리 상가)", "수정일자": 20251228, "X좌표": 1138033.7306884001, "Y좌표": 1705004.0515145799, "집계구코드": 38100120030507, "읍면동": "경상남도_양산시_물금읍" }, "geometry": { "type": "Point", "coordinates": [ 129.018754801702443, 35.331092373439695 ] } },
{ "type": "Feature", "properties": { "결과": "O", "행정구역명": "양산시", "학원교습소명": "학원", "학원명": "워너비영수학원", "분야명": "입시.검정 및 보습", "교습계열명": "보통교과", "교습과정목록명": "보습", "교습과정명": "보습", "도로명주소": "경상남도 양산시 물금읍 신주로 73", "도로명상세주소": ", 410호, 412호 (물금읍, 신창비바패밀리 상가)", "수정일자": 20240623, "X좌표": 1138033.7306884001, "Y좌표": 1705004.0515145799, "집계구코드": 38100120030507, "읍면동": "경상남도_양산시_물금읍" }, "geometry": { "type": "Point", "coordinates": [ 129.018754801702443, 35.331092373439695 ] } },
{ "type": "Feature", "properties": { "결과": "O", "행정구역명": "양산시", "학원교습소명": "학원", "학원명": "이안수학영어학원", "분야명": "입시.검정 및 보습", "교습계열명": "보통교과", "교습과정목록명": "보습", "교습과정명": "보습", "도로명주소": "경상남도 양산시 물금읍 신주로 73", "도로명상세주소": ", 신창비바패밀리 상가 407호, 408호, 409호 (물금읍)", "수정일자": 20240714, "X좌표": 1138033.7306884001, "Y좌표": 1705004.0515145799, "집계구코드": 38100120030507, "읍면동": "경상남도_양산시_물금읍" }, "geometry": { "type": "Point", "coordinates": [ 129.018754801702443, 35.331092373439695 ] } },
{ "type": "Feature", "properties": { "결과": "O", "행정구역명": "양산시", "학원교습소명": "학원", "학원명": "주향음악학원", "분야명": "예능(대)", "교습계열명": "예능(중)", "교습과정목록명": "음악", "교습과정명": "음악", "도로명주소": "경상남도 양산시 물금읍 신주로 73", "도로명상세주소": ", 신창비바패밀리 상가 310호, 312호 (물금읍)", "수정일자": 20260726, "X좌표": 1138033.7306884001, "Y좌표": 1705004.0515145799, "집계구코드": 38100120030507, "읍면동": "경상남도_양산시_물금읍" }, "geometry": { "type": "Point", "coordinates": [ 129.018754801702443, 35.331092373439695 ] } },
{ "type": "Feature", "properties": { "결과": "O", "행정구역명": "양산시", "학원교습소명": "학원", "학원명": "빛글국어논술학원", "분야명": "입시.검정 및 보습", "교습계열명": "보통교과", "교습과정목록명": null, "교습과정명": "보습", "도로명주소": "경상남도 양산시 물금읍 야리1길 22", "도로명상세주소": ", 502호 (물금읍, 미래타워)", "수정일자": 20231018, "X좌표": 1137118.2152065199, "Y좌표": 1702747.4152969599, "집계구코드": 38100120050002, "읍면동": "경상남도_양산시_물금읍" }, "geometry": { "type": "Point", "coordinates": [ 129.008306837743419, 35.310877552226486 ] } },
{ "type": "Feature", "properties": { "결과": "O", "행정구역명": "양산시", "학원교습소명": "학원", "학원명": "아이스터디학원", "분야명": "입시.검정 및 보습", "교습계열명": null, "교습과정목록명": null, "교습과정명": null, "도로명주소": "경상남도 양산시 물금읍 야리1길 22", "도로명상세주소": "미래타워 402호", "수정일자": 20250105, "X좌표": 1137118.2152065199, "Y좌표": 1702747.4152969599, "집계구코드": 38100120050002, "읍면동": "경상남도_양산시_물금읍" }, "geometry": { "type": "Point", "coordinates": [ 129.008306837743419, 35.310877552226486 ] } },
{ "type": "Feature", "properties": { "결과": "O", "행정구역명": "양산시", "학원교습소명": "학원", "학원명": "투쌤학원", "분야명": "입시.검정 및 보습", "교습계열명": "보통교과", "교습과정목록명": "보습", "교습과정명": "보습", "도로명주소": "경상남도 양산시 물금읍 야리1길 22", "도로명상세주소": ", 503호 (물금읍, 미래타워)", "수정일자": 20260419, "X좌표": 1137118.2152065199, "Y좌표": 1702747.4152969599, "집계구코드": 38100120050002, "읍면동": "경상남도_양산시_물금읍" }, "geometry": { "type": "Point", "coordinates": [ 129.008306837743419, 35.310877552226486 ] } },
{ "type": "Feature", "properties": { "결과": "O", "행정구역명": "양산시", "학원교습소명": "학원", "학원명": "동그라미미용전문학원", "분야명": "직업기술", "교습계열명": "산업응용기술", "교습과정목록명": "이·미용", "교습과정명": "이·미용", "도로명주소": "경상남도 양산시 물금읍 야리2길 43", "도로명상세주소": ", 403호,503호 (물금읍, 골든프라자)", "수정일자": 20260118, "X좌표": 1137143.1005979099, "Y좌표": 1702708.56842365, "집계구코드": 38100120050002, "읍면동": "경상남도_양산시_물금읍" }, "geometry": { "type": "Point", "coordinates": [ 129.008573990901112, 35.31052397830031 ] } },
{ "type": "Feature", "properties": { "결과": "O", "행정구역명": "양산시", "학원교습소명": "학원", "학원명": "러셀수학원", "분야명": "입시.검정 및 보습", "교습계열명": null, "교습과정목록명": null, "교습과정명": null, "도로명주소": "경상남도 양산시 물금읍 야리3길 34", "도로명상세주소": "부광타워 307호", "수정일자": 20251130, "X좌표": 1137330.3028579301, "Y좌표": 1703081.2996875499, "집계구코드": 38100120054901, "읍면동": "경상남도_양산시_물금읍" }, "geometry": { "type": "Point", "coordinates": [ 129.010695060871313, 35.313858011875368 ] } },
{ "type": "Feature", "properties": { "결과": "O", "행정구역명": "양산시", "학원교습소명": "학원", "학원명": "청소잘하는아빠들홈케어기술전문학원", "분야명": "직업기술", "교습계열명": "일반서비스", "교습과정목록명": "청소", "교습과정명": "청소", "도로명주소": "경상남도 양산시 물금읍 야리4길 13", "도로명상세주소": "206호, 207호 일부", "수정일자": 20250831, "X좌표": 1137365.4395454901, "Y좌표": 1703141.1503266699, "집계구코드": 38100120050034, "읍면동": "경상남도_양산시_물금읍" }, "geometry": { "type": "Point", "coordinates": [ 129.011091497008266, 35.314392666323386 ] } },
{ "type": "Feature", "properties": { "결과": "O", "행정구역명": "양산시", "학원교습소명": "학원", "학원명": "문재현토익어학원", "분야명": "국제화", "교습계열명": "국제", "교습과정목록명": "어학(성인)", "교습과정명": "어학(성인)", "도로명주소": "경상남도 양산시 물금읍 야리로 112", "도로명상세주소": ", 504호 (물금읍)", "수정일자": 20260906, "X좌표": 1137071.2220770901, "Y좌표": 1702782.5779770301, "집계구코드": 38100120050002, "읍면동": "경상남도_양산시_물금읍" }, "geometry": { "type": "Point", "coordinates": [ 129.007795953733535, 35.311200949007151 ] } },
{ "type": "Feature", "properties": { "결과": "O", "행정구역명": "양산시", "학원교습소명": "학원", "학원명": "포즈주얼스무용학원", "분야명": "예능(대)", "교습계열명": "예능(중)", "교습과정목록명": "무용", "교습과정명": "무용", "도로명주소": "경상남도 양산시 물금읍 야리로 112", "도로명상세주소": "KJ플러스 401호, 402호", "수정일자": 20260816, "X좌표": 1137071.2220770901, "Y좌표": 1702782.5779770301, "집계구코드": 38100120050002, "읍면동": "경상남도_양산시_물금읍" }, "geometry": { "type": "Point", "coordinates": [ 129.007795953733535, 35.311200949007151 ] } },
{ "type": "Feature", "properties": { "결과": "O", "행정구역명": "양산시", "학원교습소명": "학원", "학원명": "아이스터디종합학원", "분야명": "입시.검정 및 보습", "교습계열명": null, "교습과정목록명": null, "교습과정명": null, "도로명주소": "경상남도 양산시 물금읍 야리로 118", "도로명상세주소": "우성프라자 501호", "수정일자": 20250126, "X좌표": 1137127.4670730301, "Y좌표": 1702775.0404473499, "집계구코드": 38100120050002, "읍면동": "경상남도_양산시_물금읍" }, "geometry": { "type": "Point", "coordinates": [ 129.008413201112006, 35.311125291733894 ] } },
{ "type": "Feature", "properties": { "결과": "O", "행정구역명": "양산시", "학원교습소명": "학원", "학원명": "티오피커피학원", "분야명": "직업기술", "교습계열명": "산업응용기술", "교습과정목록명": "식음료품(바리스타,소믈리에)", "교습과정명": "식음료품(바리스타,소믈리에)", "도로명주소": "경상남도 양산시 물금읍 야리로 118", "도로명상세주소": ", 301호, 302호 (물금읍, 우성프라자)", "수정일자": 20250525, "X좌표": 1137127.4670730301, "Y좌표": 1702775.0404473499, "집계구코드": 38100120050002, "읍면동": "경상남도_양산시_물금읍" }, "geometry": { "type": "Point", "coordinates": [ 129.008413201112006, 35.311125291733894 ] } },
{ "type": "Feature", "properties": { "결과": "O", "행정구역명": "양산시", "학원교습소명": "학원", "학원명": "컴업댄스아카데미학원", "분야명": "예능(대)", "교습계열명": "예능(중)", "교습과정목록명": "무용", "교습과정명": "무용", "도로명주소": "경상남도 양산시 물금읍 야리로 13", "도로명상세주소": ", 301호 (물금읍, 양우프라자)", "수정일자": 20250518, "X좌표": 1136388.48381743, "Y좌표": 1703529.29630191, "집계구코드": 38100120050018, "읍면동": "경상남도_양산시_물금읍" }, "geometry": { "type": "Point", "coordinates": [ 129.00041240452174, 35.318025171762528 ] } },
{ "type": "Feature", "properties": { "결과": "O", "행정구역명": "양산시", "학원교습소명": "학원", "학원명": "루틴수학학원", "분야명": "입시.검정 및 보습", "교습계열명": null, "교습과정목록명": null, "교습과정명": null, "도로명주소": "경상남도 양산시 물금읍 야리로 15", "도로명상세주소": "가람프라자 302호", "수정일자": 20251130, "X좌표": 1136401.15031204, "Y좌표": 1703516.3584517201, "집계구코드": 38100120050018, "읍면동": "경상남도_양산시_물금읍" }, "geometry": { "type": "Point", "coordinates": [ 129.000549551498182, 35.317906822734585 ] } },
{ "type": "Feature", "properties": { "결과": "O", "행정구역명": "양산시", "학원교습소명": "학원", "학원명": "유진칼라미술학원", "분야명": "예능(대)", "교습계열명": "예능(중)", "교습과정목록명": "미술,음악", "교습과정명": "미술", "도로명주소": "경상남도 양산시 물금읍 야리로 15", "도로명상세주소": "201호, 202호", "수정일자": 20251005, "X좌표": 1136401.15031204, "Y좌표": 1703516.3584517201, "집계구코드": 38100120050018, "읍면동": "경상남도_양산시_물금읍" }, "geometry": { "type": "Point", "coordinates": [ 129.000549551498182, 35.317906822734585 ] } },
{ "type": "Feature", "properties": { "결과": "O", "행정구역명": "양산시", "학원교습소명": "학원", "학원명": "엠베스트SE과외학원", "분야명": "입시.검정 및 보습", "교습계열명": "보통교과", "교습과정목록명": "보습", "교습과정명": "보습", "도로명주소": "경상남도 양산시 물금읍 야리로 17", "도로명상세주소": "202호", "수정일자": 20241215, "X좌표": 1136419.9850139499, "Y좌표": 1703502.1317561499, "집계구코드": 38100120050018, "읍면동": "경상남도_양산시_물금읍" }, "geometry": { "type": "Point", "coordinates": [ 129.000754319013282, 35.317776013989409 ] } },
{ "type": "Feature", "properties": { "결과": "O", "행정구역명": "양산시", "학원교습소명": "학원", "학원명": "지나영어학원", "분야명": "국제화", "교습계열명": "외국어", "교습과정목록명": "실용외국어(유아/초·중·고)", "교습과정명": "실용외국어(유아/초·중·고)", "도로명주소": "경상남도 양산시 물금읍 야리로 17", "도로명상세주소": "3층 302호", "수정일자": 20251221, "X좌표": 1136419.9850139499, "Y좌표": 1703502.1317561499, "집계구코드": 38100120050018, "읍면동": "경상남도_양산시_물금읍" }, "geometry": { "type": "Point", "coordinates": [ 129.000754319013282, 35.317776013989409 ] } },
{ "type": "Feature", "properties": { "결과": "O", "행정구역명": "양산시", "학원교습소명": "학원", "학원명": "엘리프어학원", "분야명": "국제화", "교습계열명": "외국어", "교습과정목록명": "실용외국어(유아/초·중·고)", "교습과정명": "실용외국어(유아/초·중·고)", "도로명주소": "경상남도 양산시 물금읍 야리로 21", "도로명상세주소": ", 502호 (물금읍, 해피프라자)", "수정일자": 20250105, "X좌표": 1136452.8761487999, "Y좌표": 1703464.0616565601, "집계구코드": 38100120050018, "읍면동": "경상남도_양산시_물금읍" }, "geometry": { "type": "Point", "coordinates": [ 129.001109700415014, 35.317428364303495 ] } },
{ "type": "Feature", "properties": { "결과": "O", "행정구역명": "양산시", "학원교습소명": "학원", "학원명": "포쌤영재센터학원", "분야명": "입시.검정 및 보습", "교습계열명": "보통교과", "교습과정목록명": "보습", "교습과정명": "보습", "도로명주소": "경상남도 양산시 물금읍 야리로 21", "도로명상세주소": "501호", "수정일자": 20260412, "X좌표": 1136452.8761487999, "Y좌표": 1703464.0616565601, "집계구코드": 38100120050018, "읍면동": "경상남도_양산시_물금읍" }, "geometry": { "type": "Point", "coordinates": [ 129.001109700415014, 35.317428364303495 ] } },
{ "type": "Feature", "properties": { "결과": "O", "행정구역명": "양산시", "학원교습소명": "학원", "학원명": "아소비&큐미르가촌점학원", "분야명": "입시.검정 및 보습", "교습계열명": "보통교과", "교습과정목록명": "보습", "교습과정명": "보습", "도로명주소": "경상남도 양산시 물금읍 야리로 23", "도로명상세주소": ", 303호 (물금읍, 강남프라자)", "수정일자": 20260118, "X좌표": 1136473.66675572, "Y좌표": 1703449.71410041, "집계구코드": 38100120050018, "읍면동": "경상남도_양산시_물금읍" }, "geometry": { "type": "Point", "coordinates": [ 129.001335955846088, 35.317296198104238 ] } },
{ "type": "Feature", "properties": { "결과": "O", "행정구역명": "양산시", "학원교습소명": "학원", "학원명": "지음국어학원", "분야명": "입시.검정 및 보습", "교습계열명": null, "교습과정목록명": null, "교습과정명": null, "도로명주소": "경상남도 양산시 물금읍 야리로 23", "도로명상세주소": "403호", "수정일자": 20250831, "X좌표": 1136473.66675572, "Y좌표": 1703449.71410041, "집계구코드": 38100120050018, "읍면동": "경상남도_양산시_물금읍" }, "geometry": { "type": "Point", "coordinates": [ 129.001335955846088, 35.317296198104238 ] } },
{ "type": "Feature", "properties": { "결과": "O", "행정구역명": "양산시", "학원교습소명": "학원", "학원명": "작심독서실", "분야명": "독서실", "교습계열명": "독서", "교습과정목록명": "독서실", "교습과정명": "독서실", "도로명주소": "경상남도 양산시 물금읍 야리로 27-64", "도로명상세주소": ", 동서프라자 301호, 302호, 303호 일부 (물금읍)", "수정일자": 20250504, "X좌표": 1136373.5250840201, "Y좌표": 1703605.2080385101, "집계구코드": 38100120050018, "읍면동": "경상남도_양산시_물금읍" }, "geometry": { "type": "Point", "coordinates": [ 129.000260534183411, 35.318711471701619 ] } },
{ "type": "Feature", "properties": { "결과": "O", "행정구역명": "양산시", "학원교습소명": "교습소", "학원명": "삼성영어증산영어교습소", "분야명": "입시.검정 및 보습", "교습계열명": "보통교과", "교습과정목록명": "초등영어", "교습과정명": "보습", "도로명주소": "경상남도 양산시 물금읍 야리로 30", "도로명상세주소": ", 상가동 204호 (물금읍, 양우내안애1차아파트)", "수정일자": 20260405, "X좌표": 1136352.4671066699, "Y좌표": 1703255.2821251, "집계구코드": 38100120051604, "읍면동": "경상남도_양산시_물금읍" }, "geometry": { "type": "Point", "coordinates": [ 128.999970687256877, 35.315560158966107 ] } },
{ "type": "Feature", "properties": { "결과": "O", "행정구역명": "양산시", "학원교습소명": "교습소", "학원명": "온수학교습소", "분야명": "입시.검정 및 보습", "교습계열명": "보통교과", "교습과정목록명": "초등수학1", "교습과정명": "보습", "도로명주소": "경상남도 양산시 물금읍 야리로 30", "도로명상세주소": ", 상가동 202호 (물금읍, 양우내안애1차아파트)", "수정일자": 20250302, "X좌표": 1136352.4671066699, "Y좌표": 1703255.2821251, "집계구코드": 38100120051604, "읍면동": "경상남도_양산시_물금읍" }, "geometry": { "type": "Point", "coordinates": [ 128.999970687256877, 35.315560158966107 ] } },
{ "type": "Feature", "properties": { "결과": "O", "행정구역명": "양산시", "학원교습소명": "학원", "학원명": "MJ코딩&몬스터매스학원", "분야명": "기타(대)", "교습계열명": "기타(중)", "교습과정목록명": "기타(소)", "교습과정명": "기타(소)", "도로명주소": "경상남도 양산시 물금읍 야리로 31", "도로명상세주소": ", 경남프라자 501호 (물금읍)", "수정일자": 20251221, "X좌표": 1136523.3624853301, "Y좌표": 1703390.1759683499, "집계구코드": 38100120050018, "읍면동": "경상남도_양산시_물금읍" }, "geometry": { "type": "Point", "coordinates": [ 129.001872562794148, 35.316752741148036 ] } },
{ "type": "Feature", "properties": { "결과": "O", "행정구역명": "양산시", "학원교습소명": "학원", "학원명": "나라쌤사탐학원", "분야명": "입시.검정 및 보습", "교습계열명": "보통교과", "교습과정목록명": "보습", "교습과정명": "보습", "도로명주소": "경상남도 양산시 물금읍 야리로 31", "도로명상세주소": ", 경남프라자 507호 (물금읍)", "수정일자": 20250706, "X좌표": 1136523.3624853301, "Y좌표": 1703390.1759683499, "집계구코드": 38100120050018, "읍면동": "경상남도_양산시_물금읍" }, "geometry": { "type": "Point", "coordinates": [ 129.001872562794148, 35.316752741148036 ] } },
{ "type": "Feature", "properties": { "결과": "O", "행정구역명": "양산시", "학원교습소명": "학원", "학원명": "라엠영수전문학원", "분야명": "입시.검정 및 보습", "교습계열명": "보통교과", "교습과정목록명": "보습", "교습과정명": "보습", "도로명주소": "경상남도 양산시 물금읍 야리로 31", "도로명상세주소": ", 경남프라자 504호 (물금읍)", "수정일자": 20260315, "X좌표": 1136523.3624853301, "Y좌표": 1703390.1759683499, "집계구코드": 38100120050018, "읍면동": "경상남도_양산시_물금읍" }, "geometry": { "type": "Point", "coordinates": [ 129.001872562794148, 35.316752741148036 ] } },
{ "type": "Feature", "properties": { "결과": "O", "행정구역명": "양산시", "학원교습소명": "학원", "학원명": "레드펭귄양산미술학원", "분야명": "예능(대)", "교습계열명": "예능(중)", "교습과정목록명": "미술", "교습과정명": "미술", "도로명주소": "경상남도 양산시 물금읍 야리로 31", "도로명상세주소": ", 경남프라자 502호 (물금읍)", "수정일자": 20260719, "X좌표": 1136523.3624853301, "Y좌표": 1703390.1759683499, "집계구코드": 38100120050018, "읍면동": "경상남도_양산시_물금읍" }, "geometry": { "type": "Point", "coordinates": [ 129.001872562794148, 35.316752741148036 ] } },
{ "type": "Feature", "properties": { "결과": "O", "행정구역명": "양산시", "학원교습소명": "학원", "학원명": "사이언스랩과학학원", "분야명": "입시.검정 및 보습", "교습계열명": "보통교과", "교습과정목록명": "보습", "교습과정명": "보습", "도로명주소": "경상남도 양산시 물금읍 야리로 31", "도로명상세주소": ", 경남프라자 403호 (물금읍)", "수정일자": 20250330, "X좌표": 1136523.3624853301, "Y좌표": 1703390.1759683499, "집계구코드": 38100120050018, "읍면동": "경상남도_양산시_물금읍" }, "geometry": { "type": "Point", "coordinates": [ 129.001872562794148, 35.316752741148036 ] } },
{ "type": "Feature", "properties": { "결과": "O", "행정구역명": "양산시", "학원교습소명": "학원", "학원명": "아트잉글리쉬어학원", "분야명": "국제화", "교습계열명": "외국어", "교습과정목록명": "실용외국어(유아/초·중·고),", "교습과정명": "실용외국어(유아/초·중·고)", "도로명주소": "경상남도 양산시 물금읍 야리로 31", "도로명상세주소": ", 경남프라자 404호 (물금읍)", "수정일자": 20241117, "X좌표": 1136523.3624853301, "Y좌표": 1703390.1759683499, "집계구코드": 38100120050018, "읍면동": "경상남도_양산시_물금읍" }, "geometry": { "type": "Point", "coordinates": [ 129.001872562794148, 35.316752741148036 ] } },
{ "type": "Feature", "properties": { "결과": "O", "행정구역명": "양산시", "학원교습소명": "학원", "학원명": "애니마션미술학원", "분야명": "기타(대)", "교습계열명": "기타(중)", "교습과정목록명": "만화", "교습과정명": "만화", "도로명주소": "경상남도 양산시 물금읍 야리로 31", "도로명상세주소": ", 경남프라자 405호 (물금읍)", "수정일자": 20250302, "X좌표": 1136523.3624853301, "Y좌표": 1703390.1759683499, "집계구코드": 38100120050018, "읍면동": "경상남도_양산시_물금읍" }, "geometry": { "type": "Point", "coordinates": [ 129.001872562794148, 35.316752741148036 ] } },
{ "type": "Feature", "properties": { "결과": "O", "행정구역명": "양산시", "학원교습소명": "학원", "학원명": "애니마션하이클래스미술학원", "분야명": "기타(대)", "교습계열명": "기타(중)", "교습과정목록명": "만화", "교습과정명": "만화", "도로명주소": "경상남도 양산시 물금읍 야리로 31", "도로명상세주소": ", 경남프라자 401호 (물금읍)", "수정일자": 20250302, "X좌표": 1136523.3624853301, "Y좌표": 1703390.1759683499, "집계구코드": 38100120050018, "읍면동": "경상남도_양산시_물금읍" }, "geometry": { "type": "Point", "coordinates": [ 129.001872562794148, 35.316752741148036 ] } },
{ "type": "Feature", "properties": { "결과": "O", "행정구역명": "양산시", "학원교습소명": "학원", "학원명": "에듀플렉스에듀코치개별지도물금학원", "분야명": "입시.검정 및 보습", "교습계열명": "보통교과", "교습과정목록명": "보습", "교습과정명": "보습", "도로명주소": "경상남도 양산시 물금읍 야리로 31", "도로명상세주소": "305호 일부", "수정일자": 20250727, "X좌표": 1136523.3624853301, "Y좌표": 1703390.1759683499, "집계구코드": 38100120050018, "읍면동": "경상남도_양산시_물금읍" }, "geometry": { "type": "Point", "coordinates": [ 129.001872562794148, 35.316752741148036 ] } },
{ "type": "Feature", "properties": { "결과": "O", "행정구역명": "양산시", "학원교습소명": "학원", "학원명": "이경수학전문학원", "분야명": "입시.검정 및 보습", "교습계열명": "보통교과", "교습과정목록명": "보습", "교습과정명": "보습", "도로명주소": "경상남도 양산시 물금읍 야리로 31", "도로명상세주소": ", 경남프라자 509호 (물금읍)", "수정일자": 20231231, "X좌표": 1136523.3624853301, "Y좌표": 1703390.1759683499, "집계구코드": 38100120050018, "읍면동": "경상남도_양산시_물금읍" }, "geometry": { "type": "Point", "coordinates": [ 129.001872562794148, 35.316752741148036 ] } },
{ "type": "Feature", "properties": { "결과": "O", "행정구역명": "양산시", "학원교습소명": "학원", "학원명": "증산마인드실용음악학원", "분야명": "예능(대)", "교습계열명": "예능(중)", "교습과정목록명": "음악", "교습과정명": "음악", "도로명주소": "경상남도 양산시 물금읍 야리로 31", "도로명상세주소": "경남프라자 505호, 506호", "수정일자": 20250525, "X좌표": 1136523.3624853301, "Y좌표": 1703390.1759683499, "집계구코드": 38100120050018, "읍면동": "경상남도_양산시_물금읍" }, "geometry": { "type": "Point", "coordinates": [ 129.001872562794148, 35.316752741148036 ] } },
{ "type": "Feature", "properties": { "결과": "O", "행정구역명": "양산시", "학원교습소명": "학원", "학원명": "프롬엠수학학원", "분야명": "입시.검정 및 보습", "교습계열명": "보통교과", "교습과정목록명": "보습", "교습과정명": "보습", "도로명주소": "경상남도 양산시 물금읍 야리로 31", "도로명상세주소": ", 402호 (물금읍)", "수정일자": 20251228, "X좌표": 1136523.3624853301, "Y좌표": 1703390.1759683499, "집계구코드": 38100120050018, "읍면동": "경상남도_양산시_물금읍" }, "geometry": { "type": "Point", "coordinates": [ 129.001872562794148, 35.316752741148036 ] } },
{ "type": "Feature", "properties": { "결과": "O", "행정구역명": "양산시", "학원교습소명": "학원", "학원명": "아이펀즈미술학원", "분야명": "예능(대)", "교습계열명": "예능(중)", "교습과정목록명": "미술", "교습과정명": "미술", "도로명주소": "경상남도 양산시 물금읍 야리로 45", "도로명상세주소": ", 301호 (물금읍, E-PLAZA)", "수정일자": 20260906, "X좌표": 1136638.9508500199, "Y좌표": 1703292.59278296, "집계구코드": 38100120050018, "읍면동": "경상남도_양산시_물금읍" }, "geometry": { "type": "Point", "coordinates": [ 129.003127463395288, 35.315857341544643 ] } },
{ "type": "Feature", "properties": { "결과": "O", "행정구역명": "양산시", "학원교습소명": "학원", "학원명": "제니스수학전문학원", "분야명": "입시.검정 및 보습", "교습계열명": "보통교과", "교습과정목록명": "보습", "교습과정명": "보습", "도로명주소": "경상남도 양산시 물금읍 야리로 45", "도로명상세주소": ", 501호(물금읍, E-PLAZA)", "수정일자": 20260201, "X좌표": 1136638.9508500199, "Y좌표": 1703292.59278296, "집계구코드": 38100120050018, "읍면동": "경상남도_양산시_물금읍" }, "geometry": { "type": "Point", "coordinates": [ 129.003127463395288, 35.315857341544643 ] } },
{ "type": "Feature", "properties": { "결과": "O", "행정구역명": "양산시", "학원교습소명": "교습소", "학원명": "스마트해법수학대방8차점수학교습소", "분야명": "입시.검정 및 보습", "교습계열명": null, "교습과정목록명": null, "교습과정명": null, "도로명주소": "경상남도 양산시 물금읍 야리로 50", "도로명상세주소": "상가동 203호(양산 대방노블랜드8차 로얄카운티)", "수정일자": 20251221, "X좌표": 1136601.9911831999, "Y좌표": 1703241.09861197, "집계구코드": 38100120050504, "읍면동": "경상남도_양산시_물금읍" }, "geometry": { "type": "Point", "coordinates": [ 129.002712417035127, 35.315398233207404 ] } },
{ "type": "Feature", "properties": { "결과": "O", "행정구역명": "양산시", "학원교습소명": "학원", "학원명": "라온아트미술학원", "분야명": "예능(대)", "교습계열명": "예능(중)", "교습과정목록명": "미술,음악", "교습과정명": "미술", "도로명주소": "경상남도 양산시 물금읍 야리로 50", "도로명상세주소": ", 202호 (물금읍, 양산 대방노블랜드8차 로얄카운티)", "수정일자": 20260405, "X좌표": 1136601.9911831999, "Y좌표": 1703241.09861197, "집계구코드": 38100120050504, "읍면동": "경상남도_양산시_물금읍" }, "geometry": { "type": "Point", "coordinates": [ 129.002712417035127, 35.315398233207404 ] } },
{ "type": "Feature", "properties": { "결과": "O", "행정구역명": "양산시", "학원교습소명": "학원", "학원명": "와이즈멘토학원", "분야명": "입시.검정 및 보습", "교습계열명": "보통교과", "교습과정목록명": "보습", "교습과정명": "보습", "도로명주소": "경상남도 양산시 물금읍 야리로 50", "도로명상세주소": ", 상가동 201호 (물금읍, 양산 대방노블랜드8차 로얄카운티)", "수정일자": 20250810, "X좌표": 1136601.9911831999, "Y좌표": 1703241.09861197, "집계구코드": 38100120050504, "읍면동": "경상남도_양산시_물금읍" }, "geometry": { "type": "Point", "coordinates": [ 129.002712417035127, 35.315398233207404 ] } },
{ "type": "Feature", "properties": { "결과": "O", "행정구역명": "양산시", "학원교습소명": "학원", "학원명": "해림수학국어학원", "분야명": "입시.검정 및 보습", "교습계열명": "보통교과", "교습과정목록명": "보습", "교습과정명": "보습", "도로명주소": "경상남도 양산시 물금읍 야리로 50", "도로명상세주소": ", 상가동 206호 (물금읍, 양산 대방노블랜드8차 로얄카운티)", "수정일자": 20251116, "X좌표": 1136601.9911831999, "Y좌표": 1703241.09861197, "집계구코드": 38100120050504, "읍면동": "경상남도_양산시_물금읍" }, "geometry": { "type": "Point", "coordinates": [ 129.002712417035127, 35.315398233207404 ] } },
{ "type": "Feature", "properties": { "결과": "O", "행정구역명": "양산시", "학원교습소명": "교습소", "학원명": "목화수학교습소", "분야명": "입시.검정 및 보습", "교습계열명": null, "교습과정목록명": null, "교습과정명": null, "도로명주소": "경상남도 양산시 물금읍 야리로 76", "도로명상세주소": "상가 213동 104호(양산 대방노블랜드 연리지(2차))", "수정일자": 20250907, "X좌표": 1136788.0500306201, "Y좌표": 1702967.2276736901, "집계구코드": 38100120053401, "읍면동": "경상남도_양산시_물금읍" }, "geometry": { "type": "Point", "coordinates": [ 129.004712825264733, 35.312904149944515 ] } },
{ "type": "Feature", "properties": { "결과": "O", "행정구역명": "양산시", "학원교습소명": "교습소", "학원명": "높수학교습소", "분야명": "입시.검정 및 보습", "교습계열명": "보통교과", "교습과정목록명": "초등수학1", "교습과정명": "보습", "도로명주소": "경상남도 양산시 물금읍 야리로 89", "도로명상세주소": ", 317동 근린생활시설 202호 (물금읍, 양산물금 양우 내안애 3차 센트럴 아파트)", "수정일자": 20260809, "X좌표": 1136941.45254238, "Y좌표": 1702984.05660199, "집계구코드": 38100120053602, "읍면동": "경상남도_양산시_물금읍" }, "geometry": { "type": "Point", "coordinates": [ 129.006402596175462, 35.313034835740339 ] } },
{ "type": "Feature", "properties": { "결과": "O", "행정구역명": "양산시", "학원교습소명": "교습소", "학원명": "미래엔영어양우3차점영어교습소", "분야명": "입시.검정 및 보습", "교습계열명": "보통교과", "교습과정목록명": "초등영어A", "교습과정명": "보습", "도로명주소": "경상남도 양산시 물금읍 야리로 89", "도로명상세주소": ", 317동 204호 (물금읍, 양산물금 양우 내안애 3차 센트럴 아파트)", "수정일자": 20250316, "X좌표": 1136941.45254238, "Y좌표": 1702984.05660199, "집계구코드": 38100120053602, "읍면동": "경상남도_양산시_물금읍" }, "geometry": { "type": "Point", "coordinates": [ 129.006402596175462, 35.313034835740339 ] } },
{ "type": "Feature", "properties": { "결과": "O", "행정구역명": "양산시", "학원교습소명": "교습소", "학원명": "제니스영어교습소", "분야명": "입시.검정 및 보습", "교습계열명": "보통교과", "교습과정목록명": null, "교습과정명": "보습", "도로명주소": "경상남도 양산시 물금읍 야리로 89", "도로명상세주소": ", 317동 근린생활시설 207호 (물금읍, 양산물금 양우 내안애 3차 센트럴 아파트)", "수정일자": 20231018, "X좌표": 1136941.45254238, "Y좌표": 1702984.05660199, "집계구코드": 38100120053602, "읍면동": "경상남도_양산시_물금읍" }, "geometry": { "type": "Point", "coordinates": [ 129.006402596175462, 35.313034835740339 ] } },
{ "type": "Feature", "properties": { "결과": "O", "행정구역명": "양산시", "학원교습소명": "교습소", "학원명": "라현과학교습소", "분야명": "입시.검정 및 보습", "교습계열명": null, "교습과정목록명": null, "교습과정명": null, "도로명주소": "경상남도 양산시 물금읍 야리로 90", "도로명상세주소": "313동 203-2호(양산 대방노블랜드 연리지(3차))", "수정일자": 20251109, "X좌표": 1136937.75290595, "Y좌표": 1702899.57161198, "집계구코드": 38100120053703, "읍면동": "경상남도_양산시_물금읍" }, "geometry": { "type": "Point", "coordinates": [ 129.006347788947721, 35.312273807638732 ] } },
{ "type": "Feature", "properties": { "결과": "O", "행정구역명": "양산시", "학원교습소명": "교습소", "학원명": "스마트해법수학대방3차점수학교습소", "분야명": "입시.검정 및 보습", "교습계열명": "보통교과", "교습과정목록명": "초등수학1", "교습과정명": "보습", "도로명주소": "경상남도 양산시 물금읍 야리로 90", "도로명상세주소": "313동 202-1호(양산 대방노블랜드 연리지(3차))", "수정일자": 20260308, "X좌표": 1136937.75290595, "Y좌표": 1702899.57161198, "집계구코드": 38100120053703, "읍면동": "경상남도_양산시_물금읍" }, "geometry": { "type": "Point", "coordinates": [ 129.006347788947721, 35.312273807638732 ] } },
{ "type": "Feature", "properties": { "결과": "O", "행정구역명": "양산시", "학원교습소명": "교습소", "학원명": "올라영어교습소", "분야명": "입시.검정 및 보습", "교습계열명": null, "교습과정목록명": "초등영어1", "교습과정명": null, "도로명주소": "경상남도 양산시 물금읍 야리로 90", "도로명상세주소": "양산ㄴ 대방노블랜드 연리지 3차 313동 203호", "수정일자": 20231018, "X좌표": 1136937.75290595, "Y좌표": 1702899.57161198, "집계구코드": 38100120053703, "읍면동": "경상남도_양산시_물금읍" }, "geometry": { "type": "Point", "coordinates": [ 129.006347788947721, 35.312273807638732 ] } },
{ "type": "Feature", "properties": { "결과": "O", "행정구역명": "양산시", "학원교습소명": "학원", "학원명": "강선생학원", "분야명": "입시.검정 및 보습", "교습계열명": "보통교과", "교습과정목록명": "보습", "교습과정명": "보습", "도로명주소": "경상남도 양산시 물금읍 야리로 90", "도로명상세주소": ", 313동 201호 (물금읍, 양산 대방노블랜드 연리지(3차))", "수정일자": 20260111, "X좌표": 1136937.75290595, "Y좌표": 1702899.57161198, "집계구코드": 38100120053703, "읍면동": "경상남도_양산시_물금읍" }, "geometry": { "type": "Point", "coordinates": [ 129.006347788947721, 35.312273807638732 ] } },
{ "type": "Feature", "properties": { "결과": "O", "행정구역명": "양산시", "학원교습소명": "학원", "학원명": "더베스트영어학원", "분야명": "입시.검정 및 보습", "교습계열명": "보통교과", "교습과정목록명": "보습", "교습과정명": "보습", "도로명주소": "경상남도 양산시 물금읍 야리로 90", "도로명상세주소": ", 대방노블랜드 연리지3차 313동 204호 (물금읍, 양산 대방노블랜드 연리지(3차))", "수정일자": 20250504, "X좌표": 1136937.75290595, "Y좌표": 1702899.57161198, "집계구코드": 38100120053703, "읍면동": "경상남도_양산시_물금읍" }, "geometry": { "type": "Point", "coordinates": [ 129.006347788947721, 35.312273807638732 ] } },
{ "type": "Feature", "properties": { "결과": "O", "행정구역명": "양산시", "학원교습소명": "학원", "학원명": "범어잉글리쉬무무학원", "분야명": "국제화", "교습계열명": "외국어", "교습과정목록명": "실용외국어(유아/초·중·고)", "교습과정명": "실용외국어(유아/초·중·고)", "도로명주소": "경상남도 양산시 물금읍 오봉로 184", "도로명상세주소": "201호, 202호", "수정일자": 20241229, "X좌표": 1137002.8258305599, "Y좌표": 1705325.7164334101, "집계구코드": 38100120052501, "읍면동": "경상남도_양산시_물금읍" }, "geometry": { "type": "Point", "coordinates": [ 129.007469343577156, 35.334133747679211 ] } },
{ "type": "Feature", "properties": { "결과": "O", "행정구역명": "양산시", "학원교습소명": "학원", "학원명": "줄리아드음악학원", "분야명": "예능(대)", "교습계열명": "예능(중)", "교습과정목록명": "음악", "교습과정명": "음악", "도로명주소": "경상남도 양산시 물금읍 오봉로 184", "도로명상세주소": ", 상가 207호 (물금읍, 현대아파트)", "수정일자": 20250126, "X좌표": 1137002.8258305599, "Y좌표": 1705325.7164334101, "집계구코드": 38100120052501, "읍면동": "경상남도_양산시_물금읍" }, "geometry": { "type": "Point", "coordinates": [ 129.007469343577156, 35.334133747679211 ] } },
{ "type": "Feature", "properties": { "결과": "O", "행정구역명": "양산시", "학원교습소명": "학원", "학원명": "해랑별무용학원", "분야명": "예능(대)", "교습계열명": "예능(중)", "교습과정목록명": "무용", "교습과정명": "무용", "도로명주소": "경상남도 양산시 물금읍 오봉로 203-1", "도로명상세주소": ", 2층 일부 (물금읍, 뉴그린부동산)", "수정일자": 20260111, "X좌표": 1137203.5062202199, "Y좌표": 1705239.54424, "집계구코드": 38100120050006, "읍면동": "경상남도_양산시_물금읍" }, "geometry": { "type": "Point", "coordinates": [ 129.009662339402979, 35.333329456921426 ] } },
{ "type": "Feature", "properties": { "결과": "O", "행정구역명": "양산시", "학원교습소명": "학원", "학원명": "엘리트국어수학학원", "분야명": "입시.검정 및 보습", "교습계열명": "보통교과", "교습과정목록명": "보습", "교습과정명": "보습", "도로명주소": "경상남도 양산시 물금읍 오봉로 27", "도로명상세주소": ", 범어덕산타운 상가동 302호 (물금읍, 덕산아파트)", "수정일자": 20241222, "X좌표": 1136171.714008, "Y좌표": 1704577.68532303, "집계구코드": 38100120052201, "읍면동": "경상남도_양산시_물금읍" }, "geometry": { "type": "Point", "coordinates": [ 128.998202798279721, 35.32750477727496 ] } },
{ "type": "Feature", "properties": { "결과": "O", "행정구역명": "양산시", "학원교습소명": "학원", "학원명": "지은음악학원", "분야명": "예능(대)", "교습계열명": "예능(중)", "교습과정목록명": "음악", "교습과정명": "음악", "도로명주소": "경상남도 양산시 물금읍 오봉로 27", "도로명상세주소": ", 범어덕산타운 상가동 303호 (물금읍, 덕산아파트)", "수정일자": 20250608, "X좌표": 1136171.714008, "Y좌표": 1704577.68532303, "집계구코드": 38100120052201, "읍면동": "경상남도_양산시_물금읍" }, "geometry": { "type": "Point", "coordinates": [ 128.998202798279721, 35.32750477727496 ] } },
{ "type": "Feature", "properties": { "결과": "O", "행정구역명": "양산시", "학원교습소명": "학원", "학원명": "이지하이아카데미학원", "분야명": "종합(대)", "교습계열명": null, "교습과정목록명": "기타(소),미술", "교습과정명": null, "도로명주소": "경상남도 양산시 물금읍 원동로 23", "도로명상세주소": ", 티니텔리 2층 (물금읍)", "수정일자": 20260621, "X좌표": 1135331.4292861701, "Y좌표": 1703288.3224055001, "집계구코드": 38100120050012, "읍면동": "경상남도_양산시_물금읍" }, "geometry": { "type": "Point", "coordinates": [ 128.988747422581838, 35.315996776193082 ] } },
{ "type": "Feature", "properties": { "결과": "O", "행정구역명": "양산시", "학원교습소명": "학원", "학원명": "이지하이어학원", "분야명": "입시.검정 및 보습", "교습계열명": "보통교과", "교습과정목록명": "보습", "교습과정명": "보습", "도로명주소": "경상남도 양산시 물금읍 원동로 23", "도로명상세주소": ", 티니텔리 3층 (물금읍)", "수정일자": 20240908, "X좌표": 1135331.4292861701, "Y좌표": 1703288.3224055001, "집계구코드": 38100120050012, "읍면동": "경상남도_양산시_물금읍" }, "geometry": { "type": "Point", "coordinates": [ 128.988747422581838, 35.315996776193082 ] } },
{ "type": "Feature", "properties": { "결과": "O", "행정구역명": "양산시", "학원교습소명": "학원", "학원명": "힐사이드컬리지잇&이야스콜라어학원", "분야명": "종합(대)", "교습계열명": null, "교습과정목록명": "기타(소),실용외국어(유아/초·중·고)", "교습과정명": null, "도로명주소": "경상남도 양산시 물금읍 원동로 37", "도로명상세주소": ", 3층 (물금읍)", "수정일자": 20260308, "X좌표": 1135284.59149373, "Y좌표": 1703174.65255615, "집계구코드": 38100120050012, "읍면동": "경상남도_양산시_물금읍" }, "geometry": { "type": "Point", "coordinates": [ 128.988213552290773, 35.314978507170878 ] } },
{ "type": "Feature", "properties": { "결과": "O", "행정구역명": "양산시", "학원교습소명": "학원", "학원명": "로건학원", "분야명": "종합(대)", "교습계열명": null, "교습과정목록명": "미술,실용외국어(유아/초·중·고)", "교습과정명": null, "도로명주소": "경상남도 양산시 물금읍 증산로 70-18", "도로명상세주소": ", 3층 일부(좌측) (물금읍)", "수정일자": 20251221, "X좌표": 1136582.87403453, "Y좌표": 1701913.72116046, "집계구코드": 38100120050013, "읍면동": "경상남도_양산시_물금읍" }, "geometry": { "type": "Point", "coordinates": [ 129.002280905979575, 35.303436036791268 ] } },
{ "type": "Feature", "properties": { "결과": "O", "행정구역명": "양산시", "학원교습소명": "학원", "학원명": "STEAM융합교육센터학원", "분야명": "기타(대)", "교습계열명": "기타(중)", "교습과정목록명": "기타(소),", "교습과정명": "기타(소)", "도로명주소": "경상남도 양산시 물금읍 증산역로 135", "도로명상세주소": ", 405호 (물금읍)", "수정일자": 20250706, "X좌표": 1136844.3450047399, "Y좌표": 1702710.3855315801, "집계구코드": 38100120050002, "읍면동": "경상남도_양산시_물금읍" }, "geometry": { "type": "Point", "coordinates": [ 129.005288995214556, 35.310581305387295 ] } },
{ "type": "Feature", "properties": { "결과": "O", "행정구역명": "양산시", "학원교습소명": "학원", "학원명": "혜윤국어논술학원", "분야명": "입시.검정 및 보습", "교습계열명": "보통교과", "교습과정목록명": "보습", "교습과정명": "보습", "도로명주소": "경상남도 양산시 물금읍 증산역로 138", "도로명상세주소": ", 302호 (물금읍, 지오타워)", "수정일자": 20250615, "X좌표": 1136813.3701038701, "Y좌표": 1702632.2230086699, "집계구코드": 38100120050002, "읍면동": "경상남도_양산시_물금읍" }, "geometry": { "type": "Point", "coordinates": [ 129.004935323593742, 35.309880999760061 ] } },
{ "type": "Feature", "properties": { "결과": "O", "행정구역명": "양산시", "학원교습소명": "학원", "학원명": "디제미학원", "분야명": "입시.검정 및 보습", "교습계열명": "보통교과", "교습과정목록명": "보습", "교습과정명": "보습", "도로명주소": "경상남도 양산시 물금읍 증산역로 139", "도로명상세주소": ", 203호 (물금읍, 플러스시티)", "수정일자": 20241117, "X좌표": 1136876.07555363, "Y좌표": 1702686.43972008, "집계구코드": 38100120050002, "읍면동": "경상남도_양산시_물금읍" }, "geometry": { "type": "Point", "coordinates": [ 129.005633923571168, 35.31036111647532 ] } },
{ "type": "Feature", "properties": { "결과": "O", "행정구역명": "양산시", "학원교습소명": "교습소", "학원명": "더원수학교습소", "분야명": "입시.검정 및 보습", "교습계열명": "보통교과", "교습과정목록명": "초등수학(1)", "교습과정명": "보습", "도로명주소": "경상남도 양산시 물금읍 증산역로 149", "도로명상세주소": ", 602호 일부(우측실) (물금읍)", "수정일자": 20240310, "X좌표": 1136948.1677454, "Y좌표": 1702635.9511893899, "집계구코드": 38100120050002, "읍면동": "경상남도_양산시_물금읍" }, "geometry": { "type": "Point", "coordinates": [ 129.006418252639975, 35.309896145134452 ] } },
{ "type": "Feature", "properties": { "결과": "O", "행정구역명": "양산시", "학원교습소명": "학원", "학원명": "더클래식음악학원", "분야명": "예능(대)", "교습계열명": "예능(중)", "교습과정목록명": "음악,미술,", "교습과정명": "미술", "도로명주소": "경상남도 양산시 물금읍 증산역로 149", "도로명상세주소": ", 세영프라자 605호 (물금읍)", "수정일자": 20231018, "X좌표": 1136948.1677454, "Y좌표": 1702635.9511893899, "집계구코드": 38100120050002, "읍면동": "경상남도_양산시_물금읍" }, "geometry": { "type": "Point", "coordinates": [ 129.006418252639975, 35.309896145134452 ] } },
{ "type": "Feature", "properties": { "결과": "O", "행정구역명": "양산시", "학원교습소명": "학원", "학원명": "베리타스수학학원", "분야명": "입시.검정 및 보습", "교습계열명": "보통교과", "교습과정목록명": "보습", "교습과정명": "보습", "도로명주소": "경상남도 양산시 물금읍 증산역로 149", "도로명상세주소": "604호(물금읍,세영프라자)", "수정일자": 20260201, "X좌표": 1136948.1677454, "Y좌표": 1702635.9511893899, "집계구코드": 38100120050002, "읍면동": "경상남도_양산시_물금읍" }, "geometry": { "type": "Point", "coordinates": [ 129.006418252639975, 35.309896145134452 ] } },
{ "type": "Feature", "properties": { "결과": "O", "행정구역명": "양산시", "학원교습소명": "학원", "학원명": "양산클래식수학전문학원", "분야명": "입시.검정 및 보습", "교습계열명": "보통교과", "교습과정목록명": "보습", "교습과정명": "보습", "도로명주소": "경상남도 양산시 물금읍 증산역로 149", "도로명상세주소": ", 503호 (물금읍, 세영프라자)", "수정일자": 20260111, "X좌표": 1136948.1677454, "Y좌표": 1702635.9511893899, "집계구코드": 38100120050002, "읍면동": "경상남도_양산시_물금읍" }, "geometry": { "type": "Point", "coordinates": [ 129.006418252639975, 35.309896145134452 ] } },
{ "type": "Feature", "properties": { "결과": "O", "행정구역명": "양산시", "학원교습소명": "학원", "학원명": "에이스영어학원", "분야명": "국제화", "교습계열명": "외국어", "교습과정목록명": "실용외국어(유아/초·중·고)", "교습과정명": "실용외국어(유아/초·중·고)", "도로명주소": "경상남도 양산시 물금읍 증산역로 149", "도로명상세주소": ", 707호 (물금읍, 세영프라자)", "수정일자": 20240303, "X좌표": 1136948.1677454, "Y좌표": 1702635.9511893899, "집계구코드": 38100120050002, "읍면동": "경상남도_양산시_물금읍" }, "geometry": { "type": "Point", "coordinates": [ 129.006418252639975, 35.309896145134452 ] } },
{ "type": "Feature", "properties": { "결과": "O", "행정구역명": "양산시", "학원교습소명": "학원", "학원명": "주안영수학원", "분야명": "입시.검정 및 보습", "교습계열명": "보통교과", "교습과정목록명": "보습", "교습과정명": "보습", "도로명주소": "경상남도 양산시 물금읍 증산역로 149", "도로명상세주소": ", 세영프라자 702호 (물금읍)", "수정일자": 20250810, "X좌표": 1136948.1677454, "Y좌표": 1702635.9511893899, "집계구코드": 38100120050002, "읍면동": "경상남도_양산시_물금읍" }, "geometry": { "type": "Point", "coordinates": [ 129.006418252639975, 35.309896145134452 ] } },
{ "type": "Feature", "properties": { "결과": "O", "행정구역명": "양산시", "학원교습소명": "학원", "학원명": "증산수학원", "분야명": "입시.검정 및 보습", "교습계열명": "보통교과", "교습과정목록명": "보습,", "교습과정명": "보습", "도로명주소": "경상남도 양산시 물금읍 증산역로 149", "도로명상세주소": ", 603호 (물금읍, 세영프라자)", "수정일자": 20231018, "X좌표": 1136948.1677454, "Y좌표": 1702635.9511893899, "집계구코드": 38100120050002, "읍면동": "경상남도_양산시_물금읍" }, "geometry": { "type": "Point", "coordinates": [ 129.006418252639975, 35.309896145134452 ] } },
{ "type": "Feature", "properties": { "결과": "O", "행정구역명": "양산시", "학원교습소명": "학원", "학원명": "증산바둑학원", "분야명": "기타(대)", "교습계열명": "기타(중)", "교습과정목록명": "바둑", "교습과정명": "바둑", "도로명주소": "경상남도 양산시 물금읍 증산역로 153", "도로명상세주소": ", 405호  (물금읍, 정우프라자)", "수정일자": 20250727, "X좌표": 1136975.6536115101, "Y좌표": 1702615.2027644899, "집계구코드": 38100120050002, "읍면동": "경상남도_양산시_물금읍" }, "geometry": { "type": "Point", "coordinates": [ 129.006717032886399, 35.30970535559424 ] } },
{ "type": "Feature", "properties": { "결과": "O", "행정구역명": "양산시", "학원교습소명": "학원", "학원명": "로딘발레학원", "분야명": "예능(대)", "교습계열명": "예능(중)", "교습과정목록명": "무용", "교습과정명": "무용", "도로명주소": "경상남도 양산시 물금읍 증산역로 162", "도로명상세주소": ", 302호 (물금읍, 플러스타워)", "수정일자": 20251005, "X좌표": 1137038.184048, "Y좌표": 1702515.1973892101, "집계구코드": 38100120050002, "읍면동": "경상남도_양산시_물금읍" }, "geometry": { "type": "Point", "coordinates": [ 129.007387922285631, 35.308795350982663 ] } },
{ "type": "Feature", "properties": { "결과": "O", "행정구역명": "양산시", "학원교습소명": "학원", "학원명": "김은정입시전문학원", "분야명": "입시.검정 및 보습", "교습계열명": "보통교과", "교습과정목록명": "보습", "교습과정명": "보습", "도로명주소": "경상남도 양산시 물금읍 증산역로 163", "도로명상세주소": ", 506호 (물금읍, 재승프라자)", "수정일자": 20260809, "X좌표": 1137067.89682981, "Y좌표": 1702596.18839774, "집계구코드": 38100120050002, "읍면동": "경상남도_양산시_물금읍" }, "geometry": { "type": "Point", "coordinates": [ 129.007728204049471, 35.309521317764023 ] } },
{ "type": "Feature", "properties": { "결과": "O", "행정구역명": "양산시", "학원교습소명": "학원", "학원명": "로와수학과학학원", "분야명": "입시.검정 및 보습", "교습계열명": "보통교과", "교습과정목록명": "보습", "교습과정명": "보습", "도로명주소": "경상남도 양산시 물금읍 증산역로 163", "도로명상세주소": ", 707호 우측실 (물금읍, 재승프라자)", "수정일자": 20240317, "X좌표": 1137067.89682981, "Y좌표": 1702596.18839774, "집계구코드": 38100120050002, "읍면동": "경상남도_양산시_물금읍" }, "geometry": { "type": "Point", "coordinates": [ 129.007728204049471, 35.309521317764023 ] } },
{ "type": "Feature", "properties": { "결과": "O", "행정구역명": "양산시", "학원교습소명": "학원", "학원명": "수오재국어학원", "분야명": "입시.검정 및 보습", "교습계열명": "보통교과", "교습과정목록명": "보습,", "교습과정명": "보습", "도로명주소": "경상남도 양산시 물금읍 증산역로 163", "도로명상세주소": ", 706호 (물금읍, 재승프라자)", "수정일자": 20231018, "X좌표": 1137067.89682981, "Y좌표": 1702596.18839774, "집계구코드": 38100120050002, "읍면동": "경상남도_양산시_물금읍" }, "geometry": { "type": "Point", "coordinates": [ 129.007728204049471, 35.309521317764023 ] } },
{ "type": "Feature", "properties": { "결과": "O", "행정구역명": "양산시", "학원교습소명": "학원", "학원명": "스마트로봇코딩학원", "분야명": "정보", "교습계열명": "정보", "교습과정목록명": null, "교습과정명": "정보교과", "도로명주소": "경상남도 양산시 물금읍 증산역로 163", "도로명상세주소": ", 707호 일부(좌측실) (물금읍, 재승프라자)", "수정일자": 20240407, "X좌표": 1137067.89682981, "Y좌표": 1702596.18839774, "집계구코드": 38100120050002, "읍면동": "경상남도_양산시_물금읍" }, "geometry": { "type": "Point", "coordinates": [ 129.007728204049471, 35.309521317764023 ] } },
{ "type": "Feature", "properties": { "결과": "O", "행정구역명": "양산시", "학원교습소명": "학원", "학원명": "안크음악학원", "분야명": "예능(대)", "교습계열명": "예능(중)", "교습과정목록명": "음악", "교습과정명": "음악", "도로명주소": "경상남도 양산시 물금읍 증산역로 163", "도로명상세주소": ", 407호 (물금읍, 재승프라자)", "수정일자": 20250803, "X좌표": 1137067.89682981, "Y좌표": 1702596.18839774, "집계구코드": 38100120050002, "읍면동": "경상남도_양산시_물금읍" }, "geometry": { "type": "Point", "coordinates": [ 129.007728204049471, 35.309521317764023 ] } },
{ "type": "Feature", "properties": { "결과": "O", "행정구역명": "양산시", "학원교습소명": "학원", "학원명": "어썸영어수학전문학원", "분야명": "종합(대)", "교습계열명": null, "교습과정목록명": "보습,실용외국어(유아/초·중·고)", "교습과정명": null, "도로명주소": "경상남도 양산시 물금읍 증산역로 163", "도로명상세주소": ", 701호 (물금읍)", "수정일자": 20260215, "X좌표": 1137067.89682981, "Y좌표": 1702596.18839774, "집계구코드": 38100120050002, "읍면동": "경상남도_양산시_물금읍" }, "geometry": { "type": "Point", "coordinates": [ 129.007728204049471, 35.309521317764023 ] } },
{ "type": "Feature", "properties": { "결과": "O", "행정구역명": "양산시", "학원교습소명": "학원", "학원명": "하라커피아카데미학원", "분야명": "직업기술", "교습계열명": "산업응용기술", "교습과정목록명": "식음료품(바리스타,소믈리에)", "교습과정명": "식음료품(바리스타,소믈리에)", "도로명주소": "경상남도 양산시 물금읍 증산역로 167", "도로명상세주소": ", G.T PLAZA 303호 (물금읍)", "수정일자": 20260517, "X좌표": 1137111.06871041, "Y좌표": 1702578.92762859, "집계구코드": 38100120050002, "읍면동": "경상남도_양산시_물금읍" }, "geometry": { "type": "Point", "coordinates": [ 129.008200053725432, 35.309359810708976 ] } },
{ "type": "Feature", "properties": { "결과": "O", "행정구역명": "양산시", "학원교습소명": "교습소", "학원명": "가남햇살독서논술교습소", "분야명": "입시.검정 및 보습", "교습계열명": null, "교습과정목록명": null, "교습과정명": null, "도로명주소": "경상남도 양산시 물금읍 증산역로 177", "도로명상세주소": "4층 4-032호", "수정일자": 20250406, "X좌표": 1137217.2512584201, "Y좌표": 1702636.80919822, "집계구코드": 38100120050002, "읍면동": "경상남도_양산시_물금읍" }, "geometry": { "type": "Point", "coordinates": [ 129.009377377596877, 35.309866975015126 ] } },
{ "type": "Feature", "properties": { "결과": "O", "행정구역명": "양산시", "학원교습소명": "교습소", "학원명": "굿피플영어교습소", "분야명": "입시.검정 및 보습", "교습계열명": "보통교과", "교습과정목록명": "중등영어", "교습과정명": "보습", "도로명주소": "경상남도 양산시 물금읍 증산역로 177", "도로명상세주소": ", 3-015호 (물금읍, 라피에스타)", "수정일자": 20240721, "X좌표": 1137217.2512584201, "Y좌표": 1702636.80919822, "집계구코드": 38100120050002, "읍면동": "경상남도_양산시_물금읍" }, "geometry": { "type": "Point", "coordinates": [ 129.009377377596877, 35.309866975015126 ] } },
{ "type": "Feature", "properties": { "결과": "O", "행정구역명": "양산시", "학원교습소명": "교습소", "학원명": "무지개위돌고래미술교습소", "분야명": "예능(대)", "교습계열명": null, "교습과정목록명": null, "교습과정명": null, "도로명주소": "경상남도 양산시 물금읍 증산역로 177", "도로명상세주소": "라피에스타 4층 4-098호", "수정일자": 20251221, "X좌표": 1137217.2512584201, "Y좌표": 1702636.80919822, "집계구코드": 38100120050002, "읍면동": "경상남도_양산시_물금읍" }, "geometry": { "type": "Point", "coordinates": [ 129.009377377596877, 35.309866975015126 ] } },
{ "type": "Feature", "properties": { "결과": "O", "행정구역명": "양산시", "학원교습소명": "교습소", "학원명": "아트스토리미술교습소", "분야명": "예능(대)", "교습계열명": null, "교습과정목록명": null, "교습과정명": null, "도로명주소": "경상남도 양산시 물금읍 증산역로 177", "도로명상세주소": "라피에스타양산 4층 045-1호", "수정일자": 20260405, "X좌표": 1137217.2512584201, "Y좌표": 1702636.80919822, "집계구코드": 38100120050002, "읍면동": "경상남도_양산시_물금읍" }, "geometry": { "type": "Point", "coordinates": [ 129.009377377596877, 35.309866975015126 ] } },
{ "type": "Feature", "properties": { "결과": "O", "행정구역명": "양산시", "학원교습소명": "학원", "학원명": "더힐즈미용학원", "분야명": "직업기술", "교습계열명": null, "교습과정목록명": null, "교습과정명": null, "도로명주소": "경상남도 양산시 물금읍 증산역로 177", "도로명상세주소": "5층 5-011-1호(라피에스타, 물금읍)", "수정일자": 20251221, "X좌표": 1137217.2512584201, "Y좌표": 1702636.80919822, "집계구코드": 38100120050002, "읍면동": "경상남도_양산시_물금읍" }, "geometry": { "type": "Point", "coordinates": [ 129.009377377596877, 35.309866975015126 ] } },
{ "type": "Feature", "properties": { "결과": "O", "행정구역명": "양산시", "학원교습소명": "학원", "학원명": "바첼뮤직스튜디오학원", "분야명": "예능(대)", "교습계열명": "예능(중)", "교습과정목록명": "음악", "교습과정명": "음악", "도로명주소": "경상남도 양산시 물금읍 증산역로 177", "도로명상세주소": ", 4층 4-005호 (물금읍, 라피에스타)", "수정일자": 20260329, "X좌표": 1137217.2512584201, "Y좌표": 1702636.80919822, "집계구코드": 38100120050002, "읍면동": "경상남도_양산시_물금읍" }, "geometry": { "type": "Point", "coordinates": [ 129.009377377596877, 35.309866975015126 ] } },
{ "type": "Feature", "properties": { "결과": "O", "행정구역명": "양산시", "학원교습소명": "학원", "학원명": "브이스토리미술학원", "분야명": "예능(대)", "교습계열명": "예능(중)", "교습과정목록명": "미술", "교습과정명": "미술", "도로명주소": "경상남도 양산시 물금읍 증산역로 177", "도로명상세주소": ", 4-035호, 4-034-1호 (물금읍, 라피에스타)", "수정일자": 20240303, "X좌표": 1137217.2512584201, "Y좌표": 1702636.80919822, "집계구코드": 38100120050002, "읍면동": "경상남도_양산시_물금읍" }, "geometry": { "type": "Point", "coordinates": [ 129.009377377596877, 35.309866975015126 ] } },
{ "type": "Feature", "properties": { "결과": "O", "행정구역명": "양산시", "학원교습소명": "학원", "학원명": "커넥츠프랩양산학원", "분야명": "인문사회(대)", "교습계열명": "인문사회(중)", "교습과정목록명": null, "교습과정명": "성인고시", "도로명주소": "경상남도 양산시 물금읍 증산역로 180", "도로명상세주소": ", 네오&스타 302호, 305호 (물금읍)", "수정일자": 20251221, "X좌표": 1137191.80080267, "Y좌표": 1702464.89015845, "집계구코드": 38100120050002, "읍면동": "경상남도_양산시_물금읍" }, "geometry": { "type": "Point", "coordinates": [ 129.009068725218867, 35.308320817175989 ] } },
{ "type": "Feature", "properties": { "결과": "O", "행정구역명": "양산시", "학원교습소명": "교습소", "학원명": "로벤피아노음악교습소", "분야명": "예능(대)", "교습계열명": null, "교습과정목록명": null, "교습과정명": null, "도로명주소": "경상남도 양산시 물금읍 청운로 131", "도로명상세주소": "상가동 105호(양산물금사랑으로부영2단지)", "수정일자": 20240407, "X좌표": 1136123.11965102, "Y좌표": 1703133.4453358599, "집계구코드": 38100120053801, "읍면동": "경상남도_양산시_물금읍" }, "geometry": { "type": "Point", "coordinates": [ 128.997428229181338, 35.314493203487885 ] } },
{ "type": "Feature", "properties": { "결과": "O", "행정구역명": "양산시", "학원교습소명": "교습소", "학원명": "루크미술교습소", "분야명": "예능(대)", "교습계열명": "예능(중)", "교습과정목록명": "미술고급1", "교습과정명": "미술", "도로명주소": "경상남도 양산시 물금읍 청운로 131", "도로명상세주소": "상가동 202호 일부(양산물금사랑으로부영2단지)", "수정일자": 20251026, "X좌표": 1136123.11965102, "Y좌표": 1703133.4453358599, "집계구코드": 38100120053801, "읍면동": "경상남도_양산시_물금읍" }, "geometry": { "type": "Point", "coordinates": [ 128.997428229181338, 35.314493203487885 ] } },
{ "type": "Feature", "properties": { "결과": "O", "행정구역명": "양산시", "학원교습소명": "학원", "학원명": "로드십창의융합영수학원", "분야명": "입시.검정 및 보습", "교습계열명": "보통교과", "교습과정목록명": "보습", "교습과정명": "보습", "도로명주소": "경상남도 양산시 물금읍 청운로 131", "도로명상세주소": ", 상가 201호 (물금읍)", "수정일자": 20250330, "X좌표": 1136123.11965102, "Y좌표": 1703133.4453358599, "집계구코드": 38100120053801, "읍면동": "경상남도_양산시_물금읍" }, "geometry": { "type": "Point", "coordinates": [ 128.997428229181338, 35.314493203487885 ] } },
{ "type": "Feature", "properties": { "결과": "O", "행정구역명": "양산시", "학원교습소명": "학원", "학원명": "FTK어학원", "분야명": "국제화", "교습계열명": "외국어", "교습과정목록명": "실용외국어(유아/초·중·고)", "교습과정명": "실용외국어(유아/초·중·고)", "도로명주소": "경상남도 양산시 물금읍 청운로 178", "도로명상세주소": ", 아르누보시티 508 (물금읍)", "수정일자": 20250831, "X좌표": 1136606.52203668, "Y좌표": 1703334.6537003701, "집계구코드": 38100120050018, "읍면동": "경상남도_양산시_물금읍" }, "geometry": { "type": "Point", "coordinates": [ 129.002777847422095, 35.316240906335707 ] } },
{ "type": "Feature", "properties": { "결과": "O", "행정구역명": "양산시", "학원교습소명": "학원", "학원명": "더미라클영어학원", "분야명": "입시.검정 및 보습", "교습계열명": null, "교습과정목록명": null, "교습과정명": null, "도로명주소": "경상남도 양산시 물금읍 청운로 178", "도로명상세주소": "401호, 403호", "수정일자": 20260111, "X좌표": 1136606.52203668, "Y좌표": 1703334.6537003701, "집계구코드": 38100120050018, "읍면동": "경상남도_양산시_물금읍" }, "geometry": { "type": "Point", "coordinates": [ 129.002777847422095, 35.316240906335707 ] } },
{ "type": "Feature", "properties": { "결과": "O", "행정구역명": "양산시", "학원교습소명": "학원", "학원명": "소이아트미술학원", "분야명": "예능(대)", "교습계열명": "예능(중)", "교습과정목록명": "미술", "교습과정명": "미술", "도로명주소": "경상남도 양산시 물금읍 청운로 178", "도로명상세주소": ", 아르누보시티 406호 일부 (물금읍)", "수정일자": 20240825, "X좌표": 1136606.52203668, "Y좌표": 1703334.6537003701, "집계구코드": 38100120050018, "읍면동": "경상남도_양산시_물금읍" }, "geometry": { "type": "Point", "coordinates": [ 129.002777847422095, 35.316240906335707 ] } },
{ "type": "Feature", "properties": { "결과": "O", "행정구역명": "양산시", "학원교습소명": "학원", "학원명": "소이음악학원", "분야명": "예능(대)", "교습계열명": "예능(중)", "교습과정목록명": "음악", "교습과정명": "음악", "도로명주소": "경상남도 양산시 물금읍 청운로 178", "도로명상세주소": ", 아르누보시티 406호 일부(입구쪽) (물금읍)", "수정일자": 20260906, "X좌표": 1136606.52203668, "Y좌표": 1703334.6537003701, "집계구코드": 38100120050018, "읍면동": "경상남도_양산시_물금읍" }, "geometry": { "type": "Point", "coordinates": [ 129.002777847422095, 35.316240906335707 ] } },
{ "type": "Feature", "properties": { "결과": "O", "행정구역명": "양산시", "학원교습소명": "학원", "학원명": "수학꿈터학원", "분야명": "입시.검정 및 보습", "교습계열명": "보통교과", "교습과정목록명": "보습", "교습과정명": "보습", "도로명주소": "경상남도 양산시 물금읍 청운로 178", "도로명상세주소": ", 아르누보시티 상가 601호 (물금읍)", "수정일자": 20250608, "X좌표": 1136606.52203668, "Y좌표": 1703334.6537003701, "집계구코드": 38100120050018, "읍면동": "경상남도_양산시_물금읍" }, "geometry": { "type": "Point", "coordinates": [ 129.002777847422095, 35.316240906335707 ] } },
{ "type": "Feature", "properties": { "결과": "O", "행정구역명": "양산시", "학원교습소명": "학원", "학원명": "시매쓰양산학원", "분야명": "입시.검정 및 보습", "교습계열명": "보통교과", "교습과정목록명": "보습", "교습과정명": "보습", "도로명주소": "경상남도 양산시 물금읍 청운로 178", "도로명상세주소": ", 507호 (물금읍, 아르누보시티)", "수정일자": 20240804, "X좌표": 1136606.52203668, "Y좌표": 1703334.6537003701, "집계구코드": 38100120050018, "읍면동": "경상남도_양산시_물금읍" }, "geometry": { "type": "Point", "coordinates": [ 129.002777847422095, 35.316240906335707 ] } },
{ "type": "Feature", "properties": { "결과": "O", "행정구역명": "양산시", "학원교습소명": "학원", "학원명": "자기주도파이터클럽물금학원", "분야명": "입시.검정 및 보습", "교습계열명": "보통교과", "교습과정목록명": "보습", "교습과정명": "보습", "도로명주소": "경상남도 양산시 물금읍 청운로 178", "도로명상세주소": ", 607호 일부(좌측) (물금읍, 아르누보시티)", "수정일자": 20250921, "X좌표": 1136606.52203668, "Y좌표": 1703334.6537003701, "집계구코드": 38100120050018, "읍면동": "경상남도_양산시_물금읍" }, "geometry": { "type": "Point", "coordinates": [ 129.002777847422095, 35.316240906335707 ] } },
{ "type": "Feature", "properties": { "결과": "O", "행정구역명": "양산시", "학원교습소명": "학원", "학원명": "카이스트수학학원", "분야명": "입시.검정 및 보습", "교습계열명": "보통교과", "교습과정목록명": "보습", "교습과정명": "보습", "도로명주소": "경상남도 양산시 물금읍 청운로 178", "도로명상세주소": ", 505호 (물금읍, 아르누보시티)", "수정일자": 20250831, "X좌표": 1136606.52203668, "Y좌표": 1703334.6537003701, "집계구코드": 38100120050018, "읍면동": "경상남도_양산시_물금읍" }, "geometry": { "type": "Point", "coordinates": [ 129.002777847422095, 35.316240906335707 ] } },
{ "type": "Feature", "properties": { "결과": "O", "행정구역명": "양산시", "학원교습소명": "학원", "학원명": "토스잉글리쉬어학원", "분야명": "국제화", "교습계열명": "외국어", "교습과정목록명": "외국어", "교습과정명": "외국어", "도로명주소": "경상남도 양산시 물금읍 청운로 178", "도로명상세주소": ", 301호 (물금읍, 아르누보시티)", "수정일자": 20260111, "X좌표": 1136606.52203668, "Y좌표": 1703334.6537003701, "집계구코드": 38100120050018, "읍면동": "경상남도_양산시_물금읍" }, "geometry": { "type": "Point", "coordinates": [ 129.002777847422095, 35.316240906335707 ] } },
{ "type": "Feature", "properties": { "결과": "O", "행정구역명": "양산시", "학원교습소명": "학원", "학원명": "그림터미술학원", "분야명": "예능(대)", "교습계열명": "예능(중)", "교습과정목록명": "미술,", "교습과정명": "미술", "도로명주소": "경상남도 양산시 물금읍 청운로 181", "도로명상세주소": ", 조양타워2 401호 (물금읍)", "수정일자": 20231018, "X좌표": 1136574.10245009, "Y좌표": 1703415.4616501699, "집계구코드": 38100120050018, "읍면동": "경상남도_양산시_물금읍" }, "geometry": { "type": "Point", "coordinates": [ 129.002434790721765, 35.316973729240551 ] } },
{ "type": "Feature", "properties": { "결과": "O", "행정구역명": "양산시", "학원교습소명": "학원", "학원명": "로고스수학과학한강국어사탐학원", "분야명": "입시.검정 및 보습", "교습계열명": "보통교과", "교습과정목록명": "보습", "교습과정명": "보습", "도로명주소": "경상남도 양산시 물금읍 청운로 181", "도로명상세주소": ", 조양타워2 403호 (물금읍)", "수정일자": 20250706, "X좌표": 1136574.10245009, "Y좌표": 1703415.4616501699, "집계구코드": 38100120050018, "읍면동": "경상남도_양산시_물금읍" }, "geometry": { "type": "Point", "coordinates": [ 129.002434790721765, 35.316973729240551 ] } },
{ "type": "Feature", "properties": { "결과": "O", "행정구역명": "양산시", "학원교습소명": "학원", "학원명": "매쓰플랜수학학원", "분야명": "입시.검정 및 보습", "교습계열명": "보통교과", "교습과정목록명": "보습", "교습과정명": "보습", "도로명주소": "경상남도 양산시 물금읍 청운로 181", "도로명상세주소": ", 조양타워2 601호,602호 (물금읍)", "수정일자": 20260301, "X좌표": 1136574.10245009, "Y좌표": 1703415.4616501699, "집계구코드": 38100120050018, "읍면동": "경상남도_양산시_물금읍" }, "geometry": { "type": "Point", "coordinates": [ 129.002434790721765, 35.316973729240551 ] } },
{ "type": "Feature", "properties": { "결과": "O", "행정구역명": "양산시", "학원교습소명": "학원", "학원명": "메이플영어수학학원", "분야명": "입시.검정 및 보습", "교습계열명": "보통교과", "교습과정목록명": "보습,", "교습과정명": "보습", "도로명주소": "경상남도 양산시 물금읍 청운로 181", "도로명상세주소": ", 302호 (물금읍, 조양타워2)", "수정일자": 20231018, "X좌표": 1136574.10245009, "Y좌표": 1703415.4616501699, "집계구코드": 38100120050018, "읍면동": "경상남도_양산시_물금읍" }, "geometry": { "type": "Point", "coordinates": [ 129.002434790721765, 35.316973729240551 ] } },
{ "type": "Feature", "properties": { "결과": "O", "행정구역명": "양산시", "학원교습소명": "학원", "학원명": "물감으로쓰는책미술학원", "분야명": "예능(대)", "교습계열명": "예능(중)", "교습과정목록명": "미술,", "교습과정명": "미술", "도로명주소": "경상남도 양산시 물금읍 청운로 181", "도로명상세주소": "조양타워2 202호", "수정일자": 20250209, "X좌표": 1136574.10245009, "Y좌표": 1703415.4616501699, "집계구코드": 38100120050018, "읍면동": "경상남도_양산시_물금읍" }, "geometry": { "type": "Point", "coordinates": [ 129.002434790721765, 35.316973729240551 ] } },
{ "type": "Feature", "properties": { "결과": "O", "행정구역명": "양산시", "학원교습소명": "학원", "학원명": "팬더중국어학원", "분야명": "국제화", "교습계열명": "외국어", "교습과정목록명": null, "교습과정명": "외국어", "도로명주소": "경상남도 양산시 물금읍 청운로 181", "도로명상세주소": ", 조양타워2 301호 (물금읍, 조양타워2)", "수정일자": 20231018, "X좌표": 1136574.10245009, "Y좌표": 1703415.4616501699, "집계구코드": 38100120050018, "읍면동": "경상남도_양산시_물금읍" }, "geometry": { "type": "Point", "coordinates": [ 129.002434790721765, 35.316973729240551 ] } },
{ "type": "Feature", "properties": { "결과": "O", "행정구역명": "양산시", "학원교습소명": "교습소", "학원명": "대교솔루니증산독서논술교습소", "분야명": "입시.검정 및 보습", "교습계열명": "보통교과", "교습과정목록명": "초등독서논술", "교습과정명": "보습", "도로명주소": "경상남도 양산시 물금읍 청운로 185", "도로명상세주소": "오즈시티 305호", "수정일자": 20250713, "X좌표": 1136610.1856714799, "Y좌표": 1703442.04709875, "집계구코드": 38100120050018, "읍면동": "경상남도_양산시_물금읍" }, "geometry": { "type": "Point", "coordinates": [ 129.002836050426907, 35.317208434399163 ] } },
{ "type": "Feature", "properties": { "결과": "O", "행정구역명": "양산시", "학원교습소명": "교습소", "학원명": "클탑영어교습소", "분야명": "입시.검정 및 보습", "교습계열명": "보통교과", "교습과정목록명": null, "교습과정명": "보습", "도로명주소": "경상남도 양산시 물금읍 청운로 185", "도로명상세주소": ", 304호 (물금읍, 오즈시티)", "수정일자": 20231018, "X좌표": 1136610.1856714799, "Y좌표": 1703442.04709875, "집계구코드": 38100120050018, "읍면동": "경상남도_양산시_물금읍" }, "geometry": { "type": "Point", "coordinates": [ 129.002836050426907, 35.317208434399163 ] } },
{ "type": "Feature", "properties": { "결과": "O", "행정구역명": "양산시", "학원교습소명": "학원", "학원명": "그리그음악학원", "분야명": "예능(대)", "교습계열명": "예능(중)", "교습과정목록명": null, "교습과정명": "음악", "도로명주소": "경상남도 양산시 물금읍 청운로 185", "도로명상세주소": ", 오즈시티 404호 및 405호 (물금읍)", "수정일자": 20231018, "X좌표": 1136610.1856714799, "Y좌표": 1703442.04709875, "집계구코드": 38100120050018, "읍면동": "경상남도_양산시_물금읍" }, "geometry": { "type": "Point", "coordinates": [ 129.002836050426907, 35.317208434399163 ] } },
{ "type": "Feature", "properties": { "결과": "O", "행정구역명": "양산시", "학원교습소명": "학원", "학원명": "김단비무용학원", "분야명": "예능(대)", "교습계열명": "예능(중)", "교습과정목록명": "무용", "교습과정명": "무용", "도로명주소": "경상남도 양산시 물금읍 청운로 185", "도로명상세주소": ", 오즈시티 301호 (물금읍)", "수정일자": 20260315, "X좌표": 1136610.1856714799, "Y좌표": 1703442.04709875, "집계구코드": 38100120050018, "읍면동": "경상남도_양산시_물금읍" }, "geometry": { "type": "Point", "coordinates": [ 129.002836050426907, 35.317208434399163 ] } },
{ "type": "Feature", "properties": { "결과": "O", "행정구역명": "양산시", "학원교습소명": "학원", "학원명": "미시간어학원", "분야명": "국제화", "교습계열명": "외국어", "교습과정목록명": "실용외국어(유아/초·중·고)", "교습과정명": "실용외국어(유아/초·중·고)", "도로명주소": "경상남도 양산시 물금읍 청운로 185", "도로명상세주소": ", 702호, 704호 (물금읍, 오즈시티)", "수정일자": 20241215, "X좌표": 1136610.1856714799, "Y좌표": 1703442.04709875, "집계구코드": 38100120050018, "읍면동": "경상남도_양산시_물금읍" }, "geometry": { "type": "Point", "coordinates": [ 129.002836050426907, 35.317208434399163 ] } },
{ "type": "Feature", "properties": { "결과": "O", "행정구역명": "양산시", "학원교습소명": "학원", "학원명": "양산소마사고력수학학원", "분야명": "입시.검정 및 보습", "교습계열명": "보통교과", "교습과정목록명": "보습", "교습과정명": "보습", "도로명주소": "경상남도 양산시 물금읍 청운로 185", "도로명상세주소": ", 오즈시티 302호 일부 (물금읍)", "수정일자": 20240908, "X좌표": 1136610.1856714799, "Y좌표": 1703442.04709875, "집계구코드": 38100120050018, "읍면동": "경상남도_양산시_물금읍" }, "geometry": { "type": "Point", "coordinates": [ 129.002836050426907, 35.317208434399163 ] } },
{ "type": "Feature", "properties": { "결과": "O", "행정구역명": "양산시", "학원교습소명": "학원", "학원명": "에이스수학학원", "분야명": "입시.검정 및 보습", "교습계열명": null, "교습과정목록명": null, "교습과정명": null, "도로명주소": "경상남도 양산시 물금읍 청운로 185", "도로명상세주소": ", 오즈시티 703호 (물금읍)", "수정일자": 20260614, "X좌표": 1136610.1856714799, "Y좌표": 1703442.04709875, "집계구코드": 38100120050018, "읍면동": "경상남도_양산시_물금읍" }, "geometry": { "type": "Point", "coordinates": [ 129.002836050426907, 35.317208434399163 ] } },
{ "type": "Feature", "properties": { "결과": "O", "행정구역명": "양산시", "학원교습소명": "학원", "학원명": "이룸국어논술학원", "분야명": "입시.검정 및 보습", "교습계열명": null, "교습과정목록명": null, "교습과정명": null, "도로명주소": "경상남도 양산시 물금읍 청운로 185", "도로명상세주소": "오즈시티 406호", "수정일자": 20231018, "X좌표": 1136610.1856714799, "Y좌표": 1703442.04709875, "집계구코드": 38100120050018, "읍면동": "경상남도_양산시_물금읍" }, "geometry": { "type": "Point", "coordinates": [ 129.002836050426907, 35.317208434399163 ] } },
{ "type": "Feature", "properties": { "결과": "O", "행정구역명": "양산시", "학원교습소명": "학원", "학원명": "정철어학원", "분야명": "국제화", "교습계열명": "외국어", "교습과정목록명": "실용외국어(유아/초·중·고)", "교습과정명": "실용외국어(유아/초·중·고)", "도로명주소": "경상남도 양산시 물금읍 청운로 185", "도로명상세주소": ", 오즈시티 303호 (물금읍)", "수정일자": 20241229, "X좌표": 1136610.1856714799, "Y좌표": 1703442.04709875, "집계구코드": 38100120050018, "읍면동": "경상남도_양산시_물금읍" }, "geometry": { "type": "Point", "coordinates": [ 129.002836050426907, 35.317208434399163 ] } },
{ "type": "Feature", "properties": { "결과": "O", "행정구역명": "양산시", "학원교습소명": "학원", "학원명": "정철어학원CPS수학학원", "분야명": "종합(대)", "교습계열명": null, "교습과정목록명": "보습,실용외국어(유아/초·중·고)", "교습과정명": null, "도로명주소": "경상남도 양산시 물금읍 청운로 185", "도로명상세주소": ", 오즈시티 207호 (물금읍)", "수정일자": 20260607, "X좌표": 1136610.1856714799, "Y좌표": 1703442.04709875, "집계구코드": 38100120050018, "읍면동": "경상남도_양산시_물금읍" }, "geometry": { "type": "Point", "coordinates": [ 129.002836050426907, 35.317208434399163 ] } },
{ "type": "Feature", "properties": { "결과": "O", "행정구역명": "양산시", "학원교습소명": "학원", "학원명": "증산캠브리지어학원", "분야명": "국제화", "교습계열명": "외국어", "교습과정목록명": "실용외국어(유아/초·중·고)", "교습과정명": "실용외국어(유아/초·중·고)", "도로명주소": "경상남도 양산시 물금읍 청운로 185", "도로명상세주소": "407호", "수정일자": 20260712, "X좌표": 1136610.1856714799, "Y좌표": 1703442.04709875, "집계구코드": 38100120050018, "읍면동": "경상남도_양산시_물금읍" }, "geometry": { "type": "Point", "coordinates": [ 129.002836050426907, 35.317208434399163 ] } },
{ "type": "Feature", "properties": { "결과": "O", "행정구역명": "양산시", "학원교습소명": "학원", "학원명": "4%의수학학원", "분야명": "입시.검정 및 보습", "교습계열명": "보통교과", "교습과정목록명": "보습", "교습과정명": "보습", "도로명주소": "경상남도 양산시 물금읍 청운로 188", "도로명상세주소": ", 202호 (물금읍, 나래시티)", "수정일자": 20260315, "X좌표": 1136651.71321323, "Y좌표": 1703376.64734764, "집계구코드": 38100120050018, "읍면동": "경상남도_양산시_물금읍" }, "geometry": { "type": "Point", "coordinates": [ 129.003281839250945, 35.31661325228081 ] } },
{ "type": "Feature", "properties": { "결과": "O", "행정구역명": "양산시", "학원교습소명": "학원", "학원명": "씨앤에이논술양산물금배움터학원", "분야명": "입시.검정 및 보습", "교습계열명": null, "교습과정목록명": null, "교습과정명": null, "도로명주소": "경상남도 양산시 물금읍 청운로 188", "도로명상세주소": ", 207호", "수정일자": 20251207, "X좌표": 1136651.71321323, "Y좌표": 1703376.64734764, "집계구코드": 38100120050018, "읍면동": "경상남도_양산시_물금읍" }, "geometry": { "type": "Point", "coordinates": [ 129.003281839250945, 35.31661325228081 ] } },
{ "type": "Feature", "properties": { "결과": "O", "행정구역명": "양산시", "학원교습소명": "학원", "학원명": "와이영수학원", "분야명": "입시.검정 및 보습", "교습계열명": "보통교과", "교습과정목록명": "보습", "교습과정명": "보습", "도로명주소": "경상남도 양산시 물금읍 청운로 188", "도로명상세주소": ", 205호 (물금읍, 나래시티)", "수정일자": 20260111, "X좌표": 1136651.71321323, "Y좌표": 1703376.64734764, "집계구코드": 38100120050018, "읍면동": "경상남도_양산시_물금읍" }, "geometry": { "type": "Point", "coordinates": [ 129.003281839250945, 35.31661325228081 ] } },
{ "type": "Feature", "properties": { "결과": "O", "행정구역명": "양산시", "학원교습소명": "학원", "학원명": "웅진씽크빅학습센터청운학원", "분야명": "입시.검정 및 보습", "교습계열명": "보통교과", "교습과정목록명": "보습", "교습과정명": "보습", "도로명주소": "경상남도 양산시 물금읍 청운로 188", "도로명상세주소": ", 209호 (물금읍, 나래시티)", "수정일자": 20250504, "X좌표": 1136651.71321323, "Y좌표": 1703376.64734764, "집계구코드": 38100120050018, "읍면동": "경상남도_양산시_물금읍" }, "geometry": { "type": "Point", "coordinates": [ 129.003281839250945, 35.31661325228081 ] } },
{ "type": "Feature", "properties": { "결과": "O", "행정구역명": "양산시", "학원교습소명": "학원", "학원명": "지산수학학원", "분야명": "입시.검정 및 보습", "교습계열명": "보통교과", "교습과정목록명": "보습", "교습과정명": "보습", "도로명주소": "경상남도 양산시 물금읍 청운로 188", "도로명상세주소": ",2층 204호(나래시티,물금읍)", "수정일자": 20251012, "X좌표": 1136651.71321323, "Y좌표": 1703376.64734764, "집계구코드": 38100120050018, "읍면동": "경상남도_양산시_물금읍" }, "geometry": { "type": "Point", "coordinates": [ 129.003281839250945, 35.31661325228081 ] } },
{ "type": "Feature", "properties": { "결과": "O", "행정구역명": "양산시", "학원교습소명": "학원", "학원명": "SLP어학원명작종합학원", "분야명": "종합(대)", "교습계열명": null, "교습과정목록명": "보습,실용외국어(유아/초·중·고)", "교습과정명": null, "도로명주소": "경상남도 양산시 물금읍 청운로 345", "도로명상세주소": ", 5층 (물금읍, 캠퍼스프라자1차)", "수정일자": 20260906, "X좌표": 1137735.8872295299, "Y좌표": 1704580.9502365601, "집계구코드": 38100120030001, "읍면동": "경상남도_양산시_물금읍" }, "geometry": { "type": "Point", "coordinates": [ 129.015407523015909, 35.327319747928371 ] } },
{ "type": "Feature", "properties": { "결과": "O", "행정구역명": "양산시", "학원교습소명": "학원", "학원명": "SMJ댄스아카데미학원", "분야명": "예능(대)", "교습계열명": "예능(중)", "교습과정목록명": "무용,음악", "교습과정명": "무용", "도로명주소": "경상남도 양산시 물금읍 청운로 345", "도로명상세주소": ", 캠퍼스프라자1차 303호(일부) (물금읍)", "수정일자": 20250615, "X좌표": 1137735.8872295299, "Y좌표": 1704580.9502365601, "집계구코드": 38100120030001, "읍면동": "경상남도_양산시_물금읍" }, "geometry": { "type": "Point", "coordinates": [ 129.015407523015909, 35.327319747928371 ] } },
{ "type": "Feature", "properties": { "결과": "O", "행정구역명": "양산시", "학원교습소명": "학원", "학원명": "인(in)수학전문학원", "분야명": "입시.검정 및 보습", "교습계열명": "보통교과", "교습과정목록명": null, "교습과정명": "보습", "도로명주소": "경상남도 양산시 물금읍 청운로 349", "도로명상세주소": ", 402호 (물금읍, 세정에스타)", "수정일자": 20250706, "X좌표": 1137767.9901823299, "Y좌표": 1704593.9243125001, "집계구코드": 38100120030001, "읍면동": "경상남도_양산시_물금읍" }, "geometry": { "type": "Point", "coordinates": [ 129.015762801683422, 35.327432266349966 ] } },
{ "type": "Feature", "properties": { "결과": "O", "행정구역명": "양산시", "학원교습소명": "학원", "학원명": "잉글리시아이더드림영어전문학원", "분야명": "입시.검정 및 보습", "교습계열명": "보통교과", "교습과정목록명": "보습", "교습과정명": "보습", "도로명주소": "경상남도 양산시 물금읍 청운로 349", "도로명상세주소": "303호", "수정일자": 20260201, "X좌표": 1137767.9901823299, "Y좌표": 1704593.9243125001, "집계구코드": 38100120030001, "읍면동": "경상남도_양산시_물금읍" }, "geometry": { "type": "Point", "coordinates": [ 129.015762801683422, 35.327432266349966 ] } },
{ "type": "Feature", "properties": { "결과": "O", "행정구역명": "양산시", "학원교습소명": "학원", "학원명": "신강수학학원", "분야명": "입시.검정 및 보습", "교습계열명": "보통교과", "교습과정목록명": "보습", "교습과정명": "보습", "도로명주소": "경상남도 양산시 물금읍 청운로181", "도로명상세주소": ", 조양타워2, 603호 (물금읍)", "수정일자": 20251130, "X좌표": 1136574.10245009, "Y좌표": 1703415.4616501699, "집계구코드": 38100120050018, "읍면동": "경상남도_양산시_물금읍" }, "geometry": { "type": "Point", "coordinates": [ 129.002434790721765, 35.316973729240551 ] } },
{ "type": "Feature", "properties": { "결과": "O", "행정구역명": "양산시", "학원교습소명": "학원", "학원명": "줄리어드음악학원", "분야명": "예능(대)", "교습계열명": "예능(중)", "교습과정목록명": "음악", "교습과정명": "음악", "도로명주소": "경상남도 양산시 물금읍 청운로181", "도로명상세주소": ", 조양타워2, 402호 (물금읍)", "수정일자": 20260315, "X좌표": 1136574.10245009, "Y좌표": 1703415.4616501699, "집계구코드": 38100120050018, "읍면동": "경상남도_양산시_물금읍" }, "geometry": { "type": "Point", "coordinates": [ 129.002434790721765, 35.316973729240551 ] } },
{ "type": "Feature", "properties": { "결과": "O", "행정구역명": "양산시", "학원교습소명": "학원", "학원명": "황산푸르넷학원", "분야명": "입시.검정 및 보습", "교습계열명": "보통교과", "교습과정목록명": "보습", "교습과정명": "보습", "도로명주소": "경상남도 양산시 물금읍 화합10길 4", "도로명상세주소": ", 1층 (물금읍)", "수정일자": 20231018, "X좌표": 1137350.58751263, "Y좌표": 1704943.9318516999, "집계구코드": 38100120010003, "읍면동": "경상남도_양산시_물금읍" }, "geometry": { "type": "Point", "coordinates": [ 129.011230575532835, 35.330644647938378 ] } },
{ "type": "Feature", "properties": { "결과": "O", "행정구역명": "양산시", "학원교습소명": "학원", "학원명": "정점영어전문학원", "분야명": "입시.검정 및 보습", "교습계열명": null, "교습과정목록명": null, "교습과정명": null, "도로명주소": "경상남도 양산시 물금읍 화합11길 8-1", "도로명상세주소": ", 1층", "수정일자": 20260222, "X좌표": 1137414.08481621, "Y좌표": 1704939.8794080601, "집계구코드": 38100120010003, "읍면동": "경상남도_양산시_물금읍" }, "geometry": { "type": "Point", "coordinates": [ 129.011928321633093, 35.330599385843264 ] } },
{ "type": "Feature", "properties": { "결과": "O", "행정구역명": "양산시", "학원교습소명": "학원", "학원명": "DDS수학&영어학원", "분야명": "입시.검정 및 보습", "교습계열명": null, "교습과정목록명": null, "교습과정명": null, "도로명주소": "경상남도 양산시 물금읍 화합1길 32", "도로명상세주소": "1층", "수정일자": 20260215, "X좌표": 1137117.9827089, "Y좌표": 1704969.0565022, "집계구코드": 38100120010001, "읍면동": "경상남도_양산시_물금읍" }, "geometry": { "type": "Point", "coordinates": [ 129.008676289972271, 35.330903077648188 ] } },
{ "type": "Feature", "properties": { "결과": "O", "행정구역명": "양산시", "학원교습소명": "학원", "학원명": "양산커피바리스타학원", "분야명": "직업기술", "교습계열명": "산업응용기술", "교습과정목록명": "식음료품(바리스타,소믈리에)", "교습과정명": "식음료품(바리스타,소믈리에)", "도로명주소": "경상남도 양산시 물금읍 화합3길 14-16", "도로명상세주소": ", 1층 일부 (물금읍)", "수정일자": 20260419, "X좌표": 1137128.59915129, "Y좌표": 1704919.4502457001, "집계구코드": 38100120010001, "읍면동": "경상남도_양산시_물금읍" }, "geometry": { "type": "Point", "coordinates": [ 129.008784752926317, 35.330454478556462 ] } },
{ "type": "Feature", "properties": { "결과": "O", "행정구역명": "양산시", "학원교습소명": "학원", "학원명": "몽키챌린지학원", "분야명": "기타(대)", "교습계열명": "기타(중)", "교습과정목록명": "기타(소)", "교습과정명": "기타(소)", "도로명주소": "경상남도 양산시 물금읍 화합3길 14-19", "도로명상세주소": ", 1층 (물금읍)", "수정일자": 20250223, "X좌표": 1137127.8462395601, "Y좌표": 1704957.21044235, "집계구코드": 38100120010001, "읍면동": "경상남도_양산시_물금읍" }, "geometry": { "type": "Point", "coordinates": [ 129.008782797774501, 35.330794945283259 ] } },
{ "type": "Feature", "properties": { "결과": "O", "행정구역명": "양산시", "학원교습소명": "학원", "학원명": "NEAT어학원", "분야명": "국제화", "교습계열명": "외국어", "교습과정목록명": "실용외국어(유아/초·중·고)", "교습과정명": "실용외국어(유아/초·중·고)", "도로명주소": "경상남도 양산시 물금읍 화합3길 6-22", "도로명상세주소": ", 1층 (물금읍)", "수정일자": 20250323, "X좌표": 1137205.1092435201, "Y좌표": 1704875.17736153, "집계구코드": 38100120010005, "읍면동": "경상남도_양산시_물금읍" }, "geometry": { "type": "Point", "coordinates": [ 129.009618888491303, 35.33004490364636 ] } },
{ "type": "Feature", "properties": { "결과": "O", "행정구역명": "양산시", "학원교습소명": "교습소", "학원명": "순수학교습소", "분야명": "입시.검정 및 보습", "교습계열명": "보통교과", "교습과정목록명": "중등수학(A)", "교습과정명": "보습", "도로명주소": "경상남도 양산시 물금읍 화합길 35", "도로명상세주소": ", 1층 일부 (101호) (물금읍, 스파앤사우나헬스)", "수정일자": 20241124, "X좌표": 1137318.54538375, "Y좌표": 1704989.7911483301, "집계구코드": 38100120010003, "읍면동": "경상남도_양산시_물금읍" }, "geometry": { "type": "Point", "coordinates": [ 129.010885828183888, 35.331062420576139 ] } },
{ "type": "Feature", "properties": { "결과": "O", "행정구역명": "양산시", "학원교습소명": "교습소", "학원명": "딥매쓰바른수학교습소", "분야명": "입시.검정 및 보습", "교습계열명": "보통교과", "교습과정목록명": "초등수학특강B", "교습과정명": "보습", "도로명주소": "경상남도 양산시 물금읍 화합길 37", "도로명상세주소": ", 103호 (물금읍, 나래월드빌딩)", "수정일자": 20260111, "X좌표": 1137329.90303122, "Y좌표": 1705006.98343392, "집계구코드": 38100120010003, "읍면동": "경상남도_양산시_물금읍" }, "geometry": { "type": "Point", "coordinates": [ 129.01101363985677, 35.331215826821797 ] } },
{ "type": "Feature", "properties": { "결과": "O", "행정구역명": "양산시", "학원교습소명": "교습소", "학원명": "새얀음악교습소", "분야명": "예능(대)", "교습계열명": "예능(중)", "교습과정목록명": "피아노 초급", "교습과정명": "음악", "도로명주소": "경상남도 양산시 물금읍 화합길 37", "도로명상세주소": ", 나래월드빌딩 105호 (물금읍)", "수정일자": 20260308, "X좌표": 1137329.90303122, "Y좌표": 1705006.98343392, "집계구코드": 38100120010003, "읍면동": "경상남도_양산시_물금읍" }, "geometry": { "type": "Point", "coordinates": [ 129.01101363985677, 35.331215826821797 ] } },
{ "type": "Feature", "properties": { "결과": "O", "행정구역명": "양산시", "학원교습소명": "학원", "학원명": "G.N.B.댄스스튜디오학원", "분야명": "예능(대)", "교습계열명": "예능(중)", "교습과정목록명": "무용", "교습과정명": "무용", "도로명주소": "경상남도 양산시 물금읍 화합길 37", "도로명상세주소": ", 303호, 304호 (물금읍, 나래월드빌딩)", "수정일자": 20250810, "X좌표": 1137329.90303122, "Y좌표": 1705006.98343392, "집계구코드": 38100120010003, "읍면동": "경상남도_양산시_물금읍" }, "geometry": { "type": "Point", "coordinates": [ 129.01101363985677, 35.331215826821797 ] } },
{ "type": "Feature", "properties": { "결과": "O", "행정구역명": "양산시", "학원교습소명": "학원", "학원명": "연아음악학원", "분야명": "예능(대)", "교습계열명": "예능(중)", "교습과정목록명": "음악", "교습과정명": "음악", "도로명주소": "경상남도 양산시 물금읍 화합길 37", "도로명상세주소": ", 301호 (물금읍, 나래월드빌딩)", "수정일자": 20240908, "X좌표": 1137329.90303122, "Y좌표": 1705006.98343392, "집계구코드": 38100120010003, "읍면동": "경상남도_양산시_물금읍" }, "geometry": { "type": "Point", "coordinates": [ 129.01101363985677, 35.331215826821797 ] } },
{ "type": "Feature", "properties": { "결과": "O", "행정구역명": "양산시", "학원교습소명": "학원", "학원명": "웨이메이커360학원", "분야명": "종합(대)", "교습계열명": null, "교습과정목록명": "보습", "교습과정명": null, "도로명주소": "경상남도 양산시 물금읍 화합길 37", "도로명상세주소": ", 401호 (물금읍, 나래월드빌딩)", "수정일자": 20260405, "X좌표": 1137329.90303122, "Y좌표": 1705006.98343392, "집계구코드": 38100120010003, "읍면동": "경상남도_양산시_물금읍" }, "geometry": { "type": "Point", "coordinates": [ 129.01101363985677, 35.331215826821797 ] } },
{ "type": "Feature", "properties": { "결과": "O", "행정구역명": "양산시", "학원교습소명": "학원", "학원명": "잉글리쉬무무물금신도시어학원", "분야명": "국제화", "교습계열명": "외국어", "교습과정목록명": null, "교습과정명": "외국어", "도로명주소": "경상남도 양산시 물금읍 화합길 37", "도로명상세주소": ", 203호 (물금읍, 나래월드빌딩)", "수정일자": 20231018, "X좌표": 1137329.90303122, "Y좌표": 1705006.98343392, "집계구코드": 38100120010003, "읍면동": "경상남도_양산시_물금읍" }, "geometry": { "type": "Point", "coordinates": [ 129.01101363985677, 35.331215826821797 ] } },
{ "type": "Feature", "properties": { "결과": "O", "행정구역명": "양산시", "학원교습소명": "학원", "학원명": "퍼스트클래스학원", "분야명": "입시.검정 및 보습", "교습계열명": "보통교과", "교습과정목록명": "보습", "교습과정명": "보습", "도로명주소": "경상남도 양산시 물금읍 화합길 37", "도로명상세주소": ", 나래월드빌딩 302호 (물금읍)", "수정일자": 20241215, "X좌표": 1137329.90303122, "Y좌표": 1705006.98343392, "집계구코드": 38100120010003, "읍면동": "경상남도_양산시_물금읍" }, "geometry": { "type": "Point", "coordinates": [ 129.01101363985677, 35.331215826821797 ] } },
{ "type": "Feature", "properties": { "결과": "O", "행정구역명": "양산시", "학원교습소명": "학원", "학원명": "MBC아카데미애견미용학원", "분야명": "직업기술", "교습계열명": "일반서비스", "교습과정목록명": "애견미용", "교습과정명": "애견미용", "도로명주소": "경상남도 양산시 물금읍 황산로 505", "도로명상세주소": ", 4층 전부 및 5층 일부(좌측) (물금읍)", "수정일자": 20260308, "X좌표": 1135858.54931842, "Y좌표": 1703673.75339146, "집계구코드": 38100120050004, "읍면동": "경상남도_양산시_물금읍" }, "geometry": { "type": "Point", "coordinates": [ 128.994608320643749, 35.319399484416117 ] } },
{ "type": "Feature", "properties": { "결과": "O", "행정구역명": "양산시", "학원교습소명": "학원", "학원명": "에디슨아카데미학원", "분야명": "입시.검정 및 보습", "교습계열명": "보통교과", "교습과정목록명": null, "교습과정명": "보통교과", "도로명주소": "경상남도 양산시 물금읍 황산로 597", "도로명상세주소": ", 3층 (물금읍, 현대약국)", "수정일자": 20231018, "X좌표": 1136376.57476162, "Y좌표": 1704430.6505754699, "집계구코드": 38100120050003, "읍면동": "경상남도_양산시_물금읍" }, "geometry": { "type": "Point", "coordinates": [ 129.000431555608657, 35.32615147910218 ] } },
{ "type": "Feature", "properties": { "결과": "O", "행정구역명": "양산시", "학원교습소명": "학원", "학원명": "비상미술학원", "분야명": "예능(대)", "교습계열명": "예능(중)", "교습과정목록명": "미술,", "교습과정명": "미술", "도로명주소": "경상남도 양산시 물금읍 황산로 601", "도로명상세주소": ", 3층 (물금읍)", "수정일자": 20231018, "X좌표": 1136407.3464320099, "Y좌표": 1704451.35475645, "집계구코드": 38100120050003, "읍면동": "경상남도_양산시_물금읍" }, "geometry": { "type": "Point", "coordinates": [ 129.000773455527451, 35.326333902036495 ] } },
{ "type": "Feature", "properties": { "결과": "O", "행정구역명": "양산시", "학원교습소명": "학원", "학원명": "높은하늘미술학원", "분야명": "예능(대)", "교습계열명": "예능(중)", "교습과정목록명": "미술", "교습과정명": "미술", "도로명주소": "경상남도 양산시 물금읍 황산로 675", "도로명상세주소": ", 3층 (물금읍)", "수정일자": 20231231, "X좌표": 1136937.1710109899, "Y좌표": 1704961.7304889599, "집계구코드": 38100120050029, "읍면동": "경상남도_양산시_물금읍" }, "geometry": { "type": "Point", "coordinates": [ 129.006686250204268, 35.33086184932413 ] } },
{ "type": "Feature", "properties": { "결과": "O", "행정구역명": "양산시", "학원교습소명": "교습소", "학원명": "브릿지피아노스튜디오음악교습소", "분야명": "예능(대)", "교습계열명": "예능(중)", "교습과정목록명": "바이올린/첼로A", "교습과정명": "음악", "도로명주소": "경상남도 양산시 물금읍 황산로 693", "도로명상세주소": ", 주1동 2층 (물금읍)", "수정일자": 20231018, "X좌표": 1137090.3309758001, "Y좌표": 1705097.9875216801, "집계구코드": 38100120052803, "읍면동": "경상남도_양산시_물금읍" }, "geometry": { "type": "Point", "coordinates": [ 129.008393734726326, 35.332069033692299 ] } },
{ "type": "Feature", "properties": { "결과": "O", "행정구역명": "양산시", "학원교습소명": "교습소", "학원명": "놀작온아트미술교습소", "분야명": "예능(대)", "교습계열명": "예능(중)", "교습과정목록명": null, "교습과정명": "미술", "도로명주소": "경상남도 양산시 물금읍 황산로 699", "도로명상세주소": ", 상가동 206호 (물금읍, 양산브라운스톤)", "수정일자": 20231018, "X좌표": 1136942.2512856, "Y좌표": 1705009.02240368, "집계구코드": 38100120052801, "읍면동": "경상남도_양산시_물금읍" }, "geometry": { "type": "Point", "coordinates": [ 129.006750042741089, 35.33128743361469 ] } },
{ "type": "Feature", "properties": { "결과": "O", "행정구역명": "양산시", "학원교습소명": "교습소", "학원명": "천재공부방영어교습소", "분야명": "입시.검정 및 보습", "교습계열명": "보통교과", "교습과정목록명": "초등영어", "교습과정명": "보습", "도로명주소": "경상남도 양산시 물금읍 황산로 709", "도로명상세주소": ", 201호 (물금읍, 경민아파트)", "수정일자": 20231029, "X좌표": 1137183.07158696, "Y좌표": 1705200.87578146, "집계구코드": 38100120051101, "읍면동": "경상남도_양산시_물금읍" }, "geometry": { "type": "Point", "coordinates": [ 129.009431082961527, 35.332983714150458 ] } },
{ "type": "Feature", "properties": { "결과": "O", "행정구역명": "양산시", "학원교습소명": "학원", "학원명": "파워수학학원", "분야명": "입시.검정 및 보습", "교습계열명": "보통교과", "교습과정목록명": "보습", "교습과정명": "보습", "도로명주소": "경상남도 양산시 물금읍 황산로 709", "도로명상세주소": ", 경민아파트 4호동(상가동) 301호 (물금읍, 경민아파트)", "수정일자": 20231018, "X좌표": 1137183.07158696, "Y좌표": 1705200.87578146, "집계구코드": 38100120051101, "읍면동": "경상남도_양산시_물금읍" }, "geometry": { "type": "Point", "coordinates": [ 129.009431082961527, 35.332983714150458 ] } },
{ "type": "Feature", "properties": { "결과": "O", "행정구역명": "양산시", "학원교습소명": "교습소", "학원명": "명성휴먼시아피아노교습소", "분야명": "예능(대)", "교습계열명": "예능(중)", "교습과정목록명": "피아노(초급)", "교습과정명": "음악", "도로명주소": "경상남도 양산시 배움터길 11", "도로명상세주소": ", 주상가 207호 (평산동, 평산휴먼시아)", "수정일자": 20231018, "X좌표": 1149526.0500919099, "Y좌표": 1710429.28632304, "집계구코드": 38100560051303, "읍면동": "경상남도_양산시_평산동" }, "geometry": { "type": "Point", "coordinates": [ 129.146149809768929, 35.378336654179677 ] } },
{ "type": "Feature", "properties": { "결과": "O", "행정구역명": "양산시", "학원교습소명": "교습소", "학원명": "삼성영어셀레나베스트천성영어교습소", "분야명": "국제화", "교습계열명": "외국어", "교습과정목록명": "중급B", "교습과정명": "실용외국어(유아/초·중·고)", "도로명주소": "경상남도 양산시 배움터길 11", "도로명상세주소": ", 부상가동 104호 (평산동, 평산휴먼시아)", "수정일자": 20260111, "X좌표": 1149526.0500919099, "Y좌표": 1710429.28632304, "집계구코드": 38100560051303, "읍면동": "경상남도_양산시_평산동" }, "geometry": { "type": "Point", "coordinates": [ 129.146149809768929, 35.378336654179677 ] } },
{ "type": "Feature", "properties": { "결과": "O", "행정구역명": "양산시", "학원교습소명": "학원", "학원명": "리더학원", "분야명": "입시.검정 및 보습", "교습계열명": "보통교과", "교습과정목록명": "보습", "교습과정명": "보습", "도로명주소": "경상남도 양산시 배움터길 11", "도로명상세주소": "(평산동,평산휴먼시아) 상가동 201호", "수정일자": 20260816, "X좌표": 1149526.0500919099, "Y좌표": 1710429.28632304, "집계구코드": 38100560051303, "읍면동": "경상남도_양산시_평산동" }, "geometry": { "type": "Point", "coordinates": [ 129.146149809768929, 35.378336654179677 ] } },
{ "type": "Feature", "properties": { "결과": "O", "행정구역명": "양산시", "학원교습소명": "교습소", "학원명": "미래엔수학배움수학교습소", "분야명": "입시.검정 및 보습", "교습계열명": "보통교과", "교습과정목록명": "중등수학(1)", "교습과정명": "보습", "도로명주소": "경상남도 양산시 배움터길 20", "도로명상세주소": ", 전면 우측 일부 (평산동)", "수정일자": 20260111, "X좌표": 1149497.4746367501, "Y좌표": 1710610.0729584501, "집계구코드": 38100560050001, "읍면동": "경상남도_양산시_평산동" }, "geometry": { "type": "Point", "coordinates": [ 129.145868434349211, 35.379970395372375 ] } },
{ "type": "Feature", "properties": { "결과": "O", "행정구역명": "양산시", "학원교습소명": "학원", "학원명": "한샘학원", "분야명": "입시.검정 및 보습", "교습계열명": "보통교과", "교습과정목록명": "보습", "교습과정명": "보습", "도로명주소": "경상남도 양산시 백동길 19-19", "도로명상세주소": ", 2층 (소주동)", "수정일자": 20260111, "X좌표": 1150194.7325087399, "Y좌표": 1713556.1676978699, "집계구코드": 38100550020003, "읍면동": "경상남도_양산시_소주동" }, "geometry": { "type": "Point", "coordinates": [ 129.154084211465403, 35.406419009377174 ] } },
{ "type": "Feature", "properties": { "결과": "O", "행정구역명": "양산시", "학원교습소명": "학원", "학원명": "엘리트영재학원", "분야명": "입시.검정 및 보습", "교습계열명": "보통교과", "교습과정목록명": null, "교습과정명": "보통교과", "도로명주소": "경상남도 양산시 번영로 22", "도로명상세주소": ", 2층, 3층 (덕계동)", "수정일자": 20231018, "X좌표": 1149975.2339252201, "Y좌표": 1710046.6175124799, "집계구코드": 38100570010001, "읍면동": "경상남도_양산시_덕계동" }, "geometry": { "type": "Point", "coordinates": [ 129.151022822524737, 35.374820147464462 ] } },
{ "type": "Feature", "properties": { "결과": "O", "행정구역명": "양산시", "학원교습소명": "학원", "학원명": "로봇AI코딩랩학원", "분야명": "기타(대)", "교습계열명": "기타(중)", "교습과정목록명": "로봇,", "교습과정명": "로봇", "도로명주소": "경상남도 양산시 번영로 25", "도로명상세주소": ", 2층 일부 (덕계동)", "수정일자": 20260111, "X좌표": 1149915.4162943501, "Y좌표": 1710004.8594362801, "집계구코드": 38100570020001, "읍면동": "경상남도_양산시_덕계동" }, "geometry": { "type": "Point", "coordinates": [ 129.150356890786213, 35.37445277122378 ] } },
{ "type": "Feature", "properties": { "결과": "O", "행정구역명": "양산시", "학원교습소명": "교습소", "학원명": "패스수학교습소", "분야명": "입시.검정 및 보습", "교습계열명": "보통교과", "교습과정목록명": "수학(초등)", "교습과정명": "보습", "도로명주소": "경상남도 양산시 번영로 439", "도로명상세주소": ", 2층 (소주동, 세신아파트)", "수정일자": 20231018, "X좌표": 1150509.42669086, "Y좌표": 1713947.4592426501, "집계구코드": 38100550020801, "읍면동": "경상남도_양산시_소주동" }, "geometry": { "type": "Point", "coordinates": [ 129.157620851208179, 35.409898234995218 ] } },
{ "type": "Feature", "properties": { "결과": "O", "행정구역명": "양산시", "학원교습소명": "학원", "학원명": "탐영수학원", "분야명": "입시.검정 및 보습", "교습계열명": "보통교과", "교습과정목록명": null, "교습과정명": "보습", "도로명주소": "경상남도 양산시 번영로 57", "도로명상세주소": ", 2동 2층 (평산동)", "수정일자": 20231018, "X좌표": 1149699.4370210201, "Y좌표": 1710264.4608285499, "집계구코드": 38100560050003, "읍면동": "경상남도_양산시_평산동" }, "geometry": { "type": "Point", "coordinates": [ 129.148027727267703, 35.37682504159141 ] } },
{ "type": "Feature", "properties": { "결과": "O", "행정구역명": "양산시", "학원교습소명": "학원", "학원명": "우리수학과학학원", "분야명": "입시.검정 및 보습", "교습계열명": "보통교과", "교습과정목록명": null, "교습과정명": "보습", "도로명주소": "경상남도 양산시 번영로 66", "도로명상세주소": ", 3층 일부 (평산동)", "수정일자": 20231018, "X좌표": 1149731.5517577501, "Y좌표": 1710334.9818659101, "집계구코드": 38100560010001, "읍면동": "경상남도_양산시_평산동" }, "geometry": { "type": "Point", "coordinates": [ 129.148394075285324, 35.3774558352791 ] } },
{ "type": "Feature", "properties": { "결과": "O", "행정구역명": "양산시", "학원교습소명": "학원", "학원명": "LEE댄스스포츠학원", "분야명": "기예(대)", "교습계열명": "기예(중)", "교습과정목록명": "댄스,", "교습과정명": "댄스", "도로명주소": "경상남도 양산시 북안남3길 38", "도로명상세주소": ", 4층 일부(우측) (북부동)", "수정일자": 20231018, "X좌표": 1139798.8191432001, "Y좌표": 1706810.22513545, "집계구코드": 38100580020017, "읍면동": "경상남도_양산시_중앙동" }, "geometry": { "type": "Point", "coordinates": [ 129.038478107517165, 35.347127133960662 ] } },
{ "type": "Feature", "properties": { "결과": "O", "행정구역명": "양산시", "학원교습소명": "학원", "학원명": "매현서예학원", "분야명": "기타(대)", "교습계열명": "기타(중)", "교습과정목록명": "서예,", "교습과정명": "서예", "도로명주소": "경상남도 양산시 북안남4길 1", "도로명상세주소": ", 4층 (북부동, 김대영치과)", "수정일자": 20231018, "X좌표": 1139791.9703117299, "Y좌표": 1706602.8284406101, "집계구코드": 38100580020012, "읍면동": "경상남도_양산시_중앙동" }, "geometry": { "type": "Point", "coordinates": [ 129.038367311439742, 35.345258688704597 ] } },
{ "type": "Feature", "properties": { "결과": "O", "행정구역명": "양산시", "학원교습소명": "학원", "학원명": "양산건축기술학원", "분야명": "직업기술", "교습계열명": "산업기반기술", "교습과정목록명": "건축,", "교습과정명": "건축", "도로명주소": "경상남도 양산시 북안남4길 26", "도로명상세주소": ", 2층 (북부동)", "수정일자": 20250216, "X좌표": 1139582.19703944, "Y좌표": 1706646.97898484, "집계구코드": 38100580020005, "읍면동": "경상남도_양산시_중앙동" }, "geometry": { "type": "Point", "coordinates": [ 129.036067096806107, 35.345686001859924 ] } },
{ "type": "Feature", "properties": { "결과": "O", "행정구역명": "양산시", "학원교습소명": "학원", "학원명": "늘솜요리학원", "분야명": "직업기술", "교습계열명": "산업응용기술", "교습과정목록명": "식음료품(바리스타,소믈리에)", "교습과정명": "식음료품(바리스타,소믈리에)", "도로명주소": "경상남도 양산시 북안북7길 35", "도로명상세주소": ", 2층 일부 (북부동, 양산시근로자종합복지관)", "수정일자": 20250105, "X좌표": 1140093.8168862599, "Y좌표": 1707153.39352381, "집계구코드": 38100580020004, "읍면동": "경상남도_양산시_중앙동" }, "geometry": { "type": "Point", "coordinates": [ 129.041782283783846, 35.350178973282176 ] } },
{ "type": "Feature", "properties": { "결과": "O", "행정구역명": "양산시", "학원교습소명": "교습소", "학원명": "고은음악교습소", "분야명": "예능(대)", "교습계열명": "예능(중)", "교습과정목록명": "피아노 초급", "교습과정명": "음악", "도로명주소": "경상남도 양산시 북정로 104", "도로명상세주소": ", 양산동원타운 상가 제6동 301호 (북정동)", "수정일자": 20250316, "X좌표": 1140798.7825448499, "Y좌표": 1708352.9871670301, "집계구코드": 38100520051203, "읍면동": "경상남도_양산시_삼성동" }, "geometry": { "type": "Point", "coordinates": [ 129.049744769098822, 35.360892432690498 ] } },
{ "type": "Feature", "properties": { "결과": "O", "행정구역명": "양산시", "학원교습소명": "교습소", "학원명": "오름수학교습소", "분야명": "입시.검정 및 보습", "교습계열명": "보통교과", "교습과정목록명": "수학초등A", "교습과정명": "보습", "도로명주소": "경상남도 양산시 북정로 104", "도로명상세주소": ", 양산동원타운 상가 제6동 204호 (북정동)", "수정일자": 20231018, "X좌표": 1140798.7825448499, "Y좌표": 1708352.9871670301, "집계구코드": 38100520051203, "읍면동": "경상남도_양산시_삼성동" }, "geometry": { "type": "Point", "coordinates": [ 129.049744769098822, 35.360892432690498 ] } },
{ "type": "Feature", "properties": { "결과": "O", "행정구역명": "양산시", "학원교습소명": "학원", "학원명": "GNB북정어학원", "분야명": "입시.검정 및 보습", "교습계열명": "보통교과", "교습과정목록명": "보습", "교습과정명": "보습", "도로명주소": "경상남도 양산시 북정로 104", "도로명상세주소": ", 상가 제6동 401호, 402호 (북정동, 양산동원타운)", "수정일자": 20250302, "X좌표": 1140798.7825448499, "Y좌표": 1708352.9871670301, "집계구코드": 38100520051203, "읍면동": "경상남도_양산시_삼성동" }, "geometry": { "type": "Point", "coordinates": [ 129.049744769098822, 35.360892432690498 ] } },
{ "type": "Feature", "properties": { "결과": "O", "행정구역명": "양산시", "학원교습소명": "학원", "학원명": "삼성미술수학영어학원", "분야명": "종합(대)", "교습계열명": null, "교습과정목록명": "미술,보습", "교습과정명": null, "도로명주소": "경상남도 양산시 북정서길 23", "도로명상세주소": ", 3층 (북정동)", "수정일자": 20251221, "X좌표": 1140127.3912355399, "Y좌표": 1708177.44574206, "집계구코드": 38100520020001, "읍면동": "경상남도_양산시_삼성동" }, "geometry": { "type": "Point", "coordinates": [ 129.04232719248995, 35.359404694329569 ] } },
{ "type": "Feature", "properties": { "결과": "O", "행정구역명": "양산시", "학원교습소명": "학원", "학원명": "설리반영수전문학원", "분야명": "입시.검정 및 보습", "교습계열명": "보통교과", "교습과정목록명": "보습", "교습과정명": "보습", "도로명주소": "경상남도 양산시 북정서길 25", "도로명상세주소": ", 2층 (북정동)", "수정일자": 20251221, "X좌표": 1140085.7653182701, "Y좌표": 1708173.59899508, "집계구코드": 38100520020001, "읍면동": "경상남도_양산시_삼성동" }, "geometry": { "type": "Point", "coordinates": [ 129.041868521030267, 35.3593758665804 ] } },
{ "type": "Feature", "properties": { "결과": "O", "행정구역명": "양산시", "학원교습소명": "학원", "학원명": "해피홈케어청소교육학원", "분야명": "직업기술", "교습계열명": "일반서비스", "교습과정목록명": "청소", "교습과정명": "청소", "도로명주소": "경상남도 양산시 북정서길 3", "도로명상세주소": "202호(북정동)", "수정일자": 20260607, "X좌표": 1140318.88516885, "Y좌표": 1708156.09482481, "집계구코드": 38100520020001, "읍면동": "경상남도_양산시_삼성동" }, "geometry": { "type": "Point", "coordinates": [ 129.044430543029222, 35.359185331971645 ] } },
{ "type": "Feature", "properties": { "결과": "O", "행정구역명": "양산시", "학원교습소명": "학원", "학원명": "잼있는음악학원", "분야명": "예능(대)", "교습계열명": "예능(중)", "교습과정목록명": "음악", "교습과정명": "음악", "도로명주소": "경상남도 양산시 북정서길 5", "도로명상세주소": "(북정동, 코스닭)", "수정일자": 20260322, "X좌표": 1140288.3518996399, "Y좌표": 1708156.97271308, "집계구코드": 38100520020001, "읍면동": "경상남도_양산시_삼성동" }, "geometry": { "type": "Point", "coordinates": [ 129.044094735808756, 35.35919753861797 ] } },
{ "type": "Feature", "properties": { "결과": "O", "행정구역명": "양산시", "학원교습소명": "학원", "학원명": "잉글리쉬무무북정제1학원", "분야명": "입시.검정 및 보습", "교습계열명": "보통교과", "교습과정목록명": "보습", "교습과정명": "보습", "도로명주소": "경상남도 양산시 북정중앙로 40-1", "도로명상세주소": ", 2층 (북정동, 농심숯불갈비)", "수정일자": 20260705, "X좌표": 1140681.5703585099, "Y좌표": 1708494.85463516, "집계구코드": 38100520050005, "읍면동": "경상남도_양산시_삼성동" }, "geometry": { "type": "Point", "coordinates": [ 129.0484794792456, 35.362187704361737 ] } },
{ "type": "Feature", "properties": { "결과": "O", "행정구역명": "양산시", "학원교습소명": "학원", "학원명": "소리콩놀이피아노학원", "분야명": "예능(대)", "교습계열명": "예능(중)", "교습과정목록명": "음악", "교습과정명": "음악", "도로명주소": "경상남도 양산시 북정중앙로 42", "도로명상세주소": ", 2층 일부 (북정동)", "수정일자": 20240623, "X좌표": 1140690.1342685099, "Y좌표": 1708509.64929109, "집계구코드": 38100520050005, "읍면동": "경상남도_양산시_삼성동" }, "geometry": { "type": "Point", "coordinates": [ 129.048576258372862, 35.362319849747266 ] } },
{ "type": "Feature", "properties": { "결과": "O", "행정구역명": "양산시", "학원교습소명": "학원", "학원명": "소담학원", "분야명": "입시.검정 및 보습", "교습계열명": "보통교과", "교습과정목록명": null, "교습과정명": "보습", "도로명주소": "경상남도 양산시 북정중앙로 51", "도로명상세주소": ", 3층 (북정동, 성서침례교회)", "수정일자": 20241222, "X좌표": 1140702.0416629, "Y좌표": 1708604.77812184, "집계구코드": 38100520050003, "읍면동": "경상남도_양산시_삼성동" }, "geometry": { "type": "Point", "coordinates": [ 129.048723659430522, 35.363175623349235 ] } },
{ "type": "Feature", "properties": { "결과": "O", "행정구역명": "양산시", "학원교습소명": "학원", "학원명": "오영준댄스스포츠학원", "분야명": "기예(대)", "교습계열명": "기예(중)", "교습과정목록명": "댄스,", "교습과정명": "댄스", "도로명주소": "경상남도 양산시 삼성7길 21-13", "도로명상세주소": ", 3층 일부(안쪽) (북정동)", "수정일자": 20231018, "X좌표": 1140031.63349065, "Y좌표": 1708052.00914741, "집계구코드": 38100520040001, "읍면동": "경상남도_양산시_삼성동" }, "geometry": { "type": "Point", "coordinates": [ 129.041252074413109, 35.358287499109679 ] } },
{ "type": "Feature", "properties": { "결과": "O", "행정구역명": "양산시", "학원교습소명": "교습소", "학원명": "제이잉글리쉬영어교습소", "분야명": "입시.검정 및 보습", "교습계열명": "보통교과", "교습과정목록명": "고등영어B", "교습과정명": "보습", "도로명주소": "경상남도 양산시 삼호10길 11", "도로명상세주소": "101호(삼호동)", "수정일자": 20260118, "X좌표": 1151786.2549790801, "Y좌표": 1714484.68887422, "집계구코드": 38100540020001, "읍면동": "경상남도_양산시_서창동" }, "geometry": { "type": "Point", "coordinates": [ 129.171777781747267, 35.414546488711935 ] } },
{ "type": "Feature", "properties": { "결과": "O", "행정구역명": "양산시", "학원교습소명": "학원", "학원명": "강성학원", "분야명": "입시.검정 및 보습", "교습계열명": "보통교과", "교습과정목록명": "보습", "교습과정명": "보습", "도로명주소": "경상남도 양산시 삼호10길 3", "도로명상세주소": ", 2층 (삼호동)", "수정일자": 20251221, "X좌표": 1151748.5474131799, "Y좌표": 1714420.7505984299, "집계구코드": 38100540020001, "읍면동": "경상남도_양산시_서창동" }, "geometry": { "type": "Point", "coordinates": [ 129.171350724456488, 35.413975961912527 ] } },
{ "type": "Feature", "properties": { "결과": "O", "행정구역명": "양산시", "학원교습소명": "학원", "학원명": "참진학원", "분야명": "입시.검정 및 보습", "교습계열명": "보통교과", "교습과정목록명": "보습,", "교습과정명": "보습", "도로명주소": "경상남도 양산시 삼호1길 36-13", "도로명상세주소": ", 3층 (삼호동)", "수정일자": 20231018, "X좌표": 1151417.1897782399, "Y좌표": 1714335.3571967001, "집계구코드": 38100540030003, "읍면동": "경상남도_양산시_서창동" }, "geometry": { "type": "Point", "coordinates": [ 129.167686687903625, 35.413256754500203 ] } },
{ "type": "Feature", "properties": { "결과": "O", "행정구역명": "양산시", "학원교습소명": "학원", "학원명": "굿모닝간호학원", "분야명": "직업기술", "교습계열명": "간호보조기술", "교습과정목록명": "간호조무사,", "교습과정명": "간호조무사", "도로명주소": "경상남도 양산시 삼호1길 36-5", "도로명상세주소": ", 501호 일부 (삼호동, 웅상클리닉센터)", "수정일자": 20231018, "X좌표": 1151404.0031774, "Y좌표": 1714354.04397421, "집계구코드": 38100540030003, "읍면동": "경상남도_양산시_서창동" }, "geometry": { "type": "Point", "coordinates": [ 129.167544978242233, 35.413427183401211 ] } },
{ "type": "Feature", "properties": { "결과": "O", "행정구역명": "양산시", "학원교습소명": "교습소", "학원명": "임병언수학교습소", "분야명": "입시.검정 및 보습", "교습계열명": null, "교습과정목록명": null, "교습과정명": null, "도로명주소": "경상남도 양산시 삼호1길 48-9", "도로명상세주소": ", 4층(삼호동)", "수정일자": 20260705, "X좌표": 1151486.62702637, "Y좌표": 1714443.74554435, "집계구코드": 38100540030003, "읍면동": "경상남도_양산시_서창동" }, "geometry": { "type": "Point", "coordinates": [ 129.168471312720413, 35.414223096552398 ] } },
{ "type": "Feature", "properties": { "결과": "O", "행정구역명": "양산시", "학원교습소명": "학원", "학원명": "영쓰클래스학원", "분야명": "입시.검정 및 보습", "교습계열명": "보통교과", "교습과정목록명": "보습,진학지도", "교습과정명": "보습", "도로명주소": "경상남도 양산시 삼호1길 48-9", "도로명상세주소": ", 2층(전체)(삼호동)", "수정일자": 20260802, "X좌표": 1151486.62702637, "Y좌표": 1714443.74554435, "집계구코드": 38100540030003, "읍면동": "경상남도_양산시_서창동" }, "geometry": { "type": "Point", "coordinates": [ 129.168471312720413, 35.414223096552398 ] } },
{ "type": "Feature", "properties": { "결과": "O", "행정구역명": "양산시", "학원교습소명": "학원", "학원명": "좋은영어쌤들국제관어학원", "분야명": "국제화", "교습계열명": "외국어", "교습과정목록명": "실용외국어(유아/초·중·고)", "교습과정명": "실용외국어(유아/초·중·고)", "도로명주소": "경상남도 양산시 삼호2길 32", "도로명상세주소": ", 2층 (삼호동)", "수정일자": 20240303, "X좌표": 1151425.1518113301, "Y좌표": 1714278.15346305, "집계구코드": 38100540030003, "읍면동": "경상남도_양산시_서창동" }, "geometry": { "type": "Point", "coordinates": [ 129.167763721575028, 35.412739966827289 ] } },
{ "type": "Feature", "properties": { "결과": "O", "행정구역명": "양산시", "학원교습소명": "학원", "학원명": "원픽영어학원", "분야명": "입시.검정 및 보습", "교습계열명": null, "교습과정목록명": null, "교습과정명": null, "도로명주소": "경상남도 양산시 삼호2길 35", "도로명상세주소": "2층(삼호동)", "수정일자": 20240519, "X좌표": 1151435.1292475001, "Y좌표": 1714335.7722534901, "집계구코드": 38100540030003, "읍면동": "경상남도_양산시_서창동" }, "geometry": { "type": "Point", "coordinates": [ 129.167884272975613, 35.413257767364215 ] } },
{ "type": "Feature", "properties": { "결과": "O", "행정구역명": "양산시", "학원교습소명": "교습소", "학원명": "저스틴영어교습소", "분야명": "입시.검정 및 보습", "교습계열명": "보통교과", "교습과정목록명": "고등영어(2)", "교습과정명": "보습", "도로명주소": "경상남도 양산시 삼호2길 36", "도로명상세주소": ", 2층 (삼호동)", "수정일자": 20260809, "X좌표": 1151457.0596422099, "Y좌표": 1714322.6753636899, "집계구코드": 38100540030003, "읍면동": "경상남도_양산시_서창동" }, "geometry": { "type": "Point", "coordinates": [ 129.168123286425072, 35.413136389818781 ] } },
{ "type": "Feature", "properties": { "결과": "O", "행정구역명": "양산시", "학원교습소명": "학원", "학원명": "오엠씨영어학원", "분야명": "입시.검정 및 보습", "교습계열명": "보통교과", "교습과정목록명": "보습", "교습과정명": "보습", "도로명주소": "경상남도 양산시 삼호2길 42", "도로명상세주소": ", 2층 (삼호동)", "수정일자": 20260405, "X좌표": 1151503.51778468, "Y좌표": 1714362.5927156501, "집계구코드": 38100540030003, "읍면동": "경상남도_양산시_서창동" }, "geometry": { "type": "Point", "coordinates": [ 129.168642193936961, 35.413489097168089 ] } },
{ "type": "Feature", "properties": { "결과": "O", "행정구역명": "양산시", "학원교습소명": "학원", "학원명": "현국어전문학원", "분야명": "입시.검정 및 보습", "교습계열명": "보통교과", "교습과정목록명": "보습,", "교습과정명": "보습", "도로명주소": "경상남도 양산시 삼호동부로 87", "도로명상세주소": "4층(삼호동)", "수정일자": 20260607, "X좌표": 1151725.50038212, "Y좌표": 1714090.5418565001, "집계구코드": 38100540030015, "읍면동": "경상남도_양산시_서창동" }, "geometry": { "type": "Point", "coordinates": [ 129.171035524251124, 35.411003309144149 ] } },
{ "type": "Feature", "properties": { "결과": "O", "행정구역명": "양산시", "학원교습소명": "학원", "학원명": "이너스영수전문학원", "분야명": "입시.검정 및 보습", "교습계열명": "보통교과", "교습과정목록명": "보습", "교습과정명": "보습", "도로명주소": "경상남도 양산시 삼호동부로 91", "도로명상세주소": ", 2층 전체 (삼호동, 이해선생술술수학과학전문)", "수정일자": 20260412, "X좌표": 1151767.13291182, "Y좌표": 1714130.37403373, "집계구코드": 38100540030015, "읍면동": "경상남도_양산시_서창동" }, "geometry": { "type": "Point", "coordinates": [ 129.171501286882432, 35.411355971882216 ] } },
{ "type": "Feature", "properties": { "결과": "O", "행정구역명": "양산시", "학원교습소명": "교습소", "학원명": "OMNI영어교습소", "분야명": "입시.검정 및 보습", "교습계열명": "보통교과", "교습과정목록명": "중등영어", "교습과정명": "보습", "도로명주소": "경상남도 양산시 삼호로 147", "도로명상세주소": ", 201호 (삼호동)", "수정일자": 20240310, "X좌표": 1151941.5529616501, "Y좌표": 1714166.8349888299, "집계구코드": 38100540030013, "읍면동": "경상남도_양산시_서창동" }, "geometry": { "type": "Point", "coordinates": [ 129.173428342692716, 35.411657996385088 ] } },
{ "type": "Feature", "properties": { "결과": "O", "행정구역명": "양산시", "학원교습소명": "학원", "학원명": "에스영어전문학원", "분야명": "입시.검정 및 보습", "교습계열명": "보통교과", "교습과정목록명": "보습", "교습과정명": "보습", "도로명주소": "경상남도 양산시 삼호로 153", "도로명상세주소": ", 2층 일부 (삼호동)", "수정일자": 20240303, "X좌표": 1151893.5450035799, "Y좌표": 1714209.68007992, "집계구코드": 38100540030013, "읍면동": "경상남도_양산시_서창동" }, "geometry": { "type": "Point", "coordinates": [ 129.172907784707036, 35.412051481796688 ] } },
{ "type": "Feature", "properties": { "결과": "O", "행정구역명": "양산시", "학원교습소명": "학원", "학원명": "한샘수학전문학원", "분야명": "입시.검정 및 보습", "교습계열명": "보통교과", "교습과정목록명": null, "교습과정명": "보습", "도로명주소": "경상남도 양산시 삼호로 153", "도로명상세주소": ", 2층 우측실 (삼호동)", "수정일자": 20231018, "X좌표": 1151893.5450035799, "Y좌표": 1714209.68007992, "집계구코드": 38100540030013, "읍면동": "경상남도_양산시_서창동" }, "geometry": { "type": "Point", "coordinates": [ 129.172907784707036, 35.412051481796688 ] } },
{ "type": "Feature", "properties": { "결과": "O", "행정구역명": "양산시", "학원교습소명": "학원", "학원명": "최강영어수학전문학원", "분야명": "입시.검정 및 보습", "교습계열명": "보통교과", "교습과정목록명": "보습", "교습과정명": "보습", "도로명주소": "경상남도 양산시 삼호로 178", "도로명상세주소": ", 3층 (삼호동)", "수정일자": 20251221, "X좌표": 1151738.5264059501, "Y좌표": 1714407.06183658, "집계구코드": 38100540020001, "읍면동": "경상남도_양산시_서창동" }, "geometry": { "type": "Point", "coordinates": [ 129.171237847382486, 35.413854112534821 ] } },
{ "type": "Feature", "properties": { "결과": "O", "행정구역명": "양산시", "학원교습소명": "학원", "학원명": "온수학2관학원", "분야명": "입시.검정 및 보습", "교습계열명": "보통교과", "교습과정목록명": "보습", "교습과정명": "보습", "도로명주소": "경상남도 양산시 삼호로 191", "도로명상세주소": ", 4층 일부(좌측) (삼호동, 웅상빌딩)", "수정일자": 20260726, "X좌표": 1151626.8637593801, "Y좌표": 1714451.84128449, "집계구코드": 38100540030003, "읍면동": "경상남도_양산시_서창동" }, "geometry": { "type": "Point", "coordinates": [ 129.170016798479196, 35.414274718497197 ] } },
{ "type": "Feature", "properties": { "결과": "O", "행정구역명": "양산시", "학원교습소명": "학원", "학원명": "퀸어학원", "분야명": "종합(대)", "교습계열명": "외국어", "교습과정목록명": "보습,실용외국어(유아/초·중·고)", "교습과정명": "실용외국어(유아/초·중·고)", "도로명주소": "경상남도 양산시 삼호로 191", "도로명상세주소": ", 5층 일부, 6층 일부 (삼호동, 웅상빌딩)", "수정일자": 20260906, "X좌표": 1151626.8637593801, "Y좌표": 1714451.84128449, "집계구코드": 38100540030003, "읍면동": "경상남도_양산시_서창동" }, "geometry": { "type": "Point", "coordinates": [ 129.170016798479196, 35.414274718497197 ] } },
{ "type": "Feature", "properties": { "결과": "O", "행정구역명": "양산시", "학원교습소명": "학원", "학원명": "프린스턴입시학원", "분야명": "입시.검정 및 보습", "교습계열명": "보통교과", "교습과정목록명": "보습", "교습과정명": "보습", "도로명주소": "경상남도 양산시 삼호로 191", "도로명상세주소": ", 5층 (삼호동, 웅상빌딩)", "수정일자": 20260906, "X좌표": 1151626.8637593801, "Y좌표": 1714451.84128449, "집계구코드": 38100540030003, "읍면동": "경상남도_양산시_서창동" }, "geometry": { "type": "Point", "coordinates": [ 129.170016798479196, 35.414274718497197 ] } },
{ "type": "Feature", "properties": { "결과": "O", "행정구역명": "양산시", "학원교습소명": "교습소", "학원명": "빈센트미술교습소", "분야명": "예능(대)", "교습계열명": "예능(중)", "교습과정목록명": "미술(초급)", "교습과정명": "미술", "도로명주소": "경상남도 양산시 삼호로 70", "도로명상세주소": ", 116동(주상가) 205호 (삼호동, 웅상신도시푸르지오아파트)", "수정일자": 20240303, "X좌표": 1151785.4955215701, "Y좌표": 1713710.67943437, "집계구코드": 38100540031601, "읍면동": "경상남도_양산시_서창동" }, "geometry": { "type": "Point", "coordinates": [ 129.171625316464286, 35.407570473448821 ] } },
{ "type": "Feature", "properties": { "결과": "O", "행정구역명": "양산시", "학원교습소명": "교습소", "학원명": "채움수학교습소", "분야명": "입시.검정 및 보습", "교습계열명": "보통교과", "교습과정목록명": "중등수학2", "교습과정명": "보습", "도로명주소": "경상남도 양산시 삼호로 70", "도로명상세주소": ", 116동 202호 (삼호동, 웅상신도시푸르지오아파트 상가)", "수정일자": 20240929, "X좌표": 1151785.4955215701, "Y좌표": 1713710.67943437, "집계구코드": 38100540031601, "읍면동": "경상남도_양산시_서창동" }, "geometry": { "type": "Point", "coordinates": [ 129.171625316464286, 35.407570473448821 ] } },
{ "type": "Feature", "properties": { "결과": "O", "행정구역명": "양산시", "학원교습소명": "학원", "학원명": "경문학원", "분야명": "입시.검정 및 보습", "교습계열명": "보통교과", "교습과정목록명": "보습,", "교습과정명": "보습", "도로명주소": "경상남도 양산시 삼호로 70", "도로명상세주소": ", 주상가동 301,302-1호 (삼호동, 웅상신도시푸르지오아파트)", "수정일자": 20231018, "X좌표": 1151785.4955215701, "Y좌표": 1713710.67943437, "집계구코드": 38100540031601, "읍면동": "경상남도_양산시_서창동" }, "geometry": { "type": "Point", "coordinates": [ 129.171625316464286, 35.407570473448821 ] } },
{ "type": "Feature", "properties": { "결과": "O", "행정구역명": "양산시", "학원교습소명": "학원", "학원명": "삼호어학원", "분야명": "국제화", "교습계열명": "외국어", "교습과정목록명": "실용외국어(유아/초·중·고),", "교습과정명": "실용외국어(유아/초·중·고)", "도로명주소": "경상남도 양산시 삼호로 70", "도로명상세주소": ", 웅상신도시 푸르지오 116동(주상가) 211호 (삼호동)", "수정일자": 20231018, "X좌표": 1151785.4955215701, "Y좌표": 1713710.67943437, "집계구코드": 38100540031601, "읍면동": "경상남도_양산시_서창동" }, "geometry": { "type": "Point", "coordinates": [ 129.171625316464286, 35.407570473448821 ] } },
{ "type": "Feature", "properties": { "결과": "O", "행정구역명": "양산시", "학원교습소명": "학원", "학원명": "우리멘토학원", "분야명": "입시.검정 및 보습", "교습계열명": "보통교과", "교습과정목록명": "보습", "교습과정명": "보습", "도로명주소": "경상남도 양산시 삼호로 70", "도로명상세주소": ", 116동 203, 204호 (삼호동, 웅상신도시푸르지오아파트)", "수정일자": 20240519, "X좌표": 1151785.4955215701, "Y좌표": 1713710.67943437, "집계구코드": 38100540031601, "읍면동": "경상남도_양산시_서창동" }, "geometry": { "type": "Point", "coordinates": [ 129.171625316464286, 35.407570473448821 ] } },
{ "type": "Feature", "properties": { "결과": "O", "행정구역명": "양산시", "학원교습소명": "학원", "학원명": "잉글리쉬무무서창어학원", "분야명": "국제화", "교습계열명": "외국어", "교습과정목록명": "실용외국어(유아/초·중·고)", "교습과정명": "실용외국어(유아/초·중·고)", "도로명주소": "경상남도 양산시 삼호로 70", "도로명상세주소": ", 상가 116동 306호 (삼호동, 웅상신도시푸르지오아파트)", "수정일자": 20250420, "X좌표": 1151785.4955215701, "Y좌표": 1713710.67943437, "집계구코드": 38100540031601, "읍면동": "경상남도_양산시_서창동" }, "geometry": { "type": "Point", "coordinates": [ 129.171625316464286, 35.407570473448821 ] } },
{ "type": "Feature", "properties": { "결과": "O", "행정구역명": "양산시", "학원교습소명": "학원", "학원명": "진영어학원", "분야명": "국제화", "교습계열명": "외국어", "교습과정목록명": null, "교습과정명": "실용외국어(유아/초·중·고)", "도로명주소": "경상남도 양산시 삼호로 70", "도로명상세주소": ", 116동 107호 (삼호동, 웅상신도시푸르지오아파트 상가)", "수정일자": 20241117, "X좌표": 1151785.4955215701, "Y좌표": 1713710.67943437, "집계구코드": 38100540031601, "읍면동": "경상남도_양산시_서창동" }, "geometry": { "type": "Point", "coordinates": [ 129.171625316464286, 35.407570473448821 ] } },
{ "type": "Feature", "properties": { "결과": "O", "행정구역명": "양산시", "학원교습소명": "학원", "학원명": "푸르지오음악학원", "분야명": "예능(대)", "교습계열명": "예능(중)", "교습과정목록명": "음악", "교습과정명": "음악", "도로명주소": "경상남도 양산시 삼호로 70", "도로명상세주소": ", 상가 303호 (삼호동, 웅상신도시푸르지오아파트)", "수정일자": 20251026, "X좌표": 1151785.4955215701, "Y좌표": 1713710.67943437, "집계구코드": 38100540031601, "읍면동": "경상남도_양산시_서창동" }, "geometry": { "type": "Point", "coordinates": [ 129.171625316464286, 35.407570473448821 ] } },
{ "type": "Feature", "properties": { "결과": "O", "행정구역명": "양산시", "학원교습소명": "학원", "학원명": "피아노베네학원", "분야명": "예능(대)", "교습계열명": "예능(중)", "교습과정목록명": "음악", "교습과정명": "음악", "도로명주소": "경상남도 양산시 삼호로 70", "도로명상세주소": ", 302호 일부 (삼호동, 웅상신도시푸르지오아파트)", "수정일자": 20260215, "X좌표": 1151785.4955215701, "Y좌표": 1713710.67943437, "집계구코드": 38100540031601, "읍면동": "경상남도_양산시_서창동" }, "geometry": { "type": "Point", "coordinates": [ 129.171625316464286, 35.407570473448821 ] } },
{ "type": "Feature", "properties": { "결과": "O", "행정구역명": "양산시", "학원교습소명": "교습소", "학원명": "3030안쌤영어교습소", "분야명": "입시.검정 및 보습", "교습계열명": null, "교습과정목록명": null, "교습과정명": null, "도로명주소": "경상남도 양산시 삼호로 81", "도로명상세주소": "1층 중 일부(가운데 호실)(삼호동)", "수정일자": 20251109, "X좌표": 1151903.2249987801, "Y좌표": 1713716.35500736, "집계구코드": 38100540030006, "읍면동": "경상남도_양산시_서창동" }, "geometry": { "type": "Point", "coordinates": [ 129.172922444502603, 35.407603678574205 ] } },
{ "type": "Feature", "properties": { "결과": "O", "행정구역명": "양산시", "학원교습소명": "교습소", "학원명": "하이빈스잉글리쉬영어교습소", "분야명": "입시.검정 및 보습", "교습계열명": "보통교과", "교습과정목록명": "영어초등", "교습과정명": "보습", "도로명주소": "경상남도 양산시 삼호로 84", "도로명상세주소": ", 상가동 113동 104호 (삼호동, 해인그린빌아파트 상가동)", "수정일자": 20231018, "X좌표": 1151992.11945961, "Y좌표": 1713620.48900293, "집계구코드": 38100540031501, "읍면동": "경상남도_양산시_서창동" }, "geometry": { "type": "Point", "coordinates": [ 129.173883204576128, 35.406726078848401 ] } },
{ "type": "Feature", "properties": { "결과": "O", "행정구역명": "양산시", "학원교습소명": "학원", "학원명": "테힐라티음악학원", "분야명": "예능(대)", "교습계열명": "예능(중)", "교습과정목록명": "음악", "교습과정명": "음악", "도로명주소": "경상남도 양산시 삼호로 84", "도로명상세주소": ", 113동 206호 (삼호동, 해인그린빌아파트)", "수정일자": 20250622, "X좌표": 1151992.11945961, "Y좌표": 1713620.48900293, "집계구코드": 38100540031501, "읍면동": "경상남도_양산시_서창동" }, "geometry": { "type": "Point", "coordinates": [ 129.173883204576128, 35.406726078848401 ] } },
{ "type": "Feature", "properties": { "결과": "O", "행정구역명": "양산시", "학원교습소명": "학원", "학원명": "앤즈스터디메이트학원", "분야명": "입시.검정 및 보습", "교습계열명": "보통교과", "교습과정목록명": "보습", "교습과정명": "보습", "도로명주소": "경상남도 양산시 삽량로 171", "도로명상세주소": ", 3층 (중부동, 장산프라자)", "수정일자": 20260628, "X좌표": 1138637.98539314, "Y좌표": 1705484.2725301399, "집계구코드": 38100590010002, "읍면동": "경상남도_양산시_양주동" }, "geometry": { "type": "Point", "coordinates": [ 129.025482539430072, 35.335337266260495 ] } },
{ "type": "Feature", "properties": { "결과": "O", "행정구역명": "양산시", "학원교습소명": "학원", "학원명": "GNB중부패럴랙스학원", "분야명": "종합(대)", "교습계열명": null, "교습과정목록명": "보습,실용외국어(유아/초·중·고)", "교습과정명": null, "도로명주소": "경상남도 양산시 삽량로 175", "도로명상세주소": ", 4층 (중부동, 코리아헤이트어학원)", "수정일자": 20240428, "X좌표": 1138663.6751534999, "Y좌표": 1705485.6909016001, "집계구코드": 38100590010002, "읍면동": "경상남도_양산시_양주동" }, "geometry": { "type": "Point", "coordinates": [ 129.025765363894095, 35.335346484174956 ] } },
{ "type": "Feature", "properties": { "결과": "O", "행정구역명": "양산시", "학원교습소명": "학원", "학원명": "쎈수학러닝센터KnB학원", "분야명": "입시.검정 및 보습", "교습계열명": "보통교과", "교습과정목록명": "보습", "교습과정명": "보습", "도로명주소": "경상남도 양산시 삽량로 175", "도로명상세주소": ", 신진프라자 301호, 302호 일부 (중부동)", "수정일자": 20241215, "X좌표": 1138663.6751534999, "Y좌표": 1705485.6909016001, "집계구코드": 38100590010002, "읍면동": "경상남도_양산시_양주동" }, "geometry": { "type": "Point", "coordinates": [ 129.025765363894095, 35.335346484174956 ] } },
{ "type": "Feature", "properties": { "결과": "O", "행정구역명": "양산시", "학원교습소명": "학원", "학원명": "GH수학전문학원", "분야명": "입시.검정 및 보습", "교습계열명": "보통교과", "교습과정목록명": "보습", "교습과정명": "보습", "도로명주소": "경상남도 양산시 삽량로 193", "도로명상세주소": "비젼플라자 301호(중부동)", "수정일자": 20260607, "X좌표": 1138853.2982000399, "Y좌표": 1705477.69629764, "집계구코드": 38100590010001, "읍면동": "경상남도_양산시_양주동" }, "geometry": { "type": "Point", "coordinates": [ 129.027849835627649, 35.33524807424326 ] } },
{ "type": "Feature", "properties": { "결과": "O", "행정구역명": "양산시", "학원교습소명": "학원", "학원명": "하이수학학원", "분야명": "입시.검정 및 보습", "교습계열명": "보통교과", "교습과정목록명": "보습,", "교습과정명": "보습", "도로명주소": "경상남도 양산시 삽량로 193", "도로명상세주소": ", 302호 (중부동, 비젼플라자)", "수정일자": 20231018, "X좌표": 1138853.2982000399, "Y좌표": 1705477.69629764, "집계구코드": 38100590010001, "읍면동": "경상남도_양산시_양주동" }, "geometry": { "type": "Point", "coordinates": [ 129.027849835627649, 35.33524807424326 ] } },
{ "type": "Feature", "properties": { "결과": "O", "행정구역명": "양산시", "학원교습소명": "학원", "학원명": "FTA이레학원", "분야명": "입시.검정 및 보습", "교습계열명": "보통교과", "교습과정목록명": "보습", "교습과정명": "보습", "도로명주소": "경상남도 양산시 삽량로 199", "도로명상세주소": ", 501호 (중부동, 서린프라자)", "수정일자": 20231105, "X좌표": 1138899.3868873999, "Y좌표": 1705466.5380959499, "집계구코드": 38100590010001, "읍면동": "경상남도_양산시_양주동" }, "geometry": { "type": "Point", "coordinates": [ 129.028354910188142, 35.335141087693927 ] } },
{ "type": "Feature", "properties": { "결과": "O", "행정구역명": "양산시", "학원교습소명": "학원", "학원명": "롱스쿨학원", "분야명": "입시.검정 및 보습", "교습계열명": "보통교과", "교습과정목록명": "보습,", "교습과정명": "보습", "도로명주소": "경상남도 양산시 삽량로 199", "도로명상세주소": ", 406호 (중부동, 서린프라자)", "수정일자": 20231022, "X좌표": 1138899.3868873999, "Y좌표": 1705466.5380959499, "집계구코드": 38100590010001, "읍면동": "경상남도_양산시_양주동" }, "geometry": { "type": "Point", "coordinates": [ 129.028354910188142, 35.335141087693927 ] } },
{ "type": "Feature", "properties": { "결과": "O", "행정구역명": "양산시", "학원교습소명": "학원", "학원명": "리아음악학원", "분야명": "예능(대)", "교습계열명": "예능(중)", "교습과정목록명": "음악", "교습과정명": "음악", "도로명주소": "경상남도 양산시 상북면 반회서5길 11", "도로명상세주소": ", 201호, 202호 (상북면)", "수정일자": 20231018, "X좌표": 1141527.8697059499, "Y좌표": 1714276.44814613, "집계구코드": 38100330020005, "읍면동": "경상남도_양산시_상북면" }, "geometry": { "type": "Point", "coordinates": [ 129.058794174652121, 35.414180499904639 ] } },
{ "type": "Feature", "properties": { "결과": "O", "행정구역명": "양산시", "학원교습소명": "학원", "학원명": "생각이음학원", "분야명": "입시.검정 및 보습", "교습계열명": "보통교과", "교습과정목록명": "보습", "교습과정명": "보습", "도로명주소": "경상남도 양산시 상북면 반회서5길 12", "도로명상세주소": "2층", "수정일자": 20260906, "X좌표": 1141533.63098589, "Y좌표": 1714300.20894411, "집계구코드": 38100330020005, "읍면동": "경상남도_양산시_상북면" }, "geometry": { "type": "Point", "coordinates": [ 129.058861734396231, 35.414393848390588 ] } },
{ "type": "Feature", "properties": { "결과": "O", "행정구역명": "양산시", "학원교습소명": "학원", "학원명": "대신학원", "분야명": "입시.검정 및 보습", "교습계열명": "보통교과", "교습과정목록명": "보습", "교습과정명": "보습", "도로명주소": "경상남도 양산시 상북면 반회서5길 17", "도로명상세주소": ", 3층 일부(좌측실) (상북면)", "수정일자": 20260308, "X좌표": 1141481.9265182, "Y좌표": 1714277.5866773501, "집계구코드": 38100330020005, "읍면동": "경상남도_양산시_상북면" }, "geometry": { "type": "Point", "coordinates": [ 129.0582885190409, 35.414197291201518 ] } },
{ "type": "Feature", "properties": { "결과": "O", "행정구역명": "양산시", "학원교습소명": "학원", "학원명": "아이비츠수학학원", "분야명": "입시.검정 및 보습", "교습계열명": "보통교과", "교습과정목록명": null, "교습과정명": "보통교과", "도로명주소": "경상남도 양산시 상북면 반회서5길 21", "도로명상세주소": ", 상가 301호 (상북면, 진일석계1차아파트)", "수정일자": 20251005, "X좌표": 1141403.98834921, "Y좌표": 1714254.69674831, "집계구코드": 38100330021101, "읍면동": "경상남도_양산시_상북면" }, "geometry": { "type": "Point", "coordinates": [ 129.05742641671938, 35.414002044482451 ] } },
{ "type": "Feature", "properties": { "결과": "O", "행정구역명": "양산시", "학원교습소명": "학원", "학원명": "다빈치에듀학원", "분야명": "종합(대)", "교습계열명": null, "교습과정목록명": "보습,음악,미술,", "교습과정명": null, "도로명주소": "경상남도 양산시 상북면 반회서7길 13", "도로명상세주소": ", 2층 (상북면, 양주영재학원)", "수정일자": 20231018, "X좌표": 1141568.90632289, "Y좌표": 1714392.33189995, "집계구코드": 38100330020005, "읍면동": "경상남도_양산시_상북면" }, "geometry": { "type": "Point", "coordinates": [ 129.059266131334113, 35.415219181458596 ] } },
{ "type": "Feature", "properties": { "결과": "O", "행정구역명": "양산시", "학원교습소명": "교습소", "학원명": "인스쿨영어교습소", "분야명": "입시.검정 및 보습", "교습계열명": "보통교과", "교습과정목록명": "영어(초급)", "교습과정명": "보습", "도로명주소": "경상남도 양산시 상북면 반회서7길 15", "도로명상세주소": ", 1층 (상북면, 장수돼지국밥)", "수정일자": 20231018, "X좌표": 1141543.7260894, "Y좌표": 1714406.59672535, "집계구코드": 38100330020005, "읍면동": "경상남도_양산시_상북면" }, "geometry": { "type": "Point", "coordinates": [ 129.058991360399176, 35.415351336997183 ] } },
{ "type": "Feature", "properties": { "결과": "O", "행정구역명": "양산시", "학원교습소명": "학원", "학원명": "성미원음악미술학원", "분야명": "종합(대)", "교습계열명": null, "교습과정목록명": "미술,음악", "교습과정명": null, "도로명주소": "경상남도 양산시 상북면 반회서7길 21", "도로명상세주소": "(상북면, 성미원음악미술학원)", "수정일자": 20251026, "X좌표": 1141486.6705805699, "Y좌표": 1714418.04242334, "집계구코드": 38100330020005, "읍면동": "경상남도_양산시_상북면" }, "geometry": { "type": "Point", "coordinates": [ 129.058365133762237, 35.415462611856789 ] } },
{ "type": "Feature", "properties": { "결과": "O", "행정구역명": "양산시", "학원교습소명": "학원", "학원명": "이래미술학원", "분야명": "예능(대)", "교습계열명": "예능(중)", "교습과정목록명": "미술", "교습과정명": "미술", "도로명주소": "경상남도 양산시 상북면 반회서8길 5-21", "도로명상세주소": ", 201호", "수정일자": 20260809, "X좌표": 1141593.95581066, "Y좌표": 1714434.66584401, "집계구코드": 38100330020005, "읍면동": "경상남도_양산시_상북면" }, "geometry": { "type": "Point", "coordinates": [ 129.059549294022645, 35.415597195329738 ] } },
{ "type": "Feature", "properties": { "결과": "O", "행정구역명": "양산시", "학원교습소명": "학원", "학원명": "지앤비패럴랙스상북학원", "분야명": "입시.검정 및 보습", "교습계열명": "보통교과", "교습과정목록명": "보습", "교습과정명": "보습", "도로명주소": "경상남도 양산시 상북면 반회서8길 5-21", "도로명상세주소": "202호", "수정일자": 20260322, "X좌표": 1141593.95581066, "Y좌표": 1714434.66584401, "집계구코드": 38100330020005, "읍면동": "경상남도_양산시_상북면" }, "geometry": { "type": "Point", "coordinates": [ 129.059549294022645, 35.415597195329738 ] } },
{ "type": "Feature", "properties": { "결과": "O", "행정구역명": "양산시", "학원교습소명": "학원", "학원명": "상북문리학원", "분야명": "입시.검정 및 보습", "교습계열명": "보통교과", "교습과정목록명": "보습", "교습과정명": "보습", "도로명주소": "경상남도 양산시 상북면 삼계1길 9-1", "도로명상세주소": ", 상가 301호 (상북면, 동우강변타워)", "수정일자": 20250323, "X좌표": 1141706.90440966, "Y좌표": 1714591.28381364, "집계구코드": 38100330020401, "읍면동": "경상남도_양산시_상북면" }, "geometry": { "type": "Point", "coordinates": [ 129.060820155154744, 35.416992797029373 ] } },
{ "type": "Feature", "properties": { "결과": "O", "행정구역명": "양산시", "학원교습소명": "교습소", "학원명": "미래엔영어교습소", "분야명": "국제화", "교습계열명": "외국어", "교습과정목록명": "내국인 초급1", "교습과정명": "실용외국어(유아/초·중·고)", "도로명주소": "경상남도 양산시 상북면 석계로 4", "도로명상세주소": "미건프라자 2층 302-2호", "수정일자": 20250831, "X좌표": 1142151.3538005301, "Y좌표": 1714709.19444617, "집계구코드": 38100330040003, "읍면동": "경상남도_양산시_상북면" }, "geometry": { "type": "Point", "coordinates": [ 129.065734447033378, 35.417992219463223 ] } },
{ "type": "Feature", "properties": { "결과": "O", "행정구역명": "양산시", "학원교습소명": "학원", "학원명": "경남중장비운전학원", "분야명": "직업기술", "교습계열명": "산업기반기술", "교습과정목록명": "자동차", "교습과정명": "자동차", "도로명주소": "경상남도 양산시 상북면 와곡1길 42-1", "도로명상세주소": ", 3층 (상북면, 양산중기)", "수정일자": 20251102, "X좌표": 1140590.61441819, "Y좌표": 1710181.58507059, "집계구코드": 38100330010002, "읍면동": "경상남도_양산시_상북면" }, "geometry": { "type": "Point", "coordinates": [ 129.047768943216852, 35.377404024956277 ] } },
{ "type": "Feature", "properties": { "결과": "O", "행정구역명": "양산시", "학원교습소명": "학원", "학원명": "잼머스실용음악학원", "분야명": "예능(대)", "교습계열명": "예능(중)", "교습과정목록명": "음악,", "교습과정명": "음악", "도로명주소": "경상남도 양산시 서일동1길 22", "도로명상세주소": ", 3층 일부 (중부동, COLUMBIA)", "수정일자": 20231018, "X좌표": 1139486.7686115, "Y좌표": 1706037.4285676901, "집계구코드": 38100580020003, "읍면동": "경상남도_양산시_중앙동" }, "geometry": { "type": "Point", "coordinates": [ 129.034913323600307, 35.340205045785048 ] } },
{ "type": "Feature", "properties": { "결과": "O", "행정구역명": "양산시", "학원교습소명": "학원", "학원명": "양형태댄스스포츠학원", "분야명": "기예(대)", "교습계열명": "기예(중)", "교습과정목록명": "댄스,", "교습과정명": "댄스", "도로명주소": "경상남도 양산시 서일동1길 34", "도로명상세주소": ", 4층 (중부동)", "수정일자": 20231018, "X좌표": 1139439.09954847, "Y좌표": 1706141.7925655299, "집계구코드": 38100580020003, "읍면동": "경상남도_양산시_중앙동" }, "geometry": { "type": "Point", "coordinates": [ 129.034406729256915, 35.341152409167023 ] } },
{ "type": "Feature", "properties": { "결과": "O", "행정구역명": "양산시", "학원교습소명": "교습소", "학원명": "능률위너영어교습소", "분야명": "입시.검정 및 보습", "교습계열명": "보통교과", "교습과정목록명": "중등영어 중급", "교습과정명": "보습", "도로명주소": "경상남도 양산시 서창동2길 6", "도로명상세주소": ", 1층 (삼호동)", "수정일자": 20250316, "X좌표": 1151505.48704315, "Y좌표": 1714197.4453692201, "집계구코드": 38100540030003, "읍면동": "경상남도_양산시_서창동" }, "geometry": { "type": "Point", "coordinates": [ 129.168633182207714, 35.41200032603782 ] } },
{ "type": "Feature", "properties": { "결과": "O", "행정구역명": "양산시", "학원교습소명": "학원", "학원명": "생각하는수학원", "분야명": "입시.검정 및 보습", "교습계열명": "보통교과", "교습과정목록명": "보습", "교습과정명": "보습", "도로명주소": "경상남도 양산시 서창로 139", "도로명상세주소": ", 3층 (삼호동, 1001안경)", "수정일자": 20240303, "X좌표": 1151504.1890358401, "Y좌표": 1714292.2779586399, "집계구코드": 38100540030003, "읍면동": "경상남도_양산시_서창동" }, "geometry": { "type": "Point", "coordinates": [ 129.168636516030489, 35.41285524882538 ] } },
{ "type": "Feature", "properties": { "결과": "O", "행정구역명": "양산시", "학원교습소명": "학원", "학원명": "서창센텀학원", "분야명": "입시.검정 및 보습", "교습계열명": "보통교과", "교습과정목록명": null, "교습과정명": "보습", "도로명주소": "경상남도 양산시 서창로 141", "도로명상세주소": ", 2층 전체 (삼호동, 주연테크컴퓨터)", "수정일자": 20231018, "X좌표": 1151517.2559451801, "Y좌표": 1714306.4128080099, "집계구코드": 38100540030003, "읍면동": "경상남도_양산시_서창동" }, "geometry": { "type": "Point", "coordinates": [ 129.168783005044645, 35.412980657926042 ] } },
{ "type": "Feature", "properties": { "결과": "O", "행정구역명": "양산시", "학원교습소명": "학원", "학원명": "이공학원", "분야명": "입시.검정 및 보습", "교습계열명": "보통교과", "교습과정목록명": "보습", "교습과정명": "보습", "도로명주소": "경상남도 양산시 서창로 149", "도로명상세주소": "2층 전체(삼호동)", "수정일자": 20260906, "X좌표": 1151574.0904167499, "Y좌표": 1714372.1439088101, "집계구코드": 38100540030003, "읍면동": "경상남도_양산시_서창동" }, "geometry": { "type": "Point", "coordinates": [ 129.169420954291894, 35.413564441947067 ] } },
{ "type": "Feature", "properties": { "결과": "O", "행정구역명": "양산시", "학원교습소명": "학원", "학원명": "웅비영어수학학원", "분야명": "입시.검정 및 보습", "교습계열명": "보통교과", "교습과정목록명": "보습", "교습과정명": "보습", "도로명주소": "경상남도 양산시 서창로 157", "도로명상세주소": ", 2층(전체) (삼호동)", "수정일자": 20260111, "X좌표": 1151633.60031586, "Y좌표": 1714427.42143924, "집계구코드": 38100540030003, "읍면동": "경상남도_양산시_서창동" }, "geometry": { "type": "Point", "coordinates": [ 129.170086424122559, 35.414053597029827 ] } },
{ "type": "Feature", "properties": { "결과": "O", "행정구역명": "양산시", "학원교습소명": "학원", "학원명": "온수학학원", "분야명": "입시.검정 및 보습", "교습계열명": "보통교과", "교습과정목록명": "보습", "교습과정명": "보습", "도로명주소": "경상남도 양산시 서창로 170-1", "도로명상세주소": "2층 일부(삼호동)", "수정일자": 20260301, "X좌표": 1151744.4050699801, "Y좌표": 1714508.6223760101, "집계구코드": 38100540020001, "읍면동": "경상남도_양산시_서창동" }, "geometry": { "type": "Point", "coordinates": [ 129.171321476287233, 35.414768579413398 ] } },
{ "type": "Feature", "properties": { "결과": "O", "행정구역명": "양산시", "학원교습소명": "학원", "학원명": "에이블스터디학원", "분야명": "입시.검정 및 보습", "교습계열명": "보통교과", "교습과정목록명": "보습,", "교습과정명": "보습", "도로명주소": "경상남도 양산시 서창로 80", "도로명상세주소": ", 2층일부(우측실) (명동)", "수정일자": 20231018, "X좌표": 1151260.0908014299, "Y좌표": 1713785.46030643, "집계구코드": 38100540030008, "읍면동": "경상남도_양산시_서창동" }, "geometry": { "type": "Point", "coordinates": [ 129.165855052640893, 35.40832440650064 ] } },
{ "type": "Feature", "properties": { "결과": "O", "행정구역명": "양산시", "학원교습소명": "학원", "학원명": "인재학원", "분야명": "입시.검정 및 보습", "교습계열명": "보통교과", "교습과정목록명": "보습,", "교습과정명": "보습", "도로명주소": "경상남도 양산시 소주로 180", "도로명상세주소": ", 2층 (소주동)", "수정일자": 20231018, "X좌표": 1149697.9822036801, "Y좌표": 1714216.79838807, "집계구코드": 38100550020006, "읍면동": "경상남도_양산시_소주동" }, "geometry": { "type": "Point", "coordinates": [ 129.14873685378231, 35.412448114986994 ] } },
{ "type": "Feature", "properties": { "결과": "O", "행정구역명": "양산시", "학원교습소명": "학원", "학원명": "재능스스로러닝센터서창대동학원", "분야명": "입시.검정 및 보습", "교습계열명": "보통교과", "교습과정목록명": null, "교습과정명": "보습", "도로명주소": "경상남도 양산시 소주로 181", "도로명상세주소": ", 양산서창대동아파트 108호동 302호 (소주동, 서창대동아파트)", "수정일자": 20231018, "X좌표": 1149668.5748980399, "Y좌표": 1714157.1773966299, "집계구코드": 38100550020006, "읍면동": "경상남도_양산시_소주동" }, "geometry": { "type": "Point", "coordinates": [ 129.148402142589362, 35.411915166339917 ] } },
{ "type": "Feature", "properties": { "결과": "O", "행정구역명": "양산시", "학원교습소명": "학원", "학원명": "에이블영수푸르넷학원", "분야명": "입시.검정 및 보습", "교습계열명": "보통교과", "교습과정목록명": "보습", "교습과정명": "보습", "도로명주소": "경상남도 양산시 소주회야1길 13", "도로명상세주소": ", 201호·202호 (소주동, 남양상가)", "수정일자": 20250316, "X좌표": 1150515.4107552101, "Y좌표": 1713727.2977235201, "집계구코드": 38100550020003, "읍면동": "경상남도_양산시_소주동" }, "geometry": { "type": "Point", "coordinates": [ 129.157646089364704, 35.407913004524119 ] } },
{ "type": "Feature", "properties": { "결과": "O", "행정구역명": "양산시", "학원교습소명": "학원", "학원명": "리더스학원", "분야명": "입시.검정 및 보습", "교습계열명": "보통교과", "교습과정목록명": "보습,", "교습과정명": "보습", "도로명주소": "경상남도 양산시 소주회야1길 8", "도로명상세주소": ", 3층 9호 (소주동, 천성리버타운)", "수정일자": 20231018, "X좌표": 1150597.7691253901, "Y좌표": 1713731.2472355899, "집계구코드": 38100550020604, "읍면동": "경상남도_양산시_소주동" }, "geometry": { "type": "Point", "coordinates": [ 129.158553503365511, 35.407936151822717 ] } },
{ "type": "Feature", "properties": { "결과": "O", "행정구역명": "양산시", "학원교습소명": "학원", "학원명": "민태희무용학원", "분야명": "예능(대)", "교습계열명": null, "교습과정목록명": "무용,", "교습과정명": null, "도로명주소": "경상남도 양산시 소주회야1길 8", "도로명상세주소": ", 2층 1호, 3호, 3층 8호 (소주동, 천성리버타운)", "수정일자": 20231018, "X좌표": 1150597.7691253901, "Y좌표": 1713731.2472355899, "집계구코드": 38100550020604, "읍면동": "경상남도_양산시_소주동" }, "geometry": { "type": "Point", "coordinates": [ 129.158553503365511, 35.407936151822717 ] } },
{ "type": "Feature", "properties": { "결과": "O", "행정구역명": "양산시", "학원교습소명": "학원", "학원명": "소리샘음악학원", "분야명": "예능(대)", "교습계열명": "예능(중)", "교습과정목록명": "음악", "교습과정명": "음악", "도로명주소": "경상남도 양산시 소주회야1길 8", "도로명상세주소": ", 3층 2호, 3호 (소주동, 천성리버타운)", "수정일자": 20260301, "X좌표": 1150597.7691253901, "Y좌표": 1713731.2472355899, "집계구코드": 38100550020604, "읍면동": "경상남도_양산시_소주동" }, "geometry": { "type": "Point", "coordinates": [ 129.158553503365511, 35.407936151822717 ] } },
{ "type": "Feature", "properties": { "결과": "O", "행정구역명": "양산시", "학원교습소명": "학원", "학원명": "피아노이야기소주점학원", "분야명": "예능(대)", "교습계열명": "예능(중)", "교습과정목록명": "음악", "교습과정명": "음악", "도로명주소": "경상남도 양산시 소주회야1길 8", "도로명상세주소": ", 127동 310호 (소주동, 천성리버타운)", "수정일자": 20260322, "X좌표": 1150597.7691253901, "Y좌표": 1713731.2472355899, "집계구코드": 38100550020604, "읍면동": "경상남도_양산시_소주동" }, "geometry": { "type": "Point", "coordinates": [ 129.158553503365511, 35.407936151822717 ] } },
{ "type": "Feature", "properties": { "결과": "O", "행정구역명": "양산시", "학원교습소명": "학원", "학원명": "효성미술학원", "분야명": "예능(대)", "교습계열명": "예능(중)", "교습과정목록명": "미술,", "교습과정명": "미술", "도로명주소": "경상남도 양산시 소주회야1길 8", "도로명상세주소": ", 3층 1호 (소주동, 천성리버타운)", "수정일자": 20231018, "X좌표": 1150597.7691253901, "Y좌표": 1713731.2472355899, "집계구코드": 38100550020604, "읍면동": "경상남도_양산시_소주동" }, "geometry": { "type": "Point", "coordinates": [ 129.158553503365511, 35.407936151822717 ] } },
{ "type": "Feature", "properties": { "결과": "O", "행정구역명": "양산시", "학원교습소명": "학원", "학원명": "플래티늄학원", "분야명": "입시.검정 및 보습", "교습계열명": "보통교과", "교습과정목록명": "보습", "교습과정명": "보습", "도로명주소": "경상남도 양산시 소주회야1길 9", "도로명상세주소": ", 3층 (소주동)", "수정일자": 20231224, "X좌표": 1150574.7219964799, "Y좌표": 1713695.49327085, "집계구코드": 38100550020003, "읍면동": "경상남도_양산시_소주동" }, "geometry": { "type": "Point", "coordinates": [ 129.158293174649884, 35.407617384351468 ] } },
{ "type": "Feature", "properties": { "결과": "O", "행정구역명": "양산시", "학원교습소명": "학원", "학원명": "에셀학원", "분야명": "입시.검정 및 보습", "교습계열명": "보통교과", "교습과정목록명": "보습", "교습과정명": "보습", "도로명주소": "경상남도 양산시 소주회야로 45-8", "도로명상세주소": ", 2층 일부 (소주동)", "수정일자": 20251221, "X좌표": 1150576.8475806499, "Y좌표": 1713618.4532975301, "집계구코드": 38100550020003, "읍면동": "경상남도_양산시_소주동" }, "geometry": { "type": "Point", "coordinates": [ 129.158302348805137, 35.406922698148122 ] } },
{ "type": "Feature", "properties": { "결과": "O", "행정구역명": "양산시", "학원교습소명": "교습소", "학원명": "온음악교습소", "분야명": "예능(대)", "교습계열명": "예능(중)", "교습과정목록명": null, "교습과정명": "음악", "도로명주소": "경상남도 양산시 신기서길 18", "도로명상세주소": ", 한마음아파트 상가 207호 일부 우측 (신기동)", "수정일자": 20231018, "X좌표": 1139892.07950474, "Y좌표": 1707389.3526429699, "집계구코드": 38100520040202, "읍면동": "경상남도_양산시_삼성동" }, "geometry": { "type": "Point", "coordinates": [ 129.039603177771795, 35.352334123734806 ] } },
{ "type": "Feature", "properties": { "결과": "O", "행정구역명": "양산시", "학원교습소명": "학원", "학원명": "S&J뷰티컴퍼니학원", "분야명": "직업기술", "교습계열명": "산업응용기술", "교습과정목록명": null, "교습과정명": "디자인", "도로명주소": "경상남도 양산시 신기서길 18", "도로명상세주소": ", 상가동 3층 302호 일부(우측실) (신기동, 대동서안한마음타운)", "수정일자": 20231018, "X좌표": 1139892.07950474, "Y좌표": 1707389.3526429699, "집계구코드": 38100520040202, "읍면동": "경상남도_양산시_삼성동" }, "geometry": { "type": "Point", "coordinates": [ 129.039603177771795, 35.352334123734806 ] } },
{ "type": "Feature", "properties": { "결과": "O", "행정구역명": "양산시", "학원교습소명": "학원", "학원명": "노벨학원", "분야명": "입시.검정 및 보습", "교습계열명": "보통교과", "교습과정목록명": "보습,", "교습과정명": "보습", "도로명주소": "경상남도 양산시 신기서길 18", "도로명상세주소": ", 203호 (신기동, 대동서안한마음타운)", "수정일자": 20231018, "X좌표": 1139892.07950474, "Y좌표": 1707389.3526429699, "집계구코드": 38100520040202, "읍면동": "경상남도_양산시_삼성동" }, "geometry": { "type": "Point", "coordinates": [ 129.039603177771795, 35.352334123734806 ] } },
{ "type": "Feature", "properties": { "결과": "O", "행정구역명": "양산시", "학원교습소명": "학원", "학원명": "미래엔BE:ABLE국영수학원", "분야명": "입시.검정 및 보습", "교습계열명": "보통교과", "교습과정목록명": "보습", "교습과정명": "보습", "도로명주소": "경상남도 양산시 신기서길 18", "도로명상세주소": ", 205호, 206호 (신기동, 대동서안한마음타운)", "수정일자": 20250803, "X좌표": 1139892.07950474, "Y좌표": 1707389.3526429699, "집계구코드": 38100520040202, "읍면동": "경상남도_양산시_삼성동" }, "geometry": { "type": "Point", "coordinates": [ 129.039603177771795, 35.352334123734806 ] } },
{ "type": "Feature", "properties": { "결과": "O", "행정구역명": "양산시", "학원교습소명": "학원", "학원명": "송음악학원", "분야명": "예능(대)", "교습계열명": "예능(중)", "교습과정목록명": "음악,", "교습과정명": "음악", "도로명주소": "경상남도 양산시 신기서길 18", "도로명상세주소": ", 301호 (신기동, 대동서안한마음타운)", "수정일자": 20231018, "X좌표": 1139892.07950474, "Y좌표": 1707389.3526429699, "집계구코드": 38100520040202, "읍면동": "경상남도_양산시_삼성동" }, "geometry": { "type": "Point", "coordinates": [ 129.039603177771795, 35.352334123734806 ] } },
{ "type": "Feature", "properties": { "결과": "O", "행정구역명": "양산시", "학원교습소명": "학원", "학원명": "해오름미술학원", "분야명": "예능(대)", "교습계열명": "예능(중)", "교습과정목록명": "미술,", "교습과정명": "미술", "도로명주소": "경상남도 양산시 신기서길 18", "도로명상세주소": ", 204호 (신기동, 대동서안한마음타운상가)", "수정일자": 20231018, "X좌표": 1139892.07950474, "Y좌표": 1707389.3526429699, "집계구코드": 38100520040202, "읍면동": "경상남도_양산시_삼성동" }, "geometry": { "type": "Point", "coordinates": [ 129.039603177771795, 35.352334123734806 ] } },
{ "type": "Feature", "properties": { "결과": "O", "행정구역명": "양산시", "학원교습소명": "학원", "학원명": "이레음악학원", "분야명": "예능(대)", "교습계열명": "예능(중)", "교습과정목록명": "미술,음악", "교습과정명": "음악", "도로명주소": "경상남도 양산시 신기서길 31", "도로명상세주소": ", 209호 (신기동, 양산신기주공아파트상가)", "수정일자": 20251012, "X좌표": 1140035.15066256, "Y좌표": 1707431.15232351, "집계구코드": 38100520040104, "읍면동": "경상남도_양산시_삼성동" }, "geometry": { "type": "Point", "coordinates": [ 129.041184420268507, 35.352690825831665 ] } },
{ "type": "Feature", "properties": { "결과": "O", "행정구역명": "양산시", "학원교습소명": "학원", "학원명": "스카이프리미엄수학학원", "분야명": "입시.검정 및 보습", "교습계열명": "보통교과", "교습과정목록명": "보습", "교습과정명": "보습", "도로명주소": "경상남도 양산시 신덕계2길 15", "도로명상세주소": "상가동 202호(덕계동,트리마제 양산1단지)", "수정일자": 20260621, "X좌표": 1150693.5311298, "Y좌표": 1710122.7004605101, "집계구코드": 38100570030303, "읍면동": "경상남도_양산시_덕계동" }, "geometry": { "type": "Point", "coordinates": [ 129.158941383731815, 35.375397599706332 ] } },
{ "type": "Feature", "properties": { "결과": "O", "행정구역명": "양산시", "학원교습소명": "학원", "학원명": "잉글리쉬무무신덕계제1어학원", "분야명": "국제화", "교습계열명": "외국어", "교습과정목록명": "실용외국어(유아/초·중·고)", "교습과정명": "실용외국어(유아/초·중·고)", "도로명주소": "경상남도 양산시 신덕계2길 15", "도로명상세주소": "1022동 201호(덕계동,트리마제 양산1단지)", "수정일자": 20241124, "X좌표": 1150693.5311298, "Y좌표": 1710122.7004605101, "집계구코드": 38100570030303, "읍면동": "경상남도_양산시_덕계동" }, "geometry": { "type": "Point", "coordinates": [ 129.158941383731815, 35.375397599706332 ] } },
{ "type": "Feature", "properties": { "결과": "O", "행정구역명": "양산시", "학원교습소명": "학원", "학원명": "도로시미술학원", "분야명": "예능(대)", "교습계열명": "예능(중)", "교습과정목록명": "미술", "교습과정명": "미술", "도로명주소": "경상남도 양산시 신덕계5길 23-6", "도로명상세주소": ", 3층 301호 (덕계동)", "수정일자": 20260823, "X좌표": 1150835.4807102999, "Y좌표": 1709823.1820296601, "집계구코드": 38100570030001, "읍면동": "경상남도_양산시_덕계동" }, "geometry": { "type": "Point", "coordinates": [ 129.160448166371424, 35.37267655231377 ] } },
{ "type": "Feature", "properties": { "결과": "O", "행정구역명": "양산시", "학원교습소명": "학원", "학원명": "스카이스터디학원", "분야명": "입시.검정 및 보습", "교습계열명": "보통교과", "교습과정목록명": "보습", "교습과정명": "보습", "도로명주소": "경상남도 양산시 신덕계5길 23-6", "도로명상세주소": ", 3층 302호 (덕계동)", "수정일자": 20260621, "X좌표": 1150835.4807102999, "Y좌표": 1709823.1820296601, "집계구코드": 38100570030001, "읍면동": "경상남도_양산시_덕계동" }, "geometry": { "type": "Point", "coordinates": [ 129.160448166371424, 35.37267655231377 ] } },
{ "type": "Feature", "properties": { "결과": "O", "행정구역명": "양산시", "학원교습소명": "학원", "학원명": "신의영어SHIN'S ENGLISH학원", "분야명": "국제화", "교습계열명": "외국어", "교습과정목록명": "실용외국어(유아/초·중·고)", "교습과정명": "실용외국어(유아/초·중·고)", "도로명주소": "경상남도 양산시 신덕계5길 23-6", "도로명상세주소": "2층(201, 202) 일부(덕계동)", "수정일자": 20260705, "X좌표": 1150835.4807102999, "Y좌표": 1709823.1820296601, "집계구코드": 38100570030001, "읍면동": "경상남도_양산시_덕계동" }, "geometry": { "type": "Point", "coordinates": [ 129.160448166371424, 35.37267655231377 ] } },
{ "type": "Feature", "properties": { "결과": "O", "행정구역명": "양산시", "학원교습소명": "학원", "학원명": "윤선생IGSE아카데미회야탑클래스학원", "분야명": "입시.검정 및 보습", "교습계열명": "보통교과", "교습과정목록명": "보습", "교습과정명": "보습", "도로명주소": "경상남도 양산시 신덕계5길 23-6", "도로명상세주소": ", 303호 (덕계동)", "수정일자": 20260705, "X좌표": 1150835.4807102999, "Y좌표": 1709823.1820296601, "집계구코드": 38100570030001, "읍면동": "경상남도_양산시_덕계동" }, "geometry": { "type": "Point", "coordinates": [ 129.160448166371424, 35.37267655231377 ] } },
{ "type": "Feature", "properties": { "결과": "O", "행정구역명": "양산시", "학원교습소명": "학원", "학원명": "피아노이야기덕계점학원", "분야명": "예능(대)", "교습계열명": "예능(중)", "교습과정목록명": "음악", "교습과정명": "음악", "도로명주소": "경상남도 양산시 신덕계5길 23-6", "도로명상세주소": ", 403호 (덕계동)", "수정일자": 20260215, "X좌표": 1150835.4807102999, "Y좌표": 1709823.1820296601, "집계구코드": 38100570030001, "읍면동": "경상남도_양산시_덕계동" }, "geometry": { "type": "Point", "coordinates": [ 129.160448166371424, 35.37267655231377 ] } },
{ "type": "Feature", "properties": { "결과": "O", "행정구역명": "양산시", "학원교습소명": "학원", "학원명": "아소비고래학원", "분야명": "입시.검정 및 보습", "교습계열명": "보통교과", "교습과정목록명": "보습", "교습과정명": "보습", "도로명주소": "경상남도 양산시 신덕계5길 25", "도로명상세주소": ", 제1동 2층 일부 (덕계동)", "수정일자": 20240303, "X좌표": 1150841.9881993099, "Y좌표": 1709795.6209892801, "집계구코드": 38100570030001, "읍면동": "경상남도_양산시_덕계동" }, "geometry": { "type": "Point", "coordinates": [ 129.160514686461113, 35.372427157945928 ] } },
{ "type": "Feature", "properties": { "결과": "O", "행정구역명": "양산시", "학원교습소명": "학원", "학원명": "어린음악대어린화가들회야원음악미술학원", "분야명": "종합(대)", "교습계열명": null, "교습과정목록명": "미술,음악", "교습과정명": null, "도로명주소": "경상남도 양산시 신덕계5길 25", "도로명상세주소": ", 4층 (덕계동)", "수정일자": 20260301, "X좌표": 1150841.9881993099, "Y좌표": 1709795.6209892801, "집계구코드": 38100570030001, "읍면동": "경상남도_양산시_덕계동" }, "geometry": { "type": "Point", "coordinates": [ 129.160514686461113, 35.372427157945928 ] } },
{ "type": "Feature", "properties": { "결과": "O", "행정구역명": "양산시", "학원교습소명": "교습소", "학원명": "뮤엠신덕계영어교습소", "분야명": "입시.검정 및 보습", "교습계열명": "보통교과", "교습과정목록명": "초등영어(1)", "교습과정명": "보습", "도로명주소": "경상남도 양산시 신덕계5길 26", "도로명상세주소": "(덕계동) 신용상가 2층", "수정일자": 20231018, "X좌표": 1150824.4899728, "Y좌표": 1709784.68692975, "집계구코드": 38100570030001, "읍면동": "경상남도_양산시_덕계동" }, "geometry": { "type": "Point", "coordinates": [ 129.160320113838452, 35.372331254843509 ] } },
{ "type": "Feature", "properties": { "결과": "O", "행정구역명": "양산시", "학원교습소명": "교습소", "학원명": "그린아트스콜레회야미술교습소", "분야명": "예능(대)", "교습계열명": "예능(중)", "교습과정목록명": "미술입시1", "교습과정명": "미술", "도로명주소": "경상남도 양산시 신덕계8길 37", "도로명상세주소": ", 양산두산위브2차 (1단지) 301동 상가동 107호(덕계동,양산 두산위브 2차(1단지))", "수정일자": 20260405, "X좌표": 1151043.5955542601, "Y좌표": 1710214.6442398899, "집계구코드": 38100570030102, "읍면동": "경상남도_양산시_덕계동" }, "geometry": { "type": "Point", "coordinates": [ 129.162810700089892, 35.376173331413518 ] } },
{ "type": "Feature", "properties": { "결과": "O", "행정구역명": "양산시", "학원교습소명": "학원", "학원명": "신의영어SHIN'S ENGLISH국제어학원", "분야명": "국제화", "교습계열명": "외국어", "교습과정목록명": "실용외국어(유아/초·중·고)", "교습과정명": "실용외국어(유아/초·중·고)", "도로명주소": "경상남도 양산시 신덕계8길 37", "도로명상세주소": "103호, 104호(덕계동,양산 두산위브 2차(1단지))", "수정일자": 20260705, "X좌표": 1151043.5955542601, "Y좌표": 1710214.6442398899, "집계구코드": 38100570030102, "읍면동": "경상남도_양산시_덕계동" }, "geometry": { "type": "Point", "coordinates": [ 129.162810700089892, 35.376173331413518 ] } },
{ "type": "Feature", "properties": { "결과": "O", "행정구역명": "양산시", "학원교습소명": "학원", "학원명": "하이클래스수학하이클래스음악학원", "분야명": "종합(대)", "교습계열명": null, "교습과정목록명": "보습,음악", "교습과정명": null, "도로명주소": "경상남도 양산시 신덕계8길 70", "도로명상세주소": "2층 전체(덕계동)", "수정일자": 20260607, "X좌표": 1150865.1967005001, "Y좌표": 1709874.2164006601, "집계구코드": 38100570030001, "읍면동": "경상남도_양산시_덕계동" }, "geometry": { "type": "Point", "coordinates": [ 129.160784593673014, 35.373132034507776 ] } },
{ "type": "Feature", "properties": { "결과": "O", "행정구역명": "양산시", "학원교습소명": "학원", "학원명": "가비수학학원", "분야명": "입시.검정 및 보습", "교습계열명": "보통교과", "교습과정목록명": "보습", "교습과정명": "보습", "도로명주소": "경상남도 양산시 신명동3길 36", "도로명상세주소": ", 2층, 202호 (명동)", "수정일자": 20260329, "X좌표": 1151660.0950883201, "Y좌표": 1713726.5634783199, "집계구코드": 38100540030009, "읍면동": "경상남도_양산시_서창동" }, "geometry": { "type": "Point", "coordinates": [ 129.170247750098156, 35.407732739092729 ] } },
{ "type": "Feature", "properties": { "결과": "O", "행정구역명": "양산시", "학원교습소명": "학원", "학원명": "잉글리시아이더이룸어학원", "분야명": "국제화", "교습계열명": "외국어", "교습과정목록명": "실용외국어(유아/초·중·고)", "교습과정명": "실용외국어(유아/초·중·고)", "도로명주소": "경상남도 양산시 신명동7길 4", "도로명상세주소": ", 2층 (명동)", "수정일자": 20240421, "X좌표": 1151709.56891342, "Y좌표": 1713170.26582311, "집계구코드": 38100540030009, "읍면동": "경상남도_양산시_서창동" }, "geometry": { "type": "Point", "coordinates": [ 129.170688914556962, 35.402711297794049 ] } },
{ "type": "Feature", "properties": { "결과": "O", "행정구역명": "양산시", "학원교습소명": "학원", "학원명": "딘앤줄리어학원", "분야명": "국제화", "교습계열명": "외국어", "교습과정목록명": "실용외국어(유아/초·중·고)", "교습과정명": "실용외국어(유아/초·중·고)", "도로명주소": "경상남도 양산시 신명동로 31-2", "도로명상세주소": ", 2층·3층 (명동)", "수정일자": 20240303, "X좌표": 1151509.66356852, "Y좌표": 1713395.6949430101, "집계구코드": 38100540030012, "읍면동": "경상남도_양산시_서창동" }, "geometry": { "type": "Point", "coordinates": [ 129.168530185935396, 35.404773516028307 ] } },
{ "type": "Feature", "properties": { "결과": "O", "행정구역명": "양산시", "학원교습소명": "학원", "학원명": "바젤음악학원", "분야명": "예능(대)", "교습계열명": "예능(중)", "교습과정목록명": "음악", "교습과정명": "음악", "도로명주소": "경상남도 양산시 신명동로 50", "도로명상세주소": ", 2층 201호 (명동)", "수정일자": 20260111, "X좌표": 1151598.48455582, "Y좌표": 1713256.6616956999, "집계구코드": 38100540030002, "읍면동": "경상남도_양산시_서창동" }, "geometry": { "type": "Point", "coordinates": [ 129.169482129908261, 35.403506895280955 ] } },
{ "type": "Feature", "properties": { "결과": "O", "행정구역명": "양산시", "학원교습소명": "학원", "학원명": "PND음악학원", "분야명": "예능(대)", "교습계열명": "예능(중)", "교습과정목록명": "음악", "교습과정명": "음악", "도로명주소": "경상남도 양산시 신명동로 53", "도로명상세주소": ", 2층 (명동)", "수정일자": 20260329, "X좌표": 1151654.6610934001, "Y좌표": 1713241.39177486, "집계구코드": 38100540030002, "읍면동": "경상남도_양산시_서창동" }, "geometry": { "type": "Point", "coordinates": [ 129.170097701538481, 35.403360716557508 ] } },
{ "type": "Feature", "properties": { "결과": "O", "행정구역명": "양산시", "학원교습소명": "교습소", "학원명": "엘에스논리정속독교습소", "분야명": "기타(대)", "교습계열명": null, "교습과정목록명": null, "교습과정명": null, "도로명주소": "경상남도 양산시 신명로 53", "도로명상세주소": "태원아파트 상가동 2층 1호, 11호, 12호, 17호(평산동)", "수정일자": 20250209, "X좌표": 1149532.4206489199, "Y좌표": 1711169.1262994001, "집계구코드": 38100560050002, "읍면동": "경상남도_양산시_평산동" }, "geometry": { "type": "Point", "coordinates": [ 129.14635542015867, 35.38500397953927 ] } },
{ "type": "Feature", "properties": { "결과": "O", "행정구역명": "양산시", "학원교습소명": "학원", "학원명": "비전학원", "분야명": "입시.검정 및 보습", "교습계열명": "보통교과", "교습과정목록명": "보습", "교습과정명": "보습", "도로명주소": "경상남도 양산시 신명로 53", "도로명상세주소": ", 태원아파트상가 113동 2층, 4호·9호·13호 (평산동, 태원아파트)", "수정일자": 20250831, "X좌표": 1149532.4206489199, "Y좌표": 1711169.1262994001, "집계구코드": 38100560050002, "읍면동": "경상남도_양산시_평산동" }, "geometry": { "type": "Point", "coordinates": [ 129.14635542015867, 35.38500397953927 ] } },
{ "type": "Feature", "properties": { "결과": "O", "행정구역명": "양산시", "학원교습소명": "학원", "학원명": "제니스수학원", "분야명": "입시.검정 및 보습", "교습계열명": "보통교과", "교습과정목록명": "보습,", "교습과정명": "보습", "도로명주소": "경상남도 양산시 신명로 68", "도로명상세주소": ", 2층 (평산동, 태원봉유식육센타)", "수정일자": 20231018, "X좌표": 1149467.3601881301, "Y좌표": 1711291.00467558, "집계구코드": 38100560050002, "읍면동": "경상남도_양산시_평산동" }, "geometry": { "type": "Point", "coordinates": [ 129.145661683289546, 35.386112243712475 ] } },
{ "type": "Feature", "properties": { "결과": "O", "행정구역명": "양산시", "학원교습소명": "학원", "학원명": "김민정무용미술학원", "분야명": "종합(대)", "교습계열명": null, "교습과정목록명": "무용,미술", "교습과정명": null, "도로명주소": "경상남도 양산시 신명로 74-16", "도로명상세주소": ", 지하1층, 1층 (평산동, 김민정무용학원)", "수정일자": 20250907, "X좌표": 1149472.0400914, "Y좌표": 1711302.00772503, "집계구코드": 38100560050002, "읍면동": "경상남도_양산시_평산동" }, "geometry": { "type": "Point", "coordinates": [ 129.145715205721785, 35.38621071390746 ] } },
{ "type": "Feature", "properties": { "결과": "O", "행정구역명": "양산시", "학원교습소명": "교습소", "학원명": "삼성영어셀레나신명초영어교습소", "분야명": "국제화", "교습계열명": "외국어", "교습과정목록명": "중급B", "교습과정명": "실용외국어(유아/초·중·고)", "도로명주소": "경상남도 양산시 신명로 82", "도로명상세주소": ", 107동 204호 (평산동, 동일스위트1차아파트)", "수정일자": 20260111, "X좌표": 1149330.8172424601, "Y좌표": 1711372.6167632099, "집계구코드": 38100560050902, "읍면동": "경상남도_양산시_평산동" }, "geometry": { "type": "Point", "coordinates": [ 129.144173804869865, 35.386868290726021 ] } },
{ "type": "Feature", "properties": { "결과": "O", "행정구역명": "양산시", "학원교습소명": "교습소", "학원명": "준(June)기타교습소", "분야명": "예능(대)", "교습계열명": "예능(중)", "교습과정목록명": "기타(주1회반)", "교습과정명": "음악", "도로명주소": "경상남도 양산시 신명로 82", "도로명상세주소": ", 덕계동일스위트1차 107동 209호 (평산동)", "수정일자": 20231018, "X좌표": 1149330.8172424601, "Y좌표": 1711372.6167632099, "집계구코드": 38100560050902, "읍면동": "경상남도_양산시_평산동" }, "geometry": { "type": "Point", "coordinates": [ 129.144173804869865, 35.386868290726021 ] } },
{ "type": "Feature", "properties": { "결과": "O", "행정구역명": "양산시", "학원교습소명": "학원", "학원명": "지젤발레학원", "분야명": "예능(대)", "교습계열명": "예능(중)", "교습과정목록명": "무용,", "교습과정명": "무용", "도로명주소": "경상남도 양산시 신명로 82", "도로명상세주소": ", 201호, 202호 (평산동, 동일스위트1차아파트)", "수정일자": 20231018, "X좌표": 1149330.8172424601, "Y좌표": 1711372.6167632099, "집계구코드": 38100560050902, "읍면동": "경상남도_양산시_평산동" }, "geometry": { "type": "Point", "coordinates": [ 129.144173804869865, 35.386868290726021 ] } },
{ "type": "Feature", "properties": { "결과": "O", "행정구역명": "양산시", "학원교습소명": "학원", "학원명": "언제나피아노음악학원", "분야명": "예능(대)", "교습계열명": "예능(중)", "교습과정목록명": "음악", "교습과정명": "음악", "도로명주소": "경상남도 양산시 신명로 85", "도로명상세주소": "2층 202호(평산동)", "수정일자": 20260405, "X좌표": 1149290.3777141699, "Y좌표": 1711347.1359810401, "집계구코드": 38100560050004, "읍면동": "경상남도_양산시_평산동" }, "geometry": { "type": "Point", "coordinates": [ 129.143724057490743, 35.386644686630845 ] } },
{ "type": "Feature", "properties": { "결과": "O", "행정구역명": "양산시", "학원교습소명": "교습소", "학원명": "동일챔프수학교습소", "분야명": "입시.검정 및 보습", "교습계열명": "보통교과", "교습과정목록명": "수학(초등1,2)", "교습과정명": "보습", "도로명주소": "경상남도 양산시 신명로 88", "도로명상세주소": ", 상가 107동 208호 (평산동, 덕계동일스위트1차)", "수정일자": 20231018, "X좌표": 1149263.61803477, "Y좌표": 1711433.7336142201, "집계구코드": 38100560050901, "읍면동": "경상남도_양산시_평산동" }, "geometry": { "type": "Point", "coordinates": [ 129.143445371015588, 35.387429211253497 ] } },
{ "type": "Feature", "properties": { "결과": "O", "행정구역명": "양산시", "학원교습소명": "교습소", "학원명": "마루미술교습소", "분야명": "예능(대)", "교습계열명": "예능(중)", "교습과정목록명": "초등미술", "교습과정명": "미술", "도로명주소": "경상남도 양산시 신명로 91", "도로명상세주소": ", 봉우아파트 122동 1층13호,1층14호 (평산동)", "수정일자": 20241229, "X좌표": 1149236.5560191299, "Y좌표": 1711394.72331533, "집계구코드": 38100560050804, "읍면동": "경상남도_양산시_평산동" }, "geometry": { "type": "Point", "coordinates": [ 129.143140385375148, 35.387081658099675 ] } },
{ "type": "Feature", "properties": { "결과": "O", "행정구역명": "양산시", "학원교습소명": "학원", "학원명": "한국반려동물전문학원", "분야명": "직업기술", "교습계열명": null, "교습과정목록명": null, "교습과정명": null, "도로명주소": "경상남도 양산시 양산대로 990", "도로명상세주소": ", 2층(북정동)", "수정일자": 20260111, "X좌표": 1139960.8417492199, "Y좌표": 1708069.75370695, "집계구코드": 38100520040001, "읍면동": "경상남도_양산시_삼성동" }, "geometry": { "type": "Point", "coordinates": [ 129.040476197913449, 35.358457375003795 ] } },
{ "type": "Feature", "properties": { "결과": "O", "행정구역명": "양산시", "학원교습소명": "학원", "학원명": "미래학원", "분야명": "입시.검정 및 보습", "교습계열명": "보통교과", "교습과정목록명": "보습,", "교습과정명": "보습", "도로명주소": "경상남도 양산시 양산역1길 18", "도로명상세주소": ", 701호 일부 (중부동, 나래프라자)", "수정일자": 20240714, "X좌표": 1138830.68382639, "Y좌표": 1705614.69794432, "집계구코드": 38100590010001, "읍면동": "경상남도_양산시_양주동" }, "geometry": { "type": "Point", "coordinates": [ 129.027624325106359, 35.33648611383898 ] } },
{ "type": "Feature", "properties": { "결과": "O", "행정구역명": "양산시", "학원교습소명": "학원", "학원명": "이화영어전문학원", "분야명": "입시.검정 및 보습", "교습계열명": "보통교과", "교습과정목록명": "보습", "교습과정명": "보습", "도로명주소": "경상남도 양산시 양산역1길 18", "도로명상세주소": ", 503호 (중부동, 나래프라자)", "수정일자": 20260308, "X좌표": 1138830.68382639, "Y좌표": 1705614.69794432, "집계구코드": 38100590010001, "읍면동": "경상남도_양산시_양주동" }, "geometry": { "type": "Point", "coordinates": [ 129.027624325106359, 35.33648611383898 ] } },
{ "type": "Feature", "properties": { "결과": "O", "행정구역명": "양산시", "학원교습소명": "학원", "학원명": "KBS아트비전미용학원", "분야명": "직업기술", "교습계열명": "산업응용기술", "교습과정목록명": "이·미용", "교습과정명": "이·미용", "도로명주소": "경상남도 양산시 양산역1길 24", "도로명상세주소": ", 영동프라자 404호(중부동)", "수정일자": 20260802, "X좌표": 1138834.15945401, "Y좌표": 1705670.29808387, "집계구코드": 38100590010001, "읍면동": "경상남도_양산시_양주동" }, "geometry": { "type": "Point", "coordinates": [ 129.027671991046532, 35.336986794976987 ] } },
{ "type": "Feature", "properties": { "결과": "O", "행정구역명": "양산시", "학원교습소명": "학원", "학원명": "음식나라조리학원", "분야명": "직업기술", "교습계열명": "산업응용기술", "교습과정목록명": "식음료품(바리스타,소믈리에)", "교습과정명": "식음료품(바리스타,소믈리에)", "도로명주소": "경상남도 양산시 양산역1길 24", "도로명상세주소": ", 703호 (중부동, 영동프라자)", "수정일자": 20250817, "X좌표": 1138834.15945401, "Y좌표": 1705670.29808387, "집계구코드": 38100590010001, "읍면동": "경상남도_양산시_양주동" }, "geometry": { "type": "Point", "coordinates": [ 129.027671991046532, 35.336986794976987 ] } },
{ "type": "Feature", "properties": { "결과": "O", "행정구역명": "양산시", "학원교습소명": "학원", "학원명": "프라임수학전문학원", "분야명": "입시.검정 및 보습", "교습계열명": "보통교과", "교습과정목록명": "보습", "교습과정명": "보습", "도로명주소": "경상남도 양산시 양산역1길 24", "도로명상세주소": ", 301호 (중부동, 영동프라자)", "수정일자": 20231018, "X좌표": 1138834.15945401, "Y좌표": 1705670.29808387, "집계구코드": 38100590010001, "읍면동": "경상남도_양산시_양주동" }, "geometry": { "type": "Point", "coordinates": [ 129.027671991046532, 35.336986794976987 ] } },
{ "type": "Feature", "properties": { "결과": "O", "행정구역명": "양산시", "학원교습소명": "교습소", "학원명": "이창호수학교습소", "분야명": "입시.검정 및 보습", "교습계열명": "보통교과", "교습과정목록명": "수학(초등)", "교습과정명": "보습", "도로명주소": "경상남도 양산시 양산역2길 3", "도로명상세주소": ", 301호 (중부동, 네오플러스)", "수정일자": 20231018, "X좌표": 1138821.19547864, "Y좌표": 1705525.20188534, "집계구코드": 38100590010001, "읍면동": "경상남도_양산시_양주동" }, "geometry": { "type": "Point", "coordinates": [ 129.027504769730854, 35.335680739966918 ] } },
{ "type": "Feature", "properties": { "결과": "O", "행정구역명": "양산시", "학원교습소명": "학원", "학원명": "본메디간호학원", "분야명": "직업기술", "교습계열명": "간호보조기술", "교습과정목록명": "간호조무사", "교습과정명": "간호조무사", "도로명주소": "경상남도 양산시 양산역2길 7", "도로명상세주소": ", 402호 (중부동, 대상골드타워)", "수정일자": 20240310, "X좌표": 1138862.3608834001, "Y좌표": 1705513.76907146, "집계구코드": 38100590010001, "읍면동": "경상남도_양산시_양주동" }, "geometry": { "type": "Point", "coordinates": [ 129.027955645285459, 35.335571964145728 ] } },
{ "type": "Feature", "properties": { "결과": "O", "행정구역명": "양산시", "학원교습소명": "학원", "학원명": "가우디미술학원", "분야명": "예능(대)", "교습계열명": "예능(중)", "교습과정목록명": "미술", "교습과정명": "미술", "도로명주소": "경상남도 양산시 양산역5길 10", "도로명상세주소": ", 403호,404호,405호 (중부동, 네오시티)", "수정일자": 20231224, "X좌표": 1138670.77345198, "Y좌표": 1705567.10678696, "집계구코드": 38100590010002, "읍면동": "경상남도_양산시_양주동" }, "geometry": { "type": "Point", "coordinates": [ 129.025857241599596, 35.336079359635519 ] } },
{ "type": "Feature", "properties": { "결과": "O", "행정구역명": "양산시", "학원교습소명": "학원", "학원명": "네오캠퍼스애니마션미술학원", "분야명": "예능(대)", "교습계열명": "예능(중)", "교습과정목록명": "미술", "교습과정명": "미술", "도로명주소": "경상남도 양산시 양산역5길 10", "도로명상세주소": "304호(중부동)", "수정일자": 20260308, "X좌표": 1138670.77345198, "Y좌표": 1705567.10678696, "집계구코드": 38100590010002, "읍면동": "경상남도_양산시_양주동" }, "geometry": { "type": "Point", "coordinates": [ 129.025857241599596, 35.336079359635519 ] } },
{ "type": "Feature", "properties": { "결과": "O", "행정구역명": "양산시", "학원교습소명": "학원", "학원명": "CM중국어JK일본어전문학원", "분야명": "국제화", "교습계열명": "외국어", "교습과정목록명": "실용외국어(유아/초·중·고)", "교습과정명": "실용외국어(유아/초·중·고)", "도로명주소": "경상남도 양산시 양산역5길 10-1", "도로명상세주소": ", 201호 (중부동)", "수정일자": 20260628, "X좌표": 1138670.10947914, "Y좌표": 1705543.44076647, "집계구코드": 38100590010002, "읍면동": "경상남도_양산시_양주동" }, "geometry": { "type": "Point", "coordinates": [ 129.025845927271291, 35.335866132633043 ] } },
{ "type": "Feature", "properties": { "결과": "O", "행정구역명": "양산시", "학원교습소명": "학원", "학원명": "나다움미술학원", "분야명": "예능(대)", "교습계열명": "예능(중)", "교습과정목록명": "미술", "교습과정명": "미술", "도로명주소": "경상남도 양산시 양산역5길 10-1", "도로명상세주소": ", 일영빌딩 5층 (중부동)", "수정일자": 20241215, "X좌표": 1138670.10947914, "Y좌표": 1705543.44076647, "집계구코드": 38100590010002, "읍면동": "경상남도_양산시_양주동" }, "geometry": { "type": "Point", "coordinates": [ 129.025845927271291, 35.335866132633043 ] } },
{ "type": "Feature", "properties": { "결과": "O", "행정구역명": "양산시", "학원교습소명": "학원", "학원명": "애니창아만화학원", "분야명": "예능(대)", "교습계열명": null, "교습과정목록명": null, "교습과정명": null, "도로명주소": "경상남도 양산시 양산역5길 10-1", "도로명상세주소": "3층 302호(중부동)", "수정일자": 20260111, "X좌표": 1138670.10947914, "Y좌표": 1705543.44076647, "집계구코드": 38100590010002, "읍면동": "경상남도_양산시_양주동" }, "geometry": { "type": "Point", "coordinates": [ 129.025845927271291, 35.335866132633043 ] } },
{ "type": "Feature", "properties": { "결과": "O", "행정구역명": "양산시", "학원교습소명": "학원", "학원명": "더펫애견미용학원", "분야명": "직업기술", "교습계열명": "일반서비스", "교습과정목록명": "애견미용", "교습과정명": "애견미용", "도로명주소": "경상남도 양산시 양산역6길 17", "도로명상세주소": "청림타워 702호 일부(중부동)", "수정일자": 20250831, "X좌표": 1138840.0191500401, "Y좌표": 1705713.9586762099, "집계구코드": 38100590010001, "읍면동": "경상남도_양산시_양주동" }, "geometry": { "type": "Point", "coordinates": [ 129.027743856809337, 35.337379524770519 ] } },
{ "type": "Feature", "properties": { "결과": "O", "행정구역명": "양산시", "학원교습소명": "학원", "학원명": "마스터요리제과제빵학원", "분야명": "직업기술", "교습계열명": "산업응용기술", "교습과정목록명": "식음료품(바리스타,소믈리에)", "교습과정명": "식음료품(바리스타,소믈리에)", "도로명주소": "경상남도 양산시 양산역6길 17", "도로명상세주소": ", 501호 (중부동, 청림타워)", "수정일자": 20260111, "X좌표": 1138840.0191500401, "Y좌표": 1705713.9586762099, "집계구코드": 38100590010001, "읍면동": "경상남도_양산시_양주동" }, "geometry": { "type": "Point", "coordinates": [ 129.027743856809337, 35.337379524770519 ] } },
{ "type": "Feature", "properties": { "결과": "O", "행정구역명": "양산시", "학원교습소명": "학원", "학원명": "레마프레소커피학원", "분야명": "직업기술", "교습계열명": "산업응용기술", "교습과정목록명": "식음료품(바리스타,소믈리에),", "교습과정명": "식음료품(바리스타,소믈리에)", "도로명주소": "경상남도 양산시 양산역6길 3", "도로명상세주소": ", 센트럴스위트 201호, 202호 (중부동)", "수정일자": 20231018, "X좌표": 1138735.3875907101, "Y좌표": 1705758.70704594, "집계구코드": 38100590010001, "읍면동": "경상남도_양산시_양주동" }, "geometry": { "type": "Point", "coordinates": [ 129.026600482254764, 35.337797417476914 ] } },
{ "type": "Feature", "properties": { "결과": "O", "행정구역명": "양산시", "학원교습소명": "학원", "학원명": "양산간호조무사학원", "분야명": "직업기술", "교습계열명": "간호보조기술", "교습과정목록명": "간호조무사", "교습과정명": "간호조무사", "도로명주소": "경상남도 양산시 양산역6길 3", "도로명상세주소": ", 401호 (중부동, 센트럴스위트)", "수정일자": 20240428, "X좌표": 1138735.3875907101, "Y좌표": 1705758.70704594, "집계구코드": 38100590010001, "읍면동": "경상남도_양산시_양주동" }, "geometry": { "type": "Point", "coordinates": [ 129.026600482254764, 35.337797417476914 ] } },
{ "type": "Feature", "properties": { "결과": "O", "행정구역명": "양산시", "학원교습소명": "학원", "학원명": "올데이성인피아노학원", "분야명": "기예(대)", "교습계열명": "기예(중)", "교습과정목록명": "실용음악(성악)", "교습과정명": "실용음악(성악)", "도로명주소": "경상남도 양산시 양산역6길 3", "도로명상세주소": ", 505호 (중부동, 센트럴스위트)", "수정일자": 20260517, "X좌표": 1138735.3875907101, "Y좌표": 1705758.70704594, "집계구코드": 38100590010001, "읍면동": "경상남도_양산시_양주동" }, "geometry": { "type": "Point", "coordinates": [ 129.026600482254764, 35.337797417476914 ] } },
{ "type": "Feature", "properties": { "결과": "O", "행정구역명": "양산시", "학원교습소명": "학원", "학원명": "디스터븐수학학원", "분야명": "입시.검정 및 보습", "교습계열명": "보통교과", "교습과정목록명": "보습,", "교습과정명": "보습", "도로명주소": "경상남도 양산시 양산역로 103", "도로명상세주소": ", 골든세븐 901호 (중부동)", "수정일자": 20231018, "X좌표": 1138963.7371113901, "Y좌표": 1705843.6969856001, "집계구코드": 38100590010001, "읍면동": "경상남도_양산시_양주동" }, "geometry": { "type": "Point", "coordinates": [ 129.029126806315276, 35.338531739107722 ] } },
{ "type": "Feature", "properties": { "결과": "O", "행정구역명": "양산시", "학원교습소명": "학원", "학원명": "한림수학학원", "분야명": "입시.검정 및 보습", "교습계열명": "보통교과", "교습과정목록명": "보습,", "교습과정명": "보습", "도로명주소": "경상남도 양산시 양산역로 103", "도로명상세주소": ", 1001호 (중부동)", "수정일자": 20231018, "X좌표": 1138963.7371113901, "Y좌표": 1705843.6969856001, "집계구코드": 38100590010001, "읍면동": "경상남도_양산시_양주동" }, "geometry": { "type": "Point", "coordinates": [ 129.029126806315276, 35.338531739107722 ] } },
{ "type": "Feature", "properties": { "결과": "O", "행정구역명": "양산시", "학원교습소명": "교습소", "학원명": "강짱의일본어교습소", "분야명": "국제화", "교습계열명": "외국어", "교습과정목록명": "고급반", "교습과정명": "실용외국어(유아/초·중·고)", "도로명주소": "경상남도 양산시 양산역로 105", "도로명상세주소": ", 506호 (중부동)", "수정일자": 20251207, "X좌표": 1138965.3951236301, "Y좌표": 1705868.1300753599, "집계구코드": 38100590010001, "읍면동": "경상남도_양산시_양주동" }, "geometry": { "type": "Point", "coordinates": [ 129.029149194927214, 35.33875174128152 ] } },
{ "type": "Feature", "properties": { "결과": "O", "행정구역명": "양산시", "학원교습소명": "학원", "학원명": "TROI영수전문학원", "분야명": "입시.검정 및 보습", "교습계열명": "보통교과", "교습과정목록명": "보습", "교습과정명": "보습", "도로명주소": "경상남도 양산시 양산역로 105", "도로명상세주소": ", 6층 (중부동, 골든프라자)", "수정일자": 20250406, "X좌표": 1138965.3951236301, "Y좌표": 1705868.1300753599, "집계구코드": 38100590010001, "읍면동": "경상남도_양산시_양주동" }, "geometry": { "type": "Point", "coordinates": [ 129.029149194927214, 35.33875174128152 ] } },
{ "type": "Feature", "properties": { "결과": "O", "행정구역명": "양산시", "학원교습소명": "교습소", "학원명": "더클래스(TheClass)영어교습소", "분야명": "입시.검정 및 보습", "교습계열명": "보통교과", "교습과정목록명": null, "교습과정명": "보습", "도로명주소": "경상남도 양산시 양산역로 69", "도로명상세주소": ", 201호 (중부동, 뉴양산플라자)", "수정일자": 20231018, "X좌표": 1138933.5330641801, "Y좌표": 1705511.76514298, "집계구코드": 38100590010001, "읍면동": "경상남도_양산시_양주동" }, "geometry": { "type": "Point", "coordinates": [ 129.02873819126583, 35.335544001655897 ] } },
{ "type": "Feature", "properties": { "결과": "O", "행정구역명": "양산시", "학원교습소명": "학원", "학원명": "강인숙퀸라인댄스학원", "분야명": "기예(대)", "교습계열명": "기예(중)", "교습과정목록명": "댄스", "교습과정명": "댄스", "도로명주소": "경상남도 양산시 양산역로 69", "도로명상세주소": ", 502호 (중부동, 뉴양산플라자)", "수정일자": 20260607, "X좌표": 1138933.5330641801, "Y좌표": 1705511.76514298, "집계구코드": 38100590010001, "읍면동": "경상남도_양산시_양주동" }, "geometry": { "type": "Point", "coordinates": [ 129.02873819126583, 35.335544001655897 ] } },
{ "type": "Feature", "properties": { "결과": "O", "행정구역명": "양산시", "학원교습소명": "학원", "학원명": "라엠학원", "분야명": "입시.검정 및 보습", "교습계열명": "보통교과", "교습과정목록명": "보습,", "교습과정명": "보습", "도로명주소": "경상남도 양산시 양산역로 69", "도로명상세주소": ", 뉴양산프라자 503호 (중부동, 뉴양산플라자)", "수정일자": 20231018, "X좌표": 1138933.5330641801, "Y좌표": 1705511.76514298, "집계구코드": 38100590010001, "읍면동": "경상남도_양산시_양주동" }, "geometry": { "type": "Point", "coordinates": [ 129.02873819126583, 35.335544001655897 ] } },
{ "type": "Feature", "properties": { "결과": "O", "행정구역명": "양산시", "학원교습소명": "학원", "학원명": "마인드실용음악학원", "분야명": "예능(대)", "교습계열명": "예능(중)", "교습과정목록명": "음악", "교습과정명": "음악", "도로명주소": "경상남도 양산시 양산역로 69", "도로명상세주소": ", 501호 (중부동, 뉴양산플라자)", "수정일자": 20231217, "X좌표": 1138933.5330641801, "Y좌표": 1705511.76514298, "집계구코드": 38100590010001, "읍면동": "경상남도_양산시_양주동" }, "geometry": { "type": "Point", "coordinates": [ 129.02873819126583, 35.335544001655897 ] } },
{ "type": "Feature", "properties": { "결과": "O", "행정구역명": "양산시", "학원교습소명": "학원", "학원명": "이룸학원", "분야명": "입시.검정 및 보습", "교습계열명": "보통교과", "교습과정목록명": "보습", "교습과정명": "보습", "도로명주소": "경상남도 양산시 양산역로 95", "도로명상세주소": ", 601호 (중부동, 리버사이드빌딩)", "수정일자": 20250615, "X좌표": 1138958.0157600001, "Y좌표": 1705775.43313235, "집계구코드": 38100590010001, "읍면동": "경상남도_양산시_양주동" }, "geometry": { "type": "Point", "coordinates": [ 129.029052275927768, 35.337917224314886 ] } },
{ "type": "Feature", "properties": { "결과": "O", "행정구역명": "양산시", "학원교습소명": "학원", "학원명": "짱미술학원", "분야명": "예능(대)", "교습계열명": "예능(중)", "교습과정목록명": "미술", "교습과정명": "미술", "도로명주소": "경상남도 양산시 양주4길 39-1", "도로명상세주소": ", 1층 (중부동)", "수정일자": 20231224, "X좌표": 1139211.1378979599, "Y좌표": 1706189.6546485301, "집계구코드": 38100590010005, "읍면동": "경상남도_양산시_양주동" }, "geometry": { "type": "Point", "coordinates": [ 129.031907153499589, 35.341615635804217 ] } },
{ "type": "Feature", "properties": { "결과": "O", "행정구역명": "양산시", "학원교습소명": "학원", "학원명": "짱영수단과학원", "분야명": "입시.검정 및 보습", "교습계열명": "보통교과", "교습과정목록명": "보습", "교습과정명": "보습", "도로명주소": "경상남도 양산시 양주4길 41", "도로명상세주소": ", 1층 (중부동)", "수정일자": 20231224, "X좌표": 1139216.82918008, "Y좌표": 1706202.0412132, "집계구코드": 38100590010005, "읍면동": "경상남도_양산시_양주동" }, "geometry": { "type": "Point", "coordinates": [ 129.03197186953912, 35.341726490974239 ] } },
{ "type": "Feature", "properties": { "결과": "O", "행정구역명": "양산시", "학원교습소명": "학원", "학원명": "짱음악학원", "분야명": "예능(대)", "교습계열명": "예능(중)", "교습과정목록명": "음악", "교습과정명": "음악", "도로명주소": "경상남도 양산시 양주4길 43", "도로명상세주소": ", 1층 (중부동, 짱음악학원)", "수정일자": 20231224, "X좌표": 1139222.7704110499, "Y좌표": 1706212.5472302299, "집계구코드": 38100590010005, "읍면동": "경상남도_양산시_양주동" }, "geometry": { "type": "Point", "coordinates": [ 129.032039015322027, 35.341820360557179 ] } },
{ "type": "Feature", "properties": { "결과": "O", "행정구역명": "양산시", "학원교습소명": "교습소", "학원명": "현대수학교습소", "분야명": "입시.검정 및 보습", "교습계열명": "보통교과", "교습과정목록명": "중등수학1", "교습과정명": "보습", "도로명주소": "경상남도 양산시 양주로 110", "도로명상세주소": ", 213호 (중부동, 현대아파트)", "수정일자": 20240407, "X좌표": 1139235.01132336, "Y좌표": 1705450.97370578, "집계구코드": 38100590011004, "읍면동": "경상남도_양산시_양주동" }, "geometry": { "type": "Point", "coordinates": [ 129.032044070430885, 35.334954055312636 ] } },
{ "type": "Feature", "properties": { "결과": "O", "행정구역명": "양산시", "학원교습소명": "교습소", "학원명": "넛지영어교습소", "분야명": "입시.검정 및 보습", "교습계열명": null, "교습과정목록명": null, "교습과정명": null, "도로명주소": "경상남도 양산시 양주로 115", "도로명상세주소": "상가동 202호(중부동)", "수정일자": 20240303, "X좌표": 1139193.9836818899, "Y좌표": 1705501.23667318, "집계구코드": 38100590010904, "읍면동": "경상남도_양산시_양주동" }, "geometry": { "type": "Point", "coordinates": [ 129.031601324804541, 35.335412830739578 ] } },
{ "type": "Feature", "properties": { "결과": "O", "행정구역명": "양산시", "학원교습소명": "학원", "학원명": "세상의모든음악학원", "분야명": "예능(대)", "교습계열명": "예능(중)", "교습과정목록명": "음악", "교습과정명": "음악", "도로명주소": "경상남도 양산시 양주로 115", "도로명상세주소": ", 상가 205~207호 (중부동, 주공4단지아파트)", "수정일자": 20250316, "X좌표": 1139193.9836818899, "Y좌표": 1705501.23667318, "집계구코드": 38100590010904, "읍면동": "경상남도_양산시_양주동" }, "geometry": { "type": "Point", "coordinates": [ 129.031601324804541, 35.335412830739578 ] } },
{ "type": "Feature", "properties": { "결과": "O", "행정구역명": "양산시", "학원교습소명": "학원", "학원명": "도원프리미엄독서실", "분야명": "독서실", "교습계열명": "독서", "교습과정목록명": null, "교습과정명": "독서실", "도로명주소": "경상남도 양산시 양주로 129", "도로명상세주소": ", 3층 (중부동, 대범빌딩)", "수정일자": 20240630, "X좌표": 1139208.38618083, "Y좌표": 1705646.9752722201, "집계구코드": 38100590010902, "읍면동": "경상남도_양산시_양주동" }, "geometry": { "type": "Point", "coordinates": [ 129.031784544229083, 35.336724468348351 ] } },
{ "type": "Feature", "properties": { "결과": "O", "행정구역명": "양산시", "학원교습소명": "학원", "학원명": "웅진씽크빅학습센터중부학원", "분야명": "입시.검정 및 보습", "교습계열명": "보통교과", "교습과정목록명": "보습", "교습과정명": "보습", "도로명주소": "경상남도 양산시 양주로 129", "도로명상세주소": ", 401호 일부(401-1호) (중부동, 리얼프라자)", "수정일자": 20251026, "X좌표": 1139208.38618083, "Y좌표": 1705646.9752722201, "집계구코드": 38100590010902, "읍면동": "경상남도_양산시_양주동" }, "geometry": { "type": "Point", "coordinates": [ 129.031784544229083, 35.336724468348351 ] } },
{ "type": "Feature", "properties": { "결과": "O", "행정구역명": "양산시", "학원교습소명": "학원", "학원명": "웅진프라임중부학원", "분야명": "입시.검정 및 보습", "교습계열명": "보통교과", "교습과정목록명": "보습", "교습과정명": "보습", "도로명주소": "경상남도 양산시 양주로 129", "도로명상세주소": ", 501호 (중부동, 리얼프라자)", "수정일자": 20251026, "X좌표": 1139208.38618083, "Y좌표": 1705646.9752722201, "집계구코드": 38100590010902, "읍면동": "경상남도_양산시_양주동" }, "geometry": { "type": "Point", "coordinates": [ 129.031784544229083, 35.336724468348351 ] } },
{ "type": "Feature", "properties": { "결과": "O", "행정구역명": "양산시", "학원교습소명": "학원", "학원명": "중부루시드어학원", "분야명": "국제화", "교습계열명": "외국어", "교습과정목록명": "실용외국어(유아/초·중·고)", "교습과정명": "실용외국어(유아/초·중·고)", "도로명주소": "경상남도 양산시 양주로 129", "도로명상세주소": ", 401호 일부(401-2호) (중부동, 대범빌딩)", "수정일자": 20260412, "X좌표": 1139208.38618083, "Y좌표": 1705646.9752722201, "집계구코드": 38100590010902, "읍면동": "경상남도_양산시_양주동" }, "geometry": { "type": "Point", "coordinates": [ 129.031784544229083, 35.336724468348351 ] } },
{ "type": "Feature", "properties": { "결과": "O", "행정구역명": "양산시", "학원교습소명": "교습소", "학원명": "굿GOOD토킹영어교습소", "분야명": "입시.검정 및 보습", "교습계열명": "보통교과", "교습과정목록명": "고등영어", "교습과정명": "보습", "도로명주소": "경상남도 양산시 양주로 156", "도로명상세주소": ", 대동황토방아파트 상가동 123동 312호 (중부동)", "수정일자": 20251221, "X좌표": 1139264.5718960101, "Y좌표": 1705912.8722079999, "집계구코드": 38100590010001, "읍면동": "경상남도_양산시_양주동" }, "geometry": { "type": "Point", "coordinates": [ 129.032447847258453, 35.339113349916971 ] } },
{ "type": "Feature", "properties": { "결과": "O", "행정구역명": "양산시", "학원교습소명": "교습소", "학원명": "딥매쓰일타수학교습소", "분야명": "입시.검정 및 보습", "교습계열명": "보통교과", "교습과정목록명": "고등수학2", "교습과정명": "보습", "도로명주소": "경상남도 양산시 양주로 156", "도로명상세주소": ", 123동(상가동) 309,310,311호 일부 (중부동, 대동황토방아파트)", "수정일자": 20250406, "X좌표": 1139264.5718960101, "Y좌표": 1705912.8722079999, "집계구코드": 38100590010001, "읍면동": "경상남도_양산시_양주동" }, "geometry": { "type": "Point", "coordinates": [ 129.032447847258453, 35.339113349916971 ] } },
{ "type": "Feature", "properties": { "결과": "O", "행정구역명": "양산시", "학원교습소명": "교습소", "학원명": "박지영어교습소", "분야명": "입시.검정 및 보습", "교습계열명": "보통교과", "교습과정목록명": "초등영어", "교습과정명": "보습", "도로명주소": "경상남도 양산시 양주로 156", "도로명상세주소": ", 208호 (중부동, 대동황토방아파트)", "수정일자": 20250420, "X좌표": 1139264.5718960101, "Y좌표": 1705912.8722079999, "집계구코드": 38100590010001, "읍면동": "경상남도_양산시_양주동" }, "geometry": { "type": "Point", "coordinates": [ 129.032447847258453, 35.339113349916971 ] } },
{ "type": "Feature", "properties": { "결과": "O", "행정구역명": "양산시", "학원교습소명": "교습소", "학원명": "어썸영어교습소", "분야명": "입시.검정 및 보습", "교습계열명": "보통교과", "교습과정목록명": "영어초등1", "교습과정명": "보습", "도로명주소": "경상남도 양산시 양주로 156", "도로명상세주소": ", 대동황토방아파트 123동(상가동) 309,310,311호 일부 (중부동)", "수정일자": 20231018, "X좌표": 1139264.5718960101, "Y좌표": 1705912.8722079999, "집계구코드": 38100590010001, "읍면동": "경상남도_양산시_양주동" }, "geometry": { "type": "Point", "coordinates": [ 129.032447847258453, 35.339113349916971 ] } },
{ "type": "Feature", "properties": { "결과": "O", "행정구역명": "양산시", "학원교습소명": "학원", "학원명": "스터디카페&탑플레이스독서실", "분야명": "독서실", "교습계열명": "독서", "교습과정목록명": "독서실", "교습과정명": "독서실", "도로명주소": "경상남도 양산시 양주로 156", "도로명상세주소": ", 123동(상가동) 403호 (중부동, 대동황토방아파트)", "수정일자": 20260419, "X좌표": 1139264.5718960101, "Y좌표": 1705912.8722079999, "집계구코드": 38100590010001, "읍면동": "경상남도_양산시_양주동" }, "geometry": { "type": "Point", "coordinates": [ 129.032447847258453, 35.339113349916971 ] } },
{ "type": "Feature", "properties": { "결과": "O", "행정구역명": "양산시", "학원교습소명": "학원", "학원명": "웅진씽크빅학습센터대동학원", "분야명": "입시.검정 및 보습", "교습계열명": "보통교과", "교습과정목록명": "보습", "교습과정명": "보습", "도로명주소": "경상남도 양산시 양주로 156", "도로명상세주소": ", 대동황토방아파트 상가 502호 (중부동)", "수정일자": 20251026, "X좌표": 1139264.5718960101, "Y좌표": 1705912.8722079999, "집계구코드": 38100590010001, "읍면동": "경상남도_양산시_양주동" }, "geometry": { "type": "Point", "coordinates": [ 129.032447847258453, 35.339113349916971 ] } },
{ "type": "Feature", "properties": { "결과": "O", "행정구역명": "양산시", "학원교습소명": "학원", "학원명": "인벤션음악학원", "분야명": "예능(대)", "교습계열명": "예능(중)", "교습과정목록명": "음악", "교습과정명": "음악", "도로명주소": "경상남도 양산시 양주로 156", "도로명상세주소": ", 304호, 305호 (중부동, 대동황토방아파트상가)", "수정일자": 20240825, "X좌표": 1139264.5718960101, "Y좌표": 1705912.8722079999, "집계구코드": 38100590010001, "읍면동": "경상남도_양산시_양주동" }, "geometry": { "type": "Point", "coordinates": [ 129.032447847258453, 35.339113349916971 ] } },
{ "type": "Feature", "properties": { "결과": "O", "행정구역명": "양산시", "학원교습소명": "학원", "학원명": "펀(FUN)수학펀영어학원", "분야명": "입시.검정 및 보습", "교습계열명": "보통교과", "교습과정목록명": "보습", "교습과정명": "보습", "도로명주소": "경상남도 양산시 양주로 156", "도로명상세주소": ", 대동황토방아파트123동(상가동) 202,203,204호 (중부동)", "수정일자": 20260215, "X좌표": 1139264.5718960101, "Y좌표": 1705912.8722079999, "집계구코드": 38100590010001, "읍면동": "경상남도_양산시_양주동" }, "geometry": { "type": "Point", "coordinates": [ 129.032447847258453, 35.339113349916971 ] } },
{ "type": "Feature", "properties": { "결과": "O", "행정구역명": "양산시", "학원교습소명": "교습소", "학원명": "오름국어교습소", "분야명": "입시.검정 및 보습", "교습계열명": "보통교과", "교습과정목록명": "고등국어내신모의고사1", "교습과정명": "보습", "도로명주소": "경상남도 양산시 양주로 18", "도로명상세주소": "(남부동) 상록경남아너스빌 상가동207호", "수정일자": 20250907, "X좌표": 1138630.4884158799, "Y좌표": 1705087.1841820099, "집계구코드": 38100590010301, "읍면동": "경상남도_양산시_양주동" }, "geometry": { "type": "Point", "coordinates": [ 129.025332806907045, 35.331759056169723 ] } },
{ "type": "Feature", "properties": { "결과": "O", "행정구역명": "양산시", "학원교습소명": "교습소", "학원명": "조쌤수학교습소", "분야명": "입시.검정 및 보습", "교습계열명": null, "교습과정목록명": null, "교습과정명": null, "도로명주소": "경상남도 양산시 양주로 18", "도로명상세주소": "(남부동) 경남아너스빌상가동 203호", "수정일자": 20231018, "X좌표": 1138630.4884158799, "Y좌표": 1705087.1841820099, "집계구코드": 38100590010301, "읍면동": "경상남도_양산시_양주동" }, "geometry": { "type": "Point", "coordinates": [ 129.025332806907045, 35.331759056169723 ] } },
{ "type": "Feature", "properties": { "결과": "O", "행정구역명": "양산시", "학원교습소명": "교습소", "학원명": "조쌤영어교습소", "분야명": "입시.검정 및 보습", "교습계열명": null, "교습과정목록명": null, "교습과정명": null, "도로명주소": "경상남도 양산시 양주로 18", "도로명상세주소": ", 경남아너스빌 상가동 204호(남부동)(남부동)", "수정일자": 20260607, "X좌표": 1138630.4884158799, "Y좌표": 1705087.1841820099, "집계구코드": 38100590010301, "읍면동": "경상남도_양산시_양주동" }, "geometry": { "type": "Point", "coordinates": [ 129.025332806907045, 35.331759056169723 ] } },
{ "type": "Feature", "properties": { "결과": "O", "행정구역명": "양산시", "학원교습소명": "교습소", "학원명": "풀찬수학교습소", "분야명": "입시.검정 및 보습", "교습계열명": "보통교과", "교습과정목록명": null, "교습과정명": "보습", "도로명주소": "경상남도 양산시 양주로 18", "도로명상세주소": ", 상록경남아너스빌 상가 206호 (남부동)", "수정일자": 20231018, "X좌표": 1138630.4884158799, "Y좌표": 1705087.1841820099, "집계구코드": 38100590010301, "읍면동": "경상남도_양산시_양주동" }, "geometry": { "type": "Point", "coordinates": [ 129.025332806907045, 35.331759056169723 ] } },
{ "type": "Feature", "properties": { "결과": "O", "행정구역명": "양산시", "학원교습소명": "교습소", "학원명": "허쌤수학교습소", "분야명": "입시.검정 및 보습", "교습계열명": "보통교과", "교습과정목록명": "중등수학", "교습과정명": "보습", "도로명주소": "경상남도 양산시 양주로 18", "도로명상세주소": "상록경남아너스빌 상가동 208호(남부동)", "수정일자": 20250518, "X좌표": 1138630.4884158799, "Y좌표": 1705087.1841820099, "집계구코드": 38100590010301, "읍면동": "경상남도_양산시_양주동" }, "geometry": { "type": "Point", "coordinates": [ 129.025332806907045, 35.331759056169723 ] } },
{ "type": "Feature", "properties": { "결과": "O", "행정구역명": "양산시", "학원교습소명": "교습소", "학원명": "리드인독서테라피국어교습소", "분야명": "입시.검정 및 보습", "교습계열명": "보통교과", "교습과정목록명": null, "교습과정명": "보습", "도로명주소": "경상남도 양산시 양주로 32-1", "도로명상세주소": ", 112동 205호 (남부동, 양산신도시동원로얄듀크)", "수정일자": 20231018, "X좌표": 1138827.93447616, "Y좌표": 1705007.0581262901, "집계구코드": 38100590010402, "읍면동": "경상남도_양산시_양주동" }, "geometry": { "type": "Point", "coordinates": [ 129.02749100052705, 35.33100939485383 ] } },
{ "type": "Feature", "properties": { "결과": "O", "행정구역명": "양산시", "학원교습소명": "교습소", "학원명": "에스와이수학교습소", "분야명": "입시.검정 및 보습", "교습계열명": "보통교과", "교습과정목록명": "초등수학", "교습과정명": "보습", "도로명주소": "경상남도 양산시 양주로 32-1", "도로명상세주소": ", 112동(상가동), 204호 (남부동, 양산신도시동원로얄듀크)", "수정일자": 20250223, "X좌표": 1138827.93447616, "Y좌표": 1705007.0581262901, "집계구코드": 38100590010402, "읍면동": "경상남도_양산시_양주동" }, "geometry": { "type": "Point", "coordinates": [ 129.02749100052705, 35.33100939485383 ] } },
{ "type": "Feature", "properties": { "결과": "O", "행정구역명": "양산시", "학원교습소명": "교습소", "학원명": "봉샘국어교습소", "분야명": "입시.검정 및 보습", "교습계열명": "보통교과", "교습과정목록명": null, "교습과정명": "보습", "도로명주소": "경상남도 양산시 양주로 33", "도로명상세주소": ", 상가동 206호 (남부동, 양산1차 이-편한세상)", "수정일자": 20231018, "X좌표": 1138619.6741110701, "Y좌표": 1705360.3470195199, "집계구코드": 38100590010503, "읍면동": "경상남도_양산시_양주동" }, "geometry": { "type": "Point", "coordinates": [ 129.025260125011897, 35.334222776218922 ] } },
{ "type": "Feature", "properties": { "결과": "O", "행정구역명": "양산시", "학원교습소명": "교습소", "학원명": "이화미술교습소", "분야명": "예능(대)", "교습계열명": "예능(중)", "교습과정목록명": "초급1", "교습과정명": "미술", "도로명주소": "경상남도 양산시 양주로 33", "도로명상세주소": ", 양산1차 이-편한세상 상가동 205 (남부동, 양산1차 이-편한세상)", "수정일자": 20231018, "X좌표": 1138619.6741110701, "Y좌표": 1705360.3470195199, "집계구코드": 38100590010503, "읍면동": "경상남도_양산시_양주동" }, "geometry": { "type": "Point", "coordinates": [ 129.025260125011897, 35.334222776218922 ] } },
{ "type": "Feature", "properties": { "결과": "O", "행정구역명": "양산시", "학원교습소명": "학원", "학원명": "소리나무음악학원", "분야명": "예능(대)", "교습계열명": "예능(중)", "교습과정목록명": "음악", "교습과정명": "음악", "도로명주소": "경상남도 양산시 양주로 33", "도로명상세주소": ", 상가동 201호, 202호, 203호 (남부동, 양산1차 이-편한세상)", "수정일자": 20260118, "X좌표": 1138619.6741110701, "Y좌표": 1705360.3470195199, "집계구코드": 38100590010503, "읍면동": "경상남도_양산시_양주동" }, "geometry": { "type": "Point", "coordinates": [ 129.025260125011897, 35.334222776218922 ] } },
{ "type": "Feature", "properties": { "결과": "O", "행정구역명": "양산시", "학원교습소명": "학원", "학원명": "신양해법영어학원", "분야명": "입시.검정 및 보습", "교습계열명": "보통교과", "교습과정목록명": "보습", "교습과정명": "보습", "도로명주소": "경상남도 양산시 양주로 33", "도로명상세주소": ", 상가동 207호, 208호, 209호  (남부동, 양산1차 이-편한세상)", "수정일자": 20260315, "X좌표": 1138619.6741110701, "Y좌표": 1705360.3470195199, "집계구코드": 38100590010503, "읍면동": "경상남도_양산시_양주동" }, "geometry": { "type": "Point", "coordinates": [ 129.025260125011897, 35.334222776218922 ] } },
{ "type": "Feature", "properties": { "결과": "O", "행정구역명": "양산시", "학원교습소명": "교습소", "학원명": "일대일수학교습소", "분야명": "입시.검정 및 보습", "교습계열명": null, "교습과정목록명": null, "교습과정명": null, "도로명주소": "경상남도 양산시 양주로 36", "도로명상세주소": ", 402호 일부 402-1호(남부동)(남부동)", "수정일자": 20260517, "X좌표": 1138792.36565331, "Y좌표": 1705060.19575305, "집계구코드": 38100590010009, "읍면동": "경상남도_양산시_양주동" }, "geometry": { "type": "Point", "coordinates": [ 129.027108780113423, 35.331493306829046 ] } },
{ "type": "Feature", "properties": { "결과": "O", "행정구역명": "양산시", "학원교습소명": "교습소", "학원명": "프라우드영어교습소", "분야명": "입시.검정 및 보습", "교습계열명": null, "교습과정목록명": null, "교습과정명": null, "도로명주소": "경상남도 양산시 양주로 36", "도로명상세주소": "203호(남부동)", "수정일자": 20250316, "X좌표": 1138792.36565331, "Y좌표": 1705060.19575305, "집계구코드": 38100590010009, "읍면동": "경상남도_양산시_양주동" }, "geometry": { "type": "Point", "coordinates": [ 129.027108780113423, 35.331493306829046 ] } },
{ "type": "Feature", "properties": { "결과": "O", "행정구역명": "양산시", "학원교습소명": "학원", "학원명": "더배움수학전문학원", "분야명": "입시.검정 및 보습", "교습계열명": "보통교과", "교습과정목록명": "보습", "교습과정명": "보습", "도로명주소": "경상남도 양산시 양주로 36", "도로명상세주소": ", 양우빌딩 302호 (남부동)", "수정일자": 20260517, "X좌표": 1138792.36565331, "Y좌표": 1705060.19575305, "집계구코드": 38100590010009, "읍면동": "경상남도_양산시_양주동" }, "geometry": { "type": "Point", "coordinates": [ 129.027108780113423, 35.331493306829046 ] } },
{ "type": "Feature", "properties": { "결과": "O", "행정구역명": "양산시", "학원교습소명": "학원", "학원명": "웅진씽크빅스마트올클래스양주학원", "분야명": "입시.검정 및 보습", "교습계열명": "보통교과", "교습과정목록명": "보습", "교습과정명": "보습", "도로명주소": "경상남도 양산시 양주로 36", "도로명상세주소": ", 201호 (남부동)", "수정일자": 20251026, "X좌표": 1138792.36565331, "Y좌표": 1705060.19575305, "집계구코드": 38100590010009, "읍면동": "경상남도_양산시_양주동" }, "geometry": { "type": "Point", "coordinates": [ 129.027108780113423, 35.331493306829046 ] } },
{ "type": "Feature", "properties": { "결과": "O", "행정구역명": "양산시", "학원교습소명": "교습소", "학원명": "선한국어교습소", "분야명": "입시.검정 및 보습", "교습계열명": null, "교습과정목록명": null, "교습과정명": null, "도로명주소": "경상남도 양산시 양주로 38", "도로명상세주소": ", 네오월드 203호 일부 (남부동)(남부동)", "수정일자": 20260517, "X좌표": 1138825.4904019199, "Y좌표": 1705055.4691798801, "집계구코드": 38100590010009, "읍면동": "경상남도_양산시_양주동" }, "geometry": { "type": "Point", "coordinates": [ 129.027472328894561, 35.331446098940162 ] } },
{ "type": "Feature", "properties": { "결과": "O", "행정구역명": "양산시", "학원교습소명": "교습소", "학원명": "소노르음악교습소", "분야명": "예능(대)", "교습계열명": "예능(중)", "교습과정목록명": "피아노초급", "교습과정명": "음악", "도로명주소": "경상남도 양산시 양주로 38", "도로명상세주소": ", 204호 일부 (남부동, 네오월드)", "수정일자": 20231018, "X좌표": 1138825.4904019199, "Y좌표": 1705055.4691798801, "집계구코드": 38100590010009, "읍면동": "경상남도_양산시_양주동" }, "geometry": { "type": "Point", "coordinates": [ 129.027472328894561, 35.331446098940162 ] } },
{ "type": "Feature", "properties": { "결과": "O", "행정구역명": "양산시", "학원교습소명": "학원", "학원명": "더원스터디라운지프리미엄독서실", "분야명": "독서실", "교습계열명": "독서", "교습과정목록명": "독서실", "교습과정명": "독서실", "도로명주소": "경상남도 양산시 양주로 38", "도로명상세주소": ", 304,305호 (남부동, 네오월드)", "수정일자": 20250727, "X좌표": 1138825.4904019199, "Y좌표": 1705055.4691798801, "집계구코드": 38100590010009, "읍면동": "경상남도_양산시_양주동" }, "geometry": { "type": "Point", "coordinates": [ 129.027472328894561, 35.331446098940162 ] } },
{ "type": "Feature", "properties": { "결과": "O", "행정구역명": "양산시", "학원교습소명": "학원", "학원명": "더타임(THE TIME)학원", "분야명": "입시.검정 및 보습", "교습계열명": "보통교과", "교습과정목록명": null, "교습과정명": "보습", "도로명주소": "경상남도 양산시 양주로 38", "도로명상세주소": ", 206호 (남부동, 네오월드)", "수정일자": 20231018, "X좌표": 1138825.4904019199, "Y좌표": 1705055.4691798801, "집계구코드": 38100590010009, "읍면동": "경상남도_양산시_양주동" }, "geometry": { "type": "Point", "coordinates": [ 129.027472328894561, 35.331446098940162 ] } },
{ "type": "Feature", "properties": { "결과": "O", "행정구역명": "양산시", "학원교습소명": "학원", "학원명": "메이트국어영어수학전문학원", "분야명": "입시.검정 및 보습", "교습계열명": "보통교과", "교습과정목록명": "보습", "교습과정명": "보습", "도로명주소": "경상남도 양산시 양주로 38", "도로명상세주소": ", 201호, 301호 (남부동, 네오월드)", "수정일자": 20250727, "X좌표": 1138825.4904019199, "Y좌표": 1705055.4691798801, "집계구코드": 38100590010009, "읍면동": "경상남도_양산시_양주동" }, "geometry": { "type": "Point", "coordinates": [ 129.027472328894561, 35.331446098940162 ] } },
{ "type": "Feature", "properties": { "결과": "O", "행정구역명": "양산시", "학원교습소명": "학원", "학원명": "뮤엠영어남부어학원", "분야명": "입시.검정 및 보습", "교습계열명": "보통교과", "교습과정목록명": "보습", "교습과정명": "보습", "도로명주소": "경상남도 양산시 양주로 38", "도로명상세주소": ", 네오월드 306호 (남부동, 네오월드)", "수정일자": 20260215, "X좌표": 1138825.4904019199, "Y좌표": 1705055.4691798801, "집계구코드": 38100590010009, "읍면동": "경상남도_양산시_양주동" }, "geometry": { "type": "Point", "coordinates": [ 129.027472328894561, 35.331446098940162 ] } },
{ "type": "Feature", "properties": { "결과": "O", "행정구역명": "양산시", "학원교습소명": "학원", "학원명": "정상영어수학학원", "분야명": "입시.검정 및 보습", "교습계열명": "보통교과", "교습과정목록명": "보습", "교습과정명": "보습", "도로명주소": "경상남도 양산시 양주로 38", "도로명상세주소": "205호(남부동)", "수정일자": 20241222, "X좌표": 1138825.4904019199, "Y좌표": 1705055.4691798801, "집계구코드": 38100590010009, "읍면동": "경상남도_양산시_양주동" }, "geometry": { "type": "Point", "coordinates": [ 129.027472328894561, 35.331446098940162 ] } },
{ "type": "Feature", "properties": { "결과": "O", "행정구역명": "양산시", "학원교습소명": "학원", "학원명": "클랑음악학원", "분야명": "예능(대)", "교습계열명": "예능(중)", "교습과정목록명": "음악", "교습과정명": "음악", "도로명주소": "경상남도 양산시 양주로 38", "도로명상세주소": ", 네오월드 202호 (남부동)", "수정일자": 20260802, "X좌표": 1138825.4904019199, "Y좌표": 1705055.4691798801, "집계구코드": 38100590010009, "읍면동": "경상남도_양산시_양주동" }, "geometry": { "type": "Point", "coordinates": [ 129.027472328894561, 35.331446098940162 ] } },
{ "type": "Feature", "properties": { "결과": "O", "행정구역명": "양산시", "학원교습소명": "학원", "학원명": "빡공영수전문학원", "분야명": "입시.검정 및 보습", "교습계열명": "보통교과", "교습과정목록명": "보습", "교습과정명": "보습", "도로명주소": "경상남도 양산시 양주로 42", "도로명상세주소": ", 301 (남부동, 한울빌딩)", "수정일자": 20250720, "X좌표": 1138857.2180019601, "Y좌표": 1705055.93423813, "집계구코드": 38100590010009, "읍면동": "경상남도_양산시_양주동" }, "geometry": { "type": "Point", "coordinates": [ 129.027821390323453, 35.331445880192895 ] } },
{ "type": "Feature", "properties": { "결과": "O", "행정구역명": "양산시", "학원교습소명": "학원", "학원명": "엠제이영어학원", "분야명": "입시.검정 및 보습", "교습계열명": null, "교습과정목록명": null, "교습과정명": null, "도로명주소": "경상남도 양산시 양주로 42", "도로명상세주소": "한울빌딩 304호(남부동)", "수정일자": 20250316, "X좌표": 1138857.2180019601, "Y좌표": 1705055.93423813, "집계구코드": 38100590010009, "읍면동": "경상남도_양산시_양주동" }, "geometry": { "type": "Point", "coordinates": [ 129.027821390323453, 35.331445880192895 ] } },
{ "type": "Feature", "properties": { "결과": "O", "행정구역명": "양산시", "학원교습소명": "학원", "학원명": "이티영수학원", "분야명": "입시.검정 및 보습", "교습계열명": "보통교과", "교습과정목록명": "보습", "교습과정명": "보습", "도로명주소": "경상남도 양산시 양주로 42", "도로명상세주소": ", 303호(남부동)", "수정일자": 20260802, "X좌표": 1138857.2180019601, "Y좌표": 1705055.93423813, "집계구코드": 38100590010009, "읍면동": "경상남도_양산시_양주동" }, "geometry": { "type": "Point", "coordinates": [ 129.027821390323453, 35.331445880192895 ] } },
{ "type": "Feature", "properties": { "결과": "O", "행정구역명": "양산시", "학원교습소명": "학원", "학원명": "인클래스학원", "분야명": "입시.검정 및 보습", "교습계열명": "보통교과", "교습과정목록명": "보습", "교습과정명": "보습", "도로명주소": "경상남도 양산시 양주로 42", "도로명상세주소": ", 204호 (남부동, 한울빌딩)", "수정일자": 20250727, "X좌표": 1138857.2180019601, "Y좌표": 1705055.93423813, "집계구코드": 38100590010009, "읍면동": "경상남도_양산시_양주동" }, "geometry": { "type": "Point", "coordinates": [ 129.027821390323453, 35.331445880192895 ] } },
{ "type": "Feature", "properties": { "결과": "O", "행정구역명": "양산시", "학원교습소명": "교습소", "학원명": "마이영어교습소", "분야명": "입시.검정 및 보습", "교습계열명": null, "교습과정목록명": null, "교습과정명": null, "도로명주소": "경상남도 양산시 양주로 46", "도로명상세주소": "3층 301호(남부동)", "수정일자": 20240630, "X좌표": 1138898.1444228799, "Y좌표": 1705045.91021228, "집계구코드": 38100590010009, "읍면동": "경상남도_양산시_양주동" }, "geometry": { "type": "Point", "coordinates": [ 129.028269852516473, 35.331349835393333 ] } },
{ "type": "Feature", "properties": { "결과": "O", "행정구역명": "양산시", "학원교습소명": "교습소", "학원명": "한체대수학교습소", "분야명": "입시.검정 및 보습", "교습계열명": null, "교습과정목록명": "초등 수학", "교습과정명": null, "도로명주소": "경상남도 양산시 양주로 46", "도로명상세주소": "401호 일부", "수정일자": 20231018, "X좌표": 1138898.1444228799, "Y좌표": 1705045.91021228, "집계구코드": 38100590010009, "읍면동": "경상남도_양산시_양주동" }, "geometry": { "type": "Point", "coordinates": [ 129.028269852516473, 35.331349835393333 ] } },
{ "type": "Feature", "properties": { "결과": "O", "행정구역명": "양산시", "학원교습소명": "학원", "학원명": "대교하이캠퍼스양산남부학원", "분야명": "입시.검정 및 보습", "교습계열명": "보통교과", "교습과정목록명": "보습", "교습과정명": "보습", "도로명주소": "경상남도 양산시 양주로 46", "도로명상세주소": "302호, 303호(남부동)", "수정일자": 20251005, "X좌표": 1138898.1444228799, "Y좌표": 1705045.91021228, "집계구코드": 38100590010009, "읍면동": "경상남도_양산시_양주동" }, "geometry": { "type": "Point", "coordinates": [ 129.028269852516473, 35.331349835393333 ] } },
{ "type": "Feature", "properties": { "결과": "O", "행정구역명": "양산시", "학원교습소명": "학원", "학원명": "리즈영수학원", "분야명": "입시.검정 및 보습", "교습계열명": "보통교과", "교습과정목록명": "보습", "교습과정명": "보습", "도로명주소": "경상남도 양산시 양주로 46", "도로명상세주소": "501호", "수정일자": 20251228, "X좌표": 1138898.1444228799, "Y좌표": 1705045.91021228, "집계구코드": 38100590010009, "읍면동": "경상남도_양산시_양주동" }, "geometry": { "type": "Point", "coordinates": [ 129.028269852516473, 35.331349835393333 ] } },
{ "type": "Feature", "properties": { "결과": "O", "행정구역명": "양산시", "학원교습소명": "학원", "학원명": "엠플러스수학전문학원", "분야명": "입시.검정 및 보습", "교습계열명": "보통교과", "교습과정목록명": "보습", "교습과정명": "보습", "도로명주소": "경상남도 양산시 양주로 46", "도로명상세주소": ", , 503호 (남부동) (남부동)", "수정일자": 20260111, "X좌표": 1138898.1444228799, "Y좌표": 1705045.91021228, "집계구코드": 38100590010009, "읍면동": "경상남도_양산시_양주동" }, "geometry": { "type": "Point", "coordinates": [ 129.028269852516473, 35.331349835393333 ] } },
{ "type": "Feature", "properties": { "결과": "O", "행정구역명": "양산시", "학원교습소명": "학원", "학원명": "잉글리쉬무무양산학원", "분야명": "입시.검정 및 보습", "교습계열명": "보통교과", "교습과정목록명": "보습", "교습과정명": "보습", "도로명주소": "경상남도 양산시 양주로 46", "도로명상세주소": ", 502호 (남부동)", "수정일자": 20250907, "X좌표": 1138898.1444228799, "Y좌표": 1705045.91021228, "집계구코드": 38100590010009, "읍면동": "경상남도_양산시_양주동" }, "geometry": { "type": "Point", "coordinates": [ 129.028269852516473, 35.331349835393333 ] } },
{ "type": "Feature", "properties": { "결과": "O", "행정구역명": "양산시", "학원교습소명": "교습소", "학원명": "뮤엠영어삽량점영어교습소", "분야명": "입시.검정 및 보습", "교습계열명": "보통교과", "교습과정목록명": "초등영어E", "교습과정명": "보습", "도로명주소": "경상남도 양산시 양주로 62", "도로명상세주소": "양산물금7단지휴먼시아아파트 주상가동 302호(남부동)", "수정일자": 20250302, "X좌표": 1139042.6453548199, "Y좌표": 1705047.9365437699, "집계구코드": 38100590010201, "읍면동": "경상남도_양산시_양주동" }, "geometry": { "type": "Point", "coordinates": [ 129.0298596079449, 35.331347993594406 ] } },
{ "type": "Feature", "properties": { "결과": "O", "행정구역명": "양산시", "학원교습소명": "교습소", "학원명": "미래엔영어양산삽량초점영어교습소", "분야명": "입시.검정 및 보습", "교습계열명": "보통교과", "교습과정목록명": "초등집중", "교습과정명": "보습", "도로명주소": "경상남도 양산시 양주로 62", "도로명상세주소": "양산물금주공7단지 주상가동 207호(남부동)", "수정일자": 20260308, "X좌표": 1139042.6453548199, "Y좌표": 1705047.9365437699, "집계구코드": 38100590010201, "읍면동": "경상남도_양산시_양주동" }, "geometry": { "type": "Point", "coordinates": [ 129.0298596079449, 35.331347993594406 ] } },
{ "type": "Feature", "properties": { "결과": "O", "행정구역명": "양산시", "학원교습소명": "교습소", "학원명": "윤쌤수학교습소", "분야명": "입시.검정 및 보습", "교습계열명": "보통교과", "교습과정목록명": "수학1", "교습과정명": "보습", "도로명주소": "경상남도 양산시 양주로 62", "도로명상세주소": ", 주상가동 301호 (남부동, 양산물금7단지휴먼시아아파트)", "수정일자": 20260405, "X좌표": 1139042.6453548199, "Y좌표": 1705047.9365437699, "집계구코드": 38100590010201, "읍면동": "경상남도_양산시_양주동" }, "geometry": { "type": "Point", "coordinates": [ 129.0298596079449, 35.331347993594406 ] } },
{ "type": "Feature", "properties": { "결과": "O", "행정구역명": "양산시", "학원교습소명": "학원", "학원명": "명성음악학원", "분야명": "예능(대)", "교습계열명": "예능(중)", "교습과정목록명": "음악", "교습과정명": "음악", "도로명주소": "경상남도 양산시 양주로 62", "도로명상세주소": ", 303호 (남부동, 양산물금7단지휴먼시아아파트)", "수정일자": 20260118, "X좌표": 1139042.6453548199, "Y좌표": 1705047.9365437699, "집계구코드": 38100590010201, "읍면동": "경상남도_양산시_양주동" }, "geometry": { "type": "Point", "coordinates": [ 129.0298596079449, 35.331347993594406 ] } },
{ "type": "Feature", "properties": { "결과": "O", "행정구역명": "양산시", "학원교습소명": "교습소", "학원명": "따뜻한수학교습소", "분야명": "입시.검정 및 보습", "교습계열명": "보통교과", "교습과정목록명": "초등수학(1)", "교습과정명": "보습", "도로명주소": "경상남도 양산시 양주로 98", "도로명상세주소": "양산신도시청어람 상가동 201호(남부동)", "수정일자": 20231018, "X좌표": 1139223.6375837501, "Y좌표": 1705341.2701004699, "집계구코드": 38100590010103, "읍면동": "경상남도_양산시_양주동" }, "geometry": { "type": "Point", "coordinates": [ 129.031900297589686, 35.33396680453351 ] } },
{ "type": "Feature", "properties": { "결과": "O", "행정구역명": "양산시", "학원교습소명": "교습소", "학원명": "으뜸수학교습소", "분야명": "입시.검정 및 보습", "교습계열명": "보통교과", "교습과정목록명": null, "교습과정명": "보습", "도로명주소": "경상남도 양산시 양주로 98", "도로명상세주소": ", 양산신도시아파트청어람 상가동 210호 일부, 211호 일부 (남부동, 양산신도시아파트청어람)", "수정일자": 20231018, "X좌표": 1139223.6375837501, "Y좌표": 1705341.2701004699, "집계구코드": 38100590010103, "읍면동": "경상남도_양산시_양주동" }, "geometry": { "type": "Point", "coordinates": [ 129.031900297589686, 35.33396680453351 ] } },
{ "type": "Feature", "properties": { "결과": "O", "행정구역명": "양산시", "학원교습소명": "교습소", "학원명": "젬마미술교습소", "분야명": "예능(대)", "교습계열명": "예능(중)", "교습과정목록명": "초급", "교습과정명": "미술", "도로명주소": "경상남도 양산시 양주로 98", "도로명상세주소": ", 청어람아파트상가 208호 (남부동, 양산신도시아파트청어람)", "수정일자": 20240428, "X좌표": 1139223.6375837501, "Y좌표": 1705341.2701004699, "집계구코드": 38100590010103, "읍면동": "경상남도_양산시_양주동" }, "geometry": { "type": "Point", "coordinates": [ 129.031900297589686, 35.33396680453351 ] } },
{ "type": "Feature", "properties": { "결과": "O", "행정구역명": "양산시", "학원교습소명": "교습소", "학원명": "청어람통문장영어교습소", "분야명": "입시.검정 및 보습", "교습계열명": "보통교과", "교습과정목록명": "예비중영어", "교습과정명": "보습", "도로명주소": "경상남도 양산시 양주로 98", "도로명상세주소": ", 양산신도시아파트청어람상가동 210호 일부 (남부동)", "수정일자": 20251221, "X좌표": 1139223.6375837501, "Y좌표": 1705341.2701004699, "집계구코드": 38100590010103, "읍면동": "경상남도_양산시_양주동" }, "geometry": { "type": "Point", "coordinates": [ 129.031900297589686, 35.33396680453351 ] } },
{ "type": "Feature", "properties": { "결과": "O", "행정구역명": "양산시", "학원교습소명": "교습소", "학원명": "청어람해법영어교습소", "분야명": "입시.검정 및 보습", "교습계열명": "보통교과", "교습과정목록명": "영어(고등)", "교습과정명": "보습", "도로명주소": "경상남도 양산시 양주로 98", "도로명상세주소": ", 211호 일부 (남부동, 양산신도시아파트청어람)", "수정일자": 20260322, "X좌표": 1139223.6375837501, "Y좌표": 1705341.2701004699, "집계구코드": 38100590010103, "읍면동": "경상남도_양산시_양주동" }, "geometry": { "type": "Point", "coordinates": [ 129.031900297589686, 35.33396680453351 ] } },
{ "type": "Feature", "properties": { "결과": "O", "행정구역명": "양산시", "학원교습소명": "학원", "학원명": "체리쉬음악학원", "분야명": "예능(대)", "교습계열명": "예능(중)", "교습과정목록명": "음악", "교습과정명": "음악", "도로명주소": "경상남도 양산시 양주로 98", "도로명상세주소": ", 205호, 206호 (남부동)", "수정일자": 20250420, "X좌표": 1139223.6375837501, "Y좌표": 1705341.2701004699, "집계구코드": 38100590010103, "읍면동": "경상남도_양산시_양주동" }, "geometry": { "type": "Point", "coordinates": [ 129.031900297589686, 35.33396680453351 ] } },
{ "type": "Feature", "properties": { "결과": "O", "행정구역명": "양산시", "학원교습소명": "교습소", "학원명": "삼성영어셀레나삽량영어교습소", "분야명": "입시.검정 및 보습", "교습계열명": "보통교과", "교습과정목록명": "초등영어(기본)", "교습과정명": "보습", "도로명주소": "경상남도 양산시 양주로 99", "도로명상세주소": ", 양산신도시쌍용아파트 상가동 203호 (남부동, 양산신도시쌍용아파트)", "수정일자": 20240616, "X좌표": 1139190.71728978, "Y좌표": 1705349.51008304, "집계구코드": 38100590010704, "읍면동": "경상남도_양산시_양주동" }, "geometry": { "type": "Point", "coordinates": [ 129.031539587170357, 35.334045666311589 ] } },
{ "type": "Feature", "properties": { "결과": "O", "행정구역명": "양산시", "학원교습소명": "학원", "학원명": "모브학원", "분야명": "종합(대)", "교습계열명": null, "교습과정목록명": "보습", "교습과정명": null, "도로명주소": "경상남도 양산시 웅상대로 1045", "도로명상세주소": ", 2층 (주진동)", "수정일자": 20240310, "X좌표": 1150596.0280574299, "Y좌표": 1712003.6131533301, "집계구코드": 38100550020003, "읍면동": "경상남도_양산시_소주동" }, "geometry": { "type": "Point", "coordinates": [ 129.158215378976081, 35.39236515119655 ] } },
{ "type": "Feature", "properties": { "결과": "O", "행정구역명": "양산시", "학원교습소명": "학원", "학원명": "무지개음악학원", "분야명": "예능(대)", "교습계열명": "예능(중)", "교습과정목록명": "음악,", "교습과정명": "음악", "도로명주소": "경상남도 양산시 웅상대로 866", "도로명상세주소": ", 6호동 206호, 207호 (덕계동, 대승하이아트)", "수정일자": 20231018, "X좌표": 1150582.0818897199, "Y좌표": 1710150.59078759, "집계구코드": 38100570030601, "읍면동": "경상남도_양산시_덕계동" }, "geometry": { "type": "Point", "coordinates": [ 129.157720072062062, 35.375665814274434 ] } },
{ "type": "Feature", "properties": { "결과": "O", "행정구역명": "양산시", "학원교습소명": "학원", "학원명": "GnB어학&자이수학학원", "분야명": "종합(대)", "교습계열명": null, "교습과정목록명": "보습,실용외국어(유아/초·중·고)", "교습과정명": null, "도로명주소": "경상남도 양산시 중앙로 248", "도로명상세주소": ", 302호 (신기동)", "수정일자": 20251228, "X좌표": 1140088.6665767201, "Y좌표": 1707386.8729975999, "집계구코드": 38100520010001, "읍면동": "경상남도_양산시_삼성동" }, "geometry": { "type": "Point", "coordinates": [ 129.041765623200575, 35.352284197011386 ] } },
{ "type": "Feature", "properties": { "결과": "O", "행정구역명": "양산시", "학원교습소명": "학원", "학원명": "뉴쉐마연기학원", "분야명": "기타(대)", "교습계열명": "기타(중)", "교습과정목록명": "연극,", "교습과정명": "연극", "도로명주소": "경상남도 양산시 중앙로 40", "도로명상세주소": ", 402호 (남부동, 학산빌딩)", "수정일자": 20231018, "X좌표": 1139860.5964806799, "Y좌표": 1705425.44973339, "집계구코드": 38100580020002, "읍면동": "경상남도_양산시_중앙동" }, "geometry": { "type": "Point", "coordinates": [ 129.038920997856877, 35.334636570261949 ] } },
{ "type": "Feature", "properties": { "결과": "O", "행정구역명": "양산시", "학원교습소명": "학원", "학원명": "이화음악학원", "분야명": "예능(대)", "교습계열명": "예능(중)", "교습과정목록명": null, "교습과정명": "예능(중)", "도로명주소": "경상남도 양산시 평산13길 7", "도로명상세주소": "(평산동, 영신침례교회)", "수정일자": 20231018, "X좌표": 1149618.2074319599, "Y좌표": 1710752.4327742399, "집계구코드": 38100560050001, "읍면동": "경상남도_양산시_평산동" }, "geometry": { "type": "Point", "coordinates": [ 129.147223219647913, 35.381235392731853 ] } },
{ "type": "Feature", "properties": { "결과": "O", "행정구역명": "양산시", "학원교습소명": "학원", "학원명": "옥스퍼드영재어학원", "분야명": "종합(대)", "교습계열명": "보통교과", "교습과정목록명": null, "교습과정명": "보습", "도로명주소": "경상남도 양산시 평산6길 11", "도로명상세주소": ", 2층 (평산동, 마임)", "수정일자": 20260322, "X좌표": 1149958.77874298, "Y좌표": 1710906.1381802601, "집계구코드": 38100560040001, "읍면동": "경상남도_양산시_평산동" }, "geometry": { "type": "Point", "coordinates": [ 129.150999587630196, 35.382569587435462 ] } },
{ "type": "Feature", "properties": { "결과": "O", "행정구역명": "양산시", "학원교습소명": "학원", "학원명": "대한중국어학원", "분야명": "국제화", "교습계열명": "외국어", "교습과정목록명": "실용외국어(유아/초·중·고)", "교습과정명": "실용외국어(유아/초·중·고)", "도로명주소": "경상남도 양산시 평산6길 13", "도로명상세주소": ", 3층일부(좌측실) (평산동)", "수정일자": 20231224, "X좌표": 1149964.0085617099, "Y좌표": 1710930.8431774799, "집계구코드": 38100560040001, "읍면동": "경상남도_양산시_평산동" }, "geometry": { "type": "Point", "coordinates": [ 129.1510616829936, 35.382791469727657 ] } },
{ "type": "Feature", "properties": { "결과": "O", "행정구역명": "양산시", "학원교습소명": "학원", "학원명": "김정영영수전문학원", "분야명": "입시.검정 및 보습", "교습계열명": "보통교과", "교습과정목록명": "보습,", "교습과정명": "보습", "도로명주소": "경상남도 양산시 평산남4길 8", "도로명상세주소": ", 2층 (평산동)", "수정일자": 20231018, "X좌표": 1149858.17940694, "Y좌표": 1710344.07663694, "집계구코드": 38100560010001, "읍면동": "경상남도_양산시_평산동" }, "geometry": { "type": "Point", "coordinates": [ 129.149789272239047, 35.377518783883424 ] } },
{ "type": "Feature", "properties": { "결과": "O", "행정구역명": "양산시", "학원교습소명": "학원", "학원명": "성쌤영어학원", "분야명": "입시.검정 및 보습", "교습계열명": null, "교습과정목록명": null, "교습과정명": null, "도로명주소": "경상남도 양산시 평산남4길 9", "도로명상세주소": "2층(평산동)", "수정일자": 20260712, "X좌표": 1149905.7551266099, "Y좌표": 1710386.0915377501, "집계구코드": 38100560010001, "읍면동": "경상남도_양산시_평산동" }, "geometry": { "type": "Point", "coordinates": [ 129.150320552468145, 35.377890317866402 ] } },
{ "type": "Feature", "properties": { "결과": "O", "행정구역명": "양산시", "학원교습소명": "학원", "학원명": "늘춤무용학원", "분야명": "예능(대)", "교습계열명": "예능(중)", "교습과정목록명": "무용", "교습과정명": "무용", "도로명주소": "경상남도 양산시 평산남로 71", "도로명상세주소": "2층 202호(평산동)", "수정일자": 20251221, "X좌표": 1149776.20162103, "Y좌표": 1710302.4942018499, "집계구코드": 38100560010001, "읍면동": "경상남도_양산시_평산동" }, "geometry": { "type": "Point", "coordinates": [ 129.148879485349084, 35.377156313524978 ] } },
{ "type": "Feature", "properties": { "결과": "O", "행정구역명": "양산시", "학원교습소명": "학원", "학원명": "잉글리쉬톡톡원쌤수학원", "분야명": "입시.검정 및 보습", "교습계열명": "보통교과", "교습과정목록명": "보습", "교습과정명": "보습", "도로명주소": "경상남도 양산시 평산로 101-6", "도로명상세주소": ", 202호 (평산동)", "수정일자": 20260614, "X좌표": 1149286.43103191, "Y좌표": 1710794.3550076799, "집계구코드": 38100560050003, "읍면동": "경상남도_양산시_평산동" }, "geometry": { "type": "Point", "coordinates": [ 129.14357953154439, 35.381662981231649 ] } },
{ "type": "Feature", "properties": { "결과": "O", "행정구역명": "양산시", "학원교습소명": "학원", "학원명": "유앤아이음악학원", "분야명": "예능(대)", "교습계열명": "예능(중)", "교습과정목록명": "음악,", "교습과정명": "음악", "도로명주소": "경상남도 양산시 평산로 116", "도로명상세주소": ", 상가동 206호 (평산동, 양산천성산한일유앤아이아파트)", "수정일자": 20231018, "X좌표": 1149147.49762295, "Y좌표": 1711083.30164059, "집계구코드": 38100560050606, "읍면동": "경상남도_양산시_평산동" }, "geometry": { "type": "Point", "coordinates": [ 129.142103282972158, 35.384288097647634 ] } },
{ "type": "Feature", "properties": { "결과": "O", "행정구역명": "양산시", "학원교습소명": "학원", "학원명": "NE능률영수학원", "분야명": "입시.검정 및 보습", "교습계열명": "보통교과", "교습과정목록명": "보습", "교습과정명": "보습", "도로명주소": "경상남도 양산시 평산로 116-1", "도로명상세주소": ", 한일프라자 204호 (평산동)", "수정일자": 20241222, "X좌표": 1149188.53591193, "Y좌표": 1710914.8887066999, "집계구코드": 38100560050001, "읍면동": "경상남도_양산시_평산동" }, "geometry": { "type": "Point", "coordinates": [ 129.142524169170031, 35.382764024933323 ] } },
{ "type": "Feature", "properties": { "결과": "O", "행정구역명": "양산시", "학원교습소명": "교습소", "학원명": "링키영어교습소", "분야명": "입시.검정 및 보습", "교습계열명": "보통교과", "교습과정목록명": "초등키즈영어1", "교습과정명": "보습", "도로명주소": "경상남도 양산시 평산로 118", "도로명상세주소": ", 상가동 203호 일부 (평산동, 양산천성산한일유앤아이아파트)", "수정일자": 20240428, "X좌표": 1149143.99703973, "Y좌표": 1710869.6442081199, "집계구코드": 38100560050001, "읍면동": "경상남도_양산시_평산동" }, "geometry": { "type": "Point", "coordinates": [ 129.142025722900655, 35.382362893629093 ] } },
{ "type": "Feature", "properties": { "결과": "O", "행정구역명": "양산시", "학원교습소명": "교습소", "학원명": "이노화실미술교습소", "분야명": "예능(대)", "교습계열명": "예능(중)", "교습과정목록명": "미술(고급)", "교습과정명": "미술", "도로명주소": "경상남도 양산시 평산로 118", "도로명상세주소": ", 양산청성산한일유앤아이 아파트 상가동 205호 (평산동, 양산천성산한일유앤아이아파트)", "수정일자": 20231018, "X좌표": 1149143.99703973, "Y좌표": 1710869.6442081199, "집계구코드": 38100560050001, "읍면동": "경상남도_양산시_평산동" }, "geometry": { "type": "Point", "coordinates": [ 129.142025722900655, 35.382362893629093 ] } },
{ "type": "Feature", "properties": { "결과": "O", "행정구역명": "양산시", "학원교습소명": "교습소", "학원명": "혜윰수학교습소", "분야명": "입시.검정 및 보습", "교습계열명": "보통교과", "교습과정목록명": "고등수학A", "교습과정명": "보습", "도로명주소": "경상남도 양산시 평산로 118", "도로명상세주소": ", 상가동 207호 (평산동, 양산천성산한일유앤아이아파트)", "수정일자": 20240825, "X좌표": 1149143.99703973, "Y좌표": 1710869.6442081199, "집계구코드": 38100560050001, "읍면동": "경상남도_양산시_평산동" }, "geometry": { "type": "Point", "coordinates": [ 129.142025722900655, 35.382362893629093 ] } },
{ "type": "Feature", "properties": { "결과": "O", "행정구역명": "양산시", "학원교습소명": "학원", "학원명": "배움학원", "분야명": "입시.검정 및 보습", "교습계열명": "보통교과", "교습과정목록명": "보습", "교습과정명": "보습", "도로명주소": "경상남도 양산시 평산로 118", "도로명상세주소": ", 204호 (평산동, 양산천성산한일유앤아이아파트)", "수정일자": 20260517, "X좌표": 1149143.99703973, "Y좌표": 1710869.6442081199, "집계구코드": 38100560050001, "읍면동": "경상남도_양산시_평산동" }, "geometry": { "type": "Point", "coordinates": [ 129.142025722900655, 35.382362893629093 ] } },
{ "type": "Feature", "properties": { "결과": "O", "행정구역명": "양산시", "학원교습소명": "학원", "학원명": "어린음악대어린화가들아이러브원음악미술학원", "분야명": "종합(대)", "교습계열명": null, "교습과정목록명": "미술,음악", "교습과정명": null, "도로명주소": "경상남도 양산시 평산로 118", "도로명상세주소": ", 양산천성산한일유앤아이아파트 상가동 111호,112호 (평산동)", "수정일자": 20260301, "X좌표": 1149143.99703973, "Y좌표": 1710869.6442081199, "집계구코드": 38100560050001, "읍면동": "경상남도_양산시_평산동" }, "geometry": { "type": "Point", "coordinates": [ 129.142025722900655, 35.382362893629093 ] } },
{ "type": "Feature", "properties": { "결과": "O", "행정구역명": "양산시", "학원교습소명": "학원", "학원명": "에이즐어학원", "분야명": "국제화", "교습계열명": "외국어", "교습과정목록명": "실용외국어(유아/초·중·고)", "교습과정명": "실용외국어(유아/초·중·고)", "도로명주소": "경상남도 양산시 평산로 118", "도로명상세주소": "203호(평산동)", "수정일자": 20260405, "X좌표": 1149143.99703973, "Y좌표": 1710869.6442081199, "집계구코드": 38100560050001, "읍면동": "경상남도_양산시_평산동" }, "geometry": { "type": "Point", "coordinates": [ 129.142025722900655, 35.382362893629093 ] } },
{ "type": "Feature", "properties": { "결과": "O", "행정구역명": "양산시", "학원교습소명": "학원", "학원명": "덕계페르마수학학원", "분야명": "종합(대)", "교습계열명": null, "교습과정목록명": "보습,", "교습과정명": null, "도로명주소": "경상남도 양산시 평산로 33", "도로명상세주소": ", 501호 (평산동, 유토피아빌딩)", "수정일자": 20231018, "X좌표": 1149989.8797999299, "Y좌표": 1710782.2739383299, "집계구코드": 38100560010001, "읍면동": "경상남도_양산시_평산동" }, "geometry": { "type": "Point", "coordinates": [ 129.15131911819887, 35.381448505763139 ] } },
{ "type": "Feature", "properties": { "결과": "O", "행정구역명": "양산시", "학원교습소명": "학원", "학원명": "웅상코렘어학원", "분야명": "국제화", "교습계열명": "외국어", "교습과정목록명": "실용외국어(유아/초·중·고)", "교습과정명": "실용외국어(유아/초·중·고)", "도로명주소": "경상남도 양산시 평산로 33", "도로명상세주소": ", 덕계유토피아 502호 (평산동)", "수정일자": 20260111, "X좌표": 1149989.8797999299, "Y좌표": 1710782.2739383299, "집계구코드": 38100560010001, "읍면동": "경상남도_양산시_평산동" }, "geometry": { "type": "Point", "coordinates": [ 129.15131911819887, 35.381448505763139 ] } },
{ "type": "Feature", "properties": { "결과": "O", "행정구역명": "양산시", "학원교습소명": "교습소", "학원명": "렉투스수학교습소", "분야명": "입시.검정 및 보습", "교습계열명": null, "교습과정목록명": null, "교습과정명": null, "도로명주소": "경상남도 양산시 평산로 50", "도로명상세주소": ", 2층 전체(평산동)(평산동)", "수정일자": 20260719, "X좌표": 1149833.9664000601, "Y좌표": 1710827.7820017999, "집계구코드": 38100560040001, "읍면동": "경상남도_양산시_평산동" }, "geometry": { "type": "Point", "coordinates": [ 129.149611570538951, 35.381882120802466 ] } },
{ "type": "Feature", "properties": { "결과": "O", "행정구역명": "양산시", "학원교습소명": "학원", "학원명": "디자인벙커미술학원", "분야명": "예능(대)", "교습계열명": "예능(중)", "교습과정목록명": "미술,", "교습과정명": "미술", "도로명주소": "경상남도 양산시 평산로 50", "도로명상세주소": ", 3층 (평산동)", "수정일자": 20231018, "X좌표": 1149833.9664000601, "Y좌표": 1710827.7820017999, "집계구코드": 38100560040001, "읍면동": "경상남도_양산시_평산동" }, "geometry": { "type": "Point", "coordinates": [ 129.149611570538951, 35.381882120802466 ] } },
{ "type": "Feature", "properties": { "결과": "O", "행정구역명": "양산시", "학원교습소명": "교습소", "학원명": "평산해법영어교습소", "분야명": "입시.검정 및 보습", "교습계열명": "보통교과", "교습과정목록명": "영어(초급)", "교습과정명": "보습", "도로명주소": "경상남도 양산시 평산북3길 17", "도로명상세주소": ", 1층 (평산동, 대성상가)", "수정일자": 20231018, "X좌표": 1150145.1278013501, "Y좌표": 1711259.90292097, "집계구코드": 38100560020001, "읍면동": "경상남도_양산시_평산동" }, "geometry": { "type": "Point", "coordinates": [ 129.15311553700991, 35.385730056881414 ] } },
{ "type": "Feature", "properties": { "결과": "O", "행정구역명": "양산시", "학원교습소명": "교습소", "학원명": "1퍼센트수학교습소", "분야명": "입시.검정 및 보습", "교습계열명": "보통교과", "교습과정목록명": "초등수학", "교습과정명": "보습", "도로명주소": "경상남도 양산시 평산북로 54", "도로명상세주소": ", 111동 202호 (평산동, 양산코아루아파트)", "수정일자": 20251207, "X좌표": 1149788.2711938999, "Y좌표": 1711488.39148237, "집계구코드": 38100560030104, "읍면동": "경상남도_양산시_평산동" }, "geometry": { "type": "Point", "coordinates": [ 129.149229887610289, 35.387843141105932 ] } },
{ "type": "Feature", "properties": { "결과": "O", "행정구역명": "양산시", "학원교습소명": "학원", "학원명": "YJ바이올린학원", "분야명": "예능(대)", "교습계열명": "예능(중)", "교습과정목록명": "음악", "교습과정명": "음악", "도로명주소": "경상남도 양산시 평산북로 54", "도로명상세주소": ", 상가 201호 (평산동, 양산코아루아파트)", "수정일자": 20250323, "X좌표": 1149788.2711938999, "Y좌표": 1711488.39148237, "집계구코드": 38100560030104, "읍면동": "경상남도_양산시_평산동" }, "geometry": { "type": "Point", "coordinates": [ 129.149229887610289, 35.387843141105932 ] } },
{ "type": "Feature", "properties": { "결과": "O", "행정구역명": "양산시", "학원교습소명": "학원", "학원명": "김한나음악학원", "분야명": "예능(대)", "교습계열명": "예능(중)", "교습과정목록명": "음악", "교습과정명": "음악", "도로명주소": "경상남도 양산시 평산북로 54-1", "도로명상세주소": ", 코아루아파트상가동 111동 104호 (평산동)", "수정일자": 20250525, "X좌표": 1149810.34028366, "Y좌표": 1711682.6562560101, "집계구코드": 38100560030102, "읍면동": "경상남도_양산시_평산동" }, "geometry": { "type": "Point", "coordinates": [ 129.149508445595671, 35.389590754815231 ] } },
{ "type": "Feature", "properties": { "결과": "O", "행정구역명": "양산시", "학원교습소명": "학원", "학원명": "H수학학원", "분야명": "입시.검정 및 보습", "교습계열명": "보통교과", "교습과정목록명": "보습", "교습과정명": "보습", "도로명주소": "경상남도 양산시 평산중앙4길 1", "도로명상세주소": ", 5층(501호) (평산동)", "수정일자": 20260111, "X좌표": 1150036.0356599099, "Y좌표": 1711067.12800974, "집계구코드": 38100560040001, "읍면동": "경상남도_양산시_평산동" }, "geometry": { "type": "Point", "coordinates": [ 129.151879433977115, 35.384008982258031 ] } },
{ "type": "Feature", "properties": { "결과": "O", "행정구역명": "양산시", "학원교습소명": "교습소", "학원명": "초이스영어교습소", "분야명": "입시.검정 및 보습", "교습계열명": null, "교습과정목록명": null, "교습과정명": null, "도로명주소": "경상남도 양산시 평산중앙4길 19", "도로명상세주소": "2층 201호(평산동)", "수정일자": 20250316, "X좌표": 1149864.37842559, "Y좌표": 1711053.00276607, "집계구코드": 38100560040001, "읍면동": "경상남도_양산시_평산동" }, "geometry": { "type": "Point", "coordinates": [ 129.14998761414185, 35.383907491437697 ] } },
{ "type": "Feature", "properties": { "결과": "O", "행정구역명": "양산시", "학원교습소명": "교습소", "학원명": "브니엘피아노교습소", "분야명": "예능(대)", "교습계열명": "예능(중)", "교습과정목록명": "피아노중급3", "교습과정명": "음악", "도로명주소": "경상남도 양산시 평산중앙5길 12-1", "도로명상세주소": "1층 일부", "수정일자": 20250406, "X좌표": 1150179.6180607099, "Y좌표": 1711261.36650083, "집계구코드": 38100560020001, "읍면동": "경상남도_양산시_평산동" }, "geometry": { "type": "Point", "coordinates": [ 129.15349540702573, 35.385738052383893 ] } },
{ "type": "Feature", "properties": { "결과": "O", "행정구역명": "양산시", "학원교습소명": "학원", "학원명": "엘리프어학원양산덕계캠퍼스어린음악대어린화가들학원", "분야명": "종합(대)", "교습계열명": null, "교습과정목록명": "미술,실용외국어(유아/초·중·고),음악", "교습과정명": null, "도로명주소": "경상남도 양산시 평산중앙5길 4", "도로명상세주소": "1층 전체(평산동)", "수정일자": 20260308, "X좌표": 1150095.6486404201, "Y좌표": 1711255.2063499, "집계구코드": 38100560020001, "읍면동": "경상남도_양산시_평산동" }, "geometry": { "type": "Point", "coordinates": [ 129.15257010423889, 35.385695178051421 ] } },
{ "type": "Feature", "properties": { "결과": "O", "행정구역명": "양산시", "학원교습소명": "교습소", "학원명": "MH수학교습소", "분야명": "입시.검정 및 보습", "교습계열명": "보통교과", "교습과정목록명": "초등수학1", "교습과정명": "보습", "도로명주소": "경상남도 양산시 평산중앙5길 7", "도로명상세주소": ", 201호 (평산동, 삼성명가타운)", "수정일자": 20231018, "X좌표": 1150121.53580819, "Y좌표": 1711286.4490914999, "집계구코드": 38100560020101, "읍면동": "경상남도_양산시_평산동" }, "geometry": { "type": "Point", "coordinates": [ 129.152860764921684, 35.385972873656705 ] } },
{ "type": "Feature", "properties": { "결과": "O", "행정구역명": "양산시", "학원교습소명": "교습소", "학원명": "이튼영어교습소", "분야명": "입시.검정 및 보습", "교습계열명": "보통교과", "교습과정목록명": "초등영어A", "교습과정명": "보습", "도로명주소": "경상남도 양산시 평산중앙5길 7", "도로명상세주소": ", 양산삼성명가타운 상가3동 301호 (평산동, 삼성명가타운)", "수정일자": 20260201, "X좌표": 1150121.53580819, "Y좌표": 1711286.4490914999, "집계구코드": 38100560020101, "읍면동": "경상남도_양산시_평산동" }, "geometry": { "type": "Point", "coordinates": [ 129.152860764921684, 35.385972873656705 ] } },
{ "type": "Feature", "properties": { "결과": "O", "행정구역명": "양산시", "학원교습소명": "학원", "학원명": "해피평산미술학원", "분야명": "예능(대)", "교습계열명": "예능(중)", "교습과정목록명": "미술,", "교습과정명": "미술", "도로명주소": "경상남도 양산시 평산중앙5길 7", "도로명상세주소": ", 상가3동 202호,203호 (평산동, 삼성명가타운)", "수정일자": 20231018, "X좌표": 1150121.53580819, "Y좌표": 1711286.4490914999, "집계구코드": 38100560020101, "읍면동": "경상남도_양산시_평산동" }, "geometry": { "type": "Point", "coordinates": [ 129.152860764921684, 35.385972873656705 ] } },
{ "type": "Feature", "properties": { "결과": "O", "행정구역명": "양산시", "학원교습소명": "학원", "학원명": "삼성영수학원", "분야명": "입시.검정 및 보습", "교습계열명": "보통교과", "교습과정목록명": "보습", "교습과정명": "보습", "도로명주소": "경상남도 양산시 평산중앙로 67", "도로명상세주소": ", 2층(일부) (평산동)", "수정일자": 20241229, "X좌표": 1150037.08977402, "Y좌표": 1711204.0826811199, "집계구코드": 38100560040001, "읍면동": "경상남도_양산시_평산동" }, "geometry": { "type": "Point", "coordinates": [ 129.151916206944207, 35.385243211033135 ] } },
{ "type": "Feature", "properties": { "결과": "O", "행정구역명": "양산시", "학원교습소명": "학원", "학원명": "APEX영수전문학원", "분야명": "입시.검정 및 보습", "교습계열명": "보통교과", "교습과정목록명": "보습", "교습과정명": "보습", "도로명주소": "경상남도 양산시 평산중앙로 70", "도로명상세주소": "2층(평산동)", "수정일자": 20260816, "X좌표": 1150080.10683025, "Y좌표": 1711234.8859095899, "집계구코드": 38100560020001, "읍면동": "경상남도_양산시_평산동" }, "geometry": { "type": "Point", "coordinates": [ 129.152395314593889, 35.385514367955203 ] } },
{ "type": "Feature", "properties": { "결과": "O", "행정구역명": "양산시", "학원교습소명": "학원", "학원명": "소금나무국어논술전문학원", "분야명": "입시.검정 및 보습", "교습계열명": "보통교과", "교습과정목록명": "보습,", "교습과정명": "보습", "도로명주소": "경상남도 양산시 평산중앙로 70", "도로명상세주소": ", 3층 (평산동)", "수정일자": 20231018, "X좌표": 1150080.10683025, "Y좌표": 1711234.8859095899, "집계구코드": 38100560020001, "읍면동": "경상남도_양산시_평산동" }, "geometry": { "type": "Point", "coordinates": [ 129.152395314593889, 35.385514367955203 ] } },
{ "type": "Feature", "properties": { "결과": "O", "행정구역명": "양산시", "학원교습소명": "학원", "학원명": "술술수학학원", "분야명": "입시.검정 및 보습", "교습계열명": "보통교과", "교습과정목록명": "보습", "교습과정명": "보습", "도로명주소": "경상남도 양산시 평산중앙로 74", "도로명상세주소": ", 2층 201호 (평산동, 델리카베이커리)", "수정일자": 20260712, "X좌표": 1150075.4963311399, "Y좌표": 1711261.66088188, "집계구코드": 38100560020001, "읍면동": "경상남도_양산시_평산동" }, "geometry": { "type": "Point", "coordinates": [ 129.152349494035064, 35.38575638778066 ] } },
{ "type": "Feature", "properties": { "결과": "O", "행정구역명": "양산시", "학원교습소명": "교습소", "학원명": "김혜경음악교습소", "분야명": "예능(대)", "교습계열명": "예능(중)", "교습과정목록명": "피아노(고급)1", "교습과정명": "음악", "도로명주소": "경상남도 양산시 평산중앙로 79", "도로명상세주소": ", 양산삼성명가타운 상가1동, 202호 (평산동, 삼성명가타운)", "수정일자": 20240714, "X좌표": 1150038.74148985, "Y좌표": 1711336.4116730001, "집계구코드": 38100560040302, "읍면동": "경상남도_양산시_평산동" }, "geometry": { "type": "Point", "coordinates": [ 129.151958708818086, 35.386435657827271 ] } },
{ "type": "Feature", "properties": { "결과": "O", "행정구역명": "양산시", "학원교습소명": "학원", "학원명": "웅진씽크빅학습센터평산학원", "분야명": "입시.검정 및 보습", "교습계열명": "보통교과", "교습과정목록명": "보습", "교습과정명": "보습", "도로명주소": "경상남도 양산시 평산중앙로 87", "도로명상세주소": ", 양산삼성명가타운 상가2동 201호 (평산동)", "수정일자": 20251026, "X좌표": 1150039.4748039499, "Y좌표": 1711415.94173548, "집계구코드": 38100560040301, "읍면동": "경상남도_양산시_평산동" }, "geometry": { "type": "Point", "coordinates": [ 129.151981398797375, 35.387152360311156 ] } },
{ "type": "Feature", "properties": { "결과": "O", "행정구역명": "양산시", "학원교습소명": "교습소", "학원명": "천재수학교습소", "분야명": "입시.검정 및 보습", "교습계열명": "보통교과", "교습과정목록명": "수학(초등)", "교습과정명": "보습", "도로명주소": "경상남도 양산시 평산회야로 135", "도로명상세주소": ", 상가 202호 (평산동, 선우5차아파트)", "수정일자": 20231018, "X좌표": 1149887.3665694001, "Y좌표": 1710276.45353315, "집계구코드": 38100560010101, "읍면동": "경상남도_양산시_평산동" }, "geometry": { "type": "Point", "coordinates": [ 129.150098063091974, 35.376904900962238 ] } },
{ "type": "Feature", "properties": { "결과": "O", "행정구역명": "양산시", "학원교습소명": "학원", "학원명": "부산대성기숙학원", "분야명": "입시.검정 및 보습", "교습계열명": "보통교과", "교습과정목록명": "보습,입시", "교습과정명": "입시", "도로명주소": "경상남도 양산시 하북면 삼수온천길 71", "도로명상세주소": "(하북면)", "수정일자": 20260111, "X좌표": 1142604.74848653, "Y좌표": 1719721.3189074199, "집계구코드": 38100340040001, "읍면동": "경상남도_양산시_하북면" }, "geometry": { "type": "Point", "coordinates": [ 129.071604717008285, 35.463103582802653 ] } },
{ "type": "Feature", "properties": { "결과": "O", "행정구역명": "양산시", "학원교습소명": "학원", "학원명": "GnB영어수학전문학원", "분야명": "종합(대)", "교습계열명": null, "교습과정목록명": "보습,실용외국어(유아/초·중·고)", "교습과정명": null, "도로명주소": "경상남도 양산시 하북면 신평3길 7", "도로명상세주소": ", 1층 일부(좌측실), 2층 (하북면)", "수정일자": 20260517, "X좌표": 1144012.0935341199, "Y좌표": 1722875.8409503801, "집계구코드": 38100340040005, "읍면동": "경상남도_양산시_하북면" }, "geometry": { "type": "Point", "coordinates": [ 129.087668414620708, 35.491333191551547 ] } },
{ "type": "Feature", "properties": { "결과": "O", "행정구역명": "양산시", "학원교습소명": "학원", "학원명": "최강영수학원", "분야명": "입시.검정 및 보습", "교습계열명": "보통교과", "교습과정목록명": null, "교습과정명": "보습", "도로명주소": "경상남도 양산시 하북면 신평3길 9", "도로명상세주소": ", 2층 (하북면, 엘리트입시학원)", "수정일자": 20231018, "X좌표": 1144018.45412522, "Y좌표": 1722865.8944969501, "집계구코드": 38100340040005, "읍면동": "경상남도_양산시_하북면" }, "geometry": { "type": "Point", "coordinates": [ 129.087736749173501, 35.491242619248204 ] } },
{ "type": "Feature", "properties": { "결과": "O", "행정구역명": "양산시", "학원교습소명": "학원", "학원명": "묵전서예학원", "분야명": "기예(대)", "교습계열명": "기예(중)", "교습과정목록명": null, "교습과정명": "서예", "도로명주소": "경상남도 양산시 하북면 양산대로 2606", "도로명상세주소": "(하북면, 심원서예학원)", "수정일자": 20231018, "X좌표": 1144226.89054611, "Y좌표": 1722841.4554554599, "집계구코드": 38100340030002, "읍면동": "경상남도_양산시_하북면" }, "geometry": { "type": "Point", "coordinates": [ 129.090029533654388, 35.490992089632485 ] } },
{ "type": "Feature", "properties": { "결과": "O", "행정구역명": "양산시", "학원교습소명": "학원", "학원명": "잉글리쉬무무통도사어학원", "분야명": "종합(대)", "교습계열명": "외국어", "교습과정목록명": "보습,실용외국어(유아/초·중·고)", "교습과정명": "실용외국어(유아/초·중·고)", "도로명주소": "경상남도 양산시 하북면 통도1길 12", "도로명상세주소": ", 2층, 3층 (하북면, GNB영어전문학원)", "수정일자": 20260517, "X좌표": 1144117.8192912999, "Y좌표": 1722897.8544572301, "집계구코드": 38100340040003, "읍면동": "경상남도_양산시_하북면" }, "geometry": { "type": "Point", "coordinates": [ 129.088837500128875, 35.491516264141751 ] } },
{ "type": "Feature", "properties": { "결과": "O", "행정구역명": "양산시", "학원교습소명": "교습소", "학원명": "미라주해법영어교습소", "분야명": "입시.검정 및 보습", "교습계열명": "보통교과", "교습과정목록명": "초등영어1학년", "교습과정명": "보습", "도로명주소": "경상남도 양산시 회현1길 50", "도로명상세주소": ", 118-203  (교동, 일동미라주아파트)", "수정일자": 20231018, "X좌표": 1138347.11305332, "Y좌표": 1706642.97096848, "집계구코드": 38100530010501, "읍면동": "경상남도_양산시_강서동" }, "geometry": { "type": "Point", "coordinates": [ 129.022478927339307, 35.345821814630455 ] } },
{ "type": "Feature", "properties": { "결과": "O", "행정구역명": "양산시", "학원교습소명": "교습소", "학원명": "윤선생우리집앞영어교실영어교습소", "분야명": "입시.검정 및 보습", "교습계열명": "보통교과", "교습과정목록명": "초등영어(기초)", "교습과정명": "보습", "도로명주소": "경상남도 양산시 회현1길 50", "도로명상세주소": ", 118-103  (교동, 일동미라주아파트)", "수정일자": 20241006, "X좌표": 1138347.11305332, "Y좌표": 1706642.97096848, "집계구코드": 38100530010501, "읍면동": "경상남도_양산시_강서동" }, "geometry": { "type": "Point", "coordinates": [ 129.022478927339307, 35.345821814630455 ] } },
{ "type": "Feature", "properties": { "결과": "O", "행정구역명": "양산시", "학원교습소명": "학원", "학원명": "손서정음악학원", "분야명": "예능(대)", "교습계열명": "예능(중)", "교습과정목록명": "음악", "교습과정명": "음악", "도로명주소": "경상남도 양산시 회현1길 50", "도로명상세주소": ", 일동미라주아파트 118동 301호 (교동)", "수정일자": 20260412, "X좌표": 1138347.11305332, "Y좌표": 1706642.97096848, "집계구코드": 38100530010501, "읍면동": "경상남도_양산시_강서동" }, "geometry": { "type": "Point", "coordinates": [ 129.022478927339307, 35.345821814630455 ] } },
{ "type": "Feature", "properties": { "결과": "O", "행정구역명": "양산시", "학원교습소명": "학원", "학원명": "아르떼미술학원", "분야명": "예능(대)", "교습계열명": "예능(중)", "교습과정목록명": "미술", "교습과정명": "미술", "도로명주소": "경상남도 양산시 회현1길 50", "도로명상세주소": ", 118(상가) 204호 (교동, 일동미라주아파트)", "수정일자": 20241229, "X좌표": 1138347.11305332, "Y좌표": 1706642.97096848, "집계구코드": 38100530010501, "읍면동": "경상남도_양산시_강서동" }, "geometry": { "type": "Point", "coordinates": [ 129.022478927339307, 35.345821814630455 ] } },
{ "type": "Feature", "properties": { "결과": "O", "행정구역명": "양산시", "학원교습소명": "학원", "학원명": "양산세종학원", "분야명": "입시.검정 및 보습", "교습계열명": "보통교과", "교습과정목록명": "보습", "교습과정명": "보습", "도로명주소": "경상남도 양산시 회현1길 50", "도로명상세주소": ", 118동(상가동) 202호 (교동, 일동미라주아파트)", "수정일자": 20250302, "X좌표": 1138347.11305332, "Y좌표": 1706642.97096848, "집계구코드": 38100530010501, "읍면동": "경상남도_양산시_강서동" }, "geometry": { "type": "Point", "coordinates": [ 129.022478927339307, 35.345821814630455 ] } }
]
}
